ISO-10303-21;
HEADER;
FILE_DESCRIPTION(('FreeCAD Model'),'2;1');
FILE_NAME('Open CASCADE Shape Model','2026-09-08T14:23:27',('FreeCAD'),(
    'FreeCAD'),'Open CASCADE STEP processor 7.8','FreeCAD','Unknown');
FILE_SCHEMA(('AUTOMOTIVE_DESIGN { 1 0 10303 214 1 1 1 1 }'));
ENDSEC;
DATA;
#1 = APPLICATION_PROTOCOL_DEFINITION('international standard',
  'automotive_design',2000,#2);
#2 = APPLICATION_CONTEXT(
  'core data for automotive mechanical design processes');
#3 = SHAPE_DEFINITION_REPRESENTATION(#4,#10);
#4 = PRODUCT_DEFINITION_SHAPE('','',#5);
#5 = PRODUCT_DEFINITION('design','',#6,#9);
#6 = PRODUCT_DEFINITION_FORMATION('','',#7);
#7 = PRODUCT('Open CASCADE STEP translator 7.8 1',
  'Open CASCADE STEP translator 7.8 1','',(#8));
#8 = PRODUCT_CONTEXT('',#2,'mechanical');
#9 = PRODUCT_DEFINITION_CONTEXT('part definition',#2,'design');
#10 = SHAPE_REPRESENTATION('',(#11,#15,#210,#360,#510,#660,#810,#960,
    #1110,#1260,#1410,#1560,#1710,#1860,#2010,#2160,#2310,#2460,#2610,
    #2760,#2910,#3060,#3210,#3360,#3510,#3660),#3810);
#11 = AXIS2_PLACEMENT_3D('',#12,#13,#14);
#12 = CARTESIAN_POINT('',(0.,0.,0.));
#13 = DIRECTION('',(0.,0.,1.));
#14 = DIRECTION('',(1.,0.,-0.));
#15 = MANIFOLD_SOLID_BREP('',#16);
#16 = CLOSED_SHELL('',(#17,#57,#88,#123,#147,#164,#176,#201));
#17 = ADVANCED_FACE('',(#18),#52,.F.);
#18 = FACE_BOUND('',#19,.F.);
#19 = EDGE_LOOP('',(#20,#30,#38,#46));
#20 = ORIENTED_EDGE('',*,*,#21,.F.);
#21 = EDGE_CURVE('',#22,#24,#26,.T.);
#22 = VERTEX_POINT('',#23);
#23 = CARTESIAN_POINT('',(-1.5,-1.5,0.1));
#24 = VERTEX_POINT('',#25);
#25 = CARTESIAN_POINT('',(-1.5,-1.5,1.));
#26 = LINE('',#27,#28);
#27 = CARTESIAN_POINT('',(-1.5,-1.5,0.1));
#28 = VECTOR('',#29,1.);
#29 = DIRECTION('',(0.,0.,1.));
#30 = ORIENTED_EDGE('',*,*,#31,.T.);
#31 = EDGE_CURVE('',#22,#32,#34,.T.);
#32 = VERTEX_POINT('',#33);
#33 = CARTESIAN_POINT('',(-1.5,1.5,0.1));
#34 = LINE('',#35,#36);
#35 = CARTESIAN_POINT('',(-1.5,-1.5,0.1));
#36 = VECTOR('',#37,1.);
#37 = DIRECTION('',(-0.,1.,0.));
#38 = ORIENTED_EDGE('',*,*,#39,.T.);
#39 = EDGE_CURVE('',#32,#40,#42,.T.);
#40 = VERTEX_POINT('',#41);
#41 = CARTESIAN_POINT('',(-1.5,1.5,1.));
#42 = LINE('',#43,#44);
#43 = CARTESIAN_POINT('',(-1.5,1.5,0.1));
#44 = VECTOR('',#45,1.);
#45 = DIRECTION('',(0.,0.,1.));
#46 = ORIENTED_EDGE('',*,*,#47,.F.);
#47 = EDGE_CURVE('',#24,#40,#48,.T.);
#48 = LINE('',#49,#50);
#49 = CARTESIAN_POINT('',(-1.5,-1.5,1.));
#50 = VECTOR('',#51,1.);
#51 = DIRECTION('',(-0.,1.,0.));
#52 = PLANE('',#53);
#53 = AXIS2_PLACEMENT_3D('',#54,#55,#56);
#54 = CARTESIAN_POINT('',(-1.5,-1.5,0.1));
#55 = DIRECTION('',(1.,0.,-0.));
#56 = DIRECTION('',(0.,0.,1.));
#57 = ADVANCED_FACE('',(#58),#83,.F.);
#58 = FACE_BOUND('',#59,.F.);
#59 = EDGE_LOOP('',(#60,#68,#69,#77));
#60 = ORIENTED_EDGE('',*,*,#61,.F.);
#61 = EDGE_CURVE('',#22,#62,#64,.T.);
#62 = VERTEX_POINT('',#63);
#63 = CARTESIAN_POINT('',(1.5,-1.5,0.1));
#64 = LINE('',#65,#66);
#65 = CARTESIAN_POINT('',(-1.5,-1.5,0.1));
#66 = VECTOR('',#67,1.);
#67 = DIRECTION('',(1.,0.,-0.));
#68 = ORIENTED_EDGE('',*,*,#21,.T.);
#69 = ORIENTED_EDGE('',*,*,#70,.T.);
#70 = EDGE_CURVE('',#24,#71,#73,.T.);
#71 = VERTEX_POINT('',#72);
#72 = CARTESIAN_POINT('',(1.5,-1.5,1.));
#73 = LINE('',#74,#75);
#74 = CARTESIAN_POINT('',(-1.5,-1.5,1.));
#75 = VECTOR('',#76,1.);
#76 = DIRECTION('',(1.,0.,-0.));
#77 = ORIENTED_EDGE('',*,*,#78,.F.);
#78 = EDGE_CURVE('',#62,#71,#79,.T.);
#79 = LINE('',#80,#81);
#80 = CARTESIAN_POINT('',(1.5,-1.5,0.1));
#81 = VECTOR('',#82,1.);
#82 = DIRECTION('',(0.,0.,1.));
#83 = PLANE('',#84);
#84 = AXIS2_PLACEMENT_3D('',#85,#86,#87);
#85 = CARTESIAN_POINT('',(-1.5,-1.5,0.1));
#86 = DIRECTION('',(-0.,1.,0.));
#87 = DIRECTION('',(0.,0.,1.));
#88 = ADVANCED_FACE('',(#89,#107),#118,.T.);
#89 = FACE_BOUND('',#90,.T.);
#90 = EDGE_LOOP('',(#91,#92,#93,#101));
#91 = ORIENTED_EDGE('',*,*,#47,.F.);
#92 = ORIENTED_EDGE('',*,*,#70,.T.);
#93 = ORIENTED_EDGE('',*,*,#94,.T.);
#94 = EDGE_CURVE('',#71,#95,#97,.T.);
#95 = VERTEX_POINT('',#96);
#96 = CARTESIAN_POINT('',(1.5,1.5,1.));
#97 = LINE('',#98,#99);
#98 = CARTESIAN_POINT('',(1.5,-1.5,1.));
#99 = VECTOR('',#100,1.);
#100 = DIRECTION('',(-0.,1.,0.));
#101 = ORIENTED_EDGE('',*,*,#102,.F.);
#102 = EDGE_CURVE('',#40,#95,#103,.T.);
#103 = LINE('',#104,#105);
#104 = CARTESIAN_POINT('',(-1.5,1.5,1.));
#105 = VECTOR('',#106,1.);
#106 = DIRECTION('',(1.,0.,-0.));
#107 = FACE_BOUND('',#108,.T.);
#108 = EDGE_LOOP('',(#109));
#109 = ORIENTED_EDGE('',*,*,#110,.F.);
#110 = EDGE_CURVE('',#111,#111,#113,.T.);
#111 = VERTEX_POINT('',#112);
#112 = CARTESIAN_POINT('',(-0.84,1.,1.));
#113 = CIRCLE('',#114,0.16);
#114 = AXIS2_PLACEMENT_3D('',#115,#116,#117);
#115 = CARTESIAN_POINT('',(-1.,1.,1.));
#116 = DIRECTION('',(0.,0.,1.));
#117 = DIRECTION('',(1.,0.,-0.));
#118 = PLANE('',#119);
#119 = AXIS2_PLACEMENT_3D('',#120,#121,#122);
#120 = CARTESIAN_POINT('',(-1.5,-1.5,1.));
#121 = DIRECTION('',(0.,0.,1.));
#122 = DIRECTION('',(1.,0.,-0.));
#123 = ADVANCED_FACE('',(#124),#142,.T.);
#124 = FACE_BOUND('',#125,.T.);
#125 = EDGE_LOOP('',(#126,#134,#135,#136));
#126 = ORIENTED_EDGE('',*,*,#127,.F.);
#127 = EDGE_CURVE('',#32,#128,#130,.T.);
#128 = VERTEX_POINT('',#129);
#129 = CARTESIAN_POINT('',(1.5,1.5,0.1));
#130 = LINE('',#131,#132);
#131 = CARTESIAN_POINT('',(-1.5,1.5,0.1));
#132 = VECTOR('',#133,1.);
#133 = DIRECTION('',(1.,0.,-0.));
#134 = ORIENTED_EDGE('',*,*,#39,.T.);
#135 = ORIENTED_EDGE('',*,*,#102,.T.);
#136 = ORIENTED_EDGE('',*,*,#137,.F.);
#137 = EDGE_CURVE('',#128,#95,#138,.T.);
#138 = LINE('',#139,#140);
#139 = CARTESIAN_POINT('',(1.5,1.5,0.1));
#140 = VECTOR('',#141,1.);
#141 = DIRECTION('',(0.,0.,1.));
#142 = PLANE('',#143);
#143 = AXIS2_PLACEMENT_3D('',#144,#145,#146);
#144 = CARTESIAN_POINT('',(-1.5,1.5,0.1));
#145 = DIRECTION('',(-0.,1.,0.));
#146 = DIRECTION('',(0.,0.,1.));
#147 = ADVANCED_FACE('',(#148),#159,.F.);
#148 = FACE_BOUND('',#149,.F.);
#149 = EDGE_LOOP('',(#150,#151,#152,#158));
#150 = ORIENTED_EDGE('',*,*,#31,.F.);
#151 = ORIENTED_EDGE('',*,*,#61,.T.);
#152 = ORIENTED_EDGE('',*,*,#153,.T.);
#153 = EDGE_CURVE('',#62,#128,#154,.T.);
#154 = LINE('',#155,#156);
#155 = CARTESIAN_POINT('',(1.5,-1.5,0.1));
#156 = VECTOR('',#157,1.);
#157 = DIRECTION('',(-0.,1.,0.));
#158 = ORIENTED_EDGE('',*,*,#127,.F.);
#159 = PLANE('',#160);
#160 = AXIS2_PLACEMENT_3D('',#161,#162,#163);
#161 = CARTESIAN_POINT('',(-1.5,-1.5,0.1));
#162 = DIRECTION('',(0.,0.,1.));
#163 = DIRECTION('',(1.,0.,-0.));
#164 = ADVANCED_FACE('',(#165),#171,.T.);
#165 = FACE_BOUND('',#166,.T.);
#166 = EDGE_LOOP('',(#167,#168,#169,#170));
#167 = ORIENTED_EDGE('',*,*,#78,.F.);
#168 = ORIENTED_EDGE('',*,*,#153,.T.);
#169 = ORIENTED_EDGE('',*,*,#137,.T.);
#170 = ORIENTED_EDGE('',*,*,#94,.F.);
#171 = PLANE('',#172);
#172 = AXIS2_PLACEMENT_3D('',#173,#174,#175);
#173 = CARTESIAN_POINT('',(1.5,-1.5,0.1));
#174 = DIRECTION('',(1.,0.,-0.));
#175 = DIRECTION('',(0.,0.,1.));
#176 = ADVANCED_FACE('',(#177),#196,.F.);
#177 = FACE_BOUND('',#178,.F.);
#178 = EDGE_LOOP('',(#179,#180,#188,#195));
#179 = ORIENTED_EDGE('',*,*,#110,.F.);
#180 = ORIENTED_EDGE('',*,*,#181,.F.);
#181 = EDGE_CURVE('',#182,#111,#184,.T.);
#182 = VERTEX_POINT('',#183);
#183 = CARTESIAN_POINT('',(-0.84,1.,0.98));
#184 = LINE('',#185,#186);
#185 = CARTESIAN_POINT('',(-0.84,1.,0.98));
#186 = VECTOR('',#187,1.);
#187 = DIRECTION('',(0.,0.,1.));
#188 = ORIENTED_EDGE('',*,*,#189,.T.);
#189 = EDGE_CURVE('',#182,#182,#190,.T.);
#190 = CIRCLE('',#191,0.16);
#191 = AXIS2_PLACEMENT_3D('',#192,#193,#194);
#192 = CARTESIAN_POINT('',(-1.,1.,0.98));
#193 = DIRECTION('',(0.,0.,1.));
#194 = DIRECTION('',(1.,0.,-0.));
#195 = ORIENTED_EDGE('',*,*,#181,.T.);
#196 = CYLINDRICAL_SURFACE('',#197,0.16);
#197 = AXIS2_PLACEMENT_3D('',#198,#199,#200);
#198 = CARTESIAN_POINT('',(-1.,1.,0.98));
#199 = DIRECTION('',(0.,0.,1.));
#200 = DIRECTION('',(1.,0.,-0.));
#201 = ADVANCED_FACE('',(#202),#205,.T.);
#202 = FACE_BOUND('',#203,.F.);
#203 = EDGE_LOOP('',(#204));
#204 = ORIENTED_EDGE('',*,*,#189,.F.);
#205 = PLANE('',#206);
#206 = AXIS2_PLACEMENT_3D('',#207,#208,#209);
#207 = CARTESIAN_POINT('',(-1.,1.,0.98));
#208 = DIRECTION('',(0.,0.,1.));
#209 = DIRECTION('',(1.,0.,-0.));
#210 = MANIFOLD_SOLID_BREP('',#211);
#211 = CLOSED_SHELL('',(#212,#252,#292,#314,#336,#348));
#212 = ADVANCED_FACE('',(#213),#247,.F.);
#213 = FACE_BOUND('',#214,.F.);
#214 = EDGE_LOOP('',(#215,#225,#233,#241));
#215 = ORIENTED_EDGE('',*,*,#216,.F.);
#216 = EDGE_CURVE('',#217,#219,#221,.T.);
#217 = VERTEX_POINT('',#218);
#218 = CARTESIAN_POINT('',(-2.45,0.815,0.));
#219 = VERTEX_POINT('',#220);
#220 = CARTESIAN_POINT('',(-2.45,0.815,0.12));
#221 = LINE('',#222,#223);
#222 = CARTESIAN_POINT('',(-2.45,0.815,0.));
#223 = VECTOR('',#224,1.);
#224 = DIRECTION('',(0.,0.,1.));
#225 = ORIENTED_EDGE('',*,*,#226,.T.);
#226 = EDGE_CURVE('',#217,#227,#229,.T.);
#227 = VERTEX_POINT('',#228);
#228 = CARTESIAN_POINT('',(-2.45,1.135,0.));
#229 = LINE('',#230,#231);
#230 = CARTESIAN_POINT('',(-2.45,0.815,0.));
#231 = VECTOR('',#232,1.);
#232 = DIRECTION('',(-0.,1.,0.));
#233 = ORIENTED_EDGE('',*,*,#234,.T.);
#234 = EDGE_CURVE('',#227,#235,#237,.T.);
#235 = VERTEX_POINT('',#236);
#236 = CARTESIAN_POINT('',(-2.45,1.135,0.12));
#237 = LINE('',#238,#239);
#238 = CARTESIAN_POINT('',(-2.45,1.135,0.));
#239 = VECTOR('',#240,1.);
#240 = DIRECTION('',(0.,0.,1.));
#241 = ORIENTED_EDGE('',*,*,#242,.F.);
#242 = EDGE_CURVE('',#219,#235,#243,.T.);
#243 = LINE('',#244,#245);
#244 = CARTESIAN_POINT('',(-2.45,0.815,0.12));
#245 = VECTOR('',#246,1.);
#246 = DIRECTION('',(-0.,1.,0.));
#247 = PLANE('',#248);
#248 = AXIS2_PLACEMENT_3D('',#249,#250,#251);
#249 = CARTESIAN_POINT('',(-2.45,0.815,0.));
#250 = DIRECTION('',(1.,0.,-0.));
#251 = DIRECTION('',(0.,0.,1.));
#252 = ADVANCED_FACE('',(#253),#287,.T.);
#253 = FACE_BOUND('',#254,.T.);
#254 = EDGE_LOOP('',(#255,#265,#273,#281));
#255 = ORIENTED_EDGE('',*,*,#256,.F.);
#256 = EDGE_CURVE('',#257,#259,#261,.T.);
#257 = VERTEX_POINT('',#258);
#258 = CARTESIAN_POINT('',(-1.9,0.815,0.));
#259 = VERTEX_POINT('',#260);
#260 = CARTESIAN_POINT('',(-1.9,0.815,0.12));
#261 = LINE('',#262,#263);
#262 = CARTESIAN_POINT('',(-1.9,0.815,0.));
#263 = VECTOR('',#264,1.);
#264 = DIRECTION('',(0.,0.,1.));
#265 = ORIENTED_EDGE('',*,*,#266,.T.);
#266 = EDGE_CURVE('',#257,#267,#269,.T.);
#267 = VERTEX_POINT('',#268);
#268 = CARTESIAN_POINT('',(-1.9,1.135,0.));
#269 = LINE('',#270,#271);
#270 = CARTESIAN_POINT('',(-1.9,0.815,0.));
#271 = VECTOR('',#272,1.);
#272 = DIRECTION('',(-0.,1.,0.));
#273 = ORIENTED_EDGE('',*,*,#274,.T.);
#274 = EDGE_CURVE('',#267,#275,#277,.T.);
#275 = VERTEX_POINT('',#276);
#276 = CARTESIAN_POINT('',(-1.9,1.135,0.12));
#277 = LINE('',#278,#279);
#278 = CARTESIAN_POINT('',(-1.9,1.135,0.));
#279 = VECTOR('',#280,1.);
#280 = DIRECTION('',(0.,0.,1.));
#281 = ORIENTED_EDGE('',*,*,#282,.F.);
#282 = EDGE_CURVE('',#259,#275,#283,.T.);
#283 = LINE('',#284,#285);
#284 = CARTESIAN_POINT('',(-1.9,0.815,0.12));
#285 = VECTOR('',#286,1.);
#286 = DIRECTION('',(-0.,1.,0.));
#287 = PLANE('',#288);
#288 = AXIS2_PLACEMENT_3D('',#289,#290,#291);
#289 = CARTESIAN_POINT('',(-1.9,0.815,0.));
#290 = DIRECTION('',(1.,0.,-0.));
#291 = DIRECTION('',(0.,0.,1.));
#292 = ADVANCED_FACE('',(#293),#309,.F.);
#293 = FACE_BOUND('',#294,.F.);
#294 = EDGE_LOOP('',(#295,#301,#302,#308));
#295 = ORIENTED_EDGE('',*,*,#296,.F.);
#296 = EDGE_CURVE('',#217,#257,#297,.T.);
#297 = LINE('',#298,#299);
#298 = CARTESIAN_POINT('',(-2.45,0.815,0.));
#299 = VECTOR('',#300,1.);
#300 = DIRECTION('',(1.,0.,-0.));
#301 = ORIENTED_EDGE('',*,*,#216,.T.);
#302 = ORIENTED_EDGE('',*,*,#303,.T.);
#303 = EDGE_CURVE('',#219,#259,#304,.T.);
#304 = LINE('',#305,#306);
#305 = CARTESIAN_POINT('',(-2.45,0.815,0.12));
#306 = VECTOR('',#307,1.);
#307 = DIRECTION('',(1.,0.,-0.));
#308 = ORIENTED_EDGE('',*,*,#256,.F.);
#309 = PLANE('',#310);
#310 = AXIS2_PLACEMENT_3D('',#311,#312,#313);
#311 = CARTESIAN_POINT('',(-2.45,0.815,0.));
#312 = DIRECTION('',(-0.,1.,0.));
#313 = DIRECTION('',(0.,0.,1.));
#314 = ADVANCED_FACE('',(#315),#331,.T.);
#315 = FACE_BOUND('',#316,.T.);
#316 = EDGE_LOOP('',(#317,#323,#324,#330));
#317 = ORIENTED_EDGE('',*,*,#318,.F.);
#318 = EDGE_CURVE('',#227,#267,#319,.T.);
#319 = LINE('',#320,#321);
#320 = CARTESIAN_POINT('',(-2.45,1.135,0.));
#321 = VECTOR('',#322,1.);
#322 = DIRECTION('',(1.,0.,-0.));
#323 = ORIENTED_EDGE('',*,*,#234,.T.);
#324 = ORIENTED_EDGE('',*,*,#325,.T.);
#325 = EDGE_CURVE('',#235,#275,#326,.T.);
#326 = LINE('',#327,#328);
#327 = CARTESIAN_POINT('',(-2.45,1.135,0.12));
#328 = VECTOR('',#329,1.);
#329 = DIRECTION('',(1.,0.,-0.));
#330 = ORIENTED_EDGE('',*,*,#274,.F.);
#331 = PLANE('',#332);
#332 = AXIS2_PLACEMENT_3D('',#333,#334,#335);
#333 = CARTESIAN_POINT('',(-2.45,1.135,0.));
#334 = DIRECTION('',(-0.,1.,0.));
#335 = DIRECTION('',(0.,0.,1.));
#336 = ADVANCED_FACE('',(#337),#343,.F.);
#337 = FACE_BOUND('',#338,.F.);
#338 = EDGE_LOOP('',(#339,#340,#341,#342));
#339 = ORIENTED_EDGE('',*,*,#226,.F.);
#340 = ORIENTED_EDGE('',*,*,#296,.T.);
#341 = ORIENTED_EDGE('',*,*,#266,.T.);
#342 = ORIENTED_EDGE('',*,*,#318,.F.);
#343 = PLANE('',#344);
#344 = AXIS2_PLACEMENT_3D('',#345,#346,#347);
#345 = CARTESIAN_POINT('',(-2.45,0.815,0.));
#346 = DIRECTION('',(0.,0.,1.));
#347 = DIRECTION('',(1.,0.,-0.));
#348 = ADVANCED_FACE('',(#349),#355,.T.);
#349 = FACE_BOUND('',#350,.T.);
#350 = EDGE_LOOP('',(#351,#352,#353,#354));
#351 = ORIENTED_EDGE('',*,*,#242,.F.);
#352 = ORIENTED_EDGE('',*,*,#303,.T.);
#353 = ORIENTED_EDGE('',*,*,#282,.T.);
#354 = ORIENTED_EDGE('',*,*,#325,.F.);
#355 = PLANE('',#356);
#356 = AXIS2_PLACEMENT_3D('',#357,#358,#359);
#357 = CARTESIAN_POINT('',(-2.45,0.815,0.12));
#358 = DIRECTION('',(0.,0.,1.));
#359 = DIRECTION('',(1.,0.,-0.));
#360 = MANIFOLD_SOLID_BREP('',#361);
#361 = CLOSED_SHELL('',(#362,#402,#442,#464,#486,#498));
#362 = ADVANCED_FACE('',(#363),#397,.F.);
#363 = FACE_BOUND('',#364,.F.);
#364 = EDGE_LOOP('',(#365,#375,#383,#391));
#365 = ORIENTED_EDGE('',*,*,#366,.F.);
#366 = EDGE_CURVE('',#367,#369,#371,.T.);
#367 = VERTEX_POINT('',#368);
#368 = CARTESIAN_POINT('',(-1.95,0.815,5.E-02));
#369 = VERTEX_POINT('',#370);
#370 = CARTESIAN_POINT('',(-1.95,0.815,0.47));
#371 = LINE('',#372,#373);
#372 = CARTESIAN_POINT('',(-1.95,0.815,5.E-02));
#373 = VECTOR('',#374,1.);
#374 = DIRECTION('',(0.,0.,1.));
#375 = ORIENTED_EDGE('',*,*,#376,.T.);
#376 = EDGE_CURVE('',#367,#377,#379,.T.);
#377 = VERTEX_POINT('',#378);
#378 = CARTESIAN_POINT('',(-1.95,1.135,5.E-02));
#379 = LINE('',#380,#381);
#380 = CARTESIAN_POINT('',(-1.95,0.815,5.E-02));
#381 = VECTOR('',#382,1.);
#382 = DIRECTION('',(-0.,1.,0.));
#383 = ORIENTED_EDGE('',*,*,#384,.T.);
#384 = EDGE_CURVE('',#377,#385,#387,.T.);
#385 = VERTEX_POINT('',#386);
#386 = CARTESIAN_POINT('',(-1.95,1.135,0.47));
#387 = LINE('',#388,#389);
#388 = CARTESIAN_POINT('',(-1.95,1.135,5.E-02));
#389 = VECTOR('',#390,1.);
#390 = DIRECTION('',(0.,0.,1.));
#391 = ORIENTED_EDGE('',*,*,#392,.F.);
#392 = EDGE_CURVE('',#369,#385,#393,.T.);
#393 = LINE('',#394,#395);
#394 = CARTESIAN_POINT('',(-1.95,0.815,0.47));
#395 = VECTOR('',#396,1.);
#396 = DIRECTION('',(-0.,1.,0.));
#397 = PLANE('',#398);
#398 = AXIS2_PLACEMENT_3D('',#399,#400,#401);
#399 = CARTESIAN_POINT('',(-1.95,0.815,5.E-02));
#400 = DIRECTION('',(1.,0.,-0.));
#401 = DIRECTION('',(0.,0.,1.));
#402 = ADVANCED_FACE('',(#403),#437,.T.);
#403 = FACE_BOUND('',#404,.T.);
#404 = EDGE_LOOP('',(#405,#415,#423,#431));
#405 = ORIENTED_EDGE('',*,*,#406,.F.);
#406 = EDGE_CURVE('',#407,#409,#411,.T.);
#407 = VERTEX_POINT('',#408);
#408 = CARTESIAN_POINT('',(-1.8,0.815,5.E-02));
#409 = VERTEX_POINT('',#410);
#410 = CARTESIAN_POINT('',(-1.8,0.815,0.47));
#411 = LINE('',#412,#413);
#412 = CARTESIAN_POINT('',(-1.8,0.815,5.E-02));
#413 = VECTOR('',#414,1.);
#414 = DIRECTION('',(0.,0.,1.));
#415 = ORIENTED_EDGE('',*,*,#416,.T.);
#416 = EDGE_CURVE('',#407,#417,#419,.T.);
#417 = VERTEX_POINT('',#418);
#418 = CARTESIAN_POINT('',(-1.8,1.135,5.E-02));
#419 = LINE('',#420,#421);
#420 = CARTESIAN_POINT('',(-1.8,0.815,5.E-02));
#421 = VECTOR('',#422,1.);
#422 = DIRECTION('',(-0.,1.,0.));
#423 = ORIENTED_EDGE('',*,*,#424,.T.);
#424 = EDGE_CURVE('',#417,#425,#427,.T.);
#425 = VERTEX_POINT('',#426);
#426 = CARTESIAN_POINT('',(-1.8,1.135,0.47));
#427 = LINE('',#428,#429);
#428 = CARTESIAN_POINT('',(-1.8,1.135,5.E-02));
#429 = VECTOR('',#430,1.);
#430 = DIRECTION('',(0.,0.,1.));
#431 = ORIENTED_EDGE('',*,*,#432,.F.);
#432 = EDGE_CURVE('',#409,#425,#433,.T.);
#433 = LINE('',#434,#435);
#434 = CARTESIAN_POINT('',(-1.8,0.815,0.47));
#435 = VECTOR('',#436,1.);
#436 = DIRECTION('',(-0.,1.,0.));
#437 = PLANE('',#438);
#438 = AXIS2_PLACEMENT_3D('',#439,#440,#441);
#439 = CARTESIAN_POINT('',(-1.8,0.815,5.E-02));
#440 = DIRECTION('',(1.,0.,-0.));
#441 = DIRECTION('',(0.,0.,1.));
#442 = ADVANCED_FACE('',(#443),#459,.F.);
#443 = FACE_BOUND('',#444,.F.);
#444 = EDGE_LOOP('',(#445,#451,#452,#458));
#445 = ORIENTED_EDGE('',*,*,#446,.F.);
#446 = EDGE_CURVE('',#367,#407,#447,.T.);
#447 = LINE('',#448,#449);
#448 = CARTESIAN_POINT('',(-1.95,0.815,5.E-02));
#449 = VECTOR('',#450,1.);
#450 = DIRECTION('',(1.,0.,-0.));
#451 = ORIENTED_EDGE('',*,*,#366,.T.);
#452 = ORIENTED_EDGE('',*,*,#453,.T.);
#453 = EDGE_CURVE('',#369,#409,#454,.T.);
#454 = LINE('',#455,#456);
#455 = CARTESIAN_POINT('',(-1.95,0.815,0.47));
#456 = VECTOR('',#457,1.);
#457 = DIRECTION('',(1.,0.,-0.));
#458 = ORIENTED_EDGE('',*,*,#406,.F.);
#459 = PLANE('',#460);
#460 = AXIS2_PLACEMENT_3D('',#461,#462,#463);
#461 = CARTESIAN_POINT('',(-1.95,0.815,5.E-02));
#462 = DIRECTION('',(-0.,1.,0.));
#463 = DIRECTION('',(0.,0.,1.));
#464 = ADVANCED_FACE('',(#465),#481,.T.);
#465 = FACE_BOUND('',#466,.T.);
#466 = EDGE_LOOP('',(#467,#473,#474,#480));
#467 = ORIENTED_EDGE('',*,*,#468,.F.);
#468 = EDGE_CURVE('',#377,#417,#469,.T.);
#469 = LINE('',#470,#471);
#470 = CARTESIAN_POINT('',(-1.95,1.135,5.E-02));
#471 = VECTOR('',#472,1.);
#472 = DIRECTION('',(1.,0.,-0.));
#473 = ORIENTED_EDGE('',*,*,#384,.T.);
#474 = ORIENTED_EDGE('',*,*,#475,.T.);
#475 = EDGE_CURVE('',#385,#425,#476,.T.);
#476 = LINE('',#477,#478);
#477 = CARTESIAN_POINT('',(-1.95,1.135,0.47));
#478 = VECTOR('',#479,1.);
#479 = DIRECTION('',(1.,0.,-0.));
#480 = ORIENTED_EDGE('',*,*,#424,.F.);
#481 = PLANE('',#482);
#482 = AXIS2_PLACEMENT_3D('',#483,#484,#485);
#483 = CARTESIAN_POINT('',(-1.95,1.135,5.E-02));
#484 = DIRECTION('',(-0.,1.,0.));
#485 = DIRECTION('',(0.,0.,1.));
#486 = ADVANCED_FACE('',(#487),#493,.F.);
#487 = FACE_BOUND('',#488,.F.);
#488 = EDGE_LOOP('',(#489,#490,#491,#492));
#489 = ORIENTED_EDGE('',*,*,#376,.F.);
#490 = ORIENTED_EDGE('',*,*,#446,.T.);
#491 = ORIENTED_EDGE('',*,*,#416,.T.);
#492 = ORIENTED_EDGE('',*,*,#468,.F.);
#493 = PLANE('',#494);
#494 = AXIS2_PLACEMENT_3D('',#495,#496,#497);
#495 = CARTESIAN_POINT('',(-1.95,0.815,5.E-02));
#496 = DIRECTION('',(0.,0.,1.));
#497 = DIRECTION('',(1.,0.,-0.));
#498 = ADVANCED_FACE('',(#499),#505,.T.);
#499 = FACE_BOUND('',#500,.T.);
#500 = EDGE_LOOP('',(#501,#502,#503,#504));
#501 = ORIENTED_EDGE('',*,*,#392,.F.);
#502 = ORIENTED_EDGE('',*,*,#453,.T.);
#503 = ORIENTED_EDGE('',*,*,#432,.T.);
#504 = ORIENTED_EDGE('',*,*,#475,.F.);
#505 = PLANE('',#506);
#506 = AXIS2_PLACEMENT_3D('',#507,#508,#509);
#507 = CARTESIAN_POINT('',(-1.95,0.815,0.47));
#508 = DIRECTION('',(0.,0.,1.));
#509 = DIRECTION('',(1.,0.,-0.));
#510 = MANIFOLD_SOLID_BREP('',#511);
#511 = CLOSED_SHELL('',(#512,#552,#592,#614,#636,#648));
#512 = ADVANCED_FACE('',(#513),#547,.F.);
#513 = FACE_BOUND('',#514,.F.);
#514 = EDGE_LOOP('',(#515,#525,#533,#541));
#515 = ORIENTED_EDGE('',*,*,#516,.F.);
#516 = EDGE_CURVE('',#517,#519,#521,.T.);
#517 = VERTEX_POINT('',#518);
#518 = CARTESIAN_POINT('',(-1.85,0.815,0.35));
#519 = VERTEX_POINT('',#520);
#520 = CARTESIAN_POINT('',(-1.85,0.815,0.47));
#521 = LINE('',#522,#523);
#522 = CARTESIAN_POINT('',(-1.85,0.815,0.35));
#523 = VECTOR('',#524,1.);
#524 = DIRECTION('',(0.,0.,1.));
#525 = ORIENTED_EDGE('',*,*,#526,.T.);
#526 = EDGE_CURVE('',#517,#527,#529,.T.);
#527 = VERTEX_POINT('',#528);
#528 = CARTESIAN_POINT('',(-1.85,1.135,0.35));
#529 = LINE('',#530,#531);
#530 = CARTESIAN_POINT('',(-1.85,0.815,0.35));
#531 = VECTOR('',#532,1.);
#532 = DIRECTION('',(-0.,1.,0.));
#533 = ORIENTED_EDGE('',*,*,#534,.T.);
#534 = EDGE_CURVE('',#527,#535,#537,.T.);
#535 = VERTEX_POINT('',#536);
#536 = CARTESIAN_POINT('',(-1.85,1.135,0.47));
#537 = LINE('',#538,#539);
#538 = CARTESIAN_POINT('',(-1.85,1.135,0.35));
#539 = VECTOR('',#540,1.);
#540 = DIRECTION('',(0.,0.,1.));
#541 = ORIENTED_EDGE('',*,*,#542,.F.);
#542 = EDGE_CURVE('',#519,#535,#543,.T.);
#543 = LINE('',#544,#545);
#544 = CARTESIAN_POINT('',(-1.85,0.815,0.47));
#545 = VECTOR('',#546,1.);
#546 = DIRECTION('',(-0.,1.,0.));
#547 = PLANE('',#548);
#548 = AXIS2_PLACEMENT_3D('',#549,#550,#551);
#549 = CARTESIAN_POINT('',(-1.85,0.815,0.35));
#550 = DIRECTION('',(1.,0.,-0.));
#551 = DIRECTION('',(0.,0.,1.));
#552 = ADVANCED_FACE('',(#553),#587,.T.);
#553 = FACE_BOUND('',#554,.T.);
#554 = EDGE_LOOP('',(#555,#565,#573,#581));
#555 = ORIENTED_EDGE('',*,*,#556,.F.);
#556 = EDGE_CURVE('',#557,#559,#561,.T.);
#557 = VERTEX_POINT('',#558);
#558 = CARTESIAN_POINT('',(-1.4,0.815,0.35));
#559 = VERTEX_POINT('',#560);
#560 = CARTESIAN_POINT('',(-1.4,0.815,0.47));
#561 = LINE('',#562,#563);
#562 = CARTESIAN_POINT('',(-1.4,0.815,0.35));
#563 = VECTOR('',#564,1.);
#564 = DIRECTION('',(0.,0.,1.));
#565 = ORIENTED_EDGE('',*,*,#566,.T.);
#566 = EDGE_CURVE('',#557,#567,#569,.T.);
#567 = VERTEX_POINT('',#568);
#568 = CARTESIAN_POINT('',(-1.4,1.135,0.35));
#569 = LINE('',#570,#571);
#570 = CARTESIAN_POINT('',(-1.4,0.815,0.35));
#571 = VECTOR('',#572,1.);
#572 = DIRECTION('',(-0.,1.,0.));
#573 = ORIENTED_EDGE('',*,*,#574,.T.);
#574 = EDGE_CURVE('',#567,#575,#577,.T.);
#575 = VERTEX_POINT('',#576);
#576 = CARTESIAN_POINT('',(-1.4,1.135,0.47));
#577 = LINE('',#578,#579);
#578 = CARTESIAN_POINT('',(-1.4,1.135,0.35));
#579 = VECTOR('',#580,1.);
#580 = DIRECTION('',(0.,0.,1.));
#581 = ORIENTED_EDGE('',*,*,#582,.F.);
#582 = EDGE_CURVE('',#559,#575,#583,.T.);
#583 = LINE('',#584,#585);
#584 = CARTESIAN_POINT('',(-1.4,0.815,0.47));
#585 = VECTOR('',#586,1.);
#586 = DIRECTION('',(-0.,1.,0.));
#587 = PLANE('',#588);
#588 = AXIS2_PLACEMENT_3D('',#589,#590,#591);
#589 = CARTESIAN_POINT('',(-1.4,0.815,0.35));
#590 = DIRECTION('',(1.,0.,-0.));
#591 = DIRECTION('',(0.,0.,1.));
#592 = ADVANCED_FACE('',(#593),#609,.F.);
#593 = FACE_BOUND('',#594,.F.);
#594 = EDGE_LOOP('',(#595,#601,#602,#608));
#595 = ORIENTED_EDGE('',*,*,#596,.F.);
#596 = EDGE_CURVE('',#517,#557,#597,.T.);
#597 = LINE('',#598,#599);
#598 = CARTESIAN_POINT('',(-1.85,0.815,0.35));
#599 = VECTOR('',#600,1.);
#600 = DIRECTION('',(1.,0.,-0.));
#601 = ORIENTED_EDGE('',*,*,#516,.T.);
#602 = ORIENTED_EDGE('',*,*,#603,.T.);
#603 = EDGE_CURVE('',#519,#559,#604,.T.);
#604 = LINE('',#605,#606);
#605 = CARTESIAN_POINT('',(-1.85,0.815,0.47));
#606 = VECTOR('',#607,1.);
#607 = DIRECTION('',(1.,0.,-0.));
#608 = ORIENTED_EDGE('',*,*,#556,.F.);
#609 = PLANE('',#610);
#610 = AXIS2_PLACEMENT_3D('',#611,#612,#613);
#611 = CARTESIAN_POINT('',(-1.85,0.815,0.35));
#612 = DIRECTION('',(-0.,1.,0.));
#613 = DIRECTION('',(0.,0.,1.));
#614 = ADVANCED_FACE('',(#615),#631,.T.);
#615 = FACE_BOUND('',#616,.T.);
#616 = EDGE_LOOP('',(#617,#623,#624,#630));
#617 = ORIENTED_EDGE('',*,*,#618,.F.);
#618 = EDGE_CURVE('',#527,#567,#619,.T.);
#619 = LINE('',#620,#621);
#620 = CARTESIAN_POINT('',(-1.85,1.135,0.35));
#621 = VECTOR('',#622,1.);
#622 = DIRECTION('',(1.,0.,-0.));
#623 = ORIENTED_EDGE('',*,*,#534,.T.);
#624 = ORIENTED_EDGE('',*,*,#625,.T.);
#625 = EDGE_CURVE('',#535,#575,#626,.T.);
#626 = LINE('',#627,#628);
#627 = CARTESIAN_POINT('',(-1.85,1.135,0.47));
#628 = VECTOR('',#629,1.);
#629 = DIRECTION('',(1.,0.,-0.));
#630 = ORIENTED_EDGE('',*,*,#574,.F.);
#631 = PLANE('',#632);
#632 = AXIS2_PLACEMENT_3D('',#633,#634,#635);
#633 = CARTESIAN_POINT('',(-1.85,1.135,0.35));
#634 = DIRECTION('',(-0.,1.,0.));
#635 = DIRECTION('',(0.,0.,1.));
#636 = ADVANCED_FACE('',(#637),#643,.F.);
#637 = FACE_BOUND('',#638,.F.);
#638 = EDGE_LOOP('',(#639,#640,#641,#642));
#639 = ORIENTED_EDGE('',*,*,#526,.F.);
#640 = ORIENTED_EDGE('',*,*,#596,.T.);
#641 = ORIENTED_EDGE('',*,*,#566,.T.);
#642 = ORIENTED_EDGE('',*,*,#618,.F.);
#643 = PLANE('',#644);
#644 = AXIS2_PLACEMENT_3D('',#645,#646,#647);
#645 = CARTESIAN_POINT('',(-1.85,0.815,0.35));
#646 = DIRECTION('',(0.,0.,1.));
#647 = DIRECTION('',(1.,0.,-0.));
#648 = ADVANCED_FACE('',(#649),#655,.T.);
#649 = FACE_BOUND('',#650,.T.);
#650 = EDGE_LOOP('',(#651,#652,#653,#654));
#651 = ORIENTED_EDGE('',*,*,#542,.F.);
#652 = ORIENTED_EDGE('',*,*,#603,.T.);
#653 = ORIENTED_EDGE('',*,*,#582,.T.);
#654 = ORIENTED_EDGE('',*,*,#625,.F.);
#655 = PLANE('',#656);
#656 = AXIS2_PLACEMENT_3D('',#657,#658,#659);
#657 = CARTESIAN_POINT('',(-1.85,0.815,0.47));
#658 = DIRECTION('',(0.,0.,1.));
#659 = DIRECTION('',(1.,0.,-0.));
#660 = MANIFOLD_SOLID_BREP('',#661);
#661 = CLOSED_SHELL('',(#662,#702,#742,#764,#786,#798));
#662 = ADVANCED_FACE('',(#663),#697,.F.);
#663 = FACE_BOUND('',#664,.F.);
#664 = EDGE_LOOP('',(#665,#675,#683,#691));
#665 = ORIENTED_EDGE('',*,*,#666,.F.);
#666 = EDGE_CURVE('',#667,#669,#671,.T.);
#667 = VERTEX_POINT('',#668);
#668 = CARTESIAN_POINT('',(-2.45,0.165,0.));
#669 = VERTEX_POINT('',#670);
#670 = CARTESIAN_POINT('',(-2.45,0.165,0.12));
#671 = LINE('',#672,#673);
#672 = CARTESIAN_POINT('',(-2.45,0.165,0.));
#673 = VECTOR('',#674,1.);
#674 = DIRECTION('',(0.,0.,1.));
#675 = ORIENTED_EDGE('',*,*,#676,.T.);
#676 = EDGE_CURVE('',#667,#677,#679,.T.);
#677 = VERTEX_POINT('',#678);
#678 = CARTESIAN_POINT('',(-2.45,0.485,0.));
#679 = LINE('',#680,#681);
#680 = CARTESIAN_POINT('',(-2.45,0.165,0.));
#681 = VECTOR('',#682,1.);
#682 = DIRECTION('',(-0.,1.,0.));
#683 = ORIENTED_EDGE('',*,*,#684,.T.);
#684 = EDGE_CURVE('',#677,#685,#687,.T.);
#685 = VERTEX_POINT('',#686);
#686 = CARTESIAN_POINT('',(-2.45,0.485,0.12));
#687 = LINE('',#688,#689);
#688 = CARTESIAN_POINT('',(-2.45,0.485,0.));
#689 = VECTOR('',#690,1.);
#690 = DIRECTION('',(0.,0.,1.));
#691 = ORIENTED_EDGE('',*,*,#692,.F.);
#692 = EDGE_CURVE('',#669,#685,#693,.T.);
#693 = LINE('',#694,#695);
#694 = CARTESIAN_POINT('',(-2.45,0.165,0.12));
#695 = VECTOR('',#696,1.);
#696 = DIRECTION('',(-0.,1.,0.));
#697 = PLANE('',#698);
#698 = AXIS2_PLACEMENT_3D('',#699,#700,#701);
#699 = CARTESIAN_POINT('',(-2.45,0.165,0.));
#700 = DIRECTION('',(1.,0.,-0.));
#701 = DIRECTION('',(0.,0.,1.));
#702 = ADVANCED_FACE('',(#703),#737,.T.);
#703 = FACE_BOUND('',#704,.T.);
#704 = EDGE_LOOP('',(#705,#715,#723,#731));
#705 = ORIENTED_EDGE('',*,*,#706,.F.);
#706 = EDGE_CURVE('',#707,#709,#711,.T.);
#707 = VERTEX_POINT('',#708);
#708 = CARTESIAN_POINT('',(-1.9,0.165,0.));
#709 = VERTEX_POINT('',#710);
#710 = CARTESIAN_POINT('',(-1.9,0.165,0.12));
#711 = LINE('',#712,#713);
#712 = CARTESIAN_POINT('',(-1.9,0.165,0.));
#713 = VECTOR('',#714,1.);
#714 = DIRECTION('',(0.,0.,1.));
#715 = ORIENTED_EDGE('',*,*,#716,.T.);
#716 = EDGE_CURVE('',#707,#717,#719,.T.);
#717 = VERTEX_POINT('',#718);
#718 = CARTESIAN_POINT('',(-1.9,0.485,0.));
#719 = LINE('',#720,#721);
#720 = CARTESIAN_POINT('',(-1.9,0.165,0.));
#721 = VECTOR('',#722,1.);
#722 = DIRECTION('',(-0.,1.,0.));
#723 = ORIENTED_EDGE('',*,*,#724,.T.);
#724 = EDGE_CURVE('',#717,#725,#727,.T.);
#725 = VERTEX_POINT('',#726);
#726 = CARTESIAN_POINT('',(-1.9,0.485,0.12));
#727 = LINE('',#728,#729);
#728 = CARTESIAN_POINT('',(-1.9,0.485,0.));
#729 = VECTOR('',#730,1.);
#730 = DIRECTION('',(0.,0.,1.));
#731 = ORIENTED_EDGE('',*,*,#732,.F.);
#732 = EDGE_CURVE('',#709,#725,#733,.T.);
#733 = LINE('',#734,#735);
#734 = CARTESIAN_POINT('',(-1.9,0.165,0.12));
#735 = VECTOR('',#736,1.);
#736 = DIRECTION('',(-0.,1.,0.));
#737 = PLANE('',#738);
#738 = AXIS2_PLACEMENT_3D('',#739,#740,#741);
#739 = CARTESIAN_POINT('',(-1.9,0.165,0.));
#740 = DIRECTION('',(1.,0.,-0.));
#741 = DIRECTION('',(0.,0.,1.));
#742 = ADVANCED_FACE('',(#743),#759,.F.);
#743 = FACE_BOUND('',#744,.F.);
#744 = EDGE_LOOP('',(#745,#751,#752,#758));
#745 = ORIENTED_EDGE('',*,*,#746,.F.);
#746 = EDGE_CURVE('',#667,#707,#747,.T.);
#747 = LINE('',#748,#749);
#748 = CARTESIAN_POINT('',(-2.45,0.165,0.));
#749 = VECTOR('',#750,1.);
#750 = DIRECTION('',(1.,0.,-0.));
#751 = ORIENTED_EDGE('',*,*,#666,.T.);
#752 = ORIENTED_EDGE('',*,*,#753,.T.);
#753 = EDGE_CURVE('',#669,#709,#754,.T.);
#754 = LINE('',#755,#756);
#755 = CARTESIAN_POINT('',(-2.45,0.165,0.12));
#756 = VECTOR('',#757,1.);
#757 = DIRECTION('',(1.,0.,-0.));
#758 = ORIENTED_EDGE('',*,*,#706,.F.);
#759 = PLANE('',#760);
#760 = AXIS2_PLACEMENT_3D('',#761,#762,#763);
#761 = CARTESIAN_POINT('',(-2.45,0.165,0.));
#762 = DIRECTION('',(-0.,1.,0.));
#763 = DIRECTION('',(0.,0.,1.));
#764 = ADVANCED_FACE('',(#765),#781,.T.);
#765 = FACE_BOUND('',#766,.T.);
#766 = EDGE_LOOP('',(#767,#773,#774,#780));
#767 = ORIENTED_EDGE('',*,*,#768,.F.);
#768 = EDGE_CURVE('',#677,#717,#769,.T.);
#769 = LINE('',#770,#771);
#770 = CARTESIAN_POINT('',(-2.45,0.485,0.));
#771 = VECTOR('',#772,1.);
#772 = DIRECTION('',(1.,0.,-0.));
#773 = ORIENTED_EDGE('',*,*,#684,.T.);
#774 = ORIENTED_EDGE('',*,*,#775,.T.);
#775 = EDGE_CURVE('',#685,#725,#776,.T.);
#776 = LINE('',#777,#778);
#777 = CARTESIAN_POINT('',(-2.45,0.485,0.12));
#778 = VECTOR('',#779,1.);
#779 = DIRECTION('',(1.,0.,-0.));
#780 = ORIENTED_EDGE('',*,*,#724,.F.);
#781 = PLANE('',#782);
#782 = AXIS2_PLACEMENT_3D('',#783,#784,#785);
#783 = CARTESIAN_POINT('',(-2.45,0.485,0.));
#784 = DIRECTION('',(-0.,1.,0.));
#785 = DIRECTION('',(0.,0.,1.));
#786 = ADVANCED_FACE('',(#787),#793,.F.);
#787 = FACE_BOUND('',#788,.F.);
#788 = EDGE_LOOP('',(#789,#790,#791,#792));
#789 = ORIENTED_EDGE('',*,*,#676,.F.);
#790 = ORIENTED_EDGE('',*,*,#746,.T.);
#791 = ORIENTED_EDGE('',*,*,#716,.T.);
#792 = ORIENTED_EDGE('',*,*,#768,.F.);
#793 = PLANE('',#794);
#794 = AXIS2_PLACEMENT_3D('',#795,#796,#797);
#795 = CARTESIAN_POINT('',(-2.45,0.165,0.));
#796 = DIRECTION('',(0.,0.,1.));
#797 = DIRECTION('',(1.,0.,-0.));
#798 = ADVANCED_FACE('',(#799),#805,.T.);
#799 = FACE_BOUND('',#800,.T.);
#800 = EDGE_LOOP('',(#801,#802,#803,#804));
#801 = ORIENTED_EDGE('',*,*,#692,.F.);
#802 = ORIENTED_EDGE('',*,*,#753,.T.);
#803 = ORIENTED_EDGE('',*,*,#732,.T.);
#804 = ORIENTED_EDGE('',*,*,#775,.F.);
#805 = PLANE('',#806);
#806 = AXIS2_PLACEMENT_3D('',#807,#808,#809);
#807 = CARTESIAN_POINT('',(-2.45,0.165,0.12));
#808 = DIRECTION('',(0.,0.,1.));
#809 = DIRECTION('',(1.,0.,-0.));
#810 = MANIFOLD_SOLID_BREP('',#811);
#811 = CLOSED_SHELL('',(#812,#852,#892,#914,#936,#948));
#812 = ADVANCED_FACE('',(#813),#847,.F.);
#813 = FACE_BOUND('',#814,.F.);
#814 = EDGE_LOOP('',(#815,#825,#833,#841));
#815 = ORIENTED_EDGE('',*,*,#816,.F.);
#816 = EDGE_CURVE('',#817,#819,#821,.T.);
#817 = VERTEX_POINT('',#818);
#818 = CARTESIAN_POINT('',(-1.95,0.165,5.E-02));
#819 = VERTEX_POINT('',#820);
#820 = CARTESIAN_POINT('',(-1.95,0.165,0.47));
#821 = LINE('',#822,#823);
#822 = CARTESIAN_POINT('',(-1.95,0.165,5.E-02));
#823 = VECTOR('',#824,1.);
#824 = DIRECTION('',(0.,0.,1.));
#825 = ORIENTED_EDGE('',*,*,#826,.T.);
#826 = EDGE_CURVE('',#817,#827,#829,.T.);
#827 = VERTEX_POINT('',#828);
#828 = CARTESIAN_POINT('',(-1.95,0.485,5.E-02));
#829 = LINE('',#830,#831);
#830 = CARTESIAN_POINT('',(-1.95,0.165,5.E-02));
#831 = VECTOR('',#832,1.);
#832 = DIRECTION('',(-0.,1.,0.));
#833 = ORIENTED_EDGE('',*,*,#834,.T.);
#834 = EDGE_CURVE('',#827,#835,#837,.T.);
#835 = VERTEX_POINT('',#836);
#836 = CARTESIAN_POINT('',(-1.95,0.485,0.47));
#837 = LINE('',#838,#839);
#838 = CARTESIAN_POINT('',(-1.95,0.485,5.E-02));
#839 = VECTOR('',#840,1.);
#840 = DIRECTION('',(0.,0.,1.));
#841 = ORIENTED_EDGE('',*,*,#842,.F.);
#842 = EDGE_CURVE('',#819,#835,#843,.T.);
#843 = LINE('',#844,#845);
#844 = CARTESIAN_POINT('',(-1.95,0.165,0.47));
#845 = VECTOR('',#846,1.);
#846 = DIRECTION('',(-0.,1.,0.));
#847 = PLANE('',#848);
#848 = AXIS2_PLACEMENT_3D('',#849,#850,#851);
#849 = CARTESIAN_POINT('',(-1.95,0.165,5.E-02));
#850 = DIRECTION('',(1.,0.,-0.));
#851 = DIRECTION('',(0.,0.,1.));
#852 = ADVANCED_FACE('',(#853),#887,.T.);
#853 = FACE_BOUND('',#854,.T.);
#854 = EDGE_LOOP('',(#855,#865,#873,#881));
#855 = ORIENTED_EDGE('',*,*,#856,.F.);
#856 = EDGE_CURVE('',#857,#859,#861,.T.);
#857 = VERTEX_POINT('',#858);
#858 = CARTESIAN_POINT('',(-1.8,0.165,5.E-02));
#859 = VERTEX_POINT('',#860);
#860 = CARTESIAN_POINT('',(-1.8,0.165,0.47));
#861 = LINE('',#862,#863);
#862 = CARTESIAN_POINT('',(-1.8,0.165,5.E-02));
#863 = VECTOR('',#864,1.);
#864 = DIRECTION('',(0.,0.,1.));
#865 = ORIENTED_EDGE('',*,*,#866,.T.);
#866 = EDGE_CURVE('',#857,#867,#869,.T.);
#867 = VERTEX_POINT('',#868);
#868 = CARTESIAN_POINT('',(-1.8,0.485,5.E-02));
#869 = LINE('',#870,#871);
#870 = CARTESIAN_POINT('',(-1.8,0.165,5.E-02));
#871 = VECTOR('',#872,1.);
#872 = DIRECTION('',(-0.,1.,0.));
#873 = ORIENTED_EDGE('',*,*,#874,.T.);
#874 = EDGE_CURVE('',#867,#875,#877,.T.);
#875 = VERTEX_POINT('',#876);
#876 = CARTESIAN_POINT('',(-1.8,0.485,0.47));
#877 = LINE('',#878,#879);
#878 = CARTESIAN_POINT('',(-1.8,0.485,5.E-02));
#879 = VECTOR('',#880,1.);
#880 = DIRECTION('',(0.,0.,1.));
#881 = ORIENTED_EDGE('',*,*,#882,.F.);
#882 = EDGE_CURVE('',#859,#875,#883,.T.);
#883 = LINE('',#884,#885);
#884 = CARTESIAN_POINT('',(-1.8,0.165,0.47));
#885 = VECTOR('',#886,1.);
#886 = DIRECTION('',(-0.,1.,0.));
#887 = PLANE('',#888);
#888 = AXIS2_PLACEMENT_3D('',#889,#890,#891);
#889 = CARTESIAN_POINT('',(-1.8,0.165,5.E-02));
#890 = DIRECTION('',(1.,0.,-0.));
#891 = DIRECTION('',(0.,0.,1.));
#892 = ADVANCED_FACE('',(#893),#909,.F.);
#893 = FACE_BOUND('',#894,.F.);
#894 = EDGE_LOOP('',(#895,#901,#902,#908));
#895 = ORIENTED_EDGE('',*,*,#896,.F.);
#896 = EDGE_CURVE('',#817,#857,#897,.T.);
#897 = LINE('',#898,#899);
#898 = CARTESIAN_POINT('',(-1.95,0.165,5.E-02));
#899 = VECTOR('',#900,1.);
#900 = DIRECTION('',(1.,0.,-0.));
#901 = ORIENTED_EDGE('',*,*,#816,.T.);
#902 = ORIENTED_EDGE('',*,*,#903,.T.);
#903 = EDGE_CURVE('',#819,#859,#904,.T.);
#904 = LINE('',#905,#906);
#905 = CARTESIAN_POINT('',(-1.95,0.165,0.47));
#906 = VECTOR('',#907,1.);
#907 = DIRECTION('',(1.,0.,-0.));
#908 = ORIENTED_EDGE('',*,*,#856,.F.);
#909 = PLANE('',#910);
#910 = AXIS2_PLACEMENT_3D('',#911,#912,#913);
#911 = CARTESIAN_POINT('',(-1.95,0.165,5.E-02));
#912 = DIRECTION('',(-0.,1.,0.));
#913 = DIRECTION('',(0.,0.,1.));
#914 = ADVANCED_FACE('',(#915),#931,.T.);
#915 = FACE_BOUND('',#916,.T.);
#916 = EDGE_LOOP('',(#917,#923,#924,#930));
#917 = ORIENTED_EDGE('',*,*,#918,.F.);
#918 = EDGE_CURVE('',#827,#867,#919,.T.);
#919 = LINE('',#920,#921);
#920 = CARTESIAN_POINT('',(-1.95,0.485,5.E-02));
#921 = VECTOR('',#922,1.);
#922 = DIRECTION('',(1.,0.,-0.));
#923 = ORIENTED_EDGE('',*,*,#834,.T.);
#924 = ORIENTED_EDGE('',*,*,#925,.T.);
#925 = EDGE_CURVE('',#835,#875,#926,.T.);
#926 = LINE('',#927,#928);
#927 = CARTESIAN_POINT('',(-1.95,0.485,0.47));
#928 = VECTOR('',#929,1.);
#929 = DIRECTION('',(1.,0.,-0.));
#930 = ORIENTED_EDGE('',*,*,#874,.F.);
#931 = PLANE('',#932);
#932 = AXIS2_PLACEMENT_3D('',#933,#934,#935);
#933 = CARTESIAN_POINT('',(-1.95,0.485,5.E-02));
#934 = DIRECTION('',(-0.,1.,0.));
#935 = DIRECTION('',(0.,0.,1.));
#936 = ADVANCED_FACE('',(#937),#943,.F.);
#937 = FACE_BOUND('',#938,.F.);
#938 = EDGE_LOOP('',(#939,#940,#941,#942));
#939 = ORIENTED_EDGE('',*,*,#826,.F.);
#940 = ORIENTED_EDGE('',*,*,#896,.T.);
#941 = ORIENTED_EDGE('',*,*,#866,.T.);
#942 = ORIENTED_EDGE('',*,*,#918,.F.);
#943 = PLANE('',#944);
#944 = AXIS2_PLACEMENT_3D('',#945,#946,#947);
#945 = CARTESIAN_POINT('',(-1.95,0.165,5.E-02));
#946 = DIRECTION('',(0.,0.,1.));
#947 = DIRECTION('',(1.,0.,-0.));
#948 = ADVANCED_FACE('',(#949),#955,.T.);
#949 = FACE_BOUND('',#950,.T.);
#950 = EDGE_LOOP('',(#951,#952,#953,#954));
#951 = ORIENTED_EDGE('',*,*,#842,.F.);
#952 = ORIENTED_EDGE('',*,*,#903,.T.);
#953 = ORIENTED_EDGE('',*,*,#882,.T.);
#954 = ORIENTED_EDGE('',*,*,#925,.F.);
#955 = PLANE('',#956);
#956 = AXIS2_PLACEMENT_3D('',#957,#958,#959);
#957 = CARTESIAN_POINT('',(-1.95,0.165,0.47));
#958 = DIRECTION('',(0.,0.,1.));
#959 = DIRECTION('',(1.,0.,-0.));
#960 = MANIFOLD_SOLID_BREP('',#961);
#961 = CLOSED_SHELL('',(#962,#1002,#1042,#1064,#1086,#1098));
#962 = ADVANCED_FACE('',(#963),#997,.F.);
#963 = FACE_BOUND('',#964,.F.);
#964 = EDGE_LOOP('',(#965,#975,#983,#991));
#965 = ORIENTED_EDGE('',*,*,#966,.F.);
#966 = EDGE_CURVE('',#967,#969,#971,.T.);
#967 = VERTEX_POINT('',#968);
#968 = CARTESIAN_POINT('',(-1.85,0.165,0.35));
#969 = VERTEX_POINT('',#970);
#970 = CARTESIAN_POINT('',(-1.85,0.165,0.47));
#971 = LINE('',#972,#973);
#972 = CARTESIAN_POINT('',(-1.85,0.165,0.35));
#973 = VECTOR('',#974,1.);
#974 = DIRECTION('',(0.,0.,1.));
#975 = ORIENTED_EDGE('',*,*,#976,.T.);
#976 = EDGE_CURVE('',#967,#977,#979,.T.);
#977 = VERTEX_POINT('',#978);
#978 = CARTESIAN_POINT('',(-1.85,0.485,0.35));
#979 = LINE('',#980,#981);
#980 = CARTESIAN_POINT('',(-1.85,0.165,0.35));
#981 = VECTOR('',#982,1.);
#982 = DIRECTION('',(-0.,1.,0.));
#983 = ORIENTED_EDGE('',*,*,#984,.T.);
#984 = EDGE_CURVE('',#977,#985,#987,.T.);
#985 = VERTEX_POINT('',#986);
#986 = CARTESIAN_POINT('',(-1.85,0.485,0.47));
#987 = LINE('',#988,#989);
#988 = CARTESIAN_POINT('',(-1.85,0.485,0.35));
#989 = VECTOR('',#990,1.);
#990 = DIRECTION('',(0.,0.,1.));
#991 = ORIENTED_EDGE('',*,*,#992,.F.);
#992 = EDGE_CURVE('',#969,#985,#993,.T.);
#993 = LINE('',#994,#995);
#994 = CARTESIAN_POINT('',(-1.85,0.165,0.47));
#995 = VECTOR('',#996,1.);
#996 = DIRECTION('',(-0.,1.,0.));
#997 = PLANE('',#998);
#998 = AXIS2_PLACEMENT_3D('',#999,#1000,#1001);
#999 = CARTESIAN_POINT('',(-1.85,0.165,0.35));
#1000 = DIRECTION('',(1.,0.,-0.));
#1001 = DIRECTION('',(0.,0.,1.));
#1002 = ADVANCED_FACE('',(#1003),#1037,.T.);
#1003 = FACE_BOUND('',#1004,.T.);
#1004 = EDGE_LOOP('',(#1005,#1015,#1023,#1031));
#1005 = ORIENTED_EDGE('',*,*,#1006,.F.);
#1006 = EDGE_CURVE('',#1007,#1009,#1011,.T.);
#1007 = VERTEX_POINT('',#1008);
#1008 = CARTESIAN_POINT('',(-1.4,0.165,0.35));
#1009 = VERTEX_POINT('',#1010);
#1010 = CARTESIAN_POINT('',(-1.4,0.165,0.47));
#1011 = LINE('',#1012,#1013);
#1012 = CARTESIAN_POINT('',(-1.4,0.165,0.35));
#1013 = VECTOR('',#1014,1.);
#1014 = DIRECTION('',(0.,0.,1.));
#1015 = ORIENTED_EDGE('',*,*,#1016,.T.);
#1016 = EDGE_CURVE('',#1007,#1017,#1019,.T.);
#1017 = VERTEX_POINT('',#1018);
#1018 = CARTESIAN_POINT('',(-1.4,0.485,0.35));
#1019 = LINE('',#1020,#1021);
#1020 = CARTESIAN_POINT('',(-1.4,0.165,0.35));
#1021 = VECTOR('',#1022,1.);
#1022 = DIRECTION('',(-0.,1.,0.));
#1023 = ORIENTED_EDGE('',*,*,#1024,.T.);
#1024 = EDGE_CURVE('',#1017,#1025,#1027,.T.);
#1025 = VERTEX_POINT('',#1026);
#1026 = CARTESIAN_POINT('',(-1.4,0.485,0.47));
#1027 = LINE('',#1028,#1029);
#1028 = CARTESIAN_POINT('',(-1.4,0.485,0.35));
#1029 = VECTOR('',#1030,1.);
#1030 = DIRECTION('',(0.,0.,1.));
#1031 = ORIENTED_EDGE('',*,*,#1032,.F.);
#1032 = EDGE_CURVE('',#1009,#1025,#1033,.T.);
#1033 = LINE('',#1034,#1035);
#1034 = CARTESIAN_POINT('',(-1.4,0.165,0.47));
#1035 = VECTOR('',#1036,1.);
#1036 = DIRECTION('',(-0.,1.,0.));
#1037 = PLANE('',#1038);
#1038 = AXIS2_PLACEMENT_3D('',#1039,#1040,#1041);
#1039 = CARTESIAN_POINT('',(-1.4,0.165,0.35));
#1040 = DIRECTION('',(1.,0.,-0.));
#1041 = DIRECTION('',(0.,0.,1.));
#1042 = ADVANCED_FACE('',(#1043),#1059,.F.);
#1043 = FACE_BOUND('',#1044,.F.);
#1044 = EDGE_LOOP('',(#1045,#1051,#1052,#1058));
#1045 = ORIENTED_EDGE('',*,*,#1046,.F.);
#1046 = EDGE_CURVE('',#967,#1007,#1047,.T.);
#1047 = LINE('',#1048,#1049);
#1048 = CARTESIAN_POINT('',(-1.85,0.165,0.35));
#1049 = VECTOR('',#1050,1.);
#1050 = DIRECTION('',(1.,0.,-0.));
#1051 = ORIENTED_EDGE('',*,*,#966,.T.);
#1052 = ORIENTED_EDGE('',*,*,#1053,.T.);
#1053 = EDGE_CURVE('',#969,#1009,#1054,.T.);
#1054 = LINE('',#1055,#1056);
#1055 = CARTESIAN_POINT('',(-1.85,0.165,0.47));
#1056 = VECTOR('',#1057,1.);
#1057 = DIRECTION('',(1.,0.,-0.));
#1058 = ORIENTED_EDGE('',*,*,#1006,.F.);
#1059 = PLANE('',#1060);
#1060 = AXIS2_PLACEMENT_3D('',#1061,#1062,#1063);
#1061 = CARTESIAN_POINT('',(-1.85,0.165,0.35));
#1062 = DIRECTION('',(-0.,1.,0.));
#1063 = DIRECTION('',(0.,0.,1.));
#1064 = ADVANCED_FACE('',(#1065),#1081,.T.);
#1065 = FACE_BOUND('',#1066,.T.);
#1066 = EDGE_LOOP('',(#1067,#1073,#1074,#1080));
#1067 = ORIENTED_EDGE('',*,*,#1068,.F.);
#1068 = EDGE_CURVE('',#977,#1017,#1069,.T.);
#1069 = LINE('',#1070,#1071);
#1070 = CARTESIAN_POINT('',(-1.85,0.485,0.35));
#1071 = VECTOR('',#1072,1.);
#1072 = DIRECTION('',(1.,0.,-0.));
#1073 = ORIENTED_EDGE('',*,*,#984,.T.);
#1074 = ORIENTED_EDGE('',*,*,#1075,.T.);
#1075 = EDGE_CURVE('',#985,#1025,#1076,.T.);
#1076 = LINE('',#1077,#1078);
#1077 = CARTESIAN_POINT('',(-1.85,0.485,0.47));
#1078 = VECTOR('',#1079,1.);
#1079 = DIRECTION('',(1.,0.,-0.));
#1080 = ORIENTED_EDGE('',*,*,#1024,.F.);
#1081 = PLANE('',#1082);
#1082 = AXIS2_PLACEMENT_3D('',#1083,#1084,#1085);
#1083 = CARTESIAN_POINT('',(-1.85,0.485,0.35));
#1084 = DIRECTION('',(-0.,1.,0.));
#1085 = DIRECTION('',(0.,0.,1.));
#1086 = ADVANCED_FACE('',(#1087),#1093,.F.);
#1087 = FACE_BOUND('',#1088,.F.);
#1088 = EDGE_LOOP('',(#1089,#1090,#1091,#1092));
#1089 = ORIENTED_EDGE('',*,*,#976,.F.);
#1090 = ORIENTED_EDGE('',*,*,#1046,.T.);
#1091 = ORIENTED_EDGE('',*,*,#1016,.T.);
#1092 = ORIENTED_EDGE('',*,*,#1068,.F.);
#1093 = PLANE('',#1094);
#1094 = AXIS2_PLACEMENT_3D('',#1095,#1096,#1097);
#1095 = CARTESIAN_POINT('',(-1.85,0.165,0.35));
#1096 = DIRECTION('',(0.,0.,1.));
#1097 = DIRECTION('',(1.,0.,-0.));
#1098 = ADVANCED_FACE('',(#1099),#1105,.T.);
#1099 = FACE_BOUND('',#1100,.T.);
#1100 = EDGE_LOOP('',(#1101,#1102,#1103,#1104));
#1101 = ORIENTED_EDGE('',*,*,#992,.F.);
#1102 = ORIENTED_EDGE('',*,*,#1053,.T.);
#1103 = ORIENTED_EDGE('',*,*,#1032,.T.);
#1104 = ORIENTED_EDGE('',*,*,#1075,.F.);
#1105 = PLANE('',#1106);
#1106 = AXIS2_PLACEMENT_3D('',#1107,#1108,#1109);
#1107 = CARTESIAN_POINT('',(-1.85,0.165,0.47));
#1108 = DIRECTION('',(0.,0.,1.));
#1109 = DIRECTION('',(1.,0.,-0.));
#1110 = MANIFOLD_SOLID_BREP('',#1111);
#1111 = CLOSED_SHELL('',(#1112,#1152,#1192,#1214,#1236,#1248));
#1112 = ADVANCED_FACE('',(#1113),#1147,.F.);
#1113 = FACE_BOUND('',#1114,.F.);
#1114 = EDGE_LOOP('',(#1115,#1125,#1133,#1141));
#1115 = ORIENTED_EDGE('',*,*,#1116,.F.);
#1116 = EDGE_CURVE('',#1117,#1119,#1121,.T.);
#1117 = VERTEX_POINT('',#1118);
#1118 = CARTESIAN_POINT('',(-2.45,-0.485,0.));
#1119 = VERTEX_POINT('',#1120);
#1120 = CARTESIAN_POINT('',(-2.45,-0.485,0.12));
#1121 = LINE('',#1122,#1123);
#1122 = CARTESIAN_POINT('',(-2.45,-0.485,0.));
#1123 = VECTOR('',#1124,1.);
#1124 = DIRECTION('',(0.,0.,1.));
#1125 = ORIENTED_EDGE('',*,*,#1126,.T.);
#1126 = EDGE_CURVE('',#1117,#1127,#1129,.T.);
#1127 = VERTEX_POINT('',#1128);
#1128 = CARTESIAN_POINT('',(-2.45,-0.165,0.));
#1129 = LINE('',#1130,#1131);
#1130 = CARTESIAN_POINT('',(-2.45,-0.485,0.));
#1131 = VECTOR('',#1132,1.);
#1132 = DIRECTION('',(-0.,1.,0.));
#1133 = ORIENTED_EDGE('',*,*,#1134,.T.);
#1134 = EDGE_CURVE('',#1127,#1135,#1137,.T.);
#1135 = VERTEX_POINT('',#1136);
#1136 = CARTESIAN_POINT('',(-2.45,-0.165,0.12));
#1137 = LINE('',#1138,#1139);
#1138 = CARTESIAN_POINT('',(-2.45,-0.165,0.));
#1139 = VECTOR('',#1140,1.);
#1140 = DIRECTION('',(0.,0.,1.));
#1141 = ORIENTED_EDGE('',*,*,#1142,.F.);
#1142 = EDGE_CURVE('',#1119,#1135,#1143,.T.);
#1143 = LINE('',#1144,#1145);
#1144 = CARTESIAN_POINT('',(-2.45,-0.485,0.12));
#1145 = VECTOR('',#1146,1.);
#1146 = DIRECTION('',(-0.,1.,0.));
#1147 = PLANE('',#1148);
#1148 = AXIS2_PLACEMENT_3D('',#1149,#1150,#1151);
#1149 = CARTESIAN_POINT('',(-2.45,-0.485,0.));
#1150 = DIRECTION('',(1.,0.,-0.));
#1151 = DIRECTION('',(0.,0.,1.));
#1152 = ADVANCED_FACE('',(#1153),#1187,.T.);
#1153 = FACE_BOUND('',#1154,.T.);
#1154 = EDGE_LOOP('',(#1155,#1165,#1173,#1181));
#1155 = ORIENTED_EDGE('',*,*,#1156,.F.);
#1156 = EDGE_CURVE('',#1157,#1159,#1161,.T.);
#1157 = VERTEX_POINT('',#1158);
#1158 = CARTESIAN_POINT('',(-1.9,-0.485,0.));
#1159 = VERTEX_POINT('',#1160);
#1160 = CARTESIAN_POINT('',(-1.9,-0.485,0.12));
#1161 = LINE('',#1162,#1163);
#1162 = CARTESIAN_POINT('',(-1.9,-0.485,0.));
#1163 = VECTOR('',#1164,1.);
#1164 = DIRECTION('',(0.,0.,1.));
#1165 = ORIENTED_EDGE('',*,*,#1166,.T.);
#1166 = EDGE_CURVE('',#1157,#1167,#1169,.T.);
#1167 = VERTEX_POINT('',#1168);
#1168 = CARTESIAN_POINT('',(-1.9,-0.165,0.));
#1169 = LINE('',#1170,#1171);
#1170 = CARTESIAN_POINT('',(-1.9,-0.485,0.));
#1171 = VECTOR('',#1172,1.);
#1172 = DIRECTION('',(-0.,1.,0.));
#1173 = ORIENTED_EDGE('',*,*,#1174,.T.);
#1174 = EDGE_CURVE('',#1167,#1175,#1177,.T.);
#1175 = VERTEX_POINT('',#1176);
#1176 = CARTESIAN_POINT('',(-1.9,-0.165,0.12));
#1177 = LINE('',#1178,#1179);
#1178 = CARTESIAN_POINT('',(-1.9,-0.165,0.));
#1179 = VECTOR('',#1180,1.);
#1180 = DIRECTION('',(0.,0.,1.));
#1181 = ORIENTED_EDGE('',*,*,#1182,.F.);
#1182 = EDGE_CURVE('',#1159,#1175,#1183,.T.);
#1183 = LINE('',#1184,#1185);
#1184 = CARTESIAN_POINT('',(-1.9,-0.485,0.12));
#1185 = VECTOR('',#1186,1.);
#1186 = DIRECTION('',(-0.,1.,0.));
#1187 = PLANE('',#1188);
#1188 = AXIS2_PLACEMENT_3D('',#1189,#1190,#1191);
#1189 = CARTESIAN_POINT('',(-1.9,-0.485,0.));
#1190 = DIRECTION('',(1.,0.,-0.));
#1191 = DIRECTION('',(0.,0.,1.));
#1192 = ADVANCED_FACE('',(#1193),#1209,.F.);
#1193 = FACE_BOUND('',#1194,.F.);
#1194 = EDGE_LOOP('',(#1195,#1201,#1202,#1208));
#1195 = ORIENTED_EDGE('',*,*,#1196,.F.);
#1196 = EDGE_CURVE('',#1117,#1157,#1197,.T.);
#1197 = LINE('',#1198,#1199);
#1198 = CARTESIAN_POINT('',(-2.45,-0.485,0.));
#1199 = VECTOR('',#1200,1.);
#1200 = DIRECTION('',(1.,0.,-0.));
#1201 = ORIENTED_EDGE('',*,*,#1116,.T.);
#1202 = ORIENTED_EDGE('',*,*,#1203,.T.);
#1203 = EDGE_CURVE('',#1119,#1159,#1204,.T.);
#1204 = LINE('',#1205,#1206);
#1205 = CARTESIAN_POINT('',(-2.45,-0.485,0.12));
#1206 = VECTOR('',#1207,1.);
#1207 = DIRECTION('',(1.,0.,-0.));
#1208 = ORIENTED_EDGE('',*,*,#1156,.F.);
#1209 = PLANE('',#1210);
#1210 = AXIS2_PLACEMENT_3D('',#1211,#1212,#1213);
#1211 = CARTESIAN_POINT('',(-2.45,-0.485,0.));
#1212 = DIRECTION('',(-0.,1.,0.));
#1213 = DIRECTION('',(0.,0.,1.));
#1214 = ADVANCED_FACE('',(#1215),#1231,.T.);
#1215 = FACE_BOUND('',#1216,.T.);
#1216 = EDGE_LOOP('',(#1217,#1223,#1224,#1230));
#1217 = ORIENTED_EDGE('',*,*,#1218,.F.);
#1218 = EDGE_CURVE('',#1127,#1167,#1219,.T.);
#1219 = LINE('',#1220,#1221);
#1220 = CARTESIAN_POINT('',(-2.45,-0.165,0.));
#1221 = VECTOR('',#1222,1.);
#1222 = DIRECTION('',(1.,0.,-0.));
#1223 = ORIENTED_EDGE('',*,*,#1134,.T.);
#1224 = ORIENTED_EDGE('',*,*,#1225,.T.);
#1225 = EDGE_CURVE('',#1135,#1175,#1226,.T.);
#1226 = LINE('',#1227,#1228);
#1227 = CARTESIAN_POINT('',(-2.45,-0.165,0.12));
#1228 = VECTOR('',#1229,1.);
#1229 = DIRECTION('',(1.,0.,-0.));
#1230 = ORIENTED_EDGE('',*,*,#1174,.F.);
#1231 = PLANE('',#1232);
#1232 = AXIS2_PLACEMENT_3D('',#1233,#1234,#1235);
#1233 = CARTESIAN_POINT('',(-2.45,-0.165,0.));
#1234 = DIRECTION('',(-0.,1.,0.));
#1235 = DIRECTION('',(0.,0.,1.));
#1236 = ADVANCED_FACE('',(#1237),#1243,.F.);
#1237 = FACE_BOUND('',#1238,.F.);
#1238 = EDGE_LOOP('',(#1239,#1240,#1241,#1242));
#1239 = ORIENTED_EDGE('',*,*,#1126,.F.);
#1240 = ORIENTED_EDGE('',*,*,#1196,.T.);
#1241 = ORIENTED_EDGE('',*,*,#1166,.T.);
#1242 = ORIENTED_EDGE('',*,*,#1218,.F.);
#1243 = PLANE('',#1244);
#1244 = AXIS2_PLACEMENT_3D('',#1245,#1246,#1247);
#1245 = CARTESIAN_POINT('',(-2.45,-0.485,0.));
#1246 = DIRECTION('',(0.,0.,1.));
#1247 = DIRECTION('',(1.,0.,-0.));
#1248 = ADVANCED_FACE('',(#1249),#1255,.T.);
#1249 = FACE_BOUND('',#1250,.T.);
#1250 = EDGE_LOOP('',(#1251,#1252,#1253,#1254));
#1251 = ORIENTED_EDGE('',*,*,#1142,.F.);
#1252 = ORIENTED_EDGE('',*,*,#1203,.T.);
#1253 = ORIENTED_EDGE('',*,*,#1182,.T.);
#1254 = ORIENTED_EDGE('',*,*,#1225,.F.);
#1255 = PLANE('',#1256);
#1256 = AXIS2_PLACEMENT_3D('',#1257,#1258,#1259);
#1257 = CARTESIAN_POINT('',(-2.45,-0.485,0.12));
#1258 = DIRECTION('',(0.,0.,1.));
#1259 = DIRECTION('',(1.,0.,-0.));
#1260 = MANIFOLD_SOLID_BREP('',#1261);
#1261 = CLOSED_SHELL('',(#1262,#1302,#1342,#1364,#1386,#1398));
#1262 = ADVANCED_FACE('',(#1263),#1297,.F.);
#1263 = FACE_BOUND('',#1264,.F.);
#1264 = EDGE_LOOP('',(#1265,#1275,#1283,#1291));
#1265 = ORIENTED_EDGE('',*,*,#1266,.F.);
#1266 = EDGE_CURVE('',#1267,#1269,#1271,.T.);
#1267 = VERTEX_POINT('',#1268);
#1268 = CARTESIAN_POINT('',(-1.95,-0.485,5.E-02));
#1269 = VERTEX_POINT('',#1270);
#1270 = CARTESIAN_POINT('',(-1.95,-0.485,0.47));
#1271 = LINE('',#1272,#1273);
#1272 = CARTESIAN_POINT('',(-1.95,-0.485,5.E-02));
#1273 = VECTOR('',#1274,1.);
#1274 = DIRECTION('',(0.,0.,1.));
#1275 = ORIENTED_EDGE('',*,*,#1276,.T.);
#1276 = EDGE_CURVE('',#1267,#1277,#1279,.T.);
#1277 = VERTEX_POINT('',#1278);
#1278 = CARTESIAN_POINT('',(-1.95,-0.165,5.E-02));
#1279 = LINE('',#1280,#1281);
#1280 = CARTESIAN_POINT('',(-1.95,-0.485,5.E-02));
#1281 = VECTOR('',#1282,1.);
#1282 = DIRECTION('',(-0.,1.,0.));
#1283 = ORIENTED_EDGE('',*,*,#1284,.T.);
#1284 = EDGE_CURVE('',#1277,#1285,#1287,.T.);
#1285 = VERTEX_POINT('',#1286);
#1286 = CARTESIAN_POINT('',(-1.95,-0.165,0.47));
#1287 = LINE('',#1288,#1289);
#1288 = CARTESIAN_POINT('',(-1.95,-0.165,5.E-02));
#1289 = VECTOR('',#1290,1.);
#1290 = DIRECTION('',(0.,0.,1.));
#1291 = ORIENTED_EDGE('',*,*,#1292,.F.);
#1292 = EDGE_CURVE('',#1269,#1285,#1293,.T.);
#1293 = LINE('',#1294,#1295);
#1294 = CARTESIAN_POINT('',(-1.95,-0.485,0.47));
#1295 = VECTOR('',#1296,1.);
#1296 = DIRECTION('',(-0.,1.,0.));
#1297 = PLANE('',#1298);
#1298 = AXIS2_PLACEMENT_3D('',#1299,#1300,#1301);
#1299 = CARTESIAN_POINT('',(-1.95,-0.485,5.E-02));
#1300 = DIRECTION('',(1.,0.,-0.));
#1301 = DIRECTION('',(0.,0.,1.));
#1302 = ADVANCED_FACE('',(#1303),#1337,.T.);
#1303 = FACE_BOUND('',#1304,.T.);
#1304 = EDGE_LOOP('',(#1305,#1315,#1323,#1331));
#1305 = ORIENTED_EDGE('',*,*,#1306,.F.);
#1306 = EDGE_CURVE('',#1307,#1309,#1311,.T.);
#1307 = VERTEX_POINT('',#1308);
#1308 = CARTESIAN_POINT('',(-1.8,-0.485,5.E-02));
#1309 = VERTEX_POINT('',#1310);
#1310 = CARTESIAN_POINT('',(-1.8,-0.485,0.47));
#1311 = LINE('',#1312,#1313);
#1312 = CARTESIAN_POINT('',(-1.8,-0.485,5.E-02));
#1313 = VECTOR('',#1314,1.);
#1314 = DIRECTION('',(0.,0.,1.));
#1315 = ORIENTED_EDGE('',*,*,#1316,.T.);
#1316 = EDGE_CURVE('',#1307,#1317,#1319,.T.);
#1317 = VERTEX_POINT('',#1318);
#1318 = CARTESIAN_POINT('',(-1.8,-0.165,5.E-02));
#1319 = LINE('',#1320,#1321);
#1320 = CARTESIAN_POINT('',(-1.8,-0.485,5.E-02));
#1321 = VECTOR('',#1322,1.);
#1322 = DIRECTION('',(-0.,1.,0.));
#1323 = ORIENTED_EDGE('',*,*,#1324,.T.);
#1324 = EDGE_CURVE('',#1317,#1325,#1327,.T.);
#1325 = VERTEX_POINT('',#1326);
#1326 = CARTESIAN_POINT('',(-1.8,-0.165,0.47));
#1327 = LINE('',#1328,#1329);
#1328 = CARTESIAN_POINT('',(-1.8,-0.165,5.E-02));
#1329 = VECTOR('',#1330,1.);
#1330 = DIRECTION('',(0.,0.,1.));
#1331 = ORIENTED_EDGE('',*,*,#1332,.F.);
#1332 = EDGE_CURVE('',#1309,#1325,#1333,.T.);
#1333 = LINE('',#1334,#1335);
#1334 = CARTESIAN_POINT('',(-1.8,-0.485,0.47));
#1335 = VECTOR('',#1336,1.);
#1336 = DIRECTION('',(-0.,1.,0.));
#1337 = PLANE('',#1338);
#1338 = AXIS2_PLACEMENT_3D('',#1339,#1340,#1341);
#1339 = CARTESIAN_POINT('',(-1.8,-0.485,5.E-02));
#1340 = DIRECTION('',(1.,0.,-0.));
#1341 = DIRECTION('',(0.,0.,1.));
#1342 = ADVANCED_FACE('',(#1343),#1359,.F.);
#1343 = FACE_BOUND('',#1344,.F.);
#1344 = EDGE_LOOP('',(#1345,#1351,#1352,#1358));
#1345 = ORIENTED_EDGE('',*,*,#1346,.F.);
#1346 = EDGE_CURVE('',#1267,#1307,#1347,.T.);
#1347 = LINE('',#1348,#1349);
#1348 = CARTESIAN_POINT('',(-1.95,-0.485,5.E-02));
#1349 = VECTOR('',#1350,1.);
#1350 = DIRECTION('',(1.,0.,-0.));
#1351 = ORIENTED_EDGE('',*,*,#1266,.T.);
#1352 = ORIENTED_EDGE('',*,*,#1353,.T.);
#1353 = EDGE_CURVE('',#1269,#1309,#1354,.T.);
#1354 = LINE('',#1355,#1356);
#1355 = CARTESIAN_POINT('',(-1.95,-0.485,0.47));
#1356 = VECTOR('',#1357,1.);
#1357 = DIRECTION('',(1.,0.,-0.));
#1358 = ORIENTED_EDGE('',*,*,#1306,.F.);
#1359 = PLANE('',#1360);
#1360 = AXIS2_PLACEMENT_3D('',#1361,#1362,#1363);
#1361 = CARTESIAN_POINT('',(-1.95,-0.485,5.E-02));
#1362 = DIRECTION('',(-0.,1.,0.));
#1363 = DIRECTION('',(0.,0.,1.));
#1364 = ADVANCED_FACE('',(#1365),#1381,.T.);
#1365 = FACE_BOUND('',#1366,.T.);
#1366 = EDGE_LOOP('',(#1367,#1373,#1374,#1380));
#1367 = ORIENTED_EDGE('',*,*,#1368,.F.);
#1368 = EDGE_CURVE('',#1277,#1317,#1369,.T.);
#1369 = LINE('',#1370,#1371);
#1370 = CARTESIAN_POINT('',(-1.95,-0.165,5.E-02));
#1371 = VECTOR('',#1372,1.);
#1372 = DIRECTION('',(1.,0.,-0.));
#1373 = ORIENTED_EDGE('',*,*,#1284,.T.);
#1374 = ORIENTED_EDGE('',*,*,#1375,.T.);
#1375 = EDGE_CURVE('',#1285,#1325,#1376,.T.);
#1376 = LINE('',#1377,#1378);
#1377 = CARTESIAN_POINT('',(-1.95,-0.165,0.47));
#1378 = VECTOR('',#1379,1.);
#1379 = DIRECTION('',(1.,0.,-0.));
#1380 = ORIENTED_EDGE('',*,*,#1324,.F.);
#1381 = PLANE('',#1382);
#1382 = AXIS2_PLACEMENT_3D('',#1383,#1384,#1385);
#1383 = CARTESIAN_POINT('',(-1.95,-0.165,5.E-02));
#1384 = DIRECTION('',(-0.,1.,0.));
#1385 = DIRECTION('',(0.,0.,1.));
#1386 = ADVANCED_FACE('',(#1387),#1393,.F.);
#1387 = FACE_BOUND('',#1388,.F.);
#1388 = EDGE_LOOP('',(#1389,#1390,#1391,#1392));
#1389 = ORIENTED_EDGE('',*,*,#1276,.F.);
#1390 = ORIENTED_EDGE('',*,*,#1346,.T.);
#1391 = ORIENTED_EDGE('',*,*,#1316,.T.);
#1392 = ORIENTED_EDGE('',*,*,#1368,.F.);
#1393 = PLANE('',#1394);
#1394 = AXIS2_PLACEMENT_3D('',#1395,#1396,#1397);
#1395 = CARTESIAN_POINT('',(-1.95,-0.485,5.E-02));
#1396 = DIRECTION('',(0.,0.,1.));
#1397 = DIRECTION('',(1.,0.,-0.));
#1398 = ADVANCED_FACE('',(#1399),#1405,.T.);
#1399 = FACE_BOUND('',#1400,.T.);
#1400 = EDGE_LOOP('',(#1401,#1402,#1403,#1404));
#1401 = ORIENTED_EDGE('',*,*,#1292,.F.);
#1402 = ORIENTED_EDGE('',*,*,#1353,.T.);
#1403 = ORIENTED_EDGE('',*,*,#1332,.T.);
#1404 = ORIENTED_EDGE('',*,*,#1375,.F.);
#1405 = PLANE('',#1406);
#1406 = AXIS2_PLACEMENT_3D('',#1407,#1408,#1409);
#1407 = CARTESIAN_POINT('',(-1.95,-0.485,0.47));
#1408 = DIRECTION('',(0.,0.,1.));
#1409 = DIRECTION('',(1.,0.,-0.));
#1410 = MANIFOLD_SOLID_BREP('',#1411);
#1411 = CLOSED_SHELL('',(#1412,#1452,#1492,#1514,#1536,#1548));
#1412 = ADVANCED_FACE('',(#1413),#1447,.F.);
#1413 = FACE_BOUND('',#1414,.F.);
#1414 = EDGE_LOOP('',(#1415,#1425,#1433,#1441));
#1415 = ORIENTED_EDGE('',*,*,#1416,.F.);
#1416 = EDGE_CURVE('',#1417,#1419,#1421,.T.);
#1417 = VERTEX_POINT('',#1418);
#1418 = CARTESIAN_POINT('',(-1.85,-0.485,0.35));
#1419 = VERTEX_POINT('',#1420);
#1420 = CARTESIAN_POINT('',(-1.85,-0.485,0.47));
#1421 = LINE('',#1422,#1423);
#1422 = CARTESIAN_POINT('',(-1.85,-0.485,0.35));
#1423 = VECTOR('',#1424,1.);
#1424 = DIRECTION('',(0.,0.,1.));
#1425 = ORIENTED_EDGE('',*,*,#1426,.T.);
#1426 = EDGE_CURVE('',#1417,#1427,#1429,.T.);
#1427 = VERTEX_POINT('',#1428);
#1428 = CARTESIAN_POINT('',(-1.85,-0.165,0.35));
#1429 = LINE('',#1430,#1431);
#1430 = CARTESIAN_POINT('',(-1.85,-0.485,0.35));
#1431 = VECTOR('',#1432,1.);
#1432 = DIRECTION('',(-0.,1.,0.));
#1433 = ORIENTED_EDGE('',*,*,#1434,.T.);
#1434 = EDGE_CURVE('',#1427,#1435,#1437,.T.);
#1435 = VERTEX_POINT('',#1436);
#1436 = CARTESIAN_POINT('',(-1.85,-0.165,0.47));
#1437 = LINE('',#1438,#1439);
#1438 = CARTESIAN_POINT('',(-1.85,-0.165,0.35));
#1439 = VECTOR('',#1440,1.);
#1440 = DIRECTION('',(0.,0.,1.));
#1441 = ORIENTED_EDGE('',*,*,#1442,.F.);
#1442 = EDGE_CURVE('',#1419,#1435,#1443,.T.);
#1443 = LINE('',#1444,#1445);
#1444 = CARTESIAN_POINT('',(-1.85,-0.485,0.47));
#1445 = VECTOR('',#1446,1.);
#1446 = DIRECTION('',(-0.,1.,0.));
#1447 = PLANE('',#1448);
#1448 = AXIS2_PLACEMENT_3D('',#1449,#1450,#1451);
#1449 = CARTESIAN_POINT('',(-1.85,-0.485,0.35));
#1450 = DIRECTION('',(1.,0.,-0.));
#1451 = DIRECTION('',(0.,0.,1.));
#1452 = ADVANCED_FACE('',(#1453),#1487,.T.);
#1453 = FACE_BOUND('',#1454,.T.);
#1454 = EDGE_LOOP('',(#1455,#1465,#1473,#1481));
#1455 = ORIENTED_EDGE('',*,*,#1456,.F.);
#1456 = EDGE_CURVE('',#1457,#1459,#1461,.T.);
#1457 = VERTEX_POINT('',#1458);
#1458 = CARTESIAN_POINT('',(-1.4,-0.485,0.35));
#1459 = VERTEX_POINT('',#1460);
#1460 = CARTESIAN_POINT('',(-1.4,-0.485,0.47));
#1461 = LINE('',#1462,#1463);
#1462 = CARTESIAN_POINT('',(-1.4,-0.485,0.35));
#1463 = VECTOR('',#1464,1.);
#1464 = DIRECTION('',(0.,0.,1.));
#1465 = ORIENTED_EDGE('',*,*,#1466,.T.);
#1466 = EDGE_CURVE('',#1457,#1467,#1469,.T.);
#1467 = VERTEX_POINT('',#1468);
#1468 = CARTESIAN_POINT('',(-1.4,-0.165,0.35));
#1469 = LINE('',#1470,#1471);
#1470 = CARTESIAN_POINT('',(-1.4,-0.485,0.35));
#1471 = VECTOR('',#1472,1.);
#1472 = DIRECTION('',(-0.,1.,0.));
#1473 = ORIENTED_EDGE('',*,*,#1474,.T.);
#1474 = EDGE_CURVE('',#1467,#1475,#1477,.T.);
#1475 = VERTEX_POINT('',#1476);
#1476 = CARTESIAN_POINT('',(-1.4,-0.165,0.47));
#1477 = LINE('',#1478,#1479);
#1478 = CARTESIAN_POINT('',(-1.4,-0.165,0.35));
#1479 = VECTOR('',#1480,1.);
#1480 = DIRECTION('',(0.,0.,1.));
#1481 = ORIENTED_EDGE('',*,*,#1482,.F.);
#1482 = EDGE_CURVE('',#1459,#1475,#1483,.T.);
#1483 = LINE('',#1484,#1485);
#1484 = CARTESIAN_POINT('',(-1.4,-0.485,0.47));
#1485 = VECTOR('',#1486,1.);
#1486 = DIRECTION('',(-0.,1.,0.));
#1487 = PLANE('',#1488);
#1488 = AXIS2_PLACEMENT_3D('',#1489,#1490,#1491);
#1489 = CARTESIAN_POINT('',(-1.4,-0.485,0.35));
#1490 = DIRECTION('',(1.,0.,-0.));
#1491 = DIRECTION('',(0.,0.,1.));
#1492 = ADVANCED_FACE('',(#1493),#1509,.F.);
#1493 = FACE_BOUND('',#1494,.F.);
#1494 = EDGE_LOOP('',(#1495,#1501,#1502,#1508));
#1495 = ORIENTED_EDGE('',*,*,#1496,.F.);
#1496 = EDGE_CURVE('',#1417,#1457,#1497,.T.);
#1497 = LINE('',#1498,#1499);
#1498 = CARTESIAN_POINT('',(-1.85,-0.485,0.35));
#1499 = VECTOR('',#1500,1.);
#1500 = DIRECTION('',(1.,0.,-0.));
#1501 = ORIENTED_EDGE('',*,*,#1416,.T.);
#1502 = ORIENTED_EDGE('',*,*,#1503,.T.);
#1503 = EDGE_CURVE('',#1419,#1459,#1504,.T.);
#1504 = LINE('',#1505,#1506);
#1505 = CARTESIAN_POINT('',(-1.85,-0.485,0.47));
#1506 = VECTOR('',#1507,1.);
#1507 = DIRECTION('',(1.,0.,-0.));
#1508 = ORIENTED_EDGE('',*,*,#1456,.F.);
#1509 = PLANE('',#1510);
#1510 = AXIS2_PLACEMENT_3D('',#1511,#1512,#1513);
#1511 = CARTESIAN_POINT('',(-1.85,-0.485,0.35));
#1512 = DIRECTION('',(-0.,1.,0.));
#1513 = DIRECTION('',(0.,0.,1.));
#1514 = ADVANCED_FACE('',(#1515),#1531,.T.);
#1515 = FACE_BOUND('',#1516,.T.);
#1516 = EDGE_LOOP('',(#1517,#1523,#1524,#1530));
#1517 = ORIENTED_EDGE('',*,*,#1518,.F.);
#1518 = EDGE_CURVE('',#1427,#1467,#1519,.T.);
#1519 = LINE('',#1520,#1521);
#1520 = CARTESIAN_POINT('',(-1.85,-0.165,0.35));
#1521 = VECTOR('',#1522,1.);
#1522 = DIRECTION('',(1.,0.,-0.));
#1523 = ORIENTED_EDGE('',*,*,#1434,.T.);
#1524 = ORIENTED_EDGE('',*,*,#1525,.T.);
#1525 = EDGE_CURVE('',#1435,#1475,#1526,.T.);
#1526 = LINE('',#1527,#1528);
#1527 = CARTESIAN_POINT('',(-1.85,-0.165,0.47));
#1528 = VECTOR('',#1529,1.);
#1529 = DIRECTION('',(1.,0.,-0.));
#1530 = ORIENTED_EDGE('',*,*,#1474,.F.);
#1531 = PLANE('',#1532);
#1532 = AXIS2_PLACEMENT_3D('',#1533,#1534,#1535);
#1533 = CARTESIAN_POINT('',(-1.85,-0.165,0.35));
#1534 = DIRECTION('',(-0.,1.,0.));
#1535 = DIRECTION('',(0.,0.,1.));
#1536 = ADVANCED_FACE('',(#1537),#1543,.F.);
#1537 = FACE_BOUND('',#1538,.F.);
#1538 = EDGE_LOOP('',(#1539,#1540,#1541,#1542));
#1539 = ORIENTED_EDGE('',*,*,#1426,.F.);
#1540 = ORIENTED_EDGE('',*,*,#1496,.T.);
#1541 = ORIENTED_EDGE('',*,*,#1466,.T.);
#1542 = ORIENTED_EDGE('',*,*,#1518,.F.);
#1543 = PLANE('',#1544);
#1544 = AXIS2_PLACEMENT_3D('',#1545,#1546,#1547);
#1545 = CARTESIAN_POINT('',(-1.85,-0.485,0.35));
#1546 = DIRECTION('',(0.,0.,1.));
#1547 = DIRECTION('',(1.,0.,-0.));
#1548 = ADVANCED_FACE('',(#1549),#1555,.T.);
#1549 = FACE_BOUND('',#1550,.T.);
#1550 = EDGE_LOOP('',(#1551,#1552,#1553,#1554));
#1551 = ORIENTED_EDGE('',*,*,#1442,.F.);
#1552 = ORIENTED_EDGE('',*,*,#1503,.T.);
#1553 = ORIENTED_EDGE('',*,*,#1482,.T.);
#1554 = ORIENTED_EDGE('',*,*,#1525,.F.);
#1555 = PLANE('',#1556);
#1556 = AXIS2_PLACEMENT_3D('',#1557,#1558,#1559);
#1557 = CARTESIAN_POINT('',(-1.85,-0.485,0.47));
#1558 = DIRECTION('',(0.,0.,1.));
#1559 = DIRECTION('',(1.,0.,-0.));
#1560 = MANIFOLD_SOLID_BREP('',#1561);
#1561 = CLOSED_SHELL('',(#1562,#1602,#1642,#1664,#1686,#1698));
#1562 = ADVANCED_FACE('',(#1563),#1597,.F.);
#1563 = FACE_BOUND('',#1564,.F.);
#1564 = EDGE_LOOP('',(#1565,#1575,#1583,#1591));
#1565 = ORIENTED_EDGE('',*,*,#1566,.F.);
#1566 = EDGE_CURVE('',#1567,#1569,#1571,.T.);
#1567 = VERTEX_POINT('',#1568);
#1568 = CARTESIAN_POINT('',(-2.45,-1.135,0.));
#1569 = VERTEX_POINT('',#1570);
#1570 = CARTESIAN_POINT('',(-2.45,-1.135,0.12));
#1571 = LINE('',#1572,#1573);
#1572 = CARTESIAN_POINT('',(-2.45,-1.135,0.));
#1573 = VECTOR('',#1574,1.);
#1574 = DIRECTION('',(0.,0.,1.));
#1575 = ORIENTED_EDGE('',*,*,#1576,.T.);
#1576 = EDGE_CURVE('',#1567,#1577,#1579,.T.);
#1577 = VERTEX_POINT('',#1578);
#1578 = CARTESIAN_POINT('',(-2.45,-0.815,0.));
#1579 = LINE('',#1580,#1581);
#1580 = CARTESIAN_POINT('',(-2.45,-1.135,0.));
#1581 = VECTOR('',#1582,1.);
#1582 = DIRECTION('',(-0.,1.,0.));
#1583 = ORIENTED_EDGE('',*,*,#1584,.T.);
#1584 = EDGE_CURVE('',#1577,#1585,#1587,.T.);
#1585 = VERTEX_POINT('',#1586);
#1586 = CARTESIAN_POINT('',(-2.45,-0.815,0.12));
#1587 = LINE('',#1588,#1589);
#1588 = CARTESIAN_POINT('',(-2.45,-0.815,0.));
#1589 = VECTOR('',#1590,1.);
#1590 = DIRECTION('',(0.,0.,1.));
#1591 = ORIENTED_EDGE('',*,*,#1592,.F.);
#1592 = EDGE_CURVE('',#1569,#1585,#1593,.T.);
#1593 = LINE('',#1594,#1595);
#1594 = CARTESIAN_POINT('',(-2.45,-1.135,0.12));
#1595 = VECTOR('',#1596,1.);
#1596 = DIRECTION('',(-0.,1.,0.));
#1597 = PLANE('',#1598);
#1598 = AXIS2_PLACEMENT_3D('',#1599,#1600,#1601);
#1599 = CARTESIAN_POINT('',(-2.45,-1.135,0.));
#1600 = DIRECTION('',(1.,0.,-0.));
#1601 = DIRECTION('',(0.,0.,1.));
#1602 = ADVANCED_FACE('',(#1603),#1637,.T.);
#1603 = FACE_BOUND('',#1604,.T.);
#1604 = EDGE_LOOP('',(#1605,#1615,#1623,#1631));
#1605 = ORIENTED_EDGE('',*,*,#1606,.F.);
#1606 = EDGE_CURVE('',#1607,#1609,#1611,.T.);
#1607 = VERTEX_POINT('',#1608);
#1608 = CARTESIAN_POINT('',(-1.9,-1.135,0.));
#1609 = VERTEX_POINT('',#1610);
#1610 = CARTESIAN_POINT('',(-1.9,-1.135,0.12));
#1611 = LINE('',#1612,#1613);
#1612 = CARTESIAN_POINT('',(-1.9,-1.135,0.));
#1613 = VECTOR('',#1614,1.);
#1614 = DIRECTION('',(0.,0.,1.));
#1615 = ORIENTED_EDGE('',*,*,#1616,.T.);
#1616 = EDGE_CURVE('',#1607,#1617,#1619,.T.);
#1617 = VERTEX_POINT('',#1618);
#1618 = CARTESIAN_POINT('',(-1.9,-0.815,0.));
#1619 = LINE('',#1620,#1621);
#1620 = CARTESIAN_POINT('',(-1.9,-1.135,0.));
#1621 = VECTOR('',#1622,1.);
#1622 = DIRECTION('',(-0.,1.,0.));
#1623 = ORIENTED_EDGE('',*,*,#1624,.T.);
#1624 = EDGE_CURVE('',#1617,#1625,#1627,.T.);
#1625 = VERTEX_POINT('',#1626);
#1626 = CARTESIAN_POINT('',(-1.9,-0.815,0.12));
#1627 = LINE('',#1628,#1629);
#1628 = CARTESIAN_POINT('',(-1.9,-0.815,0.));
#1629 = VECTOR('',#1630,1.);
#1630 = DIRECTION('',(0.,0.,1.));
#1631 = ORIENTED_EDGE('',*,*,#1632,.F.);
#1632 = EDGE_CURVE('',#1609,#1625,#1633,.T.);
#1633 = LINE('',#1634,#1635);
#1634 = CARTESIAN_POINT('',(-1.9,-1.135,0.12));
#1635 = VECTOR('',#1636,1.);
#1636 = DIRECTION('',(-0.,1.,0.));
#1637 = PLANE('',#1638);
#1638 = AXIS2_PLACEMENT_3D('',#1639,#1640,#1641);
#1639 = CARTESIAN_POINT('',(-1.9,-1.135,0.));
#1640 = DIRECTION('',(1.,0.,-0.));
#1641 = DIRECTION('',(0.,0.,1.));
#1642 = ADVANCED_FACE('',(#1643),#1659,.F.);
#1643 = FACE_BOUND('',#1644,.F.);
#1644 = EDGE_LOOP('',(#1645,#1651,#1652,#1658));
#1645 = ORIENTED_EDGE('',*,*,#1646,.F.);
#1646 = EDGE_CURVE('',#1567,#1607,#1647,.T.);
#1647 = LINE('',#1648,#1649);
#1648 = CARTESIAN_POINT('',(-2.45,-1.135,0.));
#1649 = VECTOR('',#1650,1.);
#1650 = DIRECTION('',(1.,0.,-0.));
#1651 = ORIENTED_EDGE('',*,*,#1566,.T.);
#1652 = ORIENTED_EDGE('',*,*,#1653,.T.);
#1653 = EDGE_CURVE('',#1569,#1609,#1654,.T.);
#1654 = LINE('',#1655,#1656);
#1655 = CARTESIAN_POINT('',(-2.45,-1.135,0.12));
#1656 = VECTOR('',#1657,1.);
#1657 = DIRECTION('',(1.,0.,-0.));
#1658 = ORIENTED_EDGE('',*,*,#1606,.F.);
#1659 = PLANE('',#1660);
#1660 = AXIS2_PLACEMENT_3D('',#1661,#1662,#1663);
#1661 = CARTESIAN_POINT('',(-2.45,-1.135,0.));
#1662 = DIRECTION('',(-0.,1.,0.));
#1663 = DIRECTION('',(0.,0.,1.));
#1664 = ADVANCED_FACE('',(#1665),#1681,.T.);
#1665 = FACE_BOUND('',#1666,.T.);
#1666 = EDGE_LOOP('',(#1667,#1673,#1674,#1680));
#1667 = ORIENTED_EDGE('',*,*,#1668,.F.);
#1668 = EDGE_CURVE('',#1577,#1617,#1669,.T.);
#1669 = LINE('',#1670,#1671);
#1670 = CARTESIAN_POINT('',(-2.45,-0.815,0.));
#1671 = VECTOR('',#1672,1.);
#1672 = DIRECTION('',(1.,0.,-0.));
#1673 = ORIENTED_EDGE('',*,*,#1584,.T.);
#1674 = ORIENTED_EDGE('',*,*,#1675,.T.);
#1675 = EDGE_CURVE('',#1585,#1625,#1676,.T.);
#1676 = LINE('',#1677,#1678);
#1677 = CARTESIAN_POINT('',(-2.45,-0.815,0.12));
#1678 = VECTOR('',#1679,1.);
#1679 = DIRECTION('',(1.,0.,-0.));
#1680 = ORIENTED_EDGE('',*,*,#1624,.F.);
#1681 = PLANE('',#1682);
#1682 = AXIS2_PLACEMENT_3D('',#1683,#1684,#1685);
#1683 = CARTESIAN_POINT('',(-2.45,-0.815,0.));
#1684 = DIRECTION('',(-0.,1.,0.));
#1685 = DIRECTION('',(0.,0.,1.));
#1686 = ADVANCED_FACE('',(#1687),#1693,.F.);
#1687 = FACE_BOUND('',#1688,.F.);
#1688 = EDGE_LOOP('',(#1689,#1690,#1691,#1692));
#1689 = ORIENTED_EDGE('',*,*,#1576,.F.);
#1690 = ORIENTED_EDGE('',*,*,#1646,.T.);
#1691 = ORIENTED_EDGE('',*,*,#1616,.T.);
#1692 = ORIENTED_EDGE('',*,*,#1668,.F.);
#1693 = PLANE('',#1694);
#1694 = AXIS2_PLACEMENT_3D('',#1695,#1696,#1697);
#1695 = CARTESIAN_POINT('',(-2.45,-1.135,0.));
#1696 = DIRECTION('',(0.,0.,1.));
#1697 = DIRECTION('',(1.,0.,-0.));
#1698 = ADVANCED_FACE('',(#1699),#1705,.T.);
#1699 = FACE_BOUND('',#1700,.T.);
#1700 = EDGE_LOOP('',(#1701,#1702,#1703,#1704));
#1701 = ORIENTED_EDGE('',*,*,#1592,.F.);
#1702 = ORIENTED_EDGE('',*,*,#1653,.T.);
#1703 = ORIENTED_EDGE('',*,*,#1632,.T.);
#1704 = ORIENTED_EDGE('',*,*,#1675,.F.);
#1705 = PLANE('',#1706);
#1706 = AXIS2_PLACEMENT_3D('',#1707,#1708,#1709);
#1707 = CARTESIAN_POINT('',(-2.45,-1.135,0.12));
#1708 = DIRECTION('',(0.,0.,1.));
#1709 = DIRECTION('',(1.,0.,-0.));
#1710 = MANIFOLD_SOLID_BREP('',#1711);
#1711 = CLOSED_SHELL('',(#1712,#1752,#1792,#1814,#1836,#1848));
#1712 = ADVANCED_FACE('',(#1713),#1747,.F.);
#1713 = FACE_BOUND('',#1714,.F.);
#1714 = EDGE_LOOP('',(#1715,#1725,#1733,#1741));
#1715 = ORIENTED_EDGE('',*,*,#1716,.F.);
#1716 = EDGE_CURVE('',#1717,#1719,#1721,.T.);
#1717 = VERTEX_POINT('',#1718);
#1718 = CARTESIAN_POINT('',(-1.95,-1.135,5.E-02));
#1719 = VERTEX_POINT('',#1720);
#1720 = CARTESIAN_POINT('',(-1.95,-1.135,0.47));
#1721 = LINE('',#1722,#1723);
#1722 = CARTESIAN_POINT('',(-1.95,-1.135,5.E-02));
#1723 = VECTOR('',#1724,1.);
#1724 = DIRECTION('',(0.,0.,1.));
#1725 = ORIENTED_EDGE('',*,*,#1726,.T.);
#1726 = EDGE_CURVE('',#1717,#1727,#1729,.T.);
#1727 = VERTEX_POINT('',#1728);
#1728 = CARTESIAN_POINT('',(-1.95,-0.815,5.E-02));
#1729 = LINE('',#1730,#1731);
#1730 = CARTESIAN_POINT('',(-1.95,-1.135,5.E-02));
#1731 = VECTOR('',#1732,1.);
#1732 = DIRECTION('',(-0.,1.,0.));
#1733 = ORIENTED_EDGE('',*,*,#1734,.T.);
#1734 = EDGE_CURVE('',#1727,#1735,#1737,.T.);
#1735 = VERTEX_POINT('',#1736);
#1736 = CARTESIAN_POINT('',(-1.95,-0.815,0.47));
#1737 = LINE('',#1738,#1739);
#1738 = CARTESIAN_POINT('',(-1.95,-0.815,5.E-02));
#1739 = VECTOR('',#1740,1.);
#1740 = DIRECTION('',(0.,0.,1.));
#1741 = ORIENTED_EDGE('',*,*,#1742,.F.);
#1742 = EDGE_CURVE('',#1719,#1735,#1743,.T.);
#1743 = LINE('',#1744,#1745);
#1744 = CARTESIAN_POINT('',(-1.95,-1.135,0.47));
#1745 = VECTOR('',#1746,1.);
#1746 = DIRECTION('',(-0.,1.,0.));
#1747 = PLANE('',#1748);
#1748 = AXIS2_PLACEMENT_3D('',#1749,#1750,#1751);
#1749 = CARTESIAN_POINT('',(-1.95,-1.135,5.E-02));
#1750 = DIRECTION('',(1.,0.,-0.));
#1751 = DIRECTION('',(0.,0.,1.));
#1752 = ADVANCED_FACE('',(#1753),#1787,.T.);
#1753 = FACE_BOUND('',#1754,.T.);
#1754 = EDGE_LOOP('',(#1755,#1765,#1773,#1781));
#1755 = ORIENTED_EDGE('',*,*,#1756,.F.);
#1756 = EDGE_CURVE('',#1757,#1759,#1761,.T.);
#1757 = VERTEX_POINT('',#1758);
#1758 = CARTESIAN_POINT('',(-1.8,-1.135,5.E-02));
#1759 = VERTEX_POINT('',#1760);
#1760 = CARTESIAN_POINT('',(-1.8,-1.135,0.47));
#1761 = LINE('',#1762,#1763);
#1762 = CARTESIAN_POINT('',(-1.8,-1.135,5.E-02));
#1763 = VECTOR('',#1764,1.);
#1764 = DIRECTION('',(0.,0.,1.));
#1765 = ORIENTED_EDGE('',*,*,#1766,.T.);
#1766 = EDGE_CURVE('',#1757,#1767,#1769,.T.);
#1767 = VERTEX_POINT('',#1768);
#1768 = CARTESIAN_POINT('',(-1.8,-0.815,5.E-02));
#1769 = LINE('',#1770,#1771);
#1770 = CARTESIAN_POINT('',(-1.8,-1.135,5.E-02));
#1771 = VECTOR('',#1772,1.);
#1772 = DIRECTION('',(-0.,1.,0.));
#1773 = ORIENTED_EDGE('',*,*,#1774,.T.);
#1774 = EDGE_CURVE('',#1767,#1775,#1777,.T.);
#1775 = VERTEX_POINT('',#1776);
#1776 = CARTESIAN_POINT('',(-1.8,-0.815,0.47));
#1777 = LINE('',#1778,#1779);
#1778 = CARTESIAN_POINT('',(-1.8,-0.815,5.E-02));
#1779 = VECTOR('',#1780,1.);
#1780 = DIRECTION('',(0.,0.,1.));
#1781 = ORIENTED_EDGE('',*,*,#1782,.F.);
#1782 = EDGE_CURVE('',#1759,#1775,#1783,.T.);
#1783 = LINE('',#1784,#1785);
#1784 = CARTESIAN_POINT('',(-1.8,-1.135,0.47));
#1785 = VECTOR('',#1786,1.);
#1786 = DIRECTION('',(-0.,1.,0.));
#1787 = PLANE('',#1788);
#1788 = AXIS2_PLACEMENT_3D('',#1789,#1790,#1791);
#1789 = CARTESIAN_POINT('',(-1.8,-1.135,5.E-02));
#1790 = DIRECTION('',(1.,0.,-0.));
#1791 = DIRECTION('',(0.,0.,1.));
#1792 = ADVANCED_FACE('',(#1793),#1809,.F.);
#1793 = FACE_BOUND('',#1794,.F.);
#1794 = EDGE_LOOP('',(#1795,#1801,#1802,#1808));
#1795 = ORIENTED_EDGE('',*,*,#1796,.F.);
#1796 = EDGE_CURVE('',#1717,#1757,#1797,.T.);
#1797 = LINE('',#1798,#1799);
#1798 = CARTESIAN_POINT('',(-1.95,-1.135,5.E-02));
#1799 = VECTOR('',#1800,1.);
#1800 = DIRECTION('',(1.,0.,-0.));
#1801 = ORIENTED_EDGE('',*,*,#1716,.T.);
#1802 = ORIENTED_EDGE('',*,*,#1803,.T.);
#1803 = EDGE_CURVE('',#1719,#1759,#1804,.T.);
#1804 = LINE('',#1805,#1806);
#1805 = CARTESIAN_POINT('',(-1.95,-1.135,0.47));
#1806 = VECTOR('',#1807,1.);
#1807 = DIRECTION('',(1.,0.,-0.));
#1808 = ORIENTED_EDGE('',*,*,#1756,.F.);
#1809 = PLANE('',#1810);
#1810 = AXIS2_PLACEMENT_3D('',#1811,#1812,#1813);
#1811 = CARTESIAN_POINT('',(-1.95,-1.135,5.E-02));
#1812 = DIRECTION('',(-0.,1.,0.));
#1813 = DIRECTION('',(0.,0.,1.));
#1814 = ADVANCED_FACE('',(#1815),#1831,.T.);
#1815 = FACE_BOUND('',#1816,.T.);
#1816 = EDGE_LOOP('',(#1817,#1823,#1824,#1830));
#1817 = ORIENTED_EDGE('',*,*,#1818,.F.);
#1818 = EDGE_CURVE('',#1727,#1767,#1819,.T.);
#1819 = LINE('',#1820,#1821);
#1820 = CARTESIAN_POINT('',(-1.95,-0.815,5.E-02));
#1821 = VECTOR('',#1822,1.);
#1822 = DIRECTION('',(1.,0.,-0.));
#1823 = ORIENTED_EDGE('',*,*,#1734,.T.);
#1824 = ORIENTED_EDGE('',*,*,#1825,.T.);
#1825 = EDGE_CURVE('',#1735,#1775,#1826,.T.);
#1826 = LINE('',#1827,#1828);
#1827 = CARTESIAN_POINT('',(-1.95,-0.815,0.47));
#1828 = VECTOR('',#1829,1.);
#1829 = DIRECTION('',(1.,0.,-0.));
#1830 = ORIENTED_EDGE('',*,*,#1774,.F.);
#1831 = PLANE('',#1832);
#1832 = AXIS2_PLACEMENT_3D('',#1833,#1834,#1835);
#1833 = CARTESIAN_POINT('',(-1.95,-0.815,5.E-02));
#1834 = DIRECTION('',(-0.,1.,0.));
#1835 = DIRECTION('',(0.,0.,1.));
#1836 = ADVANCED_FACE('',(#1837),#1843,.F.);
#1837 = FACE_BOUND('',#1838,.F.);
#1838 = EDGE_LOOP('',(#1839,#1840,#1841,#1842));
#1839 = ORIENTED_EDGE('',*,*,#1726,.F.);
#1840 = ORIENTED_EDGE('',*,*,#1796,.T.);
#1841 = ORIENTED_EDGE('',*,*,#1766,.T.);
#1842 = ORIENTED_EDGE('',*,*,#1818,.F.);
#1843 = PLANE('',#1844);
#1844 = AXIS2_PLACEMENT_3D('',#1845,#1846,#1847);
#1845 = CARTESIAN_POINT('',(-1.95,-1.135,5.E-02));
#1846 = DIRECTION('',(0.,0.,1.));
#1847 = DIRECTION('',(1.,0.,-0.));
#1848 = ADVANCED_FACE('',(#1849),#1855,.T.);
#1849 = FACE_BOUND('',#1850,.T.);
#1850 = EDGE_LOOP('',(#1851,#1852,#1853,#1854));
#1851 = ORIENTED_EDGE('',*,*,#1742,.F.);
#1852 = ORIENTED_EDGE('',*,*,#1803,.T.);
#1853 = ORIENTED_EDGE('',*,*,#1782,.T.);
#1854 = ORIENTED_EDGE('',*,*,#1825,.F.);
#1855 = PLANE('',#1856);
#1856 = AXIS2_PLACEMENT_3D('',#1857,#1858,#1859);
#1857 = CARTESIAN_POINT('',(-1.95,-1.135,0.47));
#1858 = DIRECTION('',(0.,0.,1.));
#1859 = DIRECTION('',(1.,0.,-0.));
#1860 = MANIFOLD_SOLID_BREP('',#1861);
#1861 = CLOSED_SHELL('',(#1862,#1902,#1942,#1964,#1986,#1998));
#1862 = ADVANCED_FACE('',(#1863),#1897,.F.);
#1863 = FACE_BOUND('',#1864,.F.);
#1864 = EDGE_LOOP('',(#1865,#1875,#1883,#1891));
#1865 = ORIENTED_EDGE('',*,*,#1866,.F.);
#1866 = EDGE_CURVE('',#1867,#1869,#1871,.T.);
#1867 = VERTEX_POINT('',#1868);
#1868 = CARTESIAN_POINT('',(-1.85,-1.135,0.35));
#1869 = VERTEX_POINT('',#1870);
#1870 = CARTESIAN_POINT('',(-1.85,-1.135,0.47));
#1871 = LINE('',#1872,#1873);
#1872 = CARTESIAN_POINT('',(-1.85,-1.135,0.35));
#1873 = VECTOR('',#1874,1.);
#1874 = DIRECTION('',(0.,0.,1.));
#1875 = ORIENTED_EDGE('',*,*,#1876,.T.);
#1876 = EDGE_CURVE('',#1867,#1877,#1879,.T.);
#1877 = VERTEX_POINT('',#1878);
#1878 = CARTESIAN_POINT('',(-1.85,-0.815,0.35));
#1879 = LINE('',#1880,#1881);
#1880 = CARTESIAN_POINT('',(-1.85,-1.135,0.35));
#1881 = VECTOR('',#1882,1.);
#1882 = DIRECTION('',(-0.,1.,0.));
#1883 = ORIENTED_EDGE('',*,*,#1884,.T.);
#1884 = EDGE_CURVE('',#1877,#1885,#1887,.T.);
#1885 = VERTEX_POINT('',#1886);
#1886 = CARTESIAN_POINT('',(-1.85,-0.815,0.47));
#1887 = LINE('',#1888,#1889);
#1888 = CARTESIAN_POINT('',(-1.85,-0.815,0.35));
#1889 = VECTOR('',#1890,1.);
#1890 = DIRECTION('',(0.,0.,1.));
#1891 = ORIENTED_EDGE('',*,*,#1892,.F.);
#1892 = EDGE_CURVE('',#1869,#1885,#1893,.T.);
#1893 = LINE('',#1894,#1895);
#1894 = CARTESIAN_POINT('',(-1.85,-1.135,0.47));
#1895 = VECTOR('',#1896,1.);
#1896 = DIRECTION('',(-0.,1.,0.));
#1897 = PLANE('',#1898);
#1898 = AXIS2_PLACEMENT_3D('',#1899,#1900,#1901);
#1899 = CARTESIAN_POINT('',(-1.85,-1.135,0.35));
#1900 = DIRECTION('',(1.,0.,-0.));
#1901 = DIRECTION('',(0.,0.,1.));
#1902 = ADVANCED_FACE('',(#1903),#1937,.T.);
#1903 = FACE_BOUND('',#1904,.T.);
#1904 = EDGE_LOOP('',(#1905,#1915,#1923,#1931));
#1905 = ORIENTED_EDGE('',*,*,#1906,.F.);
#1906 = EDGE_CURVE('',#1907,#1909,#1911,.T.);
#1907 = VERTEX_POINT('',#1908);
#1908 = CARTESIAN_POINT('',(-1.4,-1.135,0.35));
#1909 = VERTEX_POINT('',#1910);
#1910 = CARTESIAN_POINT('',(-1.4,-1.135,0.47));
#1911 = LINE('',#1912,#1913);
#1912 = CARTESIAN_POINT('',(-1.4,-1.135,0.35));
#1913 = VECTOR('',#1914,1.);
#1914 = DIRECTION('',(0.,0.,1.));
#1915 = ORIENTED_EDGE('',*,*,#1916,.T.);
#1916 = EDGE_CURVE('',#1907,#1917,#1919,.T.);
#1917 = VERTEX_POINT('',#1918);
#1918 = CARTESIAN_POINT('',(-1.4,-0.815,0.35));
#1919 = LINE('',#1920,#1921);
#1920 = CARTESIAN_POINT('',(-1.4,-1.135,0.35));
#1921 = VECTOR('',#1922,1.);
#1922 = DIRECTION('',(-0.,1.,0.));
#1923 = ORIENTED_EDGE('',*,*,#1924,.T.);
#1924 = EDGE_CURVE('',#1917,#1925,#1927,.T.);
#1925 = VERTEX_POINT('',#1926);
#1926 = CARTESIAN_POINT('',(-1.4,-0.815,0.47));
#1927 = LINE('',#1928,#1929);
#1928 = CARTESIAN_POINT('',(-1.4,-0.815,0.35));
#1929 = VECTOR('',#1930,1.);
#1930 = DIRECTION('',(0.,0.,1.));
#1931 = ORIENTED_EDGE('',*,*,#1932,.F.);
#1932 = EDGE_CURVE('',#1909,#1925,#1933,.T.);
#1933 = LINE('',#1934,#1935);
#1934 = CARTESIAN_POINT('',(-1.4,-1.135,0.47));
#1935 = VECTOR('',#1936,1.);
#1936 = DIRECTION('',(-0.,1.,0.));
#1937 = PLANE('',#1938);
#1938 = AXIS2_PLACEMENT_3D('',#1939,#1940,#1941);
#1939 = CARTESIAN_POINT('',(-1.4,-1.135,0.35));
#1940 = DIRECTION('',(1.,0.,-0.));
#1941 = DIRECTION('',(0.,0.,1.));
#1942 = ADVANCED_FACE('',(#1943),#1959,.F.);
#1943 = FACE_BOUND('',#1944,.F.);
#1944 = EDGE_LOOP('',(#1945,#1951,#1952,#1958));
#1945 = ORIENTED_EDGE('',*,*,#1946,.F.);
#1946 = EDGE_CURVE('',#1867,#1907,#1947,.T.);
#1947 = LINE('',#1948,#1949);
#1948 = CARTESIAN_POINT('',(-1.85,-1.135,0.35));
#1949 = VECTOR('',#1950,1.);
#1950 = DIRECTION('',(1.,0.,-0.));
#1951 = ORIENTED_EDGE('',*,*,#1866,.T.);
#1952 = ORIENTED_EDGE('',*,*,#1953,.T.);
#1953 = EDGE_CURVE('',#1869,#1909,#1954,.T.);
#1954 = LINE('',#1955,#1956);
#1955 = CARTESIAN_POINT('',(-1.85,-1.135,0.47));
#1956 = VECTOR('',#1957,1.);
#1957 = DIRECTION('',(1.,0.,-0.));
#1958 = ORIENTED_EDGE('',*,*,#1906,.F.);
#1959 = PLANE('',#1960);
#1960 = AXIS2_PLACEMENT_3D('',#1961,#1962,#1963);
#1961 = CARTESIAN_POINT('',(-1.85,-1.135,0.35));
#1962 = DIRECTION('',(-0.,1.,0.));
#1963 = DIRECTION('',(0.,0.,1.));
#1964 = ADVANCED_FACE('',(#1965),#1981,.T.);
#1965 = FACE_BOUND('',#1966,.T.);
#1966 = EDGE_LOOP('',(#1967,#1973,#1974,#1980));
#1967 = ORIENTED_EDGE('',*,*,#1968,.F.);
#1968 = EDGE_CURVE('',#1877,#1917,#1969,.T.);
#1969 = LINE('',#1970,#1971);
#1970 = CARTESIAN_POINT('',(-1.85,-0.815,0.35));
#1971 = VECTOR('',#1972,1.);
#1972 = DIRECTION('',(1.,0.,-0.));
#1973 = ORIENTED_EDGE('',*,*,#1884,.T.);
#1974 = ORIENTED_EDGE('',*,*,#1975,.T.);
#1975 = EDGE_CURVE('',#1885,#1925,#1976,.T.);
#1976 = LINE('',#1977,#1978);
#1977 = CARTESIAN_POINT('',(-1.85,-0.815,0.47));
#1978 = VECTOR('',#1979,1.);
#1979 = DIRECTION('',(1.,0.,-0.));
#1980 = ORIENTED_EDGE('',*,*,#1924,.F.);
#1981 = PLANE('',#1982);
#1982 = AXIS2_PLACEMENT_3D('',#1983,#1984,#1985);
#1983 = CARTESIAN_POINT('',(-1.85,-0.815,0.35));
#1984 = DIRECTION('',(-0.,1.,0.));
#1985 = DIRECTION('',(0.,0.,1.));
#1986 = ADVANCED_FACE('',(#1987),#1993,.F.);
#1987 = FACE_BOUND('',#1988,.F.);
#1988 = EDGE_LOOP('',(#1989,#1990,#1991,#1992));
#1989 = ORIENTED_EDGE('',*,*,#1876,.F.);
#1990 = ORIENTED_EDGE('',*,*,#1946,.T.);
#1991 = ORIENTED_EDGE('',*,*,#1916,.T.);
#1992 = ORIENTED_EDGE('',*,*,#1968,.F.);
#1993 = PLANE('',#1994);
#1994 = AXIS2_PLACEMENT_3D('',#1995,#1996,#1997);
#1995 = CARTESIAN_POINT('',(-1.85,-1.135,0.35));
#1996 = DIRECTION('',(0.,0.,1.));
#1997 = DIRECTION('',(1.,0.,-0.));
#1998 = ADVANCED_FACE('',(#1999),#2005,.T.);
#1999 = FACE_BOUND('',#2000,.T.);
#2000 = EDGE_LOOP('',(#2001,#2002,#2003,#2004));
#2001 = ORIENTED_EDGE('',*,*,#1892,.F.);
#2002 = ORIENTED_EDGE('',*,*,#1953,.T.);
#2003 = ORIENTED_EDGE('',*,*,#1932,.T.);
#2004 = ORIENTED_EDGE('',*,*,#1975,.F.);
#2005 = PLANE('',#2006);
#2006 = AXIS2_PLACEMENT_3D('',#2007,#2008,#2009);
#2007 = CARTESIAN_POINT('',(-1.85,-1.135,0.47));
#2008 = DIRECTION('',(0.,0.,1.));
#2009 = DIRECTION('',(1.,0.,-0.));
#2010 = MANIFOLD_SOLID_BREP('',#2011);
#2011 = CLOSED_SHELL('',(#2012,#2052,#2092,#2114,#2136,#2148));
#2012 = ADVANCED_FACE('',(#2013),#2047,.F.);
#2013 = FACE_BOUND('',#2014,.F.);
#2014 = EDGE_LOOP('',(#2015,#2025,#2033,#2041));
#2015 = ORIENTED_EDGE('',*,*,#2016,.F.);
#2016 = EDGE_CURVE('',#2017,#2019,#2021,.T.);
#2017 = VERTEX_POINT('',#2018);
#2018 = CARTESIAN_POINT('',(1.9,0.815,0.));
#2019 = VERTEX_POINT('',#2020);
#2020 = CARTESIAN_POINT('',(1.9,0.815,0.12));
#2021 = LINE('',#2022,#2023);
#2022 = CARTESIAN_POINT('',(1.9,0.815,0.));
#2023 = VECTOR('',#2024,1.);
#2024 = DIRECTION('',(0.,0.,1.));
#2025 = ORIENTED_EDGE('',*,*,#2026,.T.);
#2026 = EDGE_CURVE('',#2017,#2027,#2029,.T.);
#2027 = VERTEX_POINT('',#2028);
#2028 = CARTESIAN_POINT('',(1.9,1.135,0.));
#2029 = LINE('',#2030,#2031);
#2030 = CARTESIAN_POINT('',(1.9,0.815,0.));
#2031 = VECTOR('',#2032,1.);
#2032 = DIRECTION('',(-0.,1.,0.));
#2033 = ORIENTED_EDGE('',*,*,#2034,.T.);
#2034 = EDGE_CURVE('',#2027,#2035,#2037,.T.);
#2035 = VERTEX_POINT('',#2036);
#2036 = CARTESIAN_POINT('',(1.9,1.135,0.12));
#2037 = LINE('',#2038,#2039);
#2038 = CARTESIAN_POINT('',(1.9,1.135,0.));
#2039 = VECTOR('',#2040,1.);
#2040 = DIRECTION('',(0.,0.,1.));
#2041 = ORIENTED_EDGE('',*,*,#2042,.F.);
#2042 = EDGE_CURVE('',#2019,#2035,#2043,.T.);
#2043 = LINE('',#2044,#2045);
#2044 = CARTESIAN_POINT('',(1.9,0.815,0.12));
#2045 = VECTOR('',#2046,1.);
#2046 = DIRECTION('',(-0.,1.,0.));
#2047 = PLANE('',#2048);
#2048 = AXIS2_PLACEMENT_3D('',#2049,#2050,#2051);
#2049 = CARTESIAN_POINT('',(1.9,0.815,0.));
#2050 = DIRECTION('',(1.,0.,-0.));
#2051 = DIRECTION('',(0.,0.,1.));
#2052 = ADVANCED_FACE('',(#2053),#2087,.T.);
#2053 = FACE_BOUND('',#2054,.T.);
#2054 = EDGE_LOOP('',(#2055,#2065,#2073,#2081));
#2055 = ORIENTED_EDGE('',*,*,#2056,.F.);
#2056 = EDGE_CURVE('',#2057,#2059,#2061,.T.);
#2057 = VERTEX_POINT('',#2058);
#2058 = CARTESIAN_POINT('',(2.45,0.815,0.));
#2059 = VERTEX_POINT('',#2060);
#2060 = CARTESIAN_POINT('',(2.45,0.815,0.12));
#2061 = LINE('',#2062,#2063);
#2062 = CARTESIAN_POINT('',(2.45,0.815,0.));
#2063 = VECTOR('',#2064,1.);
#2064 = DIRECTION('',(0.,0.,1.));
#2065 = ORIENTED_EDGE('',*,*,#2066,.T.);
#2066 = EDGE_CURVE('',#2057,#2067,#2069,.T.);
#2067 = VERTEX_POINT('',#2068);
#2068 = CARTESIAN_POINT('',(2.45,1.135,0.));
#2069 = LINE('',#2070,#2071);
#2070 = CARTESIAN_POINT('',(2.45,0.815,0.));
#2071 = VECTOR('',#2072,1.);
#2072 = DIRECTION('',(-0.,1.,0.));
#2073 = ORIENTED_EDGE('',*,*,#2074,.T.);
#2074 = EDGE_CURVE('',#2067,#2075,#2077,.T.);
#2075 = VERTEX_POINT('',#2076);
#2076 = CARTESIAN_POINT('',(2.45,1.135,0.12));
#2077 = LINE('',#2078,#2079);
#2078 = CARTESIAN_POINT('',(2.45,1.135,0.));
#2079 = VECTOR('',#2080,1.);
#2080 = DIRECTION('',(0.,0.,1.));
#2081 = ORIENTED_EDGE('',*,*,#2082,.F.);
#2082 = EDGE_CURVE('',#2059,#2075,#2083,.T.);
#2083 = LINE('',#2084,#2085);
#2084 = CARTESIAN_POINT('',(2.45,0.815,0.12));
#2085 = VECTOR('',#2086,1.);
#2086 = DIRECTION('',(-0.,1.,0.));
#2087 = PLANE('',#2088);
#2088 = AXIS2_PLACEMENT_3D('',#2089,#2090,#2091);
#2089 = CARTESIAN_POINT('',(2.45,0.815,0.));
#2090 = DIRECTION('',(1.,0.,-0.));
#2091 = DIRECTION('',(0.,0.,1.));
#2092 = ADVANCED_FACE('',(#2093),#2109,.F.);
#2093 = FACE_BOUND('',#2094,.F.);
#2094 = EDGE_LOOP('',(#2095,#2101,#2102,#2108));
#2095 = ORIENTED_EDGE('',*,*,#2096,.F.);
#2096 = EDGE_CURVE('',#2017,#2057,#2097,.T.);
#2097 = LINE('',#2098,#2099);
#2098 = CARTESIAN_POINT('',(1.9,0.815,0.));
#2099 = VECTOR('',#2100,1.);
#2100 = DIRECTION('',(1.,0.,-0.));
#2101 = ORIENTED_EDGE('',*,*,#2016,.T.);
#2102 = ORIENTED_EDGE('',*,*,#2103,.T.);
#2103 = EDGE_CURVE('',#2019,#2059,#2104,.T.);
#2104 = LINE('',#2105,#2106);
#2105 = CARTESIAN_POINT('',(1.9,0.815,0.12));
#2106 = VECTOR('',#2107,1.);
#2107 = DIRECTION('',(1.,0.,-0.));
#2108 = ORIENTED_EDGE('',*,*,#2056,.F.);
#2109 = PLANE('',#2110);
#2110 = AXIS2_PLACEMENT_3D('',#2111,#2112,#2113);
#2111 = CARTESIAN_POINT('',(1.9,0.815,0.));
#2112 = DIRECTION('',(-0.,1.,0.));
#2113 = DIRECTION('',(0.,0.,1.));
#2114 = ADVANCED_FACE('',(#2115),#2131,.T.);
#2115 = FACE_BOUND('',#2116,.T.);
#2116 = EDGE_LOOP('',(#2117,#2123,#2124,#2130));
#2117 = ORIENTED_EDGE('',*,*,#2118,.F.);
#2118 = EDGE_CURVE('',#2027,#2067,#2119,.T.);
#2119 = LINE('',#2120,#2121);
#2120 = CARTESIAN_POINT('',(1.9,1.135,0.));
#2121 = VECTOR('',#2122,1.);
#2122 = DIRECTION('',(1.,0.,-0.));
#2123 = ORIENTED_EDGE('',*,*,#2034,.T.);
#2124 = ORIENTED_EDGE('',*,*,#2125,.T.);
#2125 = EDGE_CURVE('',#2035,#2075,#2126,.T.);
#2126 = LINE('',#2127,#2128);
#2127 = CARTESIAN_POINT('',(1.9,1.135,0.12));
#2128 = VECTOR('',#2129,1.);
#2129 = DIRECTION('',(1.,0.,-0.));
#2130 = ORIENTED_EDGE('',*,*,#2074,.F.);
#2131 = PLANE('',#2132);
#2132 = AXIS2_PLACEMENT_3D('',#2133,#2134,#2135);
#2133 = CARTESIAN_POINT('',(1.9,1.135,0.));
#2134 = DIRECTION('',(-0.,1.,0.));
#2135 = DIRECTION('',(0.,0.,1.));
#2136 = ADVANCED_FACE('',(#2137),#2143,.F.);
#2137 = FACE_BOUND('',#2138,.F.);
#2138 = EDGE_LOOP('',(#2139,#2140,#2141,#2142));
#2139 = ORIENTED_EDGE('',*,*,#2026,.F.);
#2140 = ORIENTED_EDGE('',*,*,#2096,.T.);
#2141 = ORIENTED_EDGE('',*,*,#2066,.T.);
#2142 = ORIENTED_EDGE('',*,*,#2118,.F.);
#2143 = PLANE('',#2144);
#2144 = AXIS2_PLACEMENT_3D('',#2145,#2146,#2147);
#2145 = CARTESIAN_POINT('',(1.9,0.815,0.));
#2146 = DIRECTION('',(0.,0.,1.));
#2147 = DIRECTION('',(1.,0.,-0.));
#2148 = ADVANCED_FACE('',(#2149),#2155,.T.);
#2149 = FACE_BOUND('',#2150,.T.);
#2150 = EDGE_LOOP('',(#2151,#2152,#2153,#2154));
#2151 = ORIENTED_EDGE('',*,*,#2042,.F.);
#2152 = ORIENTED_EDGE('',*,*,#2103,.T.);
#2153 = ORIENTED_EDGE('',*,*,#2082,.T.);
#2154 = ORIENTED_EDGE('',*,*,#2125,.F.);
#2155 = PLANE('',#2156);
#2156 = AXIS2_PLACEMENT_3D('',#2157,#2158,#2159);
#2157 = CARTESIAN_POINT('',(1.9,0.815,0.12));
#2158 = DIRECTION('',(0.,0.,1.));
#2159 = DIRECTION('',(1.,0.,-0.));
#2160 = MANIFOLD_SOLID_BREP('',#2161);
#2161 = CLOSED_SHELL('',(#2162,#2202,#2242,#2264,#2286,#2298));
#2162 = ADVANCED_FACE('',(#2163),#2197,.F.);
#2163 = FACE_BOUND('',#2164,.F.);
#2164 = EDGE_LOOP('',(#2165,#2175,#2183,#2191));
#2165 = ORIENTED_EDGE('',*,*,#2166,.F.);
#2166 = EDGE_CURVE('',#2167,#2169,#2171,.T.);
#2167 = VERTEX_POINT('',#2168);
#2168 = CARTESIAN_POINT('',(1.8,0.815,5.E-02));
#2169 = VERTEX_POINT('',#2170);
#2170 = CARTESIAN_POINT('',(1.8,0.815,0.47));
#2171 = LINE('',#2172,#2173);
#2172 = CARTESIAN_POINT('',(1.8,0.815,5.E-02));
#2173 = VECTOR('',#2174,1.);
#2174 = DIRECTION('',(0.,0.,1.));
#2175 = ORIENTED_EDGE('',*,*,#2176,.T.);
#2176 = EDGE_CURVE('',#2167,#2177,#2179,.T.);
#2177 = VERTEX_POINT('',#2178);
#2178 = CARTESIAN_POINT('',(1.8,1.135,5.E-02));
#2179 = LINE('',#2180,#2181);
#2180 = CARTESIAN_POINT('',(1.8,0.815,5.E-02));
#2181 = VECTOR('',#2182,1.);
#2182 = DIRECTION('',(-0.,1.,0.));
#2183 = ORIENTED_EDGE('',*,*,#2184,.T.);
#2184 = EDGE_CURVE('',#2177,#2185,#2187,.T.);
#2185 = VERTEX_POINT('',#2186);
#2186 = CARTESIAN_POINT('',(1.8,1.135,0.47));
#2187 = LINE('',#2188,#2189);
#2188 = CARTESIAN_POINT('',(1.8,1.135,5.E-02));
#2189 = VECTOR('',#2190,1.);
#2190 = DIRECTION('',(0.,0.,1.));
#2191 = ORIENTED_EDGE('',*,*,#2192,.F.);
#2192 = EDGE_CURVE('',#2169,#2185,#2193,.T.);
#2193 = LINE('',#2194,#2195);
#2194 = CARTESIAN_POINT('',(1.8,0.815,0.47));
#2195 = VECTOR('',#2196,1.);
#2196 = DIRECTION('',(-0.,1.,0.));
#2197 = PLANE('',#2198);
#2198 = AXIS2_PLACEMENT_3D('',#2199,#2200,#2201);
#2199 = CARTESIAN_POINT('',(1.8,0.815,5.E-02));
#2200 = DIRECTION('',(1.,0.,-0.));
#2201 = DIRECTION('',(0.,0.,1.));
#2202 = ADVANCED_FACE('',(#2203),#2237,.T.);
#2203 = FACE_BOUND('',#2204,.T.);
#2204 = EDGE_LOOP('',(#2205,#2215,#2223,#2231));
#2205 = ORIENTED_EDGE('',*,*,#2206,.F.);
#2206 = EDGE_CURVE('',#2207,#2209,#2211,.T.);
#2207 = VERTEX_POINT('',#2208);
#2208 = CARTESIAN_POINT('',(1.95,0.815,5.E-02));
#2209 = VERTEX_POINT('',#2210);
#2210 = CARTESIAN_POINT('',(1.95,0.815,0.47));
#2211 = LINE('',#2212,#2213);
#2212 = CARTESIAN_POINT('',(1.95,0.815,5.E-02));
#2213 = VECTOR('',#2214,1.);
#2214 = DIRECTION('',(0.,0.,1.));
#2215 = ORIENTED_EDGE('',*,*,#2216,.T.);
#2216 = EDGE_CURVE('',#2207,#2217,#2219,.T.);
#2217 = VERTEX_POINT('',#2218);
#2218 = CARTESIAN_POINT('',(1.95,1.135,5.E-02));
#2219 = LINE('',#2220,#2221);
#2220 = CARTESIAN_POINT('',(1.95,0.815,5.E-02));
#2221 = VECTOR('',#2222,1.);
#2222 = DIRECTION('',(-0.,1.,0.));
#2223 = ORIENTED_EDGE('',*,*,#2224,.T.);
#2224 = EDGE_CURVE('',#2217,#2225,#2227,.T.);
#2225 = VERTEX_POINT('',#2226);
#2226 = CARTESIAN_POINT('',(1.95,1.135,0.47));
#2227 = LINE('',#2228,#2229);
#2228 = CARTESIAN_POINT('',(1.95,1.135,5.E-02));
#2229 = VECTOR('',#2230,1.);
#2230 = DIRECTION('',(0.,0.,1.));
#2231 = ORIENTED_EDGE('',*,*,#2232,.F.);
#2232 = EDGE_CURVE('',#2209,#2225,#2233,.T.);
#2233 = LINE('',#2234,#2235);
#2234 = CARTESIAN_POINT('',(1.95,0.815,0.47));
#2235 = VECTOR('',#2236,1.);
#2236 = DIRECTION('',(-0.,1.,0.));
#2237 = PLANE('',#2238);
#2238 = AXIS2_PLACEMENT_3D('',#2239,#2240,#2241);
#2239 = CARTESIAN_POINT('',(1.95,0.815,5.E-02));
#2240 = DIRECTION('',(1.,0.,-0.));
#2241 = DIRECTION('',(0.,0.,1.));
#2242 = ADVANCED_FACE('',(#2243),#2259,.F.);
#2243 = FACE_BOUND('',#2244,.F.);
#2244 = EDGE_LOOP('',(#2245,#2251,#2252,#2258));
#2245 = ORIENTED_EDGE('',*,*,#2246,.F.);
#2246 = EDGE_CURVE('',#2167,#2207,#2247,.T.);
#2247 = LINE('',#2248,#2249);
#2248 = CARTESIAN_POINT('',(1.8,0.815,5.E-02));
#2249 = VECTOR('',#2250,1.);
#2250 = DIRECTION('',(1.,0.,-0.));
#2251 = ORIENTED_EDGE('',*,*,#2166,.T.);
#2252 = ORIENTED_EDGE('',*,*,#2253,.T.);
#2253 = EDGE_CURVE('',#2169,#2209,#2254,.T.);
#2254 = LINE('',#2255,#2256);
#2255 = CARTESIAN_POINT('',(1.8,0.815,0.47));
#2256 = VECTOR('',#2257,1.);
#2257 = DIRECTION('',(1.,0.,-0.));
#2258 = ORIENTED_EDGE('',*,*,#2206,.F.);
#2259 = PLANE('',#2260);
#2260 = AXIS2_PLACEMENT_3D('',#2261,#2262,#2263);
#2261 = CARTESIAN_POINT('',(1.8,0.815,5.E-02));
#2262 = DIRECTION('',(-0.,1.,0.));
#2263 = DIRECTION('',(0.,0.,1.));
#2264 = ADVANCED_FACE('',(#2265),#2281,.T.);
#2265 = FACE_BOUND('',#2266,.T.);
#2266 = EDGE_LOOP('',(#2267,#2273,#2274,#2280));
#2267 = ORIENTED_EDGE('',*,*,#2268,.F.);
#2268 = EDGE_CURVE('',#2177,#2217,#2269,.T.);
#2269 = LINE('',#2270,#2271);
#2270 = CARTESIAN_POINT('',(1.8,1.135,5.E-02));
#2271 = VECTOR('',#2272,1.);
#2272 = DIRECTION('',(1.,0.,-0.));
#2273 = ORIENTED_EDGE('',*,*,#2184,.T.);
#2274 = ORIENTED_EDGE('',*,*,#2275,.T.);
#2275 = EDGE_CURVE('',#2185,#2225,#2276,.T.);
#2276 = LINE('',#2277,#2278);
#2277 = CARTESIAN_POINT('',(1.8,1.135,0.47));
#2278 = VECTOR('',#2279,1.);
#2279 = DIRECTION('',(1.,0.,-0.));
#2280 = ORIENTED_EDGE('',*,*,#2224,.F.);
#2281 = PLANE('',#2282);
#2282 = AXIS2_PLACEMENT_3D('',#2283,#2284,#2285);
#2283 = CARTESIAN_POINT('',(1.8,1.135,5.E-02));
#2284 = DIRECTION('',(-0.,1.,0.));
#2285 = DIRECTION('',(0.,0.,1.));
#2286 = ADVANCED_FACE('',(#2287),#2293,.F.);
#2287 = FACE_BOUND('',#2288,.F.);
#2288 = EDGE_LOOP('',(#2289,#2290,#2291,#2292));
#2289 = ORIENTED_EDGE('',*,*,#2176,.F.);
#2290 = ORIENTED_EDGE('',*,*,#2246,.T.);
#2291 = ORIENTED_EDGE('',*,*,#2216,.T.);
#2292 = ORIENTED_EDGE('',*,*,#2268,.F.);
#2293 = PLANE('',#2294);
#2294 = AXIS2_PLACEMENT_3D('',#2295,#2296,#2297);
#2295 = CARTESIAN_POINT('',(1.8,0.815,5.E-02));
#2296 = DIRECTION('',(0.,0.,1.));
#2297 = DIRECTION('',(1.,0.,-0.));
#2298 = ADVANCED_FACE('',(#2299),#2305,.T.);
#2299 = FACE_BOUND('',#2300,.T.);
#2300 = EDGE_LOOP('',(#2301,#2302,#2303,#2304));
#2301 = ORIENTED_EDGE('',*,*,#2192,.F.);
#2302 = ORIENTED_EDGE('',*,*,#2253,.T.);
#2303 = ORIENTED_EDGE('',*,*,#2232,.T.);
#2304 = ORIENTED_EDGE('',*,*,#2275,.F.);
#2305 = PLANE('',#2306);
#2306 = AXIS2_PLACEMENT_3D('',#2307,#2308,#2309);
#2307 = CARTESIAN_POINT('',(1.8,0.815,0.47));
#2308 = DIRECTION('',(0.,0.,1.));
#2309 = DIRECTION('',(1.,0.,-0.));
#2310 = MANIFOLD_SOLID_BREP('',#2311);
#2311 = CLOSED_SHELL('',(#2312,#2352,#2392,#2414,#2436,#2448));
#2312 = ADVANCED_FACE('',(#2313),#2347,.F.);
#2313 = FACE_BOUND('',#2314,.F.);
#2314 = EDGE_LOOP('',(#2315,#2325,#2333,#2341));
#2315 = ORIENTED_EDGE('',*,*,#2316,.F.);
#2316 = EDGE_CURVE('',#2317,#2319,#2321,.T.);
#2317 = VERTEX_POINT('',#2318);
#2318 = CARTESIAN_POINT('',(1.4,0.815,0.35));
#2319 = VERTEX_POINT('',#2320);
#2320 = CARTESIAN_POINT('',(1.4,0.815,0.47));
#2321 = LINE('',#2322,#2323);
#2322 = CARTESIAN_POINT('',(1.4,0.815,0.35));
#2323 = VECTOR('',#2324,1.);
#2324 = DIRECTION('',(0.,0.,1.));
#2325 = ORIENTED_EDGE('',*,*,#2326,.T.);
#2326 = EDGE_CURVE('',#2317,#2327,#2329,.T.);
#2327 = VERTEX_POINT('',#2328);
#2328 = CARTESIAN_POINT('',(1.4,1.135,0.35));
#2329 = LINE('',#2330,#2331);
#2330 = CARTESIAN_POINT('',(1.4,0.815,0.35));
#2331 = VECTOR('',#2332,1.);
#2332 = DIRECTION('',(-0.,1.,0.));
#2333 = ORIENTED_EDGE('',*,*,#2334,.T.);
#2334 = EDGE_CURVE('',#2327,#2335,#2337,.T.);
#2335 = VERTEX_POINT('',#2336);
#2336 = CARTESIAN_POINT('',(1.4,1.135,0.47));
#2337 = LINE('',#2338,#2339);
#2338 = CARTESIAN_POINT('',(1.4,1.135,0.35));
#2339 = VECTOR('',#2340,1.);
#2340 = DIRECTION('',(0.,0.,1.));
#2341 = ORIENTED_EDGE('',*,*,#2342,.F.);
#2342 = EDGE_CURVE('',#2319,#2335,#2343,.T.);
#2343 = LINE('',#2344,#2345);
#2344 = CARTESIAN_POINT('',(1.4,0.815,0.47));
#2345 = VECTOR('',#2346,1.);
#2346 = DIRECTION('',(-0.,1.,0.));
#2347 = PLANE('',#2348);
#2348 = AXIS2_PLACEMENT_3D('',#2349,#2350,#2351);
#2349 = CARTESIAN_POINT('',(1.4,0.815,0.35));
#2350 = DIRECTION('',(1.,0.,-0.));
#2351 = DIRECTION('',(0.,0.,1.));
#2352 = ADVANCED_FACE('',(#2353),#2387,.T.);
#2353 = FACE_BOUND('',#2354,.T.);
#2354 = EDGE_LOOP('',(#2355,#2365,#2373,#2381));
#2355 = ORIENTED_EDGE('',*,*,#2356,.F.);
#2356 = EDGE_CURVE('',#2357,#2359,#2361,.T.);
#2357 = VERTEX_POINT('',#2358);
#2358 = CARTESIAN_POINT('',(1.85,0.815,0.35));
#2359 = VERTEX_POINT('',#2360);
#2360 = CARTESIAN_POINT('',(1.85,0.815,0.47));
#2361 = LINE('',#2362,#2363);
#2362 = CARTESIAN_POINT('',(1.85,0.815,0.35));
#2363 = VECTOR('',#2364,1.);
#2364 = DIRECTION('',(0.,0.,1.));
#2365 = ORIENTED_EDGE('',*,*,#2366,.T.);
#2366 = EDGE_CURVE('',#2357,#2367,#2369,.T.);
#2367 = VERTEX_POINT('',#2368);
#2368 = CARTESIAN_POINT('',(1.85,1.135,0.35));
#2369 = LINE('',#2370,#2371);
#2370 = CARTESIAN_POINT('',(1.85,0.815,0.35));
#2371 = VECTOR('',#2372,1.);
#2372 = DIRECTION('',(-0.,1.,0.));
#2373 = ORIENTED_EDGE('',*,*,#2374,.T.);
#2374 = EDGE_CURVE('',#2367,#2375,#2377,.T.);
#2375 = VERTEX_POINT('',#2376);
#2376 = CARTESIAN_POINT('',(1.85,1.135,0.47));
#2377 = LINE('',#2378,#2379);
#2378 = CARTESIAN_POINT('',(1.85,1.135,0.35));
#2379 = VECTOR('',#2380,1.);
#2380 = DIRECTION('',(0.,0.,1.));
#2381 = ORIENTED_EDGE('',*,*,#2382,.F.);
#2382 = EDGE_CURVE('',#2359,#2375,#2383,.T.);
#2383 = LINE('',#2384,#2385);
#2384 = CARTESIAN_POINT('',(1.85,0.815,0.47));
#2385 = VECTOR('',#2386,1.);
#2386 = DIRECTION('',(-0.,1.,0.));
#2387 = PLANE('',#2388);
#2388 = AXIS2_PLACEMENT_3D('',#2389,#2390,#2391);
#2389 = CARTESIAN_POINT('',(1.85,0.815,0.35));
#2390 = DIRECTION('',(1.,0.,-0.));
#2391 = DIRECTION('',(0.,0.,1.));
#2392 = ADVANCED_FACE('',(#2393),#2409,.F.);
#2393 = FACE_BOUND('',#2394,.F.);
#2394 = EDGE_LOOP('',(#2395,#2401,#2402,#2408));
#2395 = ORIENTED_EDGE('',*,*,#2396,.F.);
#2396 = EDGE_CURVE('',#2317,#2357,#2397,.T.);
#2397 = LINE('',#2398,#2399);
#2398 = CARTESIAN_POINT('',(1.4,0.815,0.35));
#2399 = VECTOR('',#2400,1.);
#2400 = DIRECTION('',(1.,0.,-0.));
#2401 = ORIENTED_EDGE('',*,*,#2316,.T.);
#2402 = ORIENTED_EDGE('',*,*,#2403,.T.);
#2403 = EDGE_CURVE('',#2319,#2359,#2404,.T.);
#2404 = LINE('',#2405,#2406);
#2405 = CARTESIAN_POINT('',(1.4,0.815,0.47));
#2406 = VECTOR('',#2407,1.);
#2407 = DIRECTION('',(1.,0.,-0.));
#2408 = ORIENTED_EDGE('',*,*,#2356,.F.);
#2409 = PLANE('',#2410);
#2410 = AXIS2_PLACEMENT_3D('',#2411,#2412,#2413);
#2411 = CARTESIAN_POINT('',(1.4,0.815,0.35));
#2412 = DIRECTION('',(-0.,1.,0.));
#2413 = DIRECTION('',(0.,0.,1.));
#2414 = ADVANCED_FACE('',(#2415),#2431,.T.);
#2415 = FACE_BOUND('',#2416,.T.);
#2416 = EDGE_LOOP('',(#2417,#2423,#2424,#2430));
#2417 = ORIENTED_EDGE('',*,*,#2418,.F.);
#2418 = EDGE_CURVE('',#2327,#2367,#2419,.T.);
#2419 = LINE('',#2420,#2421);
#2420 = CARTESIAN_POINT('',(1.4,1.135,0.35));
#2421 = VECTOR('',#2422,1.);
#2422 = DIRECTION('',(1.,0.,-0.));
#2423 = ORIENTED_EDGE('',*,*,#2334,.T.);
#2424 = ORIENTED_EDGE('',*,*,#2425,.T.);
#2425 = EDGE_CURVE('',#2335,#2375,#2426,.T.);
#2426 = LINE('',#2427,#2428);
#2427 = CARTESIAN_POINT('',(1.4,1.135,0.47));
#2428 = VECTOR('',#2429,1.);
#2429 = DIRECTION('',(1.,0.,-0.));
#2430 = ORIENTED_EDGE('',*,*,#2374,.F.);
#2431 = PLANE('',#2432);
#2432 = AXIS2_PLACEMENT_3D('',#2433,#2434,#2435);
#2433 = CARTESIAN_POINT('',(1.4,1.135,0.35));
#2434 = DIRECTION('',(-0.,1.,0.));
#2435 = DIRECTION('',(0.,0.,1.));
#2436 = ADVANCED_FACE('',(#2437),#2443,.F.);
#2437 = FACE_BOUND('',#2438,.F.);
#2438 = EDGE_LOOP('',(#2439,#2440,#2441,#2442));
#2439 = ORIENTED_EDGE('',*,*,#2326,.F.);
#2440 = ORIENTED_EDGE('',*,*,#2396,.T.);
#2441 = ORIENTED_EDGE('',*,*,#2366,.T.);
#2442 = ORIENTED_EDGE('',*,*,#2418,.F.);
#2443 = PLANE('',#2444);
#2444 = AXIS2_PLACEMENT_3D('',#2445,#2446,#2447);
#2445 = CARTESIAN_POINT('',(1.4,0.815,0.35));
#2446 = DIRECTION('',(0.,0.,1.));
#2447 = DIRECTION('',(1.,0.,-0.));
#2448 = ADVANCED_FACE('',(#2449),#2455,.T.);
#2449 = FACE_BOUND('',#2450,.T.);
#2450 = EDGE_LOOP('',(#2451,#2452,#2453,#2454));
#2451 = ORIENTED_EDGE('',*,*,#2342,.F.);
#2452 = ORIENTED_EDGE('',*,*,#2403,.T.);
#2453 = ORIENTED_EDGE('',*,*,#2382,.T.);
#2454 = ORIENTED_EDGE('',*,*,#2425,.F.);
#2455 = PLANE('',#2456);
#2456 = AXIS2_PLACEMENT_3D('',#2457,#2458,#2459);
#2457 = CARTESIAN_POINT('',(1.4,0.815,0.47));
#2458 = DIRECTION('',(0.,0.,1.));
#2459 = DIRECTION('',(1.,0.,-0.));
#2460 = MANIFOLD_SOLID_BREP('',#2461);
#2461 = CLOSED_SHELL('',(#2462,#2502,#2542,#2564,#2586,#2598));
#2462 = ADVANCED_FACE('',(#2463),#2497,.F.);
#2463 = FACE_BOUND('',#2464,.F.);
#2464 = EDGE_LOOP('',(#2465,#2475,#2483,#2491));
#2465 = ORIENTED_EDGE('',*,*,#2466,.F.);
#2466 = EDGE_CURVE('',#2467,#2469,#2471,.T.);
#2467 = VERTEX_POINT('',#2468);
#2468 = CARTESIAN_POINT('',(1.9,0.165,0.));
#2469 = VERTEX_POINT('',#2470);
#2470 = CARTESIAN_POINT('',(1.9,0.165,0.12));
#2471 = LINE('',#2472,#2473);
#2472 = CARTESIAN_POINT('',(1.9,0.165,0.));
#2473 = VECTOR('',#2474,1.);
#2474 = DIRECTION('',(0.,0.,1.));
#2475 = ORIENTED_EDGE('',*,*,#2476,.T.);
#2476 = EDGE_CURVE('',#2467,#2477,#2479,.T.);
#2477 = VERTEX_POINT('',#2478);
#2478 = CARTESIAN_POINT('',(1.9,0.485,0.));
#2479 = LINE('',#2480,#2481);
#2480 = CARTESIAN_POINT('',(1.9,0.165,0.));
#2481 = VECTOR('',#2482,1.);
#2482 = DIRECTION('',(-0.,1.,0.));
#2483 = ORIENTED_EDGE('',*,*,#2484,.T.);
#2484 = EDGE_CURVE('',#2477,#2485,#2487,.T.);
#2485 = VERTEX_POINT('',#2486);
#2486 = CARTESIAN_POINT('',(1.9,0.485,0.12));
#2487 = LINE('',#2488,#2489);
#2488 = CARTESIAN_POINT('',(1.9,0.485,0.));
#2489 = VECTOR('',#2490,1.);
#2490 = DIRECTION('',(0.,0.,1.));
#2491 = ORIENTED_EDGE('',*,*,#2492,.F.);
#2492 = EDGE_CURVE('',#2469,#2485,#2493,.T.);
#2493 = LINE('',#2494,#2495);
#2494 = CARTESIAN_POINT('',(1.9,0.165,0.12));
#2495 = VECTOR('',#2496,1.);
#2496 = DIRECTION('',(-0.,1.,0.));
#2497 = PLANE('',#2498);
#2498 = AXIS2_PLACEMENT_3D('',#2499,#2500,#2501);
#2499 = CARTESIAN_POINT('',(1.9,0.165,0.));
#2500 = DIRECTION('',(1.,0.,-0.));
#2501 = DIRECTION('',(0.,0.,1.));
#2502 = ADVANCED_FACE('',(#2503),#2537,.T.);
#2503 = FACE_BOUND('',#2504,.T.);
#2504 = EDGE_LOOP('',(#2505,#2515,#2523,#2531));
#2505 = ORIENTED_EDGE('',*,*,#2506,.F.);
#2506 = EDGE_CURVE('',#2507,#2509,#2511,.T.);
#2507 = VERTEX_POINT('',#2508);
#2508 = CARTESIAN_POINT('',(2.45,0.165,0.));
#2509 = VERTEX_POINT('',#2510);
#2510 = CARTESIAN_POINT('',(2.45,0.165,0.12));
#2511 = LINE('',#2512,#2513);
#2512 = CARTESIAN_POINT('',(2.45,0.165,0.));
#2513 = VECTOR('',#2514,1.);
#2514 = DIRECTION('',(0.,0.,1.));
#2515 = ORIENTED_EDGE('',*,*,#2516,.T.);
#2516 = EDGE_CURVE('',#2507,#2517,#2519,.T.);
#2517 = VERTEX_POINT('',#2518);
#2518 = CARTESIAN_POINT('',(2.45,0.485,0.));
#2519 = LINE('',#2520,#2521);
#2520 = CARTESIAN_POINT('',(2.45,0.165,0.));
#2521 = VECTOR('',#2522,1.);
#2522 = DIRECTION('',(-0.,1.,0.));
#2523 = ORIENTED_EDGE('',*,*,#2524,.T.);
#2524 = EDGE_CURVE('',#2517,#2525,#2527,.T.);
#2525 = VERTEX_POINT('',#2526);
#2526 = CARTESIAN_POINT('',(2.45,0.485,0.12));
#2527 = LINE('',#2528,#2529);
#2528 = CARTESIAN_POINT('',(2.45,0.485,0.));
#2529 = VECTOR('',#2530,1.);
#2530 = DIRECTION('',(0.,0.,1.));
#2531 = ORIENTED_EDGE('',*,*,#2532,.F.);
#2532 = EDGE_CURVE('',#2509,#2525,#2533,.T.);
#2533 = LINE('',#2534,#2535);
#2534 = CARTESIAN_POINT('',(2.45,0.165,0.12));
#2535 = VECTOR('',#2536,1.);
#2536 = DIRECTION('',(-0.,1.,0.));
#2537 = PLANE('',#2538);
#2538 = AXIS2_PLACEMENT_3D('',#2539,#2540,#2541);
#2539 = CARTESIAN_POINT('',(2.45,0.165,0.));
#2540 = DIRECTION('',(1.,0.,-0.));
#2541 = DIRECTION('',(0.,0.,1.));
#2542 = ADVANCED_FACE('',(#2543),#2559,.F.);
#2543 = FACE_BOUND('',#2544,.F.);
#2544 = EDGE_LOOP('',(#2545,#2551,#2552,#2558));
#2545 = ORIENTED_EDGE('',*,*,#2546,.F.);
#2546 = EDGE_CURVE('',#2467,#2507,#2547,.T.);
#2547 = LINE('',#2548,#2549);
#2548 = CARTESIAN_POINT('',(1.9,0.165,0.));
#2549 = VECTOR('',#2550,1.);
#2550 = DIRECTION('',(1.,0.,-0.));
#2551 = ORIENTED_EDGE('',*,*,#2466,.T.);
#2552 = ORIENTED_EDGE('',*,*,#2553,.T.);
#2553 = EDGE_CURVE('',#2469,#2509,#2554,.T.);
#2554 = LINE('',#2555,#2556);
#2555 = CARTESIAN_POINT('',(1.9,0.165,0.12));
#2556 = VECTOR('',#2557,1.);
#2557 = DIRECTION('',(1.,0.,-0.));
#2558 = ORIENTED_EDGE('',*,*,#2506,.F.);
#2559 = PLANE('',#2560);
#2560 = AXIS2_PLACEMENT_3D('',#2561,#2562,#2563);
#2561 = CARTESIAN_POINT('',(1.9,0.165,0.));
#2562 = DIRECTION('',(-0.,1.,0.));
#2563 = DIRECTION('',(0.,0.,1.));
#2564 = ADVANCED_FACE('',(#2565),#2581,.T.);
#2565 = FACE_BOUND('',#2566,.T.);
#2566 = EDGE_LOOP('',(#2567,#2573,#2574,#2580));
#2567 = ORIENTED_EDGE('',*,*,#2568,.F.);
#2568 = EDGE_CURVE('',#2477,#2517,#2569,.T.);
#2569 = LINE('',#2570,#2571);
#2570 = CARTESIAN_POINT('',(1.9,0.485,0.));
#2571 = VECTOR('',#2572,1.);
#2572 = DIRECTION('',(1.,0.,-0.));
#2573 = ORIENTED_EDGE('',*,*,#2484,.T.);
#2574 = ORIENTED_EDGE('',*,*,#2575,.T.);
#2575 = EDGE_CURVE('',#2485,#2525,#2576,.T.);
#2576 = LINE('',#2577,#2578);
#2577 = CARTESIAN_POINT('',(1.9,0.485,0.12));
#2578 = VECTOR('',#2579,1.);
#2579 = DIRECTION('',(1.,0.,-0.));
#2580 = ORIENTED_EDGE('',*,*,#2524,.F.);
#2581 = PLANE('',#2582);
#2582 = AXIS2_PLACEMENT_3D('',#2583,#2584,#2585);
#2583 = CARTESIAN_POINT('',(1.9,0.485,0.));
#2584 = DIRECTION('',(-0.,1.,0.));
#2585 = DIRECTION('',(0.,0.,1.));
#2586 = ADVANCED_FACE('',(#2587),#2593,.F.);
#2587 = FACE_BOUND('',#2588,.F.);
#2588 = EDGE_LOOP('',(#2589,#2590,#2591,#2592));
#2589 = ORIENTED_EDGE('',*,*,#2476,.F.);
#2590 = ORIENTED_EDGE('',*,*,#2546,.T.);
#2591 = ORIENTED_EDGE('',*,*,#2516,.T.);
#2592 = ORIENTED_EDGE('',*,*,#2568,.F.);
#2593 = PLANE('',#2594);
#2594 = AXIS2_PLACEMENT_3D('',#2595,#2596,#2597);
#2595 = CARTESIAN_POINT('',(1.9,0.165,0.));
#2596 = DIRECTION('',(0.,0.,1.));
#2597 = DIRECTION('',(1.,0.,-0.));
#2598 = ADVANCED_FACE('',(#2599),#2605,.T.);
#2599 = FACE_BOUND('',#2600,.T.);
#2600 = EDGE_LOOP('',(#2601,#2602,#2603,#2604));
#2601 = ORIENTED_EDGE('',*,*,#2492,.F.);
#2602 = ORIENTED_EDGE('',*,*,#2553,.T.);
#2603 = ORIENTED_EDGE('',*,*,#2532,.T.);
#2604 = ORIENTED_EDGE('',*,*,#2575,.F.);
#2605 = PLANE('',#2606);
#2606 = AXIS2_PLACEMENT_3D('',#2607,#2608,#2609);
#2607 = CARTESIAN_POINT('',(1.9,0.165,0.12));
#2608 = DIRECTION('',(0.,0.,1.));
#2609 = DIRECTION('',(1.,0.,-0.));
#2610 = MANIFOLD_SOLID_BREP('',#2611);
#2611 = CLOSED_SHELL('',(#2612,#2652,#2692,#2714,#2736,#2748));
#2612 = ADVANCED_FACE('',(#2613),#2647,.F.);
#2613 = FACE_BOUND('',#2614,.F.);
#2614 = EDGE_LOOP('',(#2615,#2625,#2633,#2641));
#2615 = ORIENTED_EDGE('',*,*,#2616,.F.);
#2616 = EDGE_CURVE('',#2617,#2619,#2621,.T.);
#2617 = VERTEX_POINT('',#2618);
#2618 = CARTESIAN_POINT('',(1.8,0.165,5.E-02));
#2619 = VERTEX_POINT('',#2620);
#2620 = CARTESIAN_POINT('',(1.8,0.165,0.47));
#2621 = LINE('',#2622,#2623);
#2622 = CARTESIAN_POINT('',(1.8,0.165,5.E-02));
#2623 = VECTOR('',#2624,1.);
#2624 = DIRECTION('',(0.,0.,1.));
#2625 = ORIENTED_EDGE('',*,*,#2626,.T.);
#2626 = EDGE_CURVE('',#2617,#2627,#2629,.T.);
#2627 = VERTEX_POINT('',#2628);
#2628 = CARTESIAN_POINT('',(1.8,0.485,5.E-02));
#2629 = LINE('',#2630,#2631);
#2630 = CARTESIAN_POINT('',(1.8,0.165,5.E-02));
#2631 = VECTOR('',#2632,1.);
#2632 = DIRECTION('',(-0.,1.,0.));
#2633 = ORIENTED_EDGE('',*,*,#2634,.T.);
#2634 = EDGE_CURVE('',#2627,#2635,#2637,.T.);
#2635 = VERTEX_POINT('',#2636);
#2636 = CARTESIAN_POINT('',(1.8,0.485,0.47));
#2637 = LINE('',#2638,#2639);
#2638 = CARTESIAN_POINT('',(1.8,0.485,5.E-02));
#2639 = VECTOR('',#2640,1.);
#2640 = DIRECTION('',(0.,0.,1.));
#2641 = ORIENTED_EDGE('',*,*,#2642,.F.);
#2642 = EDGE_CURVE('',#2619,#2635,#2643,.T.);
#2643 = LINE('',#2644,#2645);
#2644 = CARTESIAN_POINT('',(1.8,0.165,0.47));
#2645 = VECTOR('',#2646,1.);
#2646 = DIRECTION('',(-0.,1.,0.));
#2647 = PLANE('',#2648);
#2648 = AXIS2_PLACEMENT_3D('',#2649,#2650,#2651);
#2649 = CARTESIAN_POINT('',(1.8,0.165,5.E-02));
#2650 = DIRECTION('',(1.,0.,-0.));
#2651 = DIRECTION('',(0.,0.,1.));
#2652 = ADVANCED_FACE('',(#2653),#2687,.T.);
#2653 = FACE_BOUND('',#2654,.T.);
#2654 = EDGE_LOOP('',(#2655,#2665,#2673,#2681));
#2655 = ORIENTED_EDGE('',*,*,#2656,.F.);
#2656 = EDGE_CURVE('',#2657,#2659,#2661,.T.);
#2657 = VERTEX_POINT('',#2658);
#2658 = CARTESIAN_POINT('',(1.95,0.165,5.E-02));
#2659 = VERTEX_POINT('',#2660);
#2660 = CARTESIAN_POINT('',(1.95,0.165,0.47));
#2661 = LINE('',#2662,#2663);
#2662 = CARTESIAN_POINT('',(1.95,0.165,5.E-02));
#2663 = VECTOR('',#2664,1.);
#2664 = DIRECTION('',(0.,0.,1.));
#2665 = ORIENTED_EDGE('',*,*,#2666,.T.);
#2666 = EDGE_CURVE('',#2657,#2667,#2669,.T.);
#2667 = VERTEX_POINT('',#2668);
#2668 = CARTESIAN_POINT('',(1.95,0.485,5.E-02));
#2669 = LINE('',#2670,#2671);
#2670 = CARTESIAN_POINT('',(1.95,0.165,5.E-02));
#2671 = VECTOR('',#2672,1.);
#2672 = DIRECTION('',(-0.,1.,0.));
#2673 = ORIENTED_EDGE('',*,*,#2674,.T.);
#2674 = EDGE_CURVE('',#2667,#2675,#2677,.T.);
#2675 = VERTEX_POINT('',#2676);
#2676 = CARTESIAN_POINT('',(1.95,0.485,0.47));
#2677 = LINE('',#2678,#2679);
#2678 = CARTESIAN_POINT('',(1.95,0.485,5.E-02));
#2679 = VECTOR('',#2680,1.);
#2680 = DIRECTION('',(0.,0.,1.));
#2681 = ORIENTED_EDGE('',*,*,#2682,.F.);
#2682 = EDGE_CURVE('',#2659,#2675,#2683,.T.);
#2683 = LINE('',#2684,#2685);
#2684 = CARTESIAN_POINT('',(1.95,0.165,0.47));
#2685 = VECTOR('',#2686,1.);
#2686 = DIRECTION('',(-0.,1.,0.));
#2687 = PLANE('',#2688);
#2688 = AXIS2_PLACEMENT_3D('',#2689,#2690,#2691);
#2689 = CARTESIAN_POINT('',(1.95,0.165,5.E-02));
#2690 = DIRECTION('',(1.,0.,-0.));
#2691 = DIRECTION('',(0.,0.,1.));
#2692 = ADVANCED_FACE('',(#2693),#2709,.F.);
#2693 = FACE_BOUND('',#2694,.F.);
#2694 = EDGE_LOOP('',(#2695,#2701,#2702,#2708));
#2695 = ORIENTED_EDGE('',*,*,#2696,.F.);
#2696 = EDGE_CURVE('',#2617,#2657,#2697,.T.);
#2697 = LINE('',#2698,#2699);
#2698 = CARTESIAN_POINT('',(1.8,0.165,5.E-02));
#2699 = VECTOR('',#2700,1.);
#2700 = DIRECTION('',(1.,0.,-0.));
#2701 = ORIENTED_EDGE('',*,*,#2616,.T.);
#2702 = ORIENTED_EDGE('',*,*,#2703,.T.);
#2703 = EDGE_CURVE('',#2619,#2659,#2704,.T.);
#2704 = LINE('',#2705,#2706);
#2705 = CARTESIAN_POINT('',(1.8,0.165,0.47));
#2706 = VECTOR('',#2707,1.);
#2707 = DIRECTION('',(1.,0.,-0.));
#2708 = ORIENTED_EDGE('',*,*,#2656,.F.);
#2709 = PLANE('',#2710);
#2710 = AXIS2_PLACEMENT_3D('',#2711,#2712,#2713);
#2711 = CARTESIAN_POINT('',(1.8,0.165,5.E-02));
#2712 = DIRECTION('',(-0.,1.,0.));
#2713 = DIRECTION('',(0.,0.,1.));
#2714 = ADVANCED_FACE('',(#2715),#2731,.T.);
#2715 = FACE_BOUND('',#2716,.T.);
#2716 = EDGE_LOOP('',(#2717,#2723,#2724,#2730));
#2717 = ORIENTED_EDGE('',*,*,#2718,.F.);
#2718 = EDGE_CURVE('',#2627,#2667,#2719,.T.);
#2719 = LINE('',#2720,#2721);
#2720 = CARTESIAN_POINT('',(1.8,0.485,5.E-02));
#2721 = VECTOR('',#2722,1.);
#2722 = DIRECTION('',(1.,0.,-0.));
#2723 = ORIENTED_EDGE('',*,*,#2634,.T.);
#2724 = ORIENTED_EDGE('',*,*,#2725,.T.);
#2725 = EDGE_CURVE('',#2635,#2675,#2726,.T.);
#2726 = LINE('',#2727,#2728);
#2727 = CARTESIAN_POINT('',(1.8,0.485,0.47));
#2728 = VECTOR('',#2729,1.);
#2729 = DIRECTION('',(1.,0.,-0.));
#2730 = ORIENTED_EDGE('',*,*,#2674,.F.);
#2731 = PLANE('',#2732);
#2732 = AXIS2_PLACEMENT_3D('',#2733,#2734,#2735);
#2733 = CARTESIAN_POINT('',(1.8,0.485,5.E-02));
#2734 = DIRECTION('',(-0.,1.,0.));
#2735 = DIRECTION('',(0.,0.,1.));
#2736 = ADVANCED_FACE('',(#2737),#2743,.F.);
#2737 = FACE_BOUND('',#2738,.F.);
#2738 = EDGE_LOOP('',(#2739,#2740,#2741,#2742));
#2739 = ORIENTED_EDGE('',*,*,#2626,.F.);
#2740 = ORIENTED_EDGE('',*,*,#2696,.T.);
#2741 = ORIENTED_EDGE('',*,*,#2666,.T.);
#2742 = ORIENTED_EDGE('',*,*,#2718,.F.);
#2743 = PLANE('',#2744);
#2744 = AXIS2_PLACEMENT_3D('',#2745,#2746,#2747);
#2745 = CARTESIAN_POINT('',(1.8,0.165,5.E-02));
#2746 = DIRECTION('',(0.,0.,1.));
#2747 = DIRECTION('',(1.,0.,-0.));
#2748 = ADVANCED_FACE('',(#2749),#2755,.T.);
#2749 = FACE_BOUND('',#2750,.T.);
#2750 = EDGE_LOOP('',(#2751,#2752,#2753,#2754));
#2751 = ORIENTED_EDGE('',*,*,#2642,.F.);
#2752 = ORIENTED_EDGE('',*,*,#2703,.T.);
#2753 = ORIENTED_EDGE('',*,*,#2682,.T.);
#2754 = ORIENTED_EDGE('',*,*,#2725,.F.);
#2755 = PLANE('',#2756);
#2756 = AXIS2_PLACEMENT_3D('',#2757,#2758,#2759);
#2757 = CARTESIAN_POINT('',(1.8,0.165,0.47));
#2758 = DIRECTION('',(0.,0.,1.));
#2759 = DIRECTION('',(1.,0.,-0.));
#2760 = MANIFOLD_SOLID_BREP('',#2761);
#2761 = CLOSED_SHELL('',(#2762,#2802,#2842,#2864,#2886,#2898));
#2762 = ADVANCED_FACE('',(#2763),#2797,.F.);
#2763 = FACE_BOUND('',#2764,.F.);
#2764 = EDGE_LOOP('',(#2765,#2775,#2783,#2791));
#2765 = ORIENTED_EDGE('',*,*,#2766,.F.);
#2766 = EDGE_CURVE('',#2767,#2769,#2771,.T.);
#2767 = VERTEX_POINT('',#2768);
#2768 = CARTESIAN_POINT('',(1.4,0.165,0.35));
#2769 = VERTEX_POINT('',#2770);
#2770 = CARTESIAN_POINT('',(1.4,0.165,0.47));
#2771 = LINE('',#2772,#2773);
#2772 = CARTESIAN_POINT('',(1.4,0.165,0.35));
#2773 = VECTOR('',#2774,1.);
#2774 = DIRECTION('',(0.,0.,1.));
#2775 = ORIENTED_EDGE('',*,*,#2776,.T.);
#2776 = EDGE_CURVE('',#2767,#2777,#2779,.T.);
#2777 = VERTEX_POINT('',#2778);
#2778 = CARTESIAN_POINT('',(1.4,0.485,0.35));
#2779 = LINE('',#2780,#2781);
#2780 = CARTESIAN_POINT('',(1.4,0.165,0.35));
#2781 = VECTOR('',#2782,1.);
#2782 = DIRECTION('',(-0.,1.,0.));
#2783 = ORIENTED_EDGE('',*,*,#2784,.T.);
#2784 = EDGE_CURVE('',#2777,#2785,#2787,.T.);
#2785 = VERTEX_POINT('',#2786);
#2786 = CARTESIAN_POINT('',(1.4,0.485,0.47));
#2787 = LINE('',#2788,#2789);
#2788 = CARTESIAN_POINT('',(1.4,0.485,0.35));
#2789 = VECTOR('',#2790,1.);
#2790 = DIRECTION('',(0.,0.,1.));
#2791 = ORIENTED_EDGE('',*,*,#2792,.F.);
#2792 = EDGE_CURVE('',#2769,#2785,#2793,.T.);
#2793 = LINE('',#2794,#2795);
#2794 = CARTESIAN_POINT('',(1.4,0.165,0.47));
#2795 = VECTOR('',#2796,1.);
#2796 = DIRECTION('',(-0.,1.,0.));
#2797 = PLANE('',#2798);
#2798 = AXIS2_PLACEMENT_3D('',#2799,#2800,#2801);
#2799 = CARTESIAN_POINT('',(1.4,0.165,0.35));
#2800 = DIRECTION('',(1.,0.,-0.));
#2801 = DIRECTION('',(0.,0.,1.));
#2802 = ADVANCED_FACE('',(#2803),#2837,.T.);
#2803 = FACE_BOUND('',#2804,.T.);
#2804 = EDGE_LOOP('',(#2805,#2815,#2823,#2831));
#2805 = ORIENTED_EDGE('',*,*,#2806,.F.);
#2806 = EDGE_CURVE('',#2807,#2809,#2811,.T.);
#2807 = VERTEX_POINT('',#2808);
#2808 = CARTESIAN_POINT('',(1.85,0.165,0.35));
#2809 = VERTEX_POINT('',#2810);
#2810 = CARTESIAN_POINT('',(1.85,0.165,0.47));
#2811 = LINE('',#2812,#2813);
#2812 = CARTESIAN_POINT('',(1.85,0.165,0.35));
#2813 = VECTOR('',#2814,1.);
#2814 = DIRECTION('',(0.,0.,1.));
#2815 = ORIENTED_EDGE('',*,*,#2816,.T.);
#2816 = EDGE_CURVE('',#2807,#2817,#2819,.T.);
#2817 = VERTEX_POINT('',#2818);
#2818 = CARTESIAN_POINT('',(1.85,0.485,0.35));
#2819 = LINE('',#2820,#2821);
#2820 = CARTESIAN_POINT('',(1.85,0.165,0.35));
#2821 = VECTOR('',#2822,1.);
#2822 = DIRECTION('',(-0.,1.,0.));
#2823 = ORIENTED_EDGE('',*,*,#2824,.T.);
#2824 = EDGE_CURVE('',#2817,#2825,#2827,.T.);
#2825 = VERTEX_POINT('',#2826);
#2826 = CARTESIAN_POINT('',(1.85,0.485,0.47));
#2827 = LINE('',#2828,#2829);
#2828 = CARTESIAN_POINT('',(1.85,0.485,0.35));
#2829 = VECTOR('',#2830,1.);
#2830 = DIRECTION('',(0.,0.,1.));
#2831 = ORIENTED_EDGE('',*,*,#2832,.F.);
#2832 = EDGE_CURVE('',#2809,#2825,#2833,.T.);
#2833 = LINE('',#2834,#2835);
#2834 = CARTESIAN_POINT('',(1.85,0.165,0.47));
#2835 = VECTOR('',#2836,1.);
#2836 = DIRECTION('',(-0.,1.,0.));
#2837 = PLANE('',#2838);
#2838 = AXIS2_PLACEMENT_3D('',#2839,#2840,#2841);
#2839 = CARTESIAN_POINT('',(1.85,0.165,0.35));
#2840 = DIRECTION('',(1.,0.,-0.));
#2841 = DIRECTION('',(0.,0.,1.));
#2842 = ADVANCED_FACE('',(#2843),#2859,.F.);
#2843 = FACE_BOUND('',#2844,.F.);
#2844 = EDGE_LOOP('',(#2845,#2851,#2852,#2858));
#2845 = ORIENTED_EDGE('',*,*,#2846,.F.);
#2846 = EDGE_CURVE('',#2767,#2807,#2847,.T.);
#2847 = LINE('',#2848,#2849);
#2848 = CARTESIAN_POINT('',(1.4,0.165,0.35));
#2849 = VECTOR('',#2850,1.);
#2850 = DIRECTION('',(1.,0.,-0.));
#2851 = ORIENTED_EDGE('',*,*,#2766,.T.);
#2852 = ORIENTED_EDGE('',*,*,#2853,.T.);
#2853 = EDGE_CURVE('',#2769,#2809,#2854,.T.);
#2854 = LINE('',#2855,#2856);
#2855 = CARTESIAN_POINT('',(1.4,0.165,0.47));
#2856 = VECTOR('',#2857,1.);
#2857 = DIRECTION('',(1.,0.,-0.));
#2858 = ORIENTED_EDGE('',*,*,#2806,.F.);
#2859 = PLANE('',#2860);
#2860 = AXIS2_PLACEMENT_3D('',#2861,#2862,#2863);
#2861 = CARTESIAN_POINT('',(1.4,0.165,0.35));
#2862 = DIRECTION('',(-0.,1.,0.));
#2863 = DIRECTION('',(0.,0.,1.));
#2864 = ADVANCED_FACE('',(#2865),#2881,.T.);
#2865 = FACE_BOUND('',#2866,.T.);
#2866 = EDGE_LOOP('',(#2867,#2873,#2874,#2880));
#2867 = ORIENTED_EDGE('',*,*,#2868,.F.);
#2868 = EDGE_CURVE('',#2777,#2817,#2869,.T.);
#2869 = LINE('',#2870,#2871);
#2870 = CARTESIAN_POINT('',(1.4,0.485,0.35));
#2871 = VECTOR('',#2872,1.);
#2872 = DIRECTION('',(1.,0.,-0.));
#2873 = ORIENTED_EDGE('',*,*,#2784,.T.);
#2874 = ORIENTED_EDGE('',*,*,#2875,.T.);
#2875 = EDGE_CURVE('',#2785,#2825,#2876,.T.);
#2876 = LINE('',#2877,#2878);
#2877 = CARTESIAN_POINT('',(1.4,0.485,0.47));
#2878 = VECTOR('',#2879,1.);
#2879 = DIRECTION('',(1.,0.,-0.));
#2880 = ORIENTED_EDGE('',*,*,#2824,.F.);
#2881 = PLANE('',#2882);
#2882 = AXIS2_PLACEMENT_3D('',#2883,#2884,#2885);
#2883 = CARTESIAN_POINT('',(1.4,0.485,0.35));
#2884 = DIRECTION('',(-0.,1.,0.));
#2885 = DIRECTION('',(0.,0.,1.));
#2886 = ADVANCED_FACE('',(#2887),#2893,.F.);
#2887 = FACE_BOUND('',#2888,.F.);
#2888 = EDGE_LOOP('',(#2889,#2890,#2891,#2892));
#2889 = ORIENTED_EDGE('',*,*,#2776,.F.);
#2890 = ORIENTED_EDGE('',*,*,#2846,.T.);
#2891 = ORIENTED_EDGE('',*,*,#2816,.T.);
#2892 = ORIENTED_EDGE('',*,*,#2868,.F.);
#2893 = PLANE('',#2894);
#2894 = AXIS2_PLACEMENT_3D('',#2895,#2896,#2897);
#2895 = CARTESIAN_POINT('',(1.4,0.165,0.35));
#2896 = DIRECTION('',(0.,0.,1.));
#2897 = DIRECTION('',(1.,0.,-0.));
#2898 = ADVANCED_FACE('',(#2899),#2905,.T.);
#2899 = FACE_BOUND('',#2900,.T.);
#2900 = EDGE_LOOP('',(#2901,#2902,#2903,#2904));
#2901 = ORIENTED_EDGE('',*,*,#2792,.F.);
#2902 = ORIENTED_EDGE('',*,*,#2853,.T.);
#2903 = ORIENTED_EDGE('',*,*,#2832,.T.);
#2904 = ORIENTED_EDGE('',*,*,#2875,.F.);
#2905 = PLANE('',#2906);
#2906 = AXIS2_PLACEMENT_3D('',#2907,#2908,#2909);
#2907 = CARTESIAN_POINT('',(1.4,0.165,0.47));
#2908 = DIRECTION('',(0.,0.,1.));
#2909 = DIRECTION('',(1.,0.,-0.));
#2910 = MANIFOLD_SOLID_BREP('',#2911);
#2911 = CLOSED_SHELL('',(#2912,#2952,#2992,#3014,#3036,#3048));
#2912 = ADVANCED_FACE('',(#2913),#2947,.F.);
#2913 = FACE_BOUND('',#2914,.F.);
#2914 = EDGE_LOOP('',(#2915,#2925,#2933,#2941));
#2915 = ORIENTED_EDGE('',*,*,#2916,.F.);
#2916 = EDGE_CURVE('',#2917,#2919,#2921,.T.);
#2917 = VERTEX_POINT('',#2918);
#2918 = CARTESIAN_POINT('',(1.9,-0.485,0.));
#2919 = VERTEX_POINT('',#2920);
#2920 = CARTESIAN_POINT('',(1.9,-0.485,0.12));
#2921 = LINE('',#2922,#2923);
#2922 = CARTESIAN_POINT('',(1.9,-0.485,0.));
#2923 = VECTOR('',#2924,1.);
#2924 = DIRECTION('',(0.,0.,1.));
#2925 = ORIENTED_EDGE('',*,*,#2926,.T.);
#2926 = EDGE_CURVE('',#2917,#2927,#2929,.T.);
#2927 = VERTEX_POINT('',#2928);
#2928 = CARTESIAN_POINT('',(1.9,-0.165,0.));
#2929 = LINE('',#2930,#2931);
#2930 = CARTESIAN_POINT('',(1.9,-0.485,0.));
#2931 = VECTOR('',#2932,1.);
#2932 = DIRECTION('',(-0.,1.,0.));
#2933 = ORIENTED_EDGE('',*,*,#2934,.T.);
#2934 = EDGE_CURVE('',#2927,#2935,#2937,.T.);
#2935 = VERTEX_POINT('',#2936);
#2936 = CARTESIAN_POINT('',(1.9,-0.165,0.12));
#2937 = LINE('',#2938,#2939);
#2938 = CARTESIAN_POINT('',(1.9,-0.165,0.));
#2939 = VECTOR('',#2940,1.);
#2940 = DIRECTION('',(0.,0.,1.));
#2941 = ORIENTED_EDGE('',*,*,#2942,.F.);
#2942 = EDGE_CURVE('',#2919,#2935,#2943,.T.);
#2943 = LINE('',#2944,#2945);
#2944 = CARTESIAN_POINT('',(1.9,-0.485,0.12));
#2945 = VECTOR('',#2946,1.);
#2946 = DIRECTION('',(-0.,1.,0.));
#2947 = PLANE('',#2948);
#2948 = AXIS2_PLACEMENT_3D('',#2949,#2950,#2951);
#2949 = CARTESIAN_POINT('',(1.9,-0.485,0.));
#2950 = DIRECTION('',(1.,0.,-0.));
#2951 = DIRECTION('',(0.,0.,1.));
#2952 = ADVANCED_FACE('',(#2953),#2987,.T.);
#2953 = FACE_BOUND('',#2954,.T.);
#2954 = EDGE_LOOP('',(#2955,#2965,#2973,#2981));
#2955 = ORIENTED_EDGE('',*,*,#2956,.F.);
#2956 = EDGE_CURVE('',#2957,#2959,#2961,.T.);
#2957 = VERTEX_POINT('',#2958);
#2958 = CARTESIAN_POINT('',(2.45,-0.485,0.));
#2959 = VERTEX_POINT('',#2960);
#2960 = CARTESIAN_POINT('',(2.45,-0.485,0.12));
#2961 = LINE('',#2962,#2963);
#2962 = CARTESIAN_POINT('',(2.45,-0.485,0.));
#2963 = VECTOR('',#2964,1.);
#2964 = DIRECTION('',(0.,0.,1.));
#2965 = ORIENTED_EDGE('',*,*,#2966,.T.);
#2966 = EDGE_CURVE('',#2957,#2967,#2969,.T.);
#2967 = VERTEX_POINT('',#2968);
#2968 = CARTESIAN_POINT('',(2.45,-0.165,0.));
#2969 = LINE('',#2970,#2971);
#2970 = CARTESIAN_POINT('',(2.45,-0.485,0.));
#2971 = VECTOR('',#2972,1.);
#2972 = DIRECTION('',(-0.,1.,0.));
#2973 = ORIENTED_EDGE('',*,*,#2974,.T.);
#2974 = EDGE_CURVE('',#2967,#2975,#2977,.T.);
#2975 = VERTEX_POINT('',#2976);
#2976 = CARTESIAN_POINT('',(2.45,-0.165,0.12));
#2977 = LINE('',#2978,#2979);
#2978 = CARTESIAN_POINT('',(2.45,-0.165,0.));
#2979 = VECTOR('',#2980,1.);
#2980 = DIRECTION('',(0.,0.,1.));
#2981 = ORIENTED_EDGE('',*,*,#2982,.F.);
#2982 = EDGE_CURVE('',#2959,#2975,#2983,.T.);
#2983 = LINE('',#2984,#2985);
#2984 = CARTESIAN_POINT('',(2.45,-0.485,0.12));
#2985 = VECTOR('',#2986,1.);
#2986 = DIRECTION('',(-0.,1.,0.));
#2987 = PLANE('',#2988);
#2988 = AXIS2_PLACEMENT_3D('',#2989,#2990,#2991);
#2989 = CARTESIAN_POINT('',(2.45,-0.485,0.));
#2990 = DIRECTION('',(1.,0.,-0.));
#2991 = DIRECTION('',(0.,0.,1.));
#2992 = ADVANCED_FACE('',(#2993),#3009,.F.);
#2993 = FACE_BOUND('',#2994,.F.);
#2994 = EDGE_LOOP('',(#2995,#3001,#3002,#3008));
#2995 = ORIENTED_EDGE('',*,*,#2996,.F.);
#2996 = EDGE_CURVE('',#2917,#2957,#2997,.T.);
#2997 = LINE('',#2998,#2999);
#2998 = CARTESIAN_POINT('',(1.9,-0.485,0.));
#2999 = VECTOR('',#3000,1.);
#3000 = DIRECTION('',(1.,0.,-0.));
#3001 = ORIENTED_EDGE('',*,*,#2916,.T.);
#3002 = ORIENTED_EDGE('',*,*,#3003,.T.);
#3003 = EDGE_CURVE('',#2919,#2959,#3004,.T.);
#3004 = LINE('',#3005,#3006);
#3005 = CARTESIAN_POINT('',(1.9,-0.485,0.12));
#3006 = VECTOR('',#3007,1.);
#3007 = DIRECTION('',(1.,0.,-0.));
#3008 = ORIENTED_EDGE('',*,*,#2956,.F.);
#3009 = PLANE('',#3010);
#3010 = AXIS2_PLACEMENT_3D('',#3011,#3012,#3013);
#3011 = CARTESIAN_POINT('',(1.9,-0.485,0.));
#3012 = DIRECTION('',(-0.,1.,0.));
#3013 = DIRECTION('',(0.,0.,1.));
#3014 = ADVANCED_FACE('',(#3015),#3031,.T.);
#3015 = FACE_BOUND('',#3016,.T.);
#3016 = EDGE_LOOP('',(#3017,#3023,#3024,#3030));
#3017 = ORIENTED_EDGE('',*,*,#3018,.F.);
#3018 = EDGE_CURVE('',#2927,#2967,#3019,.T.);
#3019 = LINE('',#3020,#3021);
#3020 = CARTESIAN_POINT('',(1.9,-0.165,0.));
#3021 = VECTOR('',#3022,1.);
#3022 = DIRECTION('',(1.,0.,-0.));
#3023 = ORIENTED_EDGE('',*,*,#2934,.T.);
#3024 = ORIENTED_EDGE('',*,*,#3025,.T.);
#3025 = EDGE_CURVE('',#2935,#2975,#3026,.T.);
#3026 = LINE('',#3027,#3028);
#3027 = CARTESIAN_POINT('',(1.9,-0.165,0.12));
#3028 = VECTOR('',#3029,1.);
#3029 = DIRECTION('',(1.,0.,-0.));
#3030 = ORIENTED_EDGE('',*,*,#2974,.F.);
#3031 = PLANE('',#3032);
#3032 = AXIS2_PLACEMENT_3D('',#3033,#3034,#3035);
#3033 = CARTESIAN_POINT('',(1.9,-0.165,0.));
#3034 = DIRECTION('',(-0.,1.,0.));
#3035 = DIRECTION('',(0.,0.,1.));
#3036 = ADVANCED_FACE('',(#3037),#3043,.F.);
#3037 = FACE_BOUND('',#3038,.F.);
#3038 = EDGE_LOOP('',(#3039,#3040,#3041,#3042));
#3039 = ORIENTED_EDGE('',*,*,#2926,.F.);
#3040 = ORIENTED_EDGE('',*,*,#2996,.T.);
#3041 = ORIENTED_EDGE('',*,*,#2966,.T.);
#3042 = ORIENTED_EDGE('',*,*,#3018,.F.);
#3043 = PLANE('',#3044);
#3044 = AXIS2_PLACEMENT_3D('',#3045,#3046,#3047);
#3045 = CARTESIAN_POINT('',(1.9,-0.485,0.));
#3046 = DIRECTION('',(0.,0.,1.));
#3047 = DIRECTION('',(1.,0.,-0.));
#3048 = ADVANCED_FACE('',(#3049),#3055,.T.);
#3049 = FACE_BOUND('',#3050,.T.);
#3050 = EDGE_LOOP('',(#3051,#3052,#3053,#3054));
#3051 = ORIENTED_EDGE('',*,*,#2942,.F.);
#3052 = ORIENTED_EDGE('',*,*,#3003,.T.);
#3053 = ORIENTED_EDGE('',*,*,#2982,.T.);
#3054 = ORIENTED_EDGE('',*,*,#3025,.F.);
#3055 = PLANE('',#3056);
#3056 = AXIS2_PLACEMENT_3D('',#3057,#3058,#3059);
#3057 = CARTESIAN_POINT('',(1.9,-0.485,0.12));
#3058 = DIRECTION('',(0.,0.,1.));
#3059 = DIRECTION('',(1.,0.,-0.));
#3060 = MANIFOLD_SOLID_BREP('',#3061);
#3061 = CLOSED_SHELL('',(#3062,#3102,#3142,#3164,#3186,#3198));
#3062 = ADVANCED_FACE('',(#3063),#3097,.F.);
#3063 = FACE_BOUND('',#3064,.F.);
#3064 = EDGE_LOOP('',(#3065,#3075,#3083,#3091));
#3065 = ORIENTED_EDGE('',*,*,#3066,.F.);
#3066 = EDGE_CURVE('',#3067,#3069,#3071,.T.);
#3067 = VERTEX_POINT('',#3068);
#3068 = CARTESIAN_POINT('',(1.8,-0.485,5.E-02));
#3069 = VERTEX_POINT('',#3070);
#3070 = CARTESIAN_POINT('',(1.8,-0.485,0.47));
#3071 = LINE('',#3072,#3073);
#3072 = CARTESIAN_POINT('',(1.8,-0.485,5.E-02));
#3073 = VECTOR('',#3074,1.);
#3074 = DIRECTION('',(0.,0.,1.));
#3075 = ORIENTED_EDGE('',*,*,#3076,.T.);
#3076 = EDGE_CURVE('',#3067,#3077,#3079,.T.);
#3077 = VERTEX_POINT('',#3078);
#3078 = CARTESIAN_POINT('',(1.8,-0.165,5.E-02));
#3079 = LINE('',#3080,#3081);
#3080 = CARTESIAN_POINT('',(1.8,-0.485,5.E-02));
#3081 = VECTOR('',#3082,1.);
#3082 = DIRECTION('',(-0.,1.,0.));
#3083 = ORIENTED_EDGE('',*,*,#3084,.T.);
#3084 = EDGE_CURVE('',#3077,#3085,#3087,.T.);
#3085 = VERTEX_POINT('',#3086);
#3086 = CARTESIAN_POINT('',(1.8,-0.165,0.47));
#3087 = LINE('',#3088,#3089);
#3088 = CARTESIAN_POINT('',(1.8,-0.165,5.E-02));
#3089 = VECTOR('',#3090,1.);
#3090 = DIRECTION('',(0.,0.,1.));
#3091 = ORIENTED_EDGE('',*,*,#3092,.F.);
#3092 = EDGE_CURVE('',#3069,#3085,#3093,.T.);
#3093 = LINE('',#3094,#3095);
#3094 = CARTESIAN_POINT('',(1.8,-0.485,0.47));
#3095 = VECTOR('',#3096,1.);
#3096 = DIRECTION('',(-0.,1.,0.));
#3097 = PLANE('',#3098);
#3098 = AXIS2_PLACEMENT_3D('',#3099,#3100,#3101);
#3099 = CARTESIAN_POINT('',(1.8,-0.485,5.E-02));
#3100 = DIRECTION('',(1.,0.,-0.));
#3101 = DIRECTION('',(0.,0.,1.));
#3102 = ADVANCED_FACE('',(#3103),#3137,.T.);
#3103 = FACE_BOUND('',#3104,.T.);
#3104 = EDGE_LOOP('',(#3105,#3115,#3123,#3131));
#3105 = ORIENTED_EDGE('',*,*,#3106,.F.);
#3106 = EDGE_CURVE('',#3107,#3109,#3111,.T.);
#3107 = VERTEX_POINT('',#3108);
#3108 = CARTESIAN_POINT('',(1.95,-0.485,5.E-02));
#3109 = VERTEX_POINT('',#3110);
#3110 = CARTESIAN_POINT('',(1.95,-0.485,0.47));
#3111 = LINE('',#3112,#3113);
#3112 = CARTESIAN_POINT('',(1.95,-0.485,5.E-02));
#3113 = VECTOR('',#3114,1.);
#3114 = DIRECTION('',(0.,0.,1.));
#3115 = ORIENTED_EDGE('',*,*,#3116,.T.);
#3116 = EDGE_CURVE('',#3107,#3117,#3119,.T.);
#3117 = VERTEX_POINT('',#3118);
#3118 = CARTESIAN_POINT('',(1.95,-0.165,5.E-02));
#3119 = LINE('',#3120,#3121);
#3120 = CARTESIAN_POINT('',(1.95,-0.485,5.E-02));
#3121 = VECTOR('',#3122,1.);
#3122 = DIRECTION('',(-0.,1.,0.));
#3123 = ORIENTED_EDGE('',*,*,#3124,.T.);
#3124 = EDGE_CURVE('',#3117,#3125,#3127,.T.);
#3125 = VERTEX_POINT('',#3126);
#3126 = CARTESIAN_POINT('',(1.95,-0.165,0.47));
#3127 = LINE('',#3128,#3129);
#3128 = CARTESIAN_POINT('',(1.95,-0.165,5.E-02));
#3129 = VECTOR('',#3130,1.);
#3130 = DIRECTION('',(0.,0.,1.));
#3131 = ORIENTED_EDGE('',*,*,#3132,.F.);
#3132 = EDGE_CURVE('',#3109,#3125,#3133,.T.);
#3133 = LINE('',#3134,#3135);
#3134 = CARTESIAN_POINT('',(1.95,-0.485,0.47));
#3135 = VECTOR('',#3136,1.);
#3136 = DIRECTION('',(-0.,1.,0.));
#3137 = PLANE('',#3138);
#3138 = AXIS2_PLACEMENT_3D('',#3139,#3140,#3141);
#3139 = CARTESIAN_POINT('',(1.95,-0.485,5.E-02));
#3140 = DIRECTION('',(1.,0.,-0.));
#3141 = DIRECTION('',(0.,0.,1.));
#3142 = ADVANCED_FACE('',(#3143),#3159,.F.);
#3143 = FACE_BOUND('',#3144,.F.);
#3144 = EDGE_LOOP('',(#3145,#3151,#3152,#3158));
#3145 = ORIENTED_EDGE('',*,*,#3146,.F.);
#3146 = EDGE_CURVE('',#3067,#3107,#3147,.T.);
#3147 = LINE('',#3148,#3149);
#3148 = CARTESIAN_POINT('',(1.8,-0.485,5.E-02));
#3149 = VECTOR('',#3150,1.);
#3150 = DIRECTION('',(1.,0.,-0.));
#3151 = ORIENTED_EDGE('',*,*,#3066,.T.);
#3152 = ORIENTED_EDGE('',*,*,#3153,.T.);
#3153 = EDGE_CURVE('',#3069,#3109,#3154,.T.);
#3154 = LINE('',#3155,#3156);
#3155 = CARTESIAN_POINT('',(1.8,-0.485,0.47));
#3156 = VECTOR('',#3157,1.);
#3157 = DIRECTION('',(1.,0.,-0.));
#3158 = ORIENTED_EDGE('',*,*,#3106,.F.);
#3159 = PLANE('',#3160);
#3160 = AXIS2_PLACEMENT_3D('',#3161,#3162,#3163);
#3161 = CARTESIAN_POINT('',(1.8,-0.485,5.E-02));
#3162 = DIRECTION('',(-0.,1.,0.));
#3163 = DIRECTION('',(0.,0.,1.));
#3164 = ADVANCED_FACE('',(#3165),#3181,.T.);
#3165 = FACE_BOUND('',#3166,.T.);
#3166 = EDGE_LOOP('',(#3167,#3173,#3174,#3180));
#3167 = ORIENTED_EDGE('',*,*,#3168,.F.);
#3168 = EDGE_CURVE('',#3077,#3117,#3169,.T.);
#3169 = LINE('',#3170,#3171);
#3170 = CARTESIAN_POINT('',(1.8,-0.165,5.E-02));
#3171 = VECTOR('',#3172,1.);
#3172 = DIRECTION('',(1.,0.,-0.));
#3173 = ORIENTED_EDGE('',*,*,#3084,.T.);
#3174 = ORIENTED_EDGE('',*,*,#3175,.T.);
#3175 = EDGE_CURVE('',#3085,#3125,#3176,.T.);
#3176 = LINE('',#3177,#3178);
#3177 = CARTESIAN_POINT('',(1.8,-0.165,0.47));
#3178 = VECTOR('',#3179,1.);
#3179 = DIRECTION('',(1.,0.,-0.));
#3180 = ORIENTED_EDGE('',*,*,#3124,.F.);
#3181 = PLANE('',#3182);
#3182 = AXIS2_PLACEMENT_3D('',#3183,#3184,#3185);
#3183 = CARTESIAN_POINT('',(1.8,-0.165,5.E-02));
#3184 = DIRECTION('',(-0.,1.,0.));
#3185 = DIRECTION('',(0.,0.,1.));
#3186 = ADVANCED_FACE('',(#3187),#3193,.F.);
#3187 = FACE_BOUND('',#3188,.F.);
#3188 = EDGE_LOOP('',(#3189,#3190,#3191,#3192));
#3189 = ORIENTED_EDGE('',*,*,#3076,.F.);
#3190 = ORIENTED_EDGE('',*,*,#3146,.T.);
#3191 = ORIENTED_EDGE('',*,*,#3116,.T.);
#3192 = ORIENTED_EDGE('',*,*,#3168,.F.);
#3193 = PLANE('',#3194);
#3194 = AXIS2_PLACEMENT_3D('',#3195,#3196,#3197);
#3195 = CARTESIAN_POINT('',(1.8,-0.485,5.E-02));
#3196 = DIRECTION('',(0.,0.,1.));
#3197 = DIRECTION('',(1.,0.,-0.));
#3198 = ADVANCED_FACE('',(#3199),#3205,.T.);
#3199 = FACE_BOUND('',#3200,.T.);
#3200 = EDGE_LOOP('',(#3201,#3202,#3203,#3204));
#3201 = ORIENTED_EDGE('',*,*,#3092,.F.);
#3202 = ORIENTED_EDGE('',*,*,#3153,.T.);
#3203 = ORIENTED_EDGE('',*,*,#3132,.T.);
#3204 = ORIENTED_EDGE('',*,*,#3175,.F.);
#3205 = PLANE('',#3206);
#3206 = AXIS2_PLACEMENT_3D('',#3207,#3208,#3209);
#3207 = CARTESIAN_POINT('',(1.8,-0.485,0.47));
#3208 = DIRECTION('',(0.,0.,1.));
#3209 = DIRECTION('',(1.,0.,-0.));
#3210 = MANIFOLD_SOLID_BREP('',#3211);
#3211 = CLOSED_SHELL('',(#3212,#3252,#3292,#3314,#3336,#3348));
#3212 = ADVANCED_FACE('',(#3213),#3247,.F.);
#3213 = FACE_BOUND('',#3214,.F.);
#3214 = EDGE_LOOP('',(#3215,#3225,#3233,#3241));
#3215 = ORIENTED_EDGE('',*,*,#3216,.F.);
#3216 = EDGE_CURVE('',#3217,#3219,#3221,.T.);
#3217 = VERTEX_POINT('',#3218);
#3218 = CARTESIAN_POINT('',(1.4,-0.485,0.35));
#3219 = VERTEX_POINT('',#3220);
#3220 = CARTESIAN_POINT('',(1.4,-0.485,0.47));
#3221 = LINE('',#3222,#3223);
#3222 = CARTESIAN_POINT('',(1.4,-0.485,0.35));
#3223 = VECTOR('',#3224,1.);
#3224 = DIRECTION('',(0.,0.,1.));
#3225 = ORIENTED_EDGE('',*,*,#3226,.T.);
#3226 = EDGE_CURVE('',#3217,#3227,#3229,.T.);
#3227 = VERTEX_POINT('',#3228);
#3228 = CARTESIAN_POINT('',(1.4,-0.165,0.35));
#3229 = LINE('',#3230,#3231);
#3230 = CARTESIAN_POINT('',(1.4,-0.485,0.35));
#3231 = VECTOR('',#3232,1.);
#3232 = DIRECTION('',(-0.,1.,0.));
#3233 = ORIENTED_EDGE('',*,*,#3234,.T.);
#3234 = EDGE_CURVE('',#3227,#3235,#3237,.T.);
#3235 = VERTEX_POINT('',#3236);
#3236 = CARTESIAN_POINT('',(1.4,-0.165,0.47));
#3237 = LINE('',#3238,#3239);
#3238 = CARTESIAN_POINT('',(1.4,-0.165,0.35));
#3239 = VECTOR('',#3240,1.);
#3240 = DIRECTION('',(0.,0.,1.));
#3241 = ORIENTED_EDGE('',*,*,#3242,.F.);
#3242 = EDGE_CURVE('',#3219,#3235,#3243,.T.);
#3243 = LINE('',#3244,#3245);
#3244 = CARTESIAN_POINT('',(1.4,-0.485,0.47));
#3245 = VECTOR('',#3246,1.);
#3246 = DIRECTION('',(-0.,1.,0.));
#3247 = PLANE('',#3248);
#3248 = AXIS2_PLACEMENT_3D('',#3249,#3250,#3251);
#3249 = CARTESIAN_POINT('',(1.4,-0.485,0.35));
#3250 = DIRECTION('',(1.,0.,-0.));
#3251 = DIRECTION('',(0.,0.,1.));
#3252 = ADVANCED_FACE('',(#3253),#3287,.T.);
#3253 = FACE_BOUND('',#3254,.T.);
#3254 = EDGE_LOOP('',(#3255,#3265,#3273,#3281));
#3255 = ORIENTED_EDGE('',*,*,#3256,.F.);
#3256 = EDGE_CURVE('',#3257,#3259,#3261,.T.);
#3257 = VERTEX_POINT('',#3258);
#3258 = CARTESIAN_POINT('',(1.85,-0.485,0.35));
#3259 = VERTEX_POINT('',#3260);
#3260 = CARTESIAN_POINT('',(1.85,-0.485,0.47));
#3261 = LINE('',#3262,#3263);
#3262 = CARTESIAN_POINT('',(1.85,-0.485,0.35));
#3263 = VECTOR('',#3264,1.);
#3264 = DIRECTION('',(0.,0.,1.));
#3265 = ORIENTED_EDGE('',*,*,#3266,.T.);
#3266 = EDGE_CURVE('',#3257,#3267,#3269,.T.);
#3267 = VERTEX_POINT('',#3268);
#3268 = CARTESIAN_POINT('',(1.85,-0.165,0.35));
#3269 = LINE('',#3270,#3271);
#3270 = CARTESIAN_POINT('',(1.85,-0.485,0.35));
#3271 = VECTOR('',#3272,1.);
#3272 = DIRECTION('',(-0.,1.,0.));
#3273 = ORIENTED_EDGE('',*,*,#3274,.T.);
#3274 = EDGE_CURVE('',#3267,#3275,#3277,.T.);
#3275 = VERTEX_POINT('',#3276);
#3276 = CARTESIAN_POINT('',(1.85,-0.165,0.47));
#3277 = LINE('',#3278,#3279);
#3278 = CARTESIAN_POINT('',(1.85,-0.165,0.35));
#3279 = VECTOR('',#3280,1.);
#3280 = DIRECTION('',(0.,0.,1.));
#3281 = ORIENTED_EDGE('',*,*,#3282,.F.);
#3282 = EDGE_CURVE('',#3259,#3275,#3283,.T.);
#3283 = LINE('',#3284,#3285);
#3284 = CARTESIAN_POINT('',(1.85,-0.485,0.47));
#3285 = VECTOR('',#3286,1.);
#3286 = DIRECTION('',(-0.,1.,0.));
#3287 = PLANE('',#3288);
#3288 = AXIS2_PLACEMENT_3D('',#3289,#3290,#3291);
#3289 = CARTESIAN_POINT('',(1.85,-0.485,0.35));
#3290 = DIRECTION('',(1.,0.,-0.));
#3291 = DIRECTION('',(0.,0.,1.));
#3292 = ADVANCED_FACE('',(#3293),#3309,.F.);
#3293 = FACE_BOUND('',#3294,.F.);
#3294 = EDGE_LOOP('',(#3295,#3301,#3302,#3308));
#3295 = ORIENTED_EDGE('',*,*,#3296,.F.);
#3296 = EDGE_CURVE('',#3217,#3257,#3297,.T.);
#3297 = LINE('',#3298,#3299);
#3298 = CARTESIAN_POINT('',(1.4,-0.485,0.35));
#3299 = VECTOR('',#3300,1.);
#3300 = DIRECTION('',(1.,0.,-0.));
#3301 = ORIENTED_EDGE('',*,*,#3216,.T.);
#3302 = ORIENTED_EDGE('',*,*,#3303,.T.);
#3303 = EDGE_CURVE('',#3219,#3259,#3304,.T.);
#3304 = LINE('',#3305,#3306);
#3305 = CARTESIAN_POINT('',(1.4,-0.485,0.47));
#3306 = VECTOR('',#3307,1.);
#3307 = DIRECTION('',(1.,0.,-0.));
#3308 = ORIENTED_EDGE('',*,*,#3256,.F.);
#3309 = PLANE('',#3310);
#3310 = AXIS2_PLACEMENT_3D('',#3311,#3312,#3313);
#3311 = CARTESIAN_POINT('',(1.4,-0.485,0.35));
#3312 = DIRECTION('',(-0.,1.,0.));
#3313 = DIRECTION('',(0.,0.,1.));
#3314 = ADVANCED_FACE('',(#3315),#3331,.T.);
#3315 = FACE_BOUND('',#3316,.T.);
#3316 = EDGE_LOOP('',(#3317,#3323,#3324,#3330));
#3317 = ORIENTED_EDGE('',*,*,#3318,.F.);
#3318 = EDGE_CURVE('',#3227,#3267,#3319,.T.);
#3319 = LINE('',#3320,#3321);
#3320 = CARTESIAN_POINT('',(1.4,-0.165,0.35));
#3321 = VECTOR('',#3322,1.);
#3322 = DIRECTION('',(1.,0.,-0.));
#3323 = ORIENTED_EDGE('',*,*,#3234,.T.);
#3324 = ORIENTED_EDGE('',*,*,#3325,.T.);
#3325 = EDGE_CURVE('',#3235,#3275,#3326,.T.);
#3326 = LINE('',#3327,#3328);
#3327 = CARTESIAN_POINT('',(1.4,-0.165,0.47));
#3328 = VECTOR('',#3329,1.);
#3329 = DIRECTION('',(1.,0.,-0.));
#3330 = ORIENTED_EDGE('',*,*,#3274,.F.);
#3331 = PLANE('',#3332);
#3332 = AXIS2_PLACEMENT_3D('',#3333,#3334,#3335);
#3333 = CARTESIAN_POINT('',(1.4,-0.165,0.35));
#3334 = DIRECTION('',(-0.,1.,0.));
#3335 = DIRECTION('',(0.,0.,1.));
#3336 = ADVANCED_FACE('',(#3337),#3343,.F.);
#3337 = FACE_BOUND('',#3338,.F.);
#3338 = EDGE_LOOP('',(#3339,#3340,#3341,#3342));
#3339 = ORIENTED_EDGE('',*,*,#3226,.F.);
#3340 = ORIENTED_EDGE('',*,*,#3296,.T.);
#3341 = ORIENTED_EDGE('',*,*,#3266,.T.);
#3342 = ORIENTED_EDGE('',*,*,#3318,.F.);
#3343 = PLANE('',#3344);
#3344 = AXIS2_PLACEMENT_3D('',#3345,#3346,#3347);
#3345 = CARTESIAN_POINT('',(1.4,-0.485,0.35));
#3346 = DIRECTION('',(0.,0.,1.));
#3347 = DIRECTION('',(1.,0.,-0.));
#3348 = ADVANCED_FACE('',(#3349),#3355,.T.);
#3349 = FACE_BOUND('',#3350,.T.);
#3350 = EDGE_LOOP('',(#3351,#3352,#3353,#3354));
#3351 = ORIENTED_EDGE('',*,*,#3242,.F.);
#3352 = ORIENTED_EDGE('',*,*,#3303,.T.);
#3353 = ORIENTED_EDGE('',*,*,#3282,.T.);
#3354 = ORIENTED_EDGE('',*,*,#3325,.F.);
#3355 = PLANE('',#3356);
#3356 = AXIS2_PLACEMENT_3D('',#3357,#3358,#3359);
#3357 = CARTESIAN_POINT('',(1.4,-0.485,0.47));
#3358 = DIRECTION('',(0.,0.,1.));
#3359 = DIRECTION('',(1.,0.,-0.));
#3360 = MANIFOLD_SOLID_BREP('',#3361);
#3361 = CLOSED_SHELL('',(#3362,#3402,#3442,#3464,#3486,#3498));
#3362 = ADVANCED_FACE('',(#3363),#3397,.F.);
#3363 = FACE_BOUND('',#3364,.F.);
#3364 = EDGE_LOOP('',(#3365,#3375,#3383,#3391));
#3365 = ORIENTED_EDGE('',*,*,#3366,.F.);
#3366 = EDGE_CURVE('',#3367,#3369,#3371,.T.);
#3367 = VERTEX_POINT('',#3368);
#3368 = CARTESIAN_POINT('',(1.9,-1.135,0.));
#3369 = VERTEX_POINT('',#3370);
#3370 = CARTESIAN_POINT('',(1.9,-1.135,0.12));
#3371 = LINE('',#3372,#3373);
#3372 = CARTESIAN_POINT('',(1.9,-1.135,0.));
#3373 = VECTOR('',#3374,1.);
#3374 = DIRECTION('',(0.,0.,1.));
#3375 = ORIENTED_EDGE('',*,*,#3376,.T.);
#3376 = EDGE_CURVE('',#3367,#3377,#3379,.T.);
#3377 = VERTEX_POINT('',#3378);
#3378 = CARTESIAN_POINT('',(1.9,-0.815,0.));
#3379 = LINE('',#3380,#3381);
#3380 = CARTESIAN_POINT('',(1.9,-1.135,0.));
#3381 = VECTOR('',#3382,1.);
#3382 = DIRECTION('',(-0.,1.,0.));
#3383 = ORIENTED_EDGE('',*,*,#3384,.T.);
#3384 = EDGE_CURVE('',#3377,#3385,#3387,.T.);
#3385 = VERTEX_POINT('',#3386);
#3386 = CARTESIAN_POINT('',(1.9,-0.815,0.12));
#3387 = LINE('',#3388,#3389);
#3388 = CARTESIAN_POINT('',(1.9,-0.815,0.));
#3389 = VECTOR('',#3390,1.);
#3390 = DIRECTION('',(0.,0.,1.));
#3391 = ORIENTED_EDGE('',*,*,#3392,.F.);
#3392 = EDGE_CURVE('',#3369,#3385,#3393,.T.);
#3393 = LINE('',#3394,#3395);
#3394 = CARTESIAN_POINT('',(1.9,-1.135,0.12));
#3395 = VECTOR('',#3396,1.);
#3396 = DIRECTION('',(-0.,1.,0.));
#3397 = PLANE('',#3398);
#3398 = AXIS2_PLACEMENT_3D('',#3399,#3400,#3401);
#3399 = CARTESIAN_POINT('',(1.9,-1.135,0.));
#3400 = DIRECTION('',(1.,0.,-0.));
#3401 = DIRECTION('',(0.,0.,1.));
#3402 = ADVANCED_FACE('',(#3403),#3437,.T.);
#3403 = FACE_BOUND('',#3404,.T.);
#3404 = EDGE_LOOP('',(#3405,#3415,#3423,#3431));
#3405 = ORIENTED_EDGE('',*,*,#3406,.F.);
#3406 = EDGE_CURVE('',#3407,#3409,#3411,.T.);
#3407 = VERTEX_POINT('',#3408);
#3408 = CARTESIAN_POINT('',(2.45,-1.135,0.));
#3409 = VERTEX_POINT('',#3410);
#3410 = CARTESIAN_POINT('',(2.45,-1.135,0.12));
#3411 = LINE('',#3412,#3413);
#3412 = CARTESIAN_POINT('',(2.45,-1.135,0.));
#3413 = VECTOR('',#3414,1.);
#3414 = DIRECTION('',(0.,0.,1.));
#3415 = ORIENTED_EDGE('',*,*,#3416,.T.);
#3416 = EDGE_CURVE('',#3407,#3417,#3419,.T.);
#3417 = VERTEX_POINT('',#3418);
#3418 = CARTESIAN_POINT('',(2.45,-0.815,0.));
#3419 = LINE('',#3420,#3421);
#3420 = CARTESIAN_POINT('',(2.45,-1.135,0.));
#3421 = VECTOR('',#3422,1.);
#3422 = DIRECTION('',(-0.,1.,0.));
#3423 = ORIENTED_EDGE('',*,*,#3424,.T.);
#3424 = EDGE_CURVE('',#3417,#3425,#3427,.T.);
#3425 = VERTEX_POINT('',#3426);
#3426 = CARTESIAN_POINT('',(2.45,-0.815,0.12));
#3427 = LINE('',#3428,#3429);
#3428 = CARTESIAN_POINT('',(2.45,-0.815,0.));
#3429 = VECTOR('',#3430,1.);
#3430 = DIRECTION('',(0.,0.,1.));
#3431 = ORIENTED_EDGE('',*,*,#3432,.F.);
#3432 = EDGE_CURVE('',#3409,#3425,#3433,.T.);
#3433 = LINE('',#3434,#3435);
#3434 = CARTESIAN_POINT('',(2.45,-1.135,0.12));
#3435 = VECTOR('',#3436,1.);
#3436 = DIRECTION('',(-0.,1.,0.));
#3437 = PLANE('',#3438);
#3438 = AXIS2_PLACEMENT_3D('',#3439,#3440,#3441);
#3439 = CARTESIAN_POINT('',(2.45,-1.135,0.));
#3440 = DIRECTION('',(1.,0.,-0.));
#3441 = DIRECTION('',(0.,0.,1.));
#3442 = ADVANCED_FACE('',(#3443),#3459,.F.);
#3443 = FACE_BOUND('',#3444,.F.);
#3444 = EDGE_LOOP('',(#3445,#3451,#3452,#3458));
#3445 = ORIENTED_EDGE('',*,*,#3446,.F.);
#3446 = EDGE_CURVE('',#3367,#3407,#3447,.T.);
#3447 = LINE('',#3448,#3449);
#3448 = CARTESIAN_POINT('',(1.9,-1.135,0.));
#3449 = VECTOR('',#3450,1.);
#3450 = DIRECTION('',(1.,0.,-0.));
#3451 = ORIENTED_EDGE('',*,*,#3366,.T.);
#3452 = ORIENTED_EDGE('',*,*,#3453,.T.);
#3453 = EDGE_CURVE('',#3369,#3409,#3454,.T.);
#3454 = LINE('',#3455,#3456);
#3455 = CARTESIAN_POINT('',(1.9,-1.135,0.12));
#3456 = VECTOR('',#3457,1.);
#3457 = DIRECTION('',(1.,0.,-0.));
#3458 = ORIENTED_EDGE('',*,*,#3406,.F.);
#3459 = PLANE('',#3460);
#3460 = AXIS2_PLACEMENT_3D('',#3461,#3462,#3463);
#3461 = CARTESIAN_POINT('',(1.9,-1.135,0.));
#3462 = DIRECTION('',(-0.,1.,0.));
#3463 = DIRECTION('',(0.,0.,1.));
#3464 = ADVANCED_FACE('',(#3465),#3481,.T.);
#3465 = FACE_BOUND('',#3466,.T.);
#3466 = EDGE_LOOP('',(#3467,#3473,#3474,#3480));
#3467 = ORIENTED_EDGE('',*,*,#3468,.F.);
#3468 = EDGE_CURVE('',#3377,#3417,#3469,.T.);
#3469 = LINE('',#3470,#3471);
#3470 = CARTESIAN_POINT('',(1.9,-0.815,0.));
#3471 = VECTOR('',#3472,1.);
#3472 = DIRECTION('',(1.,0.,-0.));
#3473 = ORIENTED_EDGE('',*,*,#3384,.T.);
#3474 = ORIENTED_EDGE('',*,*,#3475,.T.);
#3475 = EDGE_CURVE('',#3385,#3425,#3476,.T.);
#3476 = LINE('',#3477,#3478);
#3477 = CARTESIAN_POINT('',(1.9,-0.815,0.12));
#3478 = VECTOR('',#3479,1.);
#3479 = DIRECTION('',(1.,0.,-0.));
#3480 = ORIENTED_EDGE('',*,*,#3424,.F.);
#3481 = PLANE('',#3482);
#3482 = AXIS2_PLACEMENT_3D('',#3483,#3484,#3485);
#3483 = CARTESIAN_POINT('',(1.9,-0.815,0.));
#3484 = DIRECTION('',(-0.,1.,0.));
#3485 = DIRECTION('',(0.,0.,1.));
#3486 = ADVANCED_FACE('',(#3487),#3493,.F.);
#3487 = FACE_BOUND('',#3488,.F.);
#3488 = EDGE_LOOP('',(#3489,#3490,#3491,#3492));
#3489 = ORIENTED_EDGE('',*,*,#3376,.F.);
#3490 = ORIENTED_EDGE('',*,*,#3446,.T.);
#3491 = ORIENTED_EDGE('',*,*,#3416,.T.);
#3492 = ORIENTED_EDGE('',*,*,#3468,.F.);
#3493 = PLANE('',#3494);
#3494 = AXIS2_PLACEMENT_3D('',#3495,#3496,#3497);
#3495 = CARTESIAN_POINT('',(1.9,-1.135,0.));
#3496 = DIRECTION('',(0.,0.,1.));
#3497 = DIRECTION('',(1.,0.,-0.));
#3498 = ADVANCED_FACE('',(#3499),#3505,.T.);
#3499 = FACE_BOUND('',#3500,.T.);
#3500 = EDGE_LOOP('',(#3501,#3502,#3503,#3504));
#3501 = ORIENTED_EDGE('',*,*,#3392,.F.);
#3502 = ORIENTED_EDGE('',*,*,#3453,.T.);
#3503 = ORIENTED_EDGE('',*,*,#3432,.T.);
#3504 = ORIENTED_EDGE('',*,*,#3475,.F.);
#3505 = PLANE('',#3506);
#3506 = AXIS2_PLACEMENT_3D('',#3507,#3508,#3509);
#3507 = CARTESIAN_POINT('',(1.9,-1.135,0.12));
#3508 = DIRECTION('',(0.,0.,1.));
#3509 = DIRECTION('',(1.,0.,-0.));
#3510 = MANIFOLD_SOLID_BREP('',#3511);
#3511 = CLOSED_SHELL('',(#3512,#3552,#3592,#3614,#3636,#3648));
#3512 = ADVANCED_FACE('',(#3513),#3547,.F.);
#3513 = FACE_BOUND('',#3514,.F.);
#3514 = EDGE_LOOP('',(#3515,#3525,#3533,#3541));
#3515 = ORIENTED_EDGE('',*,*,#3516,.F.);
#3516 = EDGE_CURVE('',#3517,#3519,#3521,.T.);
#3517 = VERTEX_POINT('',#3518);
#3518 = CARTESIAN_POINT('',(1.8,-1.135,5.E-02));
#3519 = VERTEX_POINT('',#3520);
#3520 = CARTESIAN_POINT('',(1.8,-1.135,0.47));
#3521 = LINE('',#3522,#3523);
#3522 = CARTESIAN_POINT('',(1.8,-1.135,5.E-02));
#3523 = VECTOR('',#3524,1.);
#3524 = DIRECTION('',(0.,0.,1.));
#3525 = ORIENTED_EDGE('',*,*,#3526,.T.);
#3526 = EDGE_CURVE('',#3517,#3527,#3529,.T.);
#3527 = VERTEX_POINT('',#3528);
#3528 = CARTESIAN_POINT('',(1.8,-0.815,5.E-02));
#3529 = LINE('',#3530,#3531);
#3530 = CARTESIAN_POINT('',(1.8,-1.135,5.E-02));
#3531 = VECTOR('',#3532,1.);
#3532 = DIRECTION('',(-0.,1.,0.));
#3533 = ORIENTED_EDGE('',*,*,#3534,.T.);
#3534 = EDGE_CURVE('',#3527,#3535,#3537,.T.);
#3535 = VERTEX_POINT('',#3536);
#3536 = CARTESIAN_POINT('',(1.8,-0.815,0.47));
#3537 = LINE('',#3538,#3539);
#3538 = CARTESIAN_POINT('',(1.8,-0.815,5.E-02));
#3539 = VECTOR('',#3540,1.);
#3540 = DIRECTION('',(0.,0.,1.));
#3541 = ORIENTED_EDGE('',*,*,#3542,.F.);
#3542 = EDGE_CURVE('',#3519,#3535,#3543,.T.);
#3543 = LINE('',#3544,#3545);
#3544 = CARTESIAN_POINT('',(1.8,-1.135,0.47));
#3545 = VECTOR('',#3546,1.);
#3546 = DIRECTION('',(-0.,1.,0.));
#3547 = PLANE('',#3548);
#3548 = AXIS2_PLACEMENT_3D('',#3549,#3550,#3551);
#3549 = CARTESIAN_POINT('',(1.8,-1.135,5.E-02));
#3550 = DIRECTION('',(1.,0.,-0.));
#3551 = DIRECTION('',(0.,0.,1.));
#3552 = ADVANCED_FACE('',(#3553),#3587,.T.);
#3553 = FACE_BOUND('',#3554,.T.);
#3554 = EDGE_LOOP('',(#3555,#3565,#3573,#3581));
#3555 = ORIENTED_EDGE('',*,*,#3556,.F.);
#3556 = EDGE_CURVE('',#3557,#3559,#3561,.T.);
#3557 = VERTEX_POINT('',#3558);
#3558 = CARTESIAN_POINT('',(1.95,-1.135,5.E-02));
#3559 = VERTEX_POINT('',#3560);
#3560 = CARTESIAN_POINT('',(1.95,-1.135,0.47));
#3561 = LINE('',#3562,#3563);
#3562 = CARTESIAN_POINT('',(1.95,-1.135,5.E-02));
#3563 = VECTOR('',#3564,1.);
#3564 = DIRECTION('',(0.,0.,1.));
#3565 = ORIENTED_EDGE('',*,*,#3566,.T.);
#3566 = EDGE_CURVE('',#3557,#3567,#3569,.T.);
#3567 = VERTEX_POINT('',#3568);
#3568 = CARTESIAN_POINT('',(1.95,-0.815,5.E-02));
#3569 = LINE('',#3570,#3571);
#3570 = CARTESIAN_POINT('',(1.95,-1.135,5.E-02));
#3571 = VECTOR('',#3572,1.);
#3572 = DIRECTION('',(-0.,1.,0.));
#3573 = ORIENTED_EDGE('',*,*,#3574,.T.);
#3574 = EDGE_CURVE('',#3567,#3575,#3577,.T.);
#3575 = VERTEX_POINT('',#3576);
#3576 = CARTESIAN_POINT('',(1.95,-0.815,0.47));
#3577 = LINE('',#3578,#3579);
#3578 = CARTESIAN_POINT('',(1.95,-0.815,5.E-02));
#3579 = VECTOR('',#3580,1.);
#3580 = DIRECTION('',(0.,0.,1.));
#3581 = ORIENTED_EDGE('',*,*,#3582,.F.);
#3582 = EDGE_CURVE('',#3559,#3575,#3583,.T.);
#3583 = LINE('',#3584,#3585);
#3584 = CARTESIAN_POINT('',(1.95,-1.135,0.47));
#3585 = VECTOR('',#3586,1.);
#3586 = DIRECTION('',(-0.,1.,0.));
#3587 = PLANE('',#3588);
#3588 = AXIS2_PLACEMENT_3D('',#3589,#3590,#3591);
#3589 = CARTESIAN_POINT('',(1.95,-1.135,5.E-02));
#3590 = DIRECTION('',(1.,0.,-0.));
#3591 = DIRECTION('',(0.,0.,1.));
#3592 = ADVANCED_FACE('',(#3593),#3609,.F.);
#3593 = FACE_BOUND('',#3594,.F.);
#3594 = EDGE_LOOP('',(#3595,#3601,#3602,#3608));
#3595 = ORIENTED_EDGE('',*,*,#3596,.F.);
#3596 = EDGE_CURVE('',#3517,#3557,#3597,.T.);
#3597 = LINE('',#3598,#3599);
#3598 = CARTESIAN_POINT('',(1.8,-1.135,5.E-02));
#3599 = VECTOR('',#3600,1.);
#3600 = DIRECTION('',(1.,0.,-0.));
#3601 = ORIENTED_EDGE('',*,*,#3516,.T.);
#3602 = ORIENTED_EDGE('',*,*,#3603,.T.);
#3603 = EDGE_CURVE('',#3519,#3559,#3604,.T.);
#3604 = LINE('',#3605,#3606);
#3605 = CARTESIAN_POINT('',(1.8,-1.135,0.47));
#3606 = VECTOR('',#3607,1.);
#3607 = DIRECTION('',(1.,0.,-0.));
#3608 = ORIENTED_EDGE('',*,*,#3556,.F.);
#3609 = PLANE('',#3610);
#3610 = AXIS2_PLACEMENT_3D('',#3611,#3612,#3613);
#3611 = CARTESIAN_POINT('',(1.8,-1.135,5.E-02));
#3612 = DIRECTION('',(-0.,1.,0.));
#3613 = DIRECTION('',(0.,0.,1.));
#3614 = ADVANCED_FACE('',(#3615),#3631,.T.);
#3615 = FACE_BOUND('',#3616,.T.);
#3616 = EDGE_LOOP('',(#3617,#3623,#3624,#3630));
#3617 = ORIENTED_EDGE('',*,*,#3618,.F.);
#3618 = EDGE_CURVE('',#3527,#3567,#3619,.T.);
#3619 = LINE('',#3620,#3621);
#3620 = CARTESIAN_POINT('',(1.8,-0.815,5.E-02));
#3621 = VECTOR('',#3622,1.);
#3622 = DIRECTION('',(1.,0.,-0.));
#3623 = ORIENTED_EDGE('',*,*,#3534,.T.);
#3624 = ORIENTED_EDGE('',*,*,#3625,.T.);
#3625 = EDGE_CURVE('',#3535,#3575,#3626,.T.);
#3626 = LINE('',#3627,#3628);
#3627 = CARTESIAN_POINT('',(1.8,-0.815,0.47));
#3628 = VECTOR('',#3629,1.);
#3629 = DIRECTION('',(1.,0.,-0.));
#3630 = ORIENTED_EDGE('',*,*,#3574,.F.);
#3631 = PLANE('',#3632);
#3632 = AXIS2_PLACEMENT_3D('',#3633,#3634,#3635);
#3633 = CARTESIAN_POINT('',(1.8,-0.815,5.E-02));
#3634 = DIRECTION('',(-0.,1.,0.));
#3635 = DIRECTION('',(0.,0.,1.));
#3636 = ADVANCED_FACE('',(#3637),#3643,.F.);
#3637 = FACE_BOUND('',#3638,.F.);
#3638 = EDGE_LOOP('',(#3639,#3640,#3641,#3642));
#3639 = ORIENTED_EDGE('',*,*,#3526,.F.);
#3640 = ORIENTED_EDGE('',*,*,#3596,.T.);
#3641 = ORIENTED_EDGE('',*,*,#3566,.T.);
#3642 = ORIENTED_EDGE('',*,*,#3618,.F.);
#3643 = PLANE('',#3644);
#3644 = AXIS2_PLACEMENT_3D('',#3645,#3646,#3647);
#3645 = CARTESIAN_POINT('',(1.8,-1.135,5.E-02));
#3646 = DIRECTION('',(0.,0.,1.));
#3647 = DIRECTION('',(1.,0.,-0.));
#3648 = ADVANCED_FACE('',(#3649),#3655,.T.);
#3649 = FACE_BOUND('',#3650,.T.);
#3650 = EDGE_LOOP('',(#3651,#3652,#3653,#3654));
#3651 = ORIENTED_EDGE('',*,*,#3542,.F.);
#3652 = ORIENTED_EDGE('',*,*,#3603,.T.);
#3653 = ORIENTED_EDGE('',*,*,#3582,.T.);
#3654 = ORIENTED_EDGE('',*,*,#3625,.F.);
#3655 = PLANE('',#3656);
#3656 = AXIS2_PLACEMENT_3D('',#3657,#3658,#3659);
#3657 = CARTESIAN_POINT('',(1.8,-1.135,0.47));
#3658 = DIRECTION('',(0.,0.,1.));
#3659 = DIRECTION('',(1.,0.,-0.));
#3660 = MANIFOLD_SOLID_BREP('',#3661);
#3661 = CLOSED_SHELL('',(#3662,#3702,#3742,#3764,#3786,#3798));
#3662 = ADVANCED_FACE('',(#3663),#3697,.F.);
#3663 = FACE_BOUND('',#3664,.F.);
#3664 = EDGE_LOOP('',(#3665,#3675,#3683,#3691));
#3665 = ORIENTED_EDGE('',*,*,#3666,.F.);
#3666 = EDGE_CURVE('',#3667,#3669,#3671,.T.);
#3667 = VERTEX_POINT('',#3668);
#3668 = CARTESIAN_POINT('',(1.4,-1.135,0.35));
#3669 = VERTEX_POINT('',#3670);
#3670 = CARTESIAN_POINT('',(1.4,-1.135,0.47));
#3671 = LINE('',#3672,#3673);
#3672 = CARTESIAN_POINT('',(1.4,-1.135,0.35));
#3673 = VECTOR('',#3674,1.);
#3674 = DIRECTION('',(0.,0.,1.));
#3675 = ORIENTED_EDGE('',*,*,#3676,.T.);
#3676 = EDGE_CURVE('',#3667,#3677,#3679,.T.);
#3677 = VERTEX_POINT('',#3678);
#3678 = CARTESIAN_POINT('',(1.4,-0.815,0.35));
#3679 = LINE('',#3680,#3681);
#3680 = CARTESIAN_POINT('',(1.4,-1.135,0.35));
#3681 = VECTOR('',#3682,1.);
#3682 = DIRECTION('',(-0.,1.,0.));
#3683 = ORIENTED_EDGE('',*,*,#3684,.T.);
#3684 = EDGE_CURVE('',#3677,#3685,#3687,.T.);
#3685 = VERTEX_POINT('',#3686);
#3686 = CARTESIAN_POINT('',(1.4,-0.815,0.47));
#3687 = LINE('',#3688,#3689);
#3688 = CARTESIAN_POINT('',(1.4,-0.815,0.35));
#3689 = VECTOR('',#3690,1.);
#3690 = DIRECTION('',(0.,0.,1.));
#3691 = ORIENTED_EDGE('',*,*,#3692,.F.);
#3692 = EDGE_CURVE('',#3669,#3685,#3693,.T.);
#3693 = LINE('',#3694,#3695);
#3694 = CARTESIAN_POINT('',(1.4,-1.135,0.47));
#3695 = VECTOR('',#3696,1.);
#3696 = DIRECTION('',(-0.,1.,0.));
#3697 = PLANE('',#3698);
#3698 = AXIS2_PLACEMENT_3D('',#3699,#3700,#3701);
#3699 = CARTESIAN_POINT('',(1.4,-1.135,0.35));
#3700 = DIRECTION('',(1.,0.,-0.));
#3701 = DIRECTION('',(0.,0.,1.));
#3702 = ADVANCED_FACE('',(#3703),#3737,.T.);
#3703 = FACE_BOUND('',#3704,.T.);
#3704 = EDGE_LOOP('',(#3705,#3715,#3723,#3731));
#3705 = ORIENTED_EDGE('',*,*,#3706,.F.);
#3706 = EDGE_CURVE('',#3707,#3709,#3711,.T.);
#3707 = VERTEX_POINT('',#3708);
#3708 = CARTESIAN_POINT('',(1.85,-1.135,0.35));
#3709 = VERTEX_POINT('',#3710);
#3710 = CARTESIAN_POINT('',(1.85,-1.135,0.47));
#3711 = LINE('',#3712,#3713);
#3712 = CARTESIAN_POINT('',(1.85,-1.135,0.35));
#3713 = VECTOR('',#3714,1.);
#3714 = DIRECTION('',(0.,0.,1.));
#3715 = ORIENTED_EDGE('',*,*,#3716,.T.);
#3716 = EDGE_CURVE('',#3707,#3717,#3719,.T.);
#3717 = VERTEX_POINT('',#3718);
#3718 = CARTESIAN_POINT('',(1.85,-0.815,0.35));
#3719 = LINE('',#3720,#3721);
#3720 = CARTESIAN_POINT('',(1.85,-1.135,0.35));
#3721 = VECTOR('',#3722,1.);
#3722 = DIRECTION('',(-0.,1.,0.));
#3723 = ORIENTED_EDGE('',*,*,#3724,.T.);
#3724 = EDGE_CURVE('',#3717,#3725,#3727,.T.);
#3725 = VERTEX_POINT('',#3726);
#3726 = CARTESIAN_POINT('',(1.85,-0.815,0.47));
#3727 = LINE('',#3728,#3729);
#3728 = CARTESIAN_POINT('',(1.85,-0.815,0.35));
#3729 = VECTOR('',#3730,1.);
#3730 = DIRECTION('',(0.,0.,1.));
#3731 = ORIENTED_EDGE('',*,*,#3732,.F.);
#3732 = EDGE_CURVE('',#3709,#3725,#3733,.T.);
#3733 = LINE('',#3734,#3735);
#3734 = CARTESIAN_POINT('',(1.85,-1.135,0.47));
#3735 = VECTOR('',#3736,1.);
#3736 = DIRECTION('',(-0.,1.,0.));
#3737 = PLANE('',#3738);
#3738 = AXIS2_PLACEMENT_3D('',#3739,#3740,#3741);
#3739 = CARTESIAN_POINT('',(1.85,-1.135,0.35));
#3740 = DIRECTION('',(1.,0.,-0.));
#3741 = DIRECTION('',(0.,0.,1.));
#3742 = ADVANCED_FACE('',(#3743),#3759,.F.);
#3743 = FACE_BOUND('',#3744,.F.);
#3744 = EDGE_LOOP('',(#3745,#3751,#3752,#3758));
#3745 = ORIENTED_EDGE('',*,*,#3746,.F.);
#3746 = EDGE_CURVE('',#3667,#3707,#3747,.T.);
#3747 = LINE('',#3748,#3749);
#3748 = CARTESIAN_POINT('',(1.4,-1.135,0.35));
#3749 = VECTOR('',#3750,1.);
#3750 = DIRECTION('',(1.,0.,-0.));
#3751 = ORIENTED_EDGE('',*,*,#3666,.T.);
#3752 = ORIENTED_EDGE('',*,*,#3753,.T.);
#3753 = EDGE_CURVE('',#3669,#3709,#3754,.T.);
#3754 = LINE('',#3755,#3756);
#3755 = CARTESIAN_POINT('',(1.4,-1.135,0.47));
#3756 = VECTOR('',#3757,1.);
#3757 = DIRECTION('',(1.,0.,-0.));
#3758 = ORIENTED_EDGE('',*,*,#3706,.F.);
#3759 = PLANE('',#3760);
#3760 = AXIS2_PLACEMENT_3D('',#3761,#3762,#3763);
#3761 = CARTESIAN_POINT('',(1.4,-1.135,0.35));
#3762 = DIRECTION('',(-0.,1.,0.));
#3763 = DIRECTION('',(0.,0.,1.));
#3764 = ADVANCED_FACE('',(#3765),#3781,.T.);
#3765 = FACE_BOUND('',#3766,.T.);
#3766 = EDGE_LOOP('',(#3767,#3773,#3774,#3780));
#3767 = ORIENTED_EDGE('',*,*,#3768,.F.);
#3768 = EDGE_CURVE('',#3677,#3717,#3769,.T.);
#3769 = LINE('',#3770,#3771);
#3770 = CARTESIAN_POINT('',(1.4,-0.815,0.35));
#3771 = VECTOR('',#3772,1.);
#3772 = DIRECTION('',(1.,0.,-0.));
#3773 = ORIENTED_EDGE('',*,*,#3684,.T.);
#3774 = ORIENTED_EDGE('',*,*,#3775,.T.);
#3775 = EDGE_CURVE('',#3685,#3725,#3776,.T.);
#3776 = LINE('',#3777,#3778);
#3777 = CARTESIAN_POINT('',(1.4,-0.815,0.47));
#3778 = VECTOR('',#3779,1.);
#3779 = DIRECTION('',(1.,0.,-0.));
#3780 = ORIENTED_EDGE('',*,*,#3724,.F.);
#3781 = PLANE('',#3782);
#3782 = AXIS2_PLACEMENT_3D('',#3783,#3784,#3785);
#3783 = CARTESIAN_POINT('',(1.4,-0.815,0.35));
#3784 = DIRECTION('',(-0.,1.,0.));
#3785 = DIRECTION('',(0.,0.,1.));
#3786 = ADVANCED_FACE('',(#3787),#3793,.F.);
#3787 = FACE_BOUND('',#3788,.F.);
#3788 = EDGE_LOOP('',(#3789,#3790,#3791,#3792));
#3789 = ORIENTED_EDGE('',*,*,#3676,.F.);
#3790 = ORIENTED_EDGE('',*,*,#3746,.T.);
#3791 = ORIENTED_EDGE('',*,*,#3716,.T.);
#3792 = ORIENTED_EDGE('',*,*,#3768,.F.);
#3793 = PLANE('',#3794);
#3794 = AXIS2_PLACEMENT_3D('',#3795,#3796,#3797);
#3795 = CARTESIAN_POINT('',(1.4,-1.135,0.35));
#3796 = DIRECTION('',(0.,0.,1.));
#3797 = DIRECTION('',(1.,0.,-0.));
#3798 = ADVANCED_FACE('',(#3799),#3805,.T.);
#3799 = FACE_BOUND('',#3800,.T.);
#3800 = EDGE_LOOP('',(#3801,#3802,#3803,#3804));
#3801 = ORIENTED_EDGE('',*,*,#3692,.F.);
#3802 = ORIENTED_EDGE('',*,*,#3753,.T.);
#3803 = ORIENTED_EDGE('',*,*,#3732,.T.);
#3804 = ORIENTED_EDGE('',*,*,#3775,.F.);
#3805 = PLANE('',#3806);
#3806 = AXIS2_PLACEMENT_3D('',#3807,#3808,#3809);
#3807 = CARTESIAN_POINT('',(1.4,-1.135,0.47));
#3808 = DIRECTION('',(0.,0.,1.));
#3809 = DIRECTION('',(1.,0.,-0.));
#3810 = ( GEOMETRIC_REPRESENTATION_CONTEXT(3) 
GLOBAL_UNCERTAINTY_ASSIGNED_CONTEXT((#3814)) 
GLOBAL_UNIT_ASSIGNED_CONTEXT((#3811,#3812,#3813)) REPRESENTATION_CONTEXT
('Context #1','3D Context with UNIT and UNCERTAINTY') );
#3811 = ( LENGTH_UNIT() NAMED_UNIT(*) SI_UNIT(.MILLI.,.METRE.) );
#3812 = ( NAMED_UNIT(*) PLANE_ANGLE_UNIT() SI_UNIT($,.RADIAN.) );
#3813 = ( NAMED_UNIT(*) SI_UNIT($,.STERADIAN.) SOLID_ANGLE_UNIT() );
#3814 = UNCERTAINTY_MEASURE_WITH_UNIT(LENGTH_MEASURE(1.E-07),#3811,
  'distance_accuracy_value','confusion accuracy');
#3815 = PRODUCT_RELATED_PRODUCT_CATEGORY('part',$,(#7));
ENDSEC;
END-ISO-10303-21;
