ISO-10303-21;
HEADER;
FILE_DESCRIPTION(('Open CASCADE Model'),'2;1');
FILE_NAME('Open CASCADE Shape Model','2026-08-25T18:49:37',('Author'),(
    'Open CASCADE'),'Open CASCADE STEP processor 7.7','Open CASCADE 7.7'
  ,'Unknown');
FILE_SCHEMA(('AUTOMOTIVE_DESIGN { 1 0 10303 214 1 1 1 1 }'));
ENDSEC;
DATA;
#1 = APPLICATION_PROTOCOL_DEFINITION('international standard',
  'automotive_design',2000,#2);
#2 = APPLICATION_CONTEXT(
  'core data for automotive mechanical design processes');
#3 = SHAPE_DEFINITION_REPRESENTATION(#4,#10);
#4 = PRODUCT_DEFINITION_SHAPE('','',#5);
#5 = PRODUCT_DEFINITION('design','',#6,#9);
#6 = PRODUCT_DEFINITION_FORMATION('','',#7);
#7 = PRODUCT('mold','mold','',(#8));
#8 = PRODUCT_CONTEXT('',#2,'mechanical');
#9 = PRODUCT_DEFINITION_CONTEXT('part definition',#2,'design');
#10 = ADVANCED_BREP_SHAPE_REPRESENTATION('',(#11,#15),#505);
#11 = AXIS2_PLACEMENT_3D('',#12,#13,#14);
#12 = CARTESIAN_POINT('',(0.,0.,0.));
#13 = DIRECTION('',(0.,0.,1.));
#14 = DIRECTION('',(1.,0.,-0.));
#15 = MANIFOLD_SOLID_BREP('',#16);
#16 = CLOSED_SHELL('',(#17,#135,#268,#313,#385,#412,#439,#446,#501));
#17 = ADVANCED_FACE('',(#18),#32,.F.);
#18 = FACE_BOUND('',#19,.F.);
#19 = EDGE_LOOP('',(#20,#55,#83,#111));
#20 = ORIENTED_EDGE('',*,*,#21,.F.);
#21 = EDGE_CURVE('',#22,#24,#26,.T.);
#22 = VERTEX_POINT('',#23);
#23 = CARTESIAN_POINT('',(-3.95,-3.95,1.07));
#24 = VERTEX_POINT('',#25);
#25 = CARTESIAN_POINT('',(-3.95,3.25,1.07));
#26 = SURFACE_CURVE('',#27,(#31,#43),.PCURVE_S1.);
#27 = LINE('',#28,#29);
#28 = CARTESIAN_POINT('',(-3.95,-3.95,1.07));
#29 = VECTOR('',#30,1.);
#30 = DIRECTION('',(-0.,1.,0.));
#31 = PCURVE('',#32,#37);
#32 = PLANE('',#33);
#33 = AXIS2_PLACEMENT_3D('',#34,#35,#36);
#34 = CARTESIAN_POINT('',(-3.95,-3.95,0.36));
#35 = DIRECTION('',(1.,0.,-0.));
#36 = DIRECTION('',(0.,0.,1.));
#37 = DEFINITIONAL_REPRESENTATION('',(#38),#42);
#38 = LINE('',#39,#40);
#39 = CARTESIAN_POINT('',(0.71,0.));
#40 = VECTOR('',#41,1.);
#41 = DIRECTION('',(0.,-1.));
#42 = ( GEOMETRIC_REPRESENTATION_CONTEXT(2) 
PARAMETRIC_REPRESENTATION_CONTEXT() REPRESENTATION_CONTEXT('2D SPACE',''
  ) );
#43 = PCURVE('',#44,#49);
#44 = PLANE('',#45);
#45 = AXIS2_PLACEMENT_3D('',#46,#47,#48);
#46 = CARTESIAN_POINT('',(-3.95,-3.95,1.07));
#47 = DIRECTION('',(0.,0.,1.));
#48 = DIRECTION('',(1.,0.,-0.));
#49 = DEFINITIONAL_REPRESENTATION('',(#50),#54);
#50 = LINE('',#51,#52);
#51 = CARTESIAN_POINT('',(0.,0.));
#52 = VECTOR('',#53,1.);
#53 = DIRECTION('',(0.,1.));
#54 = ( GEOMETRIC_REPRESENTATION_CONTEXT(2) 
PARAMETRIC_REPRESENTATION_CONTEXT() REPRESENTATION_CONTEXT('2D SPACE',''
  ) );
#55 = ORIENTED_EDGE('',*,*,#56,.F.);
#56 = EDGE_CURVE('',#57,#22,#59,.T.);
#57 = VERTEX_POINT('',#58);
#58 = CARTESIAN_POINT('',(-3.95,-3.95,0.36));
#59 = SURFACE_CURVE('',#60,(#64,#71),.PCURVE_S1.);
#60 = LINE('',#61,#62);
#61 = CARTESIAN_POINT('',(-3.95,-3.95,0.36));
#62 = VECTOR('',#63,1.);
#63 = DIRECTION('',(0.,0.,1.));
#64 = PCURVE('',#32,#65);
#65 = DEFINITIONAL_REPRESENTATION('',(#66),#70);
#66 = LINE('',#67,#68);
#67 = CARTESIAN_POINT('',(0.,0.));
#68 = VECTOR('',#69,1.);
#69 = DIRECTION('',(1.,0.));
#70 = ( GEOMETRIC_REPRESENTATION_CONTEXT(2) 
PARAMETRIC_REPRESENTATION_CONTEXT() REPRESENTATION_CONTEXT('2D SPACE',''
  ) );
#71 = PCURVE('',#72,#77);
#72 = PLANE('',#73);
#73 = AXIS2_PLACEMENT_3D('',#74,#75,#76);
#74 = CARTESIAN_POINT('',(-3.95,-3.95,0.36));
#75 = DIRECTION('',(-0.,1.,0.));
#76 = DIRECTION('',(0.,0.,1.));
#77 = DEFINITIONAL_REPRESENTATION('',(#78),#82);
#78 = LINE('',#79,#80);
#79 = CARTESIAN_POINT('',(0.,0.));
#80 = VECTOR('',#81,1.);
#81 = DIRECTION('',(1.,0.));
#82 = ( GEOMETRIC_REPRESENTATION_CONTEXT(2) 
PARAMETRIC_REPRESENTATION_CONTEXT() REPRESENTATION_CONTEXT('2D SPACE',''
  ) );
#83 = ORIENTED_EDGE('',*,*,#84,.T.);
#84 = EDGE_CURVE('',#57,#85,#87,.T.);
#85 = VERTEX_POINT('',#86);
#86 = CARTESIAN_POINT('',(-3.95,3.25,0.36));
#87 = SURFACE_CURVE('',#88,(#92,#99),.PCURVE_S1.);
#88 = LINE('',#89,#90);
#89 = CARTESIAN_POINT('',(-3.95,-3.95,0.36));
#90 = VECTOR('',#91,1.);
#91 = DIRECTION('',(-0.,1.,0.));
#92 = PCURVE('',#32,#93);
#93 = DEFINITIONAL_REPRESENTATION('',(#94),#98);
#94 = LINE('',#95,#96);
#95 = CARTESIAN_POINT('',(0.,0.));
#96 = VECTOR('',#97,1.);
#97 = DIRECTION('',(0.,-1.));
#98 = ( GEOMETRIC_REPRESENTATION_CONTEXT(2) 
PARAMETRIC_REPRESENTATION_CONTEXT() REPRESENTATION_CONTEXT('2D SPACE',''
  ) );
#99 = PCURVE('',#100,#105);
#100 = PLANE('',#101);
#101 = AXIS2_PLACEMENT_3D('',#102,#103,#104);
#102 = CARTESIAN_POINT('',(-3.95,-3.95,0.36));
#103 = DIRECTION('',(0.,0.,1.));
#104 = DIRECTION('',(1.,0.,-0.));
#105 = DEFINITIONAL_REPRESENTATION('',(#106),#110);
#106 = LINE('',#107,#108);
#107 = CARTESIAN_POINT('',(0.,0.));
#108 = VECTOR('',#109,1.);
#109 = DIRECTION('',(0.,1.));
#110 = ( GEOMETRIC_REPRESENTATION_CONTEXT(2) 
PARAMETRIC_REPRESENTATION_CONTEXT() REPRESENTATION_CONTEXT('2D SPACE',''
  ) );
#111 = ORIENTED_EDGE('',*,*,#112,.T.);
#112 = EDGE_CURVE('',#85,#24,#113,.T.);
#113 = SURFACE_CURVE('',#114,(#118,#124),.PCURVE_S1.);
#114 = LINE('',#115,#116);
#115 = CARTESIAN_POINT('',(-3.95,3.25,0.31));
#116 = VECTOR('',#117,1.);
#117 = DIRECTION('',(0.,0.,1.));
#118 = PCURVE('',#32,#119);
#119 = DEFINITIONAL_REPRESENTATION('',(#120),#123);
#120 = B_SPLINE_CURVE_WITH_KNOTS('',1,(#121,#122),.UNSPECIFIED.,.F.,.F.,
  (2,2),(5.E-02,0.76),.PIECEWISE_BEZIER_KNOTS.);
#121 = CARTESIAN_POINT('',(0.,-7.2));
#122 = CARTESIAN_POINT('',(0.71,-7.2));
#123 = ( GEOMETRIC_REPRESENTATION_CONTEXT(2) 
PARAMETRIC_REPRESENTATION_CONTEXT() REPRESENTATION_CONTEXT('2D SPACE',''
  ) );
#124 = PCURVE('',#125,#130);
#125 = PLANE('',#126);
#126 = AXIS2_PLACEMENT_3D('',#127,#128,#129);
#127 = CARTESIAN_POINT('',(-4.05,3.15,0.26));
#128 = DIRECTION('',(-0.707106781187,0.707106781187,0.));
#129 = DIRECTION('',(0.707106781187,0.707106781187,0.));
#130 = DEFINITIONAL_REPRESENTATION('',(#131),#134);
#131 = B_SPLINE_CURVE_WITH_KNOTS('',1,(#132,#133),.UNSPECIFIED.,.F.,.F.,
  (2,2),(5.E-02,0.76),.PIECEWISE_BEZIER_KNOTS.);
#132 = CARTESIAN_POINT('',(0.141421356237,-1.E-01));
#133 = CARTESIAN_POINT('',(0.141421356237,-0.81));
#134 = ( GEOMETRIC_REPRESENTATION_CONTEXT(2) 
PARAMETRIC_REPRESENTATION_CONTEXT() REPRESENTATION_CONTEXT('2D SPACE',''
  ) );
#135 = ADVANCED_FACE('',(#136,#237),#44,.T.);
#136 = FACE_BOUND('',#137,.T.);
#137 = EDGE_LOOP('',(#138,#139,#162,#190,#218));
#138 = ORIENTED_EDGE('',*,*,#21,.F.);
#139 = ORIENTED_EDGE('',*,*,#140,.T.);
#140 = EDGE_CURVE('',#22,#141,#143,.T.);
#141 = VERTEX_POINT('',#142);
#142 = CARTESIAN_POINT('',(3.95,-3.95,1.07));
#143 = SURFACE_CURVE('',#144,(#148,#155),.PCURVE_S1.);
#144 = LINE('',#145,#146);
#145 = CARTESIAN_POINT('',(-3.95,-3.95,1.07));
#146 = VECTOR('',#147,1.);
#147 = DIRECTION('',(1.,0.,-0.));
#148 = PCURVE('',#44,#149);
#149 = DEFINITIONAL_REPRESENTATION('',(#150),#154);
#150 = LINE('',#151,#152);
#151 = CARTESIAN_POINT('',(0.,0.));
#152 = VECTOR('',#153,1.);
#153 = DIRECTION('',(1.,0.));
#154 = ( GEOMETRIC_REPRESENTATION_CONTEXT(2) 
PARAMETRIC_REPRESENTATION_CONTEXT() REPRESENTATION_CONTEXT('2D SPACE',''
  ) );
#155 = PCURVE('',#72,#156);
#156 = DEFINITIONAL_REPRESENTATION('',(#157),#161);
#157 = LINE('',#158,#159);
#158 = CARTESIAN_POINT('',(0.71,0.));
#159 = VECTOR('',#160,1.);
#160 = DIRECTION('',(0.,1.));
#161 = ( GEOMETRIC_REPRESENTATION_CONTEXT(2) 
PARAMETRIC_REPRESENTATION_CONTEXT() REPRESENTATION_CONTEXT('2D SPACE',''
  ) );
#162 = ORIENTED_EDGE('',*,*,#163,.T.);
#163 = EDGE_CURVE('',#141,#164,#166,.T.);
#164 = VERTEX_POINT('',#165);
#165 = CARTESIAN_POINT('',(3.95,3.95,1.07));
#166 = SURFACE_CURVE('',#167,(#171,#178),.PCURVE_S1.);
#167 = LINE('',#168,#169);
#168 = CARTESIAN_POINT('',(3.95,-3.95,1.07));
#169 = VECTOR('',#170,1.);
#170 = DIRECTION('',(-0.,1.,0.));
#171 = PCURVE('',#44,#172);
#172 = DEFINITIONAL_REPRESENTATION('',(#173),#177);
#173 = LINE('',#174,#175);
#174 = CARTESIAN_POINT('',(7.9,0.));
#175 = VECTOR('',#176,1.);
#176 = DIRECTION('',(0.,1.));
#177 = ( GEOMETRIC_REPRESENTATION_CONTEXT(2) 
PARAMETRIC_REPRESENTATION_CONTEXT() REPRESENTATION_CONTEXT('2D SPACE',''
  ) );
#178 = PCURVE('',#179,#184);
#179 = PLANE('',#180);
#180 = AXIS2_PLACEMENT_3D('',#181,#182,#183);
#181 = CARTESIAN_POINT('',(3.95,-3.95,0.36));
#182 = DIRECTION('',(1.,0.,-0.));
#183 = DIRECTION('',(0.,0.,1.));
#184 = DEFINITIONAL_REPRESENTATION('',(#185),#189);
#185 = LINE('',#186,#187);
#186 = CARTESIAN_POINT('',(0.71,0.));
#187 = VECTOR('',#188,1.);
#188 = DIRECTION('',(0.,-1.));
#189 = ( GEOMETRIC_REPRESENTATION_CONTEXT(2) 
PARAMETRIC_REPRESENTATION_CONTEXT() REPRESENTATION_CONTEXT('2D SPACE',''
  ) );
#190 = ORIENTED_EDGE('',*,*,#191,.F.);
#191 = EDGE_CURVE('',#192,#164,#194,.T.);
#192 = VERTEX_POINT('',#193);
#193 = CARTESIAN_POINT('',(-3.25,3.95,1.07));
#194 = SURFACE_CURVE('',#195,(#199,#206),.PCURVE_S1.);
#195 = LINE('',#196,#197);
#196 = CARTESIAN_POINT('',(-3.95,3.95,1.07));
#197 = VECTOR('',#198,1.);
#198 = DIRECTION('',(1.,0.,-0.));
#199 = PCURVE('',#44,#200);
#200 = DEFINITIONAL_REPRESENTATION('',(#201),#205);
#201 = LINE('',#202,#203);
#202 = CARTESIAN_POINT('',(0.,7.9));
#203 = VECTOR('',#204,1.);
#204 = DIRECTION('',(1.,0.));
#205 = ( GEOMETRIC_REPRESENTATION_CONTEXT(2) 
PARAMETRIC_REPRESENTATION_CONTEXT() REPRESENTATION_CONTEXT('2D SPACE',''
  ) );
#206 = PCURVE('',#207,#212);
#207 = PLANE('',#208);
#208 = AXIS2_PLACEMENT_3D('',#209,#210,#211);
#209 = CARTESIAN_POINT('',(-3.95,3.95,0.36));
#210 = DIRECTION('',(-0.,1.,0.));
#211 = DIRECTION('',(0.,0.,1.));
#212 = DEFINITIONAL_REPRESENTATION('',(#213),#217);
#213 = LINE('',#214,#215);
#214 = CARTESIAN_POINT('',(0.71,0.));
#215 = VECTOR('',#216,1.);
#216 = DIRECTION('',(0.,1.));
#217 = ( GEOMETRIC_REPRESENTATION_CONTEXT(2) 
PARAMETRIC_REPRESENTATION_CONTEXT() REPRESENTATION_CONTEXT('2D SPACE',''
  ) );
#218 = ORIENTED_EDGE('',*,*,#219,.T.);
#219 = EDGE_CURVE('',#192,#24,#220,.T.);
#220 = SURFACE_CURVE('',#221,(#225,#231),.PCURVE_S1.);
#221 = LINE('',#222,#223);
#222 = CARTESIAN_POINT('',(-5.8,1.4,1.07));
#223 = VECTOR('',#224,1.);
#224 = DIRECTION('',(-0.707106781187,-0.707106781187,0.));
#225 = PCURVE('',#44,#226);
#226 = DEFINITIONAL_REPRESENTATION('',(#227),#230);
#227 = B_SPLINE_CURVE_WITH_KNOTS('',1,(#228,#229),.UNSPECIFIED.,.F.,.F.,
  (2,2),(-3.606244584051,-2.61629509039),.PIECEWISE_BEZIER_KNOTS.);
#228 = CARTESIAN_POINT('',(0.7,7.9));
#229 = CARTESIAN_POINT('',(-2.8783259378E-16,7.2));
#230 = ( GEOMETRIC_REPRESENTATION_CONTEXT(2) 
PARAMETRIC_REPRESENTATION_CONTEXT() REPRESENTATION_CONTEXT('2D SPACE',''
  ) );
#231 = PCURVE('',#125,#232);
#232 = DEFINITIONAL_REPRESENTATION('',(#233),#236);
#233 = B_SPLINE_CURVE_WITH_KNOTS('',1,(#234,#235),.UNSPECIFIED.,.F.,.F.,
  (2,2),(-3.606244584051,-2.61629509039),.PIECEWISE_BEZIER_KNOTS.);
#234 = CARTESIAN_POINT('',(1.131370849898,-0.81));
#235 = CARTESIAN_POINT('',(0.141421356237,-0.81));
#236 = ( GEOMETRIC_REPRESENTATION_CONTEXT(2) 
PARAMETRIC_REPRESENTATION_CONTEXT() REPRESENTATION_CONTEXT('2D SPACE',''
  ) );
#237 = FACE_BOUND('',#238,.T.);
#238 = EDGE_LOOP('',(#239));
#239 = ORIENTED_EDGE('',*,*,#240,.F.);
#240 = EDGE_CURVE('',#241,#241,#243,.T.);
#241 = VERTEX_POINT('',#242);
#242 = CARTESIAN_POINT('',(-2.75,3.,1.07));
#243 = SURFACE_CURVE('',#244,(#249,#256),.PCURVE_S1.);
#244 = CIRCLE('',#245,0.25);
#245 = AXIS2_PLACEMENT_3D('',#246,#247,#248);
#246 = CARTESIAN_POINT('',(-3.,3.,1.07));
#247 = DIRECTION('',(0.,0.,1.));
#248 = DIRECTION('',(1.,0.,-0.));
#249 = PCURVE('',#44,#250);
#250 = DEFINITIONAL_REPRESENTATION('',(#251),#255);
#251 = CIRCLE('',#252,0.25);
#252 = AXIS2_PLACEMENT_2D('',#253,#254);
#253 = CARTESIAN_POINT('',(0.95,6.95));
#254 = DIRECTION('',(1.,0.));
#255 = ( GEOMETRIC_REPRESENTATION_CONTEXT(2) 
PARAMETRIC_REPRESENTATION_CONTEXT() REPRESENTATION_CONTEXT('2D SPACE',''
  ) );
#256 = PCURVE('',#257,#262);
#257 = CYLINDRICAL_SURFACE('',#258,0.25);
#258 = AXIS2_PLACEMENT_3D('',#259,#260,#261);
#259 = CARTESIAN_POINT('',(-3.,3.,1.05));
#260 = DIRECTION('',(0.,0.,1.));
#261 = DIRECTION('',(1.,0.,-0.));
#262 = DEFINITIONAL_REPRESENTATION('',(#263),#267);
#263 = LINE('',#264,#265);
#264 = CARTESIAN_POINT('',(0.,2.E-02));
#265 = VECTOR('',#266,1.);
#266 = DIRECTION('',(1.,0.));
#267 = ( GEOMETRIC_REPRESENTATION_CONTEXT(2) 
PARAMETRIC_REPRESENTATION_CONTEXT() REPRESENTATION_CONTEXT('2D SPACE',''
  ) );
#268 = ADVANCED_FACE('',(#269),#125,.T.);
#269 = FACE_BOUND('',#270,.T.);
#270 = EDGE_LOOP('',(#271,#292,#293,#294));
#271 = ORIENTED_EDGE('',*,*,#272,.T.);
#272 = EDGE_CURVE('',#273,#85,#275,.T.);
#273 = VERTEX_POINT('',#274);
#274 = CARTESIAN_POINT('',(-3.25,3.95,0.36));
#275 = SURFACE_CURVE('',#276,(#280,#286),.PCURVE_S1.);
#276 = LINE('',#277,#278);
#277 = CARTESIAN_POINT('',(-5.8,1.4,0.36));
#278 = VECTOR('',#279,1.);
#279 = DIRECTION('',(-0.707106781187,-0.707106781187,0.));
#280 = PCURVE('',#125,#281);
#281 = DEFINITIONAL_REPRESENTATION('',(#282),#285);
#282 = B_SPLINE_CURVE_WITH_KNOTS('',1,(#283,#284),.UNSPECIFIED.,.F.,.F.,
  (2,2),(-3.606244584051,-2.61629509039),.PIECEWISE_BEZIER_KNOTS.);
#283 = CARTESIAN_POINT('',(1.131370849898,-1.E-01));
#284 = CARTESIAN_POINT('',(0.141421356237,-1.E-01));
#285 = ( GEOMETRIC_REPRESENTATION_CONTEXT(2) 
PARAMETRIC_REPRESENTATION_CONTEXT() REPRESENTATION_CONTEXT('2D SPACE',''
  ) );
#286 = PCURVE('',#100,#287);
#287 = DEFINITIONAL_REPRESENTATION('',(#288),#291);
#288 = B_SPLINE_CURVE_WITH_KNOTS('',1,(#289,#290),.UNSPECIFIED.,.F.,.F.,
  (2,2),(-3.606244584051,-2.61629509039),.PIECEWISE_BEZIER_KNOTS.);
#289 = CARTESIAN_POINT('',(0.7,7.9));
#290 = CARTESIAN_POINT('',(-2.8783259378E-16,7.2));
#291 = ( GEOMETRIC_REPRESENTATION_CONTEXT(2) 
PARAMETRIC_REPRESENTATION_CONTEXT() REPRESENTATION_CONTEXT('2D SPACE',''
  ) );
#292 = ORIENTED_EDGE('',*,*,#112,.T.);
#293 = ORIENTED_EDGE('',*,*,#219,.F.);
#294 = ORIENTED_EDGE('',*,*,#295,.F.);
#295 = EDGE_CURVE('',#273,#192,#296,.T.);
#296 = SURFACE_CURVE('',#297,(#301,#307),.PCURVE_S1.);
#297 = LINE('',#298,#299);
#298 = CARTESIAN_POINT('',(-3.25,3.95,0.31));
#299 = VECTOR('',#300,1.);
#300 = DIRECTION('',(0.,0.,1.));
#301 = PCURVE('',#125,#302);
#302 = DEFINITIONAL_REPRESENTATION('',(#303),#306);
#303 = B_SPLINE_CURVE_WITH_KNOTS('',1,(#304,#305),.UNSPECIFIED.,.F.,.F.,
  (2,2),(5.E-02,0.76),.PIECEWISE_BEZIER_KNOTS.);
#304 = CARTESIAN_POINT('',(1.131370849898,-1.E-01));
#305 = CARTESIAN_POINT('',(1.131370849898,-0.81));
#306 = ( GEOMETRIC_REPRESENTATION_CONTEXT(2) 
PARAMETRIC_REPRESENTATION_CONTEXT() REPRESENTATION_CONTEXT('2D SPACE',''
  ) );
#307 = PCURVE('',#207,#308);
#308 = DEFINITIONAL_REPRESENTATION('',(#309),#312);
#309 = B_SPLINE_CURVE_WITH_KNOTS('',1,(#310,#311),.UNSPECIFIED.,.F.,.F.,
  (2,2),(5.E-02,0.76),.PIECEWISE_BEZIER_KNOTS.);
#310 = CARTESIAN_POINT('',(0.,0.7));
#311 = CARTESIAN_POINT('',(0.71,0.7));
#312 = ( GEOMETRIC_REPRESENTATION_CONTEXT(2) 
PARAMETRIC_REPRESENTATION_CONTEXT() REPRESENTATION_CONTEXT('2D SPACE',''
  ) );
#313 = ADVANCED_FACE('',(#314),#100,.F.);
#314 = FACE_BOUND('',#315,.F.);
#315 = EDGE_LOOP('',(#316,#317,#340,#363,#384));
#316 = ORIENTED_EDGE('',*,*,#84,.F.);
#317 = ORIENTED_EDGE('',*,*,#318,.T.);
#318 = EDGE_CURVE('',#57,#319,#321,.T.);
#319 = VERTEX_POINT('',#320);
#320 = CARTESIAN_POINT('',(3.95,-3.95,0.36));
#321 = SURFACE_CURVE('',#322,(#326,#333),.PCURVE_S1.);
#322 = LINE('',#323,#324);
#323 = CARTESIAN_POINT('',(-3.95,-3.95,0.36));
#324 = VECTOR('',#325,1.);
#325 = DIRECTION('',(1.,0.,-0.));
#326 = PCURVE('',#100,#327);
#327 = DEFINITIONAL_REPRESENTATION('',(#328),#332);
#328 = LINE('',#329,#330);
#329 = CARTESIAN_POINT('',(0.,0.));
#330 = VECTOR('',#331,1.);
#331 = DIRECTION('',(1.,0.));
#332 = ( GEOMETRIC_REPRESENTATION_CONTEXT(2) 
PARAMETRIC_REPRESENTATION_CONTEXT() REPRESENTATION_CONTEXT('2D SPACE',''
  ) );
#333 = PCURVE('',#72,#334);
#334 = DEFINITIONAL_REPRESENTATION('',(#335),#339);
#335 = LINE('',#336,#337);
#336 = CARTESIAN_POINT('',(0.,0.));
#337 = VECTOR('',#338,1.);
#338 = DIRECTION('',(0.,1.));
#339 = ( GEOMETRIC_REPRESENTATION_CONTEXT(2) 
PARAMETRIC_REPRESENTATION_CONTEXT() REPRESENTATION_CONTEXT('2D SPACE',''
  ) );
#340 = ORIENTED_EDGE('',*,*,#341,.T.);
#341 = EDGE_CURVE('',#319,#342,#344,.T.);
#342 = VERTEX_POINT('',#343);
#343 = CARTESIAN_POINT('',(3.95,3.95,0.36));
#344 = SURFACE_CURVE('',#345,(#349,#356),.PCURVE_S1.);
#345 = LINE('',#346,#347);
#346 = CARTESIAN_POINT('',(3.95,-3.95,0.36));
#347 = VECTOR('',#348,1.);
#348 = DIRECTION('',(-0.,1.,0.));
#349 = PCURVE('',#100,#350);
#350 = DEFINITIONAL_REPRESENTATION('',(#351),#355);
#351 = LINE('',#352,#353);
#352 = CARTESIAN_POINT('',(7.9,0.));
#353 = VECTOR('',#354,1.);
#354 = DIRECTION('',(0.,1.));
#355 = ( GEOMETRIC_REPRESENTATION_CONTEXT(2) 
PARAMETRIC_REPRESENTATION_CONTEXT() REPRESENTATION_CONTEXT('2D SPACE',''
  ) );
#356 = PCURVE('',#179,#357);
#357 = DEFINITIONAL_REPRESENTATION('',(#358),#362);
#358 = LINE('',#359,#360);
#359 = CARTESIAN_POINT('',(0.,0.));
#360 = VECTOR('',#361,1.);
#361 = DIRECTION('',(0.,-1.));
#362 = ( GEOMETRIC_REPRESENTATION_CONTEXT(2) 
PARAMETRIC_REPRESENTATION_CONTEXT() REPRESENTATION_CONTEXT('2D SPACE',''
  ) );
#363 = ORIENTED_EDGE('',*,*,#364,.F.);
#364 = EDGE_CURVE('',#273,#342,#365,.T.);
#365 = SURFACE_CURVE('',#366,(#370,#377),.PCURVE_S1.);
#366 = LINE('',#367,#368);
#367 = CARTESIAN_POINT('',(-3.95,3.95,0.36));
#368 = VECTOR('',#369,1.);
#369 = DIRECTION('',(1.,0.,-0.));
#370 = PCURVE('',#100,#371);
#371 = DEFINITIONAL_REPRESENTATION('',(#372),#376);
#372 = LINE('',#373,#374);
#373 = CARTESIAN_POINT('',(0.,7.9));
#374 = VECTOR('',#375,1.);
#375 = DIRECTION('',(1.,0.));
#376 = ( GEOMETRIC_REPRESENTATION_CONTEXT(2) 
PARAMETRIC_REPRESENTATION_CONTEXT() REPRESENTATION_CONTEXT('2D SPACE',''
  ) );
#377 = PCURVE('',#207,#378);
#378 = DEFINITIONAL_REPRESENTATION('',(#379),#383);
#379 = LINE('',#380,#381);
#380 = CARTESIAN_POINT('',(0.,0.));
#381 = VECTOR('',#382,1.);
#382 = DIRECTION('',(0.,1.));
#383 = ( GEOMETRIC_REPRESENTATION_CONTEXT(2) 
PARAMETRIC_REPRESENTATION_CONTEXT() REPRESENTATION_CONTEXT('2D SPACE',''
  ) );
#384 = ORIENTED_EDGE('',*,*,#272,.T.);
#385 = ADVANCED_FACE('',(#386),#72,.F.);
#386 = FACE_BOUND('',#387,.F.);
#387 = EDGE_LOOP('',(#388,#389,#390,#391));
#388 = ORIENTED_EDGE('',*,*,#318,.F.);
#389 = ORIENTED_EDGE('',*,*,#56,.T.);
#390 = ORIENTED_EDGE('',*,*,#140,.T.);
#391 = ORIENTED_EDGE('',*,*,#392,.F.);
#392 = EDGE_CURVE('',#319,#141,#393,.T.);
#393 = SURFACE_CURVE('',#394,(#398,#405),.PCURVE_S1.);
#394 = LINE('',#395,#396);
#395 = CARTESIAN_POINT('',(3.95,-3.95,0.36));
#396 = VECTOR('',#397,1.);
#397 = DIRECTION('',(0.,0.,1.));
#398 = PCURVE('',#72,#399);
#399 = DEFINITIONAL_REPRESENTATION('',(#400),#404);
#400 = LINE('',#401,#402);
#401 = CARTESIAN_POINT('',(0.,7.9));
#402 = VECTOR('',#403,1.);
#403 = DIRECTION('',(1.,0.));
#404 = ( GEOMETRIC_REPRESENTATION_CONTEXT(2) 
PARAMETRIC_REPRESENTATION_CONTEXT() REPRESENTATION_CONTEXT('2D SPACE',''
  ) );
#405 = PCURVE('',#179,#406);
#406 = DEFINITIONAL_REPRESENTATION('',(#407),#411);
#407 = LINE('',#408,#409);
#408 = CARTESIAN_POINT('',(0.,0.));
#409 = VECTOR('',#410,1.);
#410 = DIRECTION('',(1.,0.));
#411 = ( GEOMETRIC_REPRESENTATION_CONTEXT(2) 
PARAMETRIC_REPRESENTATION_CONTEXT() REPRESENTATION_CONTEXT('2D SPACE',''
  ) );
#412 = ADVANCED_FACE('',(#413),#179,.T.);
#413 = FACE_BOUND('',#414,.T.);
#414 = EDGE_LOOP('',(#415,#416,#417,#438));
#415 = ORIENTED_EDGE('',*,*,#392,.F.);
#416 = ORIENTED_EDGE('',*,*,#341,.T.);
#417 = ORIENTED_EDGE('',*,*,#418,.T.);
#418 = EDGE_CURVE('',#342,#164,#419,.T.);
#419 = SURFACE_CURVE('',#420,(#424,#431),.PCURVE_S1.);
#420 = LINE('',#421,#422);
#421 = CARTESIAN_POINT('',(3.95,3.95,0.36));
#422 = VECTOR('',#423,1.);
#423 = DIRECTION('',(0.,0.,1.));
#424 = PCURVE('',#179,#425);
#425 = DEFINITIONAL_REPRESENTATION('',(#426),#430);
#426 = LINE('',#427,#428);
#427 = CARTESIAN_POINT('',(0.,-7.9));
#428 = VECTOR('',#429,1.);
#429 = DIRECTION('',(1.,0.));
#430 = ( GEOMETRIC_REPRESENTATION_CONTEXT(2) 
PARAMETRIC_REPRESENTATION_CONTEXT() REPRESENTATION_CONTEXT('2D SPACE',''
  ) );
#431 = PCURVE('',#207,#432);
#432 = DEFINITIONAL_REPRESENTATION('',(#433),#437);
#433 = LINE('',#434,#435);
#434 = CARTESIAN_POINT('',(0.,7.9));
#435 = VECTOR('',#436,1.);
#436 = DIRECTION('',(1.,0.));
#437 = ( GEOMETRIC_REPRESENTATION_CONTEXT(2) 
PARAMETRIC_REPRESENTATION_CONTEXT() REPRESENTATION_CONTEXT('2D SPACE',''
  ) );
#438 = ORIENTED_EDGE('',*,*,#163,.F.);
#439 = ADVANCED_FACE('',(#440),#207,.T.);
#440 = FACE_BOUND('',#441,.T.);
#441 = EDGE_LOOP('',(#442,#443,#444,#445));
#442 = ORIENTED_EDGE('',*,*,#364,.F.);
#443 = ORIENTED_EDGE('',*,*,#295,.T.);
#444 = ORIENTED_EDGE('',*,*,#191,.T.);
#445 = ORIENTED_EDGE('',*,*,#418,.F.);
#446 = ADVANCED_FACE('',(#447),#257,.F.);
#447 = FACE_BOUND('',#448,.F.);
#448 = EDGE_LOOP('',(#449,#450,#473,#500));
#449 = ORIENTED_EDGE('',*,*,#240,.F.);
#450 = ORIENTED_EDGE('',*,*,#451,.F.);
#451 = EDGE_CURVE('',#452,#241,#454,.T.);
#452 = VERTEX_POINT('',#453);
#453 = CARTESIAN_POINT('',(-2.75,3.,1.05));
#454 = SEAM_CURVE('',#455,(#459,#466),.PCURVE_S1.);
#455 = LINE('',#456,#457);
#456 = CARTESIAN_POINT('',(-2.75,3.,1.05));
#457 = VECTOR('',#458,1.);
#458 = DIRECTION('',(0.,0.,1.));
#459 = PCURVE('',#257,#460);
#460 = DEFINITIONAL_REPRESENTATION('',(#461),#465);
#461 = LINE('',#462,#463);
#462 = CARTESIAN_POINT('',(6.28318530718,-0.));
#463 = VECTOR('',#464,1.);
#464 = DIRECTION('',(0.,1.));
#465 = ( GEOMETRIC_REPRESENTATION_CONTEXT(2) 
PARAMETRIC_REPRESENTATION_CONTEXT() REPRESENTATION_CONTEXT('2D SPACE',''
  ) );
#466 = PCURVE('',#257,#467);
#467 = DEFINITIONAL_REPRESENTATION('',(#468),#472);
#468 = LINE('',#469,#470);
#469 = CARTESIAN_POINT('',(0.,-0.));
#470 = VECTOR('',#471,1.);
#471 = DIRECTION('',(0.,1.));
#472 = ( GEOMETRIC_REPRESENTATION_CONTEXT(2) 
PARAMETRIC_REPRESENTATION_CONTEXT() REPRESENTATION_CONTEXT('2D SPACE',''
  ) );
#473 = ORIENTED_EDGE('',*,*,#474,.T.);
#474 = EDGE_CURVE('',#452,#452,#475,.T.);
#475 = SURFACE_CURVE('',#476,(#481,#488),.PCURVE_S1.);
#476 = CIRCLE('',#477,0.25);
#477 = AXIS2_PLACEMENT_3D('',#478,#479,#480);
#478 = CARTESIAN_POINT('',(-3.,3.,1.05));
#479 = DIRECTION('',(0.,0.,1.));
#480 = DIRECTION('',(1.,0.,-0.));
#481 = PCURVE('',#257,#482);
#482 = DEFINITIONAL_REPRESENTATION('',(#483),#487);
#483 = LINE('',#484,#485);
#484 = CARTESIAN_POINT('',(0.,0.));
#485 = VECTOR('',#486,1.);
#486 = DIRECTION('',(1.,0.));
#487 = ( GEOMETRIC_REPRESENTATION_CONTEXT(2) 
PARAMETRIC_REPRESENTATION_CONTEXT() REPRESENTATION_CONTEXT('2D SPACE',''
  ) );
#488 = PCURVE('',#489,#494);
#489 = PLANE('',#490);
#490 = AXIS2_PLACEMENT_3D('',#491,#492,#493);
#491 = CARTESIAN_POINT('',(-3.,3.,1.05));
#492 = DIRECTION('',(0.,0.,1.));
#493 = DIRECTION('',(1.,0.,-0.));
#494 = DEFINITIONAL_REPRESENTATION('',(#495),#499);
#495 = CIRCLE('',#496,0.25);
#496 = AXIS2_PLACEMENT_2D('',#497,#498);
#497 = CARTESIAN_POINT('',(0.,0.));
#498 = DIRECTION('',(1.,0.));
#499 = ( GEOMETRIC_REPRESENTATION_CONTEXT(2) 
PARAMETRIC_REPRESENTATION_CONTEXT() REPRESENTATION_CONTEXT('2D SPACE',''
  ) );
#500 = ORIENTED_EDGE('',*,*,#451,.T.);
#501 = ADVANCED_FACE('',(#502),#489,.T.);
#502 = FACE_BOUND('',#503,.F.);
#503 = EDGE_LOOP('',(#504));
#504 = ORIENTED_EDGE('',*,*,#474,.F.);
#505 = ( GEOMETRIC_REPRESENTATION_CONTEXT(3) 
GLOBAL_UNCERTAINTY_ASSIGNED_CONTEXT((#509)) GLOBAL_UNIT_ASSIGNED_CONTEXT
((#506,#507,#508)) REPRESENTATION_CONTEXT('Context #1',
  '3D Context with UNIT and UNCERTAINTY') );
#506 = ( LENGTH_UNIT() NAMED_UNIT(*) SI_UNIT(.MILLI.,.METRE.) );
#507 = ( NAMED_UNIT(*) PLANE_ANGLE_UNIT() SI_UNIT($,.RADIAN.) );
#508 = ( NAMED_UNIT(*) SI_UNIT($,.STERADIAN.) SOLID_ANGLE_UNIT() );
#509 = UNCERTAINTY_MEASURE_WITH_UNIT(LENGTH_MEASURE(1.E-07),#506,
  'distance_accuracy_value','confusion accuracy');
#510 = PRODUCT_RELATED_PRODUCT_CATEGORY('part',$,(#7));
#511 = SHAPE_DEFINITION_REPRESENTATION(#512,#518);
#512 = PRODUCT_DEFINITION_SHAPE('','',#513);
#513 = PRODUCT_DEFINITION('design','',#514,#517);
#514 = PRODUCT_DEFINITION_FORMATION('','',#515);
#515 = PRODUCT('substrate','substrate','',(#516));
#516 = PRODUCT_CONTEXT('',#2,'mechanical');
#517 = PRODUCT_DEFINITION_CONTEXT('part definition',#2,'design');
#518 = ADVANCED_BREP_SHAPE_REPRESENTATION('',(#11,#519),#849);
#519 = MANIFOLD_SOLID_BREP('',#520);
#520 = CLOSED_SHELL('',(#521,#641,#741,#788,#835,#842));
#521 = ADVANCED_FACE('',(#522),#536,.F.);
#522 = FACE_BOUND('',#523,.F.);
#523 = EDGE_LOOP('',(#524,#559,#587,#615));
#524 = ORIENTED_EDGE('',*,*,#525,.F.);
#525 = EDGE_CURVE('',#526,#528,#530,.T.);
#526 = VERTEX_POINT('',#527);
#527 = CARTESIAN_POINT('',(-4.,-4.,0.21));
#528 = VERTEX_POINT('',#529);
#529 = CARTESIAN_POINT('',(-4.,-4.,0.36));
#530 = SURFACE_CURVE('',#531,(#535,#547),.PCURVE_S1.);
#531 = LINE('',#532,#533);
#532 = CARTESIAN_POINT('',(-4.,-4.,0.21));
#533 = VECTOR('',#534,1.);
#534 = DIRECTION('',(0.,0.,1.));
#535 = PCURVE('',#536,#541);
#536 = PLANE('',#537);
#537 = AXIS2_PLACEMENT_3D('',#538,#539,#540);
#538 = CARTESIAN_POINT('',(-4.,-4.,0.21));
#539 = DIRECTION('',(1.,0.,-0.));
#540 = DIRECTION('',(0.,0.,1.));
#541 = DEFINITIONAL_REPRESENTATION('',(#542),#546);
#542 = LINE('',#543,#544);
#543 = CARTESIAN_POINT('',(0.,0.));
#544 = VECTOR('',#545,1.);
#545 = DIRECTION('',(1.,0.));
#546 = ( GEOMETRIC_REPRESENTATION_CONTEXT(2) 
PARAMETRIC_REPRESENTATION_CONTEXT() REPRESENTATION_CONTEXT('2D SPACE',''
  ) );
#547 = PCURVE('',#548,#553);
#548 = PLANE('',#549);
#549 = AXIS2_PLACEMENT_3D('',#550,#551,#552);
#550 = CARTESIAN_POINT('',(-4.,-4.,0.21));
#551 = DIRECTION('',(-0.,1.,0.));
#552 = DIRECTION('',(0.,0.,1.));
#553 = DEFINITIONAL_REPRESENTATION('',(#554),#558);
#554 = LINE('',#555,#556);
#555 = CARTESIAN_POINT('',(0.,0.));
#556 = VECTOR('',#557,1.);
#557 = DIRECTION('',(1.,0.));
#558 = ( GEOMETRIC_REPRESENTATION_CONTEXT(2) 
PARAMETRIC_REPRESENTATION_CONTEXT() REPRESENTATION_CONTEXT('2D SPACE',''
  ) );
#559 = ORIENTED_EDGE('',*,*,#560,.T.);
#560 = EDGE_CURVE('',#526,#561,#563,.T.);
#561 = VERTEX_POINT('',#562);
#562 = CARTESIAN_POINT('',(-4.,4.,0.21));
#563 = SURFACE_CURVE('',#564,(#568,#575),.PCURVE_S1.);
#564 = LINE('',#565,#566);
#565 = CARTESIAN_POINT('',(-4.,-4.,0.21));
#566 = VECTOR('',#567,1.);
#567 = DIRECTION('',(-0.,1.,0.));
#568 = PCURVE('',#536,#569);
#569 = DEFINITIONAL_REPRESENTATION('',(#570),#574);
#570 = LINE('',#571,#572);
#571 = CARTESIAN_POINT('',(0.,0.));
#572 = VECTOR('',#573,1.);
#573 = DIRECTION('',(0.,-1.));
#574 = ( GEOMETRIC_REPRESENTATION_CONTEXT(2) 
PARAMETRIC_REPRESENTATION_CONTEXT() REPRESENTATION_CONTEXT('2D SPACE',''
  ) );
#575 = PCURVE('',#576,#581);
#576 = PLANE('',#577);
#577 = AXIS2_PLACEMENT_3D('',#578,#579,#580);
#578 = CARTESIAN_POINT('',(-4.,-4.,0.21));
#579 = DIRECTION('',(0.,0.,1.));
#580 = DIRECTION('',(1.,0.,-0.));
#581 = DEFINITIONAL_REPRESENTATION('',(#582),#586);
#582 = LINE('',#583,#584);
#583 = CARTESIAN_POINT('',(0.,0.));
#584 = VECTOR('',#585,1.);
#585 = DIRECTION('',(0.,1.));
#586 = ( GEOMETRIC_REPRESENTATION_CONTEXT(2) 
PARAMETRIC_REPRESENTATION_CONTEXT() REPRESENTATION_CONTEXT('2D SPACE',''
  ) );
#587 = ORIENTED_EDGE('',*,*,#588,.T.);
#588 = EDGE_CURVE('',#561,#589,#591,.T.);
#589 = VERTEX_POINT('',#590);
#590 = CARTESIAN_POINT('',(-4.,4.,0.36));
#591 = SURFACE_CURVE('',#592,(#596,#603),.PCURVE_S1.);
#592 = LINE('',#593,#594);
#593 = CARTESIAN_POINT('',(-4.,4.,0.21));
#594 = VECTOR('',#595,1.);
#595 = DIRECTION('',(0.,0.,1.));
#596 = PCURVE('',#536,#597);
#597 = DEFINITIONAL_REPRESENTATION('',(#598),#602);
#598 = LINE('',#599,#600);
#599 = CARTESIAN_POINT('',(0.,-8.));
#600 = VECTOR('',#601,1.);
#601 = DIRECTION('',(1.,0.));
#602 = ( GEOMETRIC_REPRESENTATION_CONTEXT(2) 
PARAMETRIC_REPRESENTATION_CONTEXT() REPRESENTATION_CONTEXT('2D SPACE',''
  ) );
#603 = PCURVE('',#604,#609);
#604 = PLANE('',#605);
#605 = AXIS2_PLACEMENT_3D('',#606,#607,#608);
#606 = CARTESIAN_POINT('',(-4.,4.,0.21));
#607 = DIRECTION('',(-0.,1.,0.));
#608 = DIRECTION('',(0.,0.,1.));
#609 = DEFINITIONAL_REPRESENTATION('',(#610),#614);
#610 = LINE('',#611,#612);
#611 = CARTESIAN_POINT('',(0.,0.));
#612 = VECTOR('',#613,1.);
#613 = DIRECTION('',(1.,0.));
#614 = ( GEOMETRIC_REPRESENTATION_CONTEXT(2) 
PARAMETRIC_REPRESENTATION_CONTEXT() REPRESENTATION_CONTEXT('2D SPACE',''
  ) );
#615 = ORIENTED_EDGE('',*,*,#616,.F.);
#616 = EDGE_CURVE('',#528,#589,#617,.T.);
#617 = SURFACE_CURVE('',#618,(#622,#629),.PCURVE_S1.);
#618 = LINE('',#619,#620);
#619 = CARTESIAN_POINT('',(-4.,-4.,0.36));
#620 = VECTOR('',#621,1.);
#621 = DIRECTION('',(-0.,1.,0.));
#622 = PCURVE('',#536,#623);
#623 = DEFINITIONAL_REPRESENTATION('',(#624),#628);
#624 = LINE('',#625,#626);
#625 = CARTESIAN_POINT('',(0.15,0.));
#626 = VECTOR('',#627,1.);
#627 = DIRECTION('',(0.,-1.));
#628 = ( GEOMETRIC_REPRESENTATION_CONTEXT(2) 
PARAMETRIC_REPRESENTATION_CONTEXT() REPRESENTATION_CONTEXT('2D SPACE',''
  ) );
#629 = PCURVE('',#630,#635);
#630 = PLANE('',#631);
#631 = AXIS2_PLACEMENT_3D('',#632,#633,#634);
#632 = CARTESIAN_POINT('',(-4.,-4.,0.36));
#633 = DIRECTION('',(0.,0.,1.));
#634 = DIRECTION('',(1.,0.,-0.));
#635 = DEFINITIONAL_REPRESENTATION('',(#636),#640);
#636 = LINE('',#637,#638);
#637 = CARTESIAN_POINT('',(0.,0.));
#638 = VECTOR('',#639,1.);
#639 = DIRECTION('',(0.,1.));
#640 = ( GEOMETRIC_REPRESENTATION_CONTEXT(2) 
PARAMETRIC_REPRESENTATION_CONTEXT() REPRESENTATION_CONTEXT('2D SPACE',''
  ) );
#641 = ADVANCED_FACE('',(#642),#656,.T.);
#642 = FACE_BOUND('',#643,.T.);
#643 = EDGE_LOOP('',(#644,#674,#697,#720));
#644 = ORIENTED_EDGE('',*,*,#645,.F.);
#645 = EDGE_CURVE('',#646,#648,#650,.T.);
#646 = VERTEX_POINT('',#647);
#647 = CARTESIAN_POINT('',(4.,-4.,0.21));
#648 = VERTEX_POINT('',#649);
#649 = CARTESIAN_POINT('',(4.,-4.,0.36));
#650 = SURFACE_CURVE('',#651,(#655,#667),.PCURVE_S1.);
#651 = LINE('',#652,#653);
#652 = CARTESIAN_POINT('',(4.,-4.,0.21));
#653 = VECTOR('',#654,1.);
#654 = DIRECTION('',(0.,0.,1.));
#655 = PCURVE('',#656,#661);
#656 = PLANE('',#657);
#657 = AXIS2_PLACEMENT_3D('',#658,#659,#660);
#658 = CARTESIAN_POINT('',(4.,-4.,0.21));
#659 = DIRECTION('',(1.,0.,-0.));
#660 = DIRECTION('',(0.,0.,1.));
#661 = DEFINITIONAL_REPRESENTATION('',(#662),#666);
#662 = LINE('',#663,#664);
#663 = CARTESIAN_POINT('',(0.,0.));
#664 = VECTOR('',#665,1.);
#665 = DIRECTION('',(1.,0.));
#666 = ( GEOMETRIC_REPRESENTATION_CONTEXT(2) 
PARAMETRIC_REPRESENTATION_CONTEXT() REPRESENTATION_CONTEXT('2D SPACE',''
  ) );
#667 = PCURVE('',#548,#668);
#668 = DEFINITIONAL_REPRESENTATION('',(#669),#673);
#669 = LINE('',#670,#671);
#670 = CARTESIAN_POINT('',(0.,8.));
#671 = VECTOR('',#672,1.);
#672 = DIRECTION('',(1.,0.));
#673 = ( GEOMETRIC_REPRESENTATION_CONTEXT(2) 
PARAMETRIC_REPRESENTATION_CONTEXT() REPRESENTATION_CONTEXT('2D SPACE',''
  ) );
#674 = ORIENTED_EDGE('',*,*,#675,.T.);
#675 = EDGE_CURVE('',#646,#676,#678,.T.);
#676 = VERTEX_POINT('',#677);
#677 = CARTESIAN_POINT('',(4.,4.,0.21));
#678 = SURFACE_CURVE('',#679,(#683,#690),.PCURVE_S1.);
#679 = LINE('',#680,#681);
#680 = CARTESIAN_POINT('',(4.,-4.,0.21));
#681 = VECTOR('',#682,1.);
#682 = DIRECTION('',(-0.,1.,0.));
#683 = PCURVE('',#656,#684);
#684 = DEFINITIONAL_REPRESENTATION('',(#685),#689);
#685 = LINE('',#686,#687);
#686 = CARTESIAN_POINT('',(0.,0.));
#687 = VECTOR('',#688,1.);
#688 = DIRECTION('',(0.,-1.));
#689 = ( GEOMETRIC_REPRESENTATION_CONTEXT(2) 
PARAMETRIC_REPRESENTATION_CONTEXT() REPRESENTATION_CONTEXT('2D SPACE',''
  ) );
#690 = PCURVE('',#576,#691);
#691 = DEFINITIONAL_REPRESENTATION('',(#692),#696);
#692 = LINE('',#693,#694);
#693 = CARTESIAN_POINT('',(8.,0.));
#694 = VECTOR('',#695,1.);
#695 = DIRECTION('',(0.,1.));
#696 = ( GEOMETRIC_REPRESENTATION_CONTEXT(2) 
PARAMETRIC_REPRESENTATION_CONTEXT() REPRESENTATION_CONTEXT('2D SPACE',''
  ) );
#697 = ORIENTED_EDGE('',*,*,#698,.T.);
#698 = EDGE_CURVE('',#676,#699,#701,.T.);
#699 = VERTEX_POINT('',#700);
#700 = CARTESIAN_POINT('',(4.,4.,0.36));
#701 = SURFACE_CURVE('',#702,(#706,#713),.PCURVE_S1.);
#702 = LINE('',#703,#704);
#703 = CARTESIAN_POINT('',(4.,4.,0.21));
#704 = VECTOR('',#705,1.);
#705 = DIRECTION('',(0.,0.,1.));
#706 = PCURVE('',#656,#707);
#707 = DEFINITIONAL_REPRESENTATION('',(#708),#712);
#708 = LINE('',#709,#710);
#709 = CARTESIAN_POINT('',(0.,-8.));
#710 = VECTOR('',#711,1.);
#711 = DIRECTION('',(1.,0.));
#712 = ( GEOMETRIC_REPRESENTATION_CONTEXT(2) 
PARAMETRIC_REPRESENTATION_CONTEXT() REPRESENTATION_CONTEXT('2D SPACE',''
  ) );
#713 = PCURVE('',#604,#714);
#714 = DEFINITIONAL_REPRESENTATION('',(#715),#719);
#715 = LINE('',#716,#717);
#716 = CARTESIAN_POINT('',(0.,8.));
#717 = VECTOR('',#718,1.);
#718 = DIRECTION('',(1.,0.));
#719 = ( GEOMETRIC_REPRESENTATION_CONTEXT(2) 
PARAMETRIC_REPRESENTATION_CONTEXT() REPRESENTATION_CONTEXT('2D SPACE',''
  ) );
#720 = ORIENTED_EDGE('',*,*,#721,.F.);
#721 = EDGE_CURVE('',#648,#699,#722,.T.);
#722 = SURFACE_CURVE('',#723,(#727,#734),.PCURVE_S1.);
#723 = LINE('',#724,#725);
#724 = CARTESIAN_POINT('',(4.,-4.,0.36));
#725 = VECTOR('',#726,1.);
#726 = DIRECTION('',(-0.,1.,0.));
#727 = PCURVE('',#656,#728);
#728 = DEFINITIONAL_REPRESENTATION('',(#729),#733);
#729 = LINE('',#730,#731);
#730 = CARTESIAN_POINT('',(0.15,0.));
#731 = VECTOR('',#732,1.);
#732 = DIRECTION('',(0.,-1.));
#733 = ( GEOMETRIC_REPRESENTATION_CONTEXT(2) 
PARAMETRIC_REPRESENTATION_CONTEXT() REPRESENTATION_CONTEXT('2D SPACE',''
  ) );
#734 = PCURVE('',#630,#735);
#735 = DEFINITIONAL_REPRESENTATION('',(#736),#740);
#736 = LINE('',#737,#738);
#737 = CARTESIAN_POINT('',(8.,0.));
#738 = VECTOR('',#739,1.);
#739 = DIRECTION('',(0.,1.));
#740 = ( GEOMETRIC_REPRESENTATION_CONTEXT(2) 
PARAMETRIC_REPRESENTATION_CONTEXT() REPRESENTATION_CONTEXT('2D SPACE',''
  ) );
#741 = ADVANCED_FACE('',(#742),#548,.F.);
#742 = FACE_BOUND('',#743,.F.);
#743 = EDGE_LOOP('',(#744,#765,#766,#787));
#744 = ORIENTED_EDGE('',*,*,#745,.F.);
#745 = EDGE_CURVE('',#526,#646,#746,.T.);
#746 = SURFACE_CURVE('',#747,(#751,#758),.PCURVE_S1.);
#747 = LINE('',#748,#749);
#748 = CARTESIAN_POINT('',(-4.,-4.,0.21));
#749 = VECTOR('',#750,1.);
#750 = DIRECTION('',(1.,0.,-0.));
#751 = PCURVE('',#548,#752);
#752 = DEFINITIONAL_REPRESENTATION('',(#753),#757);
#753 = LINE('',#754,#755);
#754 = CARTESIAN_POINT('',(0.,0.));
#755 = VECTOR('',#756,1.);
#756 = DIRECTION('',(0.,1.));
#757 = ( GEOMETRIC_REPRESENTATION_CONTEXT(2) 
PARAMETRIC_REPRESENTATION_CONTEXT() REPRESENTATION_CONTEXT('2D SPACE',''
  ) );
#758 = PCURVE('',#576,#759);
#759 = DEFINITIONAL_REPRESENTATION('',(#760),#764);
#760 = LINE('',#761,#762);
#761 = CARTESIAN_POINT('',(0.,0.));
#762 = VECTOR('',#763,1.);
#763 = DIRECTION('',(1.,0.));
#764 = ( GEOMETRIC_REPRESENTATION_CONTEXT(2) 
PARAMETRIC_REPRESENTATION_CONTEXT() REPRESENTATION_CONTEXT('2D SPACE',''
  ) );
#765 = ORIENTED_EDGE('',*,*,#525,.T.);
#766 = ORIENTED_EDGE('',*,*,#767,.T.);
#767 = EDGE_CURVE('',#528,#648,#768,.T.);
#768 = SURFACE_CURVE('',#769,(#773,#780),.PCURVE_S1.);
#769 = LINE('',#770,#771);
#770 = CARTESIAN_POINT('',(-4.,-4.,0.36));
#771 = VECTOR('',#772,1.);
#772 = DIRECTION('',(1.,0.,-0.));
#773 = PCURVE('',#548,#774);
#774 = DEFINITIONAL_REPRESENTATION('',(#775),#779);
#775 = LINE('',#776,#777);
#776 = CARTESIAN_POINT('',(0.15,0.));
#777 = VECTOR('',#778,1.);
#778 = DIRECTION('',(0.,1.));
#779 = ( GEOMETRIC_REPRESENTATION_CONTEXT(2) 
PARAMETRIC_REPRESENTATION_CONTEXT() REPRESENTATION_CONTEXT('2D SPACE',''
  ) );
#780 = PCURVE('',#630,#781);
#781 = DEFINITIONAL_REPRESENTATION('',(#782),#786);
#782 = LINE('',#783,#784);
#783 = CARTESIAN_POINT('',(0.,0.));
#784 = VECTOR('',#785,1.);
#785 = DIRECTION('',(1.,0.));
#786 = ( GEOMETRIC_REPRESENTATION_CONTEXT(2) 
PARAMETRIC_REPRESENTATION_CONTEXT() REPRESENTATION_CONTEXT('2D SPACE',''
  ) );
#787 = ORIENTED_EDGE('',*,*,#645,.F.);
#788 = ADVANCED_FACE('',(#789),#604,.T.);
#789 = FACE_BOUND('',#790,.T.);
#790 = EDGE_LOOP('',(#791,#812,#813,#834));
#791 = ORIENTED_EDGE('',*,*,#792,.F.);
#792 = EDGE_CURVE('',#561,#676,#793,.T.);
#793 = SURFACE_CURVE('',#794,(#798,#805),.PCURVE_S1.);
#794 = LINE('',#795,#796);
#795 = CARTESIAN_POINT('',(-4.,4.,0.21));
#796 = VECTOR('',#797,1.);
#797 = DIRECTION('',(1.,0.,-0.));
#798 = PCURVE('',#604,#799);
#799 = DEFINITIONAL_REPRESENTATION('',(#800),#804);
#800 = LINE('',#801,#802);
#801 = CARTESIAN_POINT('',(0.,0.));
#802 = VECTOR('',#803,1.);
#803 = DIRECTION('',(0.,1.));
#804 = ( GEOMETRIC_REPRESENTATION_CONTEXT(2) 
PARAMETRIC_REPRESENTATION_CONTEXT() REPRESENTATION_CONTEXT('2D SPACE',''
  ) );
#805 = PCURVE('',#576,#806);
#806 = DEFINITIONAL_REPRESENTATION('',(#807),#811);
#807 = LINE('',#808,#809);
#808 = CARTESIAN_POINT('',(0.,8.));
#809 = VECTOR('',#810,1.);
#810 = DIRECTION('',(1.,0.));
#811 = ( GEOMETRIC_REPRESENTATION_CONTEXT(2) 
PARAMETRIC_REPRESENTATION_CONTEXT() REPRESENTATION_CONTEXT('2D SPACE',''
  ) );
#812 = ORIENTED_EDGE('',*,*,#588,.T.);
#813 = ORIENTED_EDGE('',*,*,#814,.T.);
#814 = EDGE_CURVE('',#589,#699,#815,.T.);
#815 = SURFACE_CURVE('',#816,(#820,#827),.PCURVE_S1.);
#816 = LINE('',#817,#818);
#817 = CARTESIAN_POINT('',(-4.,4.,0.36));
#818 = VECTOR('',#819,1.);
#819 = DIRECTION('',(1.,0.,-0.));
#820 = PCURVE('',#604,#821);
#821 = DEFINITIONAL_REPRESENTATION('',(#822),#826);
#822 = LINE('',#823,#824);
#823 = CARTESIAN_POINT('',(0.15,0.));
#824 = VECTOR('',#825,1.);
#825 = DIRECTION('',(0.,1.));
#826 = ( GEOMETRIC_REPRESENTATION_CONTEXT(2) 
PARAMETRIC_REPRESENTATION_CONTEXT() REPRESENTATION_CONTEXT('2D SPACE',''
  ) );
#827 = PCURVE('',#630,#828);
#828 = DEFINITIONAL_REPRESENTATION('',(#829),#833);
#829 = LINE('',#830,#831);
#830 = CARTESIAN_POINT('',(0.,8.));
#831 = VECTOR('',#832,1.);
#832 = DIRECTION('',(1.,0.));
#833 = ( GEOMETRIC_REPRESENTATION_CONTEXT(2) 
PARAMETRIC_REPRESENTATION_CONTEXT() REPRESENTATION_CONTEXT('2D SPACE',''
  ) );
#834 = ORIENTED_EDGE('',*,*,#698,.F.);
#835 = ADVANCED_FACE('',(#836),#576,.F.);
#836 = FACE_BOUND('',#837,.F.);
#837 = EDGE_LOOP('',(#838,#839,#840,#841));
#838 = ORIENTED_EDGE('',*,*,#560,.F.);
#839 = ORIENTED_EDGE('',*,*,#745,.T.);
#840 = ORIENTED_EDGE('',*,*,#675,.T.);
#841 = ORIENTED_EDGE('',*,*,#792,.F.);
#842 = ADVANCED_FACE('',(#843),#630,.T.);
#843 = FACE_BOUND('',#844,.T.);
#844 = EDGE_LOOP('',(#845,#846,#847,#848));
#845 = ORIENTED_EDGE('',*,*,#616,.F.);
#846 = ORIENTED_EDGE('',*,*,#767,.T.);
#847 = ORIENTED_EDGE('',*,*,#721,.T.);
#848 = ORIENTED_EDGE('',*,*,#814,.F.);
#849 = ( GEOMETRIC_REPRESENTATION_CONTEXT(3) 
GLOBAL_UNCERTAINTY_ASSIGNED_CONTEXT((#853)) GLOBAL_UNIT_ASSIGNED_CONTEXT
((#850,#851,#852)) REPRESENTATION_CONTEXT('Context #1',
  '3D Context with UNIT and UNCERTAINTY') );
#850 = ( LENGTH_UNIT() NAMED_UNIT(*) SI_UNIT(.MILLI.,.METRE.) );
#851 = ( NAMED_UNIT(*) PLANE_ANGLE_UNIT() SI_UNIT($,.RADIAN.) );
#852 = ( NAMED_UNIT(*) SI_UNIT($,.STERADIAN.) SOLID_ANGLE_UNIT() );
#853 = UNCERTAINTY_MEASURE_WITH_UNIT(LENGTH_MEASURE(1.E-07),#850,
  'distance_accuracy_value','confusion accuracy');
#854 = PRODUCT_RELATED_PRODUCT_CATEGORY('part',$,(#515));
#855 = SHAPE_DEFINITION_REPRESENTATION(#856,#862);
#856 = PRODUCT_DEFINITION_SHAPE('','',#857);
#857 = PRODUCT_DEFINITION('design','',#858,#861);
#858 = PRODUCT_DEFINITION_FORMATION('','',#859);
#859 = PRODUCT('balls','balls','',(#860));
#860 = PRODUCT_CONTEXT('',#2,'mechanical');
#861 = PRODUCT_DEFINITION_CONTEXT('part definition',#2,'design');
#862 = SHAPE_REPRESENTATION('',(#11,#863,#875,#887,#899,#911,#923,#935,
    #947,#959,#971,#983,#995,#1007,#1019,#1031,#1043,#1055,#1067,#1079,
    #1091,#1103,#1115,#1127,#1139,#1151,#1163,#1175,#1187,#1199,#1211,
    #1223,#1235,#1247,#1259,#1271,#1283,#1295,#1307,#1319,#1331,#1343,
    #1355,#1367,#1379,#1391,#1403,#1415,#1427,#1439,#1451,#1463,#1475,
    #1487,#1499,#1511,#1523,#1535,#1547,#1559,#1571,#1583,#1595,#1607,
    #1619,#1631,#1643,#1655,#1667,#1679,#1691,#1703,#1715,#1727,#1739,
    #1751,#1763,#1775,#1787,#1799,#1811,#1823,#1835,#1847,#1859,#1871,
    #1883,#1895,#1907,#1919,#1931,#1943,#1955,#1967,#1979,#1991,#2003,
    #2015,#2027,#2039,#2051,#2063,#2075,#2087,#2099,#2111,#2123,#2135,
    #2147,#2159,#2171,#2183,#2195,#2207,#2219,#2231,#2243,#2255,#2267,
    #2279,#2291,#2303,#2315,#2327,#2339,#2351,#2363,#2375,#2387,#2399,
    #2411,#2423,#2435,#2447,#2459,#2471,#2483,#2495,#2507,#2519,#2531,
    #2543,#2555,#2567,#2579,#2591),#2603);
#863 = MANIFOLD_SOLID_BREP('',#864);
#864 = CLOSED_SHELL('',(#865));
#865 = ADVANCED_FACE('',(#866),#870,.T.);
#866 = FACE_BOUND('',#867,.T.);
#867 = VERTEX_LOOP('',#868);
#868 = VERTEX_POINT('',#869);
#869 = CARTESIAN_POINT('',(3.5,-3.5,0.));
#870 = SPHERICAL_SURFACE('',#871,0.155);
#871 = AXIS2_PLACEMENT_3D('',#872,#873,#874);
#872 = CARTESIAN_POINT('',(3.5,-3.5,0.155));
#873 = DIRECTION('',(0.,0.,1.));
#874 = DIRECTION('',(1.,0.,-0.));
#875 = MANIFOLD_SOLID_BREP('',#876);
#876 = CLOSED_SHELL('',(#877));
#877 = ADVANCED_FACE('',(#878),#882,.T.);
#878 = FACE_BOUND('',#879,.T.);
#879 = VERTEX_LOOP('',#880);
#880 = VERTEX_POINT('',#881);
#881 = CARTESIAN_POINT('',(3.,-3.5,0.));
#882 = SPHERICAL_SURFACE('',#883,0.155);
#883 = AXIS2_PLACEMENT_3D('',#884,#885,#886);
#884 = CARTESIAN_POINT('',(3.,-3.5,0.155));
#885 = DIRECTION('',(0.,0.,1.));
#886 = DIRECTION('',(1.,0.,-0.));
#887 = MANIFOLD_SOLID_BREP('',#888);
#888 = CLOSED_SHELL('',(#889));
#889 = ADVANCED_FACE('',(#890),#894,.T.);
#890 = FACE_BOUND('',#891,.T.);
#891 = VERTEX_LOOP('',#892);
#892 = VERTEX_POINT('',#893);
#893 = CARTESIAN_POINT('',(2.5,-3.5,0.));
#894 = SPHERICAL_SURFACE('',#895,0.155);
#895 = AXIS2_PLACEMENT_3D('',#896,#897,#898);
#896 = CARTESIAN_POINT('',(2.5,-3.5,0.155));
#897 = DIRECTION('',(0.,0.,1.));
#898 = DIRECTION('',(1.,0.,-0.));
#899 = MANIFOLD_SOLID_BREP('',#900);
#900 = CLOSED_SHELL('',(#901));
#901 = ADVANCED_FACE('',(#902),#906,.T.);
#902 = FACE_BOUND('',#903,.T.);
#903 = VERTEX_LOOP('',#904);
#904 = VERTEX_POINT('',#905);
#905 = CARTESIAN_POINT('',(2.,-3.5,0.));
#906 = SPHERICAL_SURFACE('',#907,0.155);
#907 = AXIS2_PLACEMENT_3D('',#908,#909,#910);
#908 = CARTESIAN_POINT('',(2.,-3.5,0.155));
#909 = DIRECTION('',(0.,0.,1.));
#910 = DIRECTION('',(1.,0.,-0.));
#911 = MANIFOLD_SOLID_BREP('',#912);
#912 = CLOSED_SHELL('',(#913));
#913 = ADVANCED_FACE('',(#914),#918,.T.);
#914 = FACE_BOUND('',#915,.T.);
#915 = VERTEX_LOOP('',#916);
#916 = VERTEX_POINT('',#917);
#917 = CARTESIAN_POINT('',(1.5,-3.5,0.));
#918 = SPHERICAL_SURFACE('',#919,0.155);
#919 = AXIS2_PLACEMENT_3D('',#920,#921,#922);
#920 = CARTESIAN_POINT('',(1.5,-3.5,0.155));
#921 = DIRECTION('',(0.,0.,1.));
#922 = DIRECTION('',(1.,0.,-0.));
#923 = MANIFOLD_SOLID_BREP('',#924);
#924 = CLOSED_SHELL('',(#925));
#925 = ADVANCED_FACE('',(#926),#930,.T.);
#926 = FACE_BOUND('',#927,.T.);
#927 = VERTEX_LOOP('',#928);
#928 = VERTEX_POINT('',#929);
#929 = CARTESIAN_POINT('',(1.,-3.5,0.));
#930 = SPHERICAL_SURFACE('',#931,0.155);
#931 = AXIS2_PLACEMENT_3D('',#932,#933,#934);
#932 = CARTESIAN_POINT('',(1.,-3.5,0.155));
#933 = DIRECTION('',(0.,0.,1.));
#934 = DIRECTION('',(1.,0.,-0.));
#935 = MANIFOLD_SOLID_BREP('',#936);
#936 = CLOSED_SHELL('',(#937));
#937 = ADVANCED_FACE('',(#938),#942,.T.);
#938 = FACE_BOUND('',#939,.T.);
#939 = VERTEX_LOOP('',#940);
#940 = VERTEX_POINT('',#941);
#941 = CARTESIAN_POINT('',(0.5,-3.5,0.));
#942 = SPHERICAL_SURFACE('',#943,0.155);
#943 = AXIS2_PLACEMENT_3D('',#944,#945,#946);
#944 = CARTESIAN_POINT('',(0.5,-3.5,0.155));
#945 = DIRECTION('',(0.,0.,1.));
#946 = DIRECTION('',(1.,0.,-0.));
#947 = MANIFOLD_SOLID_BREP('',#948);
#948 = CLOSED_SHELL('',(#949));
#949 = ADVANCED_FACE('',(#950),#954,.T.);
#950 = FACE_BOUND('',#951,.T.);
#951 = VERTEX_LOOP('',#952);
#952 = VERTEX_POINT('',#953);
#953 = CARTESIAN_POINT('',(9.491012693392E-18,-3.5,0.));
#954 = SPHERICAL_SURFACE('',#955,0.155);
#955 = AXIS2_PLACEMENT_3D('',#956,#957,#958);
#956 = CARTESIAN_POINT('',(0.,-3.5,0.155));
#957 = DIRECTION('',(0.,0.,1.));
#958 = DIRECTION('',(1.,0.,-0.));
#959 = MANIFOLD_SOLID_BREP('',#960);
#960 = CLOSED_SHELL('',(#961));
#961 = ADVANCED_FACE('',(#962),#966,.T.);
#962 = FACE_BOUND('',#963,.T.);
#963 = VERTEX_LOOP('',#964);
#964 = VERTEX_POINT('',#965);
#965 = CARTESIAN_POINT('',(-0.5,-3.5,0.));
#966 = SPHERICAL_SURFACE('',#967,0.155);
#967 = AXIS2_PLACEMENT_3D('',#968,#969,#970);
#968 = CARTESIAN_POINT('',(-0.5,-3.5,0.155));
#969 = DIRECTION('',(0.,0.,1.));
#970 = DIRECTION('',(1.,0.,-0.));
#971 = MANIFOLD_SOLID_BREP('',#972);
#972 = CLOSED_SHELL('',(#973));
#973 = ADVANCED_FACE('',(#974),#978,.T.);
#974 = FACE_BOUND('',#975,.T.);
#975 = VERTEX_LOOP('',#976);
#976 = VERTEX_POINT('',#977);
#977 = CARTESIAN_POINT('',(-1.,-3.5,0.));
#978 = SPHERICAL_SURFACE('',#979,0.155);
#979 = AXIS2_PLACEMENT_3D('',#980,#981,#982);
#980 = CARTESIAN_POINT('',(-1.,-3.5,0.155));
#981 = DIRECTION('',(0.,0.,1.));
#982 = DIRECTION('',(1.,0.,-0.));
#983 = MANIFOLD_SOLID_BREP('',#984);
#984 = CLOSED_SHELL('',(#985));
#985 = ADVANCED_FACE('',(#986),#990,.T.);
#986 = FACE_BOUND('',#987,.T.);
#987 = VERTEX_LOOP('',#988);
#988 = VERTEX_POINT('',#989);
#989 = CARTESIAN_POINT('',(-1.5,-3.5,0.));
#990 = SPHERICAL_SURFACE('',#991,0.155);
#991 = AXIS2_PLACEMENT_3D('',#992,#993,#994);
#992 = CARTESIAN_POINT('',(-1.5,-3.5,0.155));
#993 = DIRECTION('',(0.,0.,1.));
#994 = DIRECTION('',(1.,0.,-0.));
#995 = MANIFOLD_SOLID_BREP('',#996);
#996 = CLOSED_SHELL('',(#997));
#997 = ADVANCED_FACE('',(#998),#1002,.T.);
#998 = FACE_BOUND('',#999,.T.);
#999 = VERTEX_LOOP('',#1000);
#1000 = VERTEX_POINT('',#1001);
#1001 = CARTESIAN_POINT('',(-2.,-3.5,0.));
#1002 = SPHERICAL_SURFACE('',#1003,0.155);
#1003 = AXIS2_PLACEMENT_3D('',#1004,#1005,#1006);
#1004 = CARTESIAN_POINT('',(-2.,-3.5,0.155));
#1005 = DIRECTION('',(0.,0.,1.));
#1006 = DIRECTION('',(1.,0.,-0.));
#1007 = MANIFOLD_SOLID_BREP('',#1008);
#1008 = CLOSED_SHELL('',(#1009));
#1009 = ADVANCED_FACE('',(#1010),#1014,.T.);
#1010 = FACE_BOUND('',#1011,.T.);
#1011 = VERTEX_LOOP('',#1012);
#1012 = VERTEX_POINT('',#1013);
#1013 = CARTESIAN_POINT('',(-2.5,-3.5,0.));
#1014 = SPHERICAL_SURFACE('',#1015,0.155);
#1015 = AXIS2_PLACEMENT_3D('',#1016,#1017,#1018);
#1016 = CARTESIAN_POINT('',(-2.5,-3.5,0.155));
#1017 = DIRECTION('',(0.,0.,1.));
#1018 = DIRECTION('',(1.,0.,-0.));
#1019 = MANIFOLD_SOLID_BREP('',#1020);
#1020 = CLOSED_SHELL('',(#1021));
#1021 = ADVANCED_FACE('',(#1022),#1026,.T.);
#1022 = FACE_BOUND('',#1023,.T.);
#1023 = VERTEX_LOOP('',#1024);
#1024 = VERTEX_POINT('',#1025);
#1025 = CARTESIAN_POINT('',(-3.,-3.5,0.));
#1026 = SPHERICAL_SURFACE('',#1027,0.155);
#1027 = AXIS2_PLACEMENT_3D('',#1028,#1029,#1030);
#1028 = CARTESIAN_POINT('',(-3.,-3.5,0.155));
#1029 = DIRECTION('',(0.,0.,1.));
#1030 = DIRECTION('',(1.,0.,-0.));
#1031 = MANIFOLD_SOLID_BREP('',#1032);
#1032 = CLOSED_SHELL('',(#1033));
#1033 = ADVANCED_FACE('',(#1034),#1038,.T.);
#1034 = FACE_BOUND('',#1035,.T.);
#1035 = VERTEX_LOOP('',#1036);
#1036 = VERTEX_POINT('',#1037);
#1037 = CARTESIAN_POINT('',(-3.5,-3.5,0.));
#1038 = SPHERICAL_SURFACE('',#1039,0.155);
#1039 = AXIS2_PLACEMENT_3D('',#1040,#1041,#1042);
#1040 = CARTESIAN_POINT('',(-3.5,-3.5,0.155));
#1041 = DIRECTION('',(0.,0.,1.));
#1042 = DIRECTION('',(1.,0.,-0.));
#1043 = MANIFOLD_SOLID_BREP('',#1044);
#1044 = CLOSED_SHELL('',(#1045));
#1045 = ADVANCED_FACE('',(#1046),#1050,.T.);
#1046 = FACE_BOUND('',#1047,.T.);
#1047 = VERTEX_LOOP('',#1048);
#1048 = VERTEX_POINT('',#1049);
#1049 = CARTESIAN_POINT('',(3.5,-3.,0.));
#1050 = SPHERICAL_SURFACE('',#1051,0.155);
#1051 = AXIS2_PLACEMENT_3D('',#1052,#1053,#1054);
#1052 = CARTESIAN_POINT('',(3.5,-3.,0.155));
#1053 = DIRECTION('',(0.,0.,1.));
#1054 = DIRECTION('',(1.,0.,-0.));
#1055 = MANIFOLD_SOLID_BREP('',#1056);
#1056 = CLOSED_SHELL('',(#1057));
#1057 = ADVANCED_FACE('',(#1058),#1062,.T.);
#1058 = FACE_BOUND('',#1059,.T.);
#1059 = VERTEX_LOOP('',#1060);
#1060 = VERTEX_POINT('',#1061);
#1061 = CARTESIAN_POINT('',(3.,-3.,0.));
#1062 = SPHERICAL_SURFACE('',#1063,0.155);
#1063 = AXIS2_PLACEMENT_3D('',#1064,#1065,#1066);
#1064 = CARTESIAN_POINT('',(3.,-3.,0.155));
#1065 = DIRECTION('',(0.,0.,1.));
#1066 = DIRECTION('',(1.,0.,-0.));
#1067 = MANIFOLD_SOLID_BREP('',#1068);
#1068 = CLOSED_SHELL('',(#1069));
#1069 = ADVANCED_FACE('',(#1070),#1074,.T.);
#1070 = FACE_BOUND('',#1071,.T.);
#1071 = VERTEX_LOOP('',#1072);
#1072 = VERTEX_POINT('',#1073);
#1073 = CARTESIAN_POINT('',(2.5,-3.,0.));
#1074 = SPHERICAL_SURFACE('',#1075,0.155);
#1075 = AXIS2_PLACEMENT_3D('',#1076,#1077,#1078);
#1076 = CARTESIAN_POINT('',(2.5,-3.,0.155));
#1077 = DIRECTION('',(0.,0.,1.));
#1078 = DIRECTION('',(1.,0.,-0.));
#1079 = MANIFOLD_SOLID_BREP('',#1080);
#1080 = CLOSED_SHELL('',(#1081));
#1081 = ADVANCED_FACE('',(#1082),#1086,.T.);
#1082 = FACE_BOUND('',#1083,.T.);
#1083 = VERTEX_LOOP('',#1084);
#1084 = VERTEX_POINT('',#1085);
#1085 = CARTESIAN_POINT('',(2.,-3.,0.));
#1086 = SPHERICAL_SURFACE('',#1087,0.155);
#1087 = AXIS2_PLACEMENT_3D('',#1088,#1089,#1090);
#1088 = CARTESIAN_POINT('',(2.,-3.,0.155));
#1089 = DIRECTION('',(0.,0.,1.));
#1090 = DIRECTION('',(1.,0.,-0.));
#1091 = MANIFOLD_SOLID_BREP('',#1092);
#1092 = CLOSED_SHELL('',(#1093));
#1093 = ADVANCED_FACE('',(#1094),#1098,.T.);
#1094 = FACE_BOUND('',#1095,.T.);
#1095 = VERTEX_LOOP('',#1096);
#1096 = VERTEX_POINT('',#1097);
#1097 = CARTESIAN_POINT('',(1.5,-3.,0.));
#1098 = SPHERICAL_SURFACE('',#1099,0.155);
#1099 = AXIS2_PLACEMENT_3D('',#1100,#1101,#1102);
#1100 = CARTESIAN_POINT('',(1.5,-3.,0.155));
#1101 = DIRECTION('',(0.,0.,1.));
#1102 = DIRECTION('',(1.,0.,-0.));
#1103 = MANIFOLD_SOLID_BREP('',#1104);
#1104 = CLOSED_SHELL('',(#1105));
#1105 = ADVANCED_FACE('',(#1106),#1110,.T.);
#1106 = FACE_BOUND('',#1107,.T.);
#1107 = VERTEX_LOOP('',#1108);
#1108 = VERTEX_POINT('',#1109);
#1109 = CARTESIAN_POINT('',(1.,-3.,0.));
#1110 = SPHERICAL_SURFACE('',#1111,0.155);
#1111 = AXIS2_PLACEMENT_3D('',#1112,#1113,#1114);
#1112 = CARTESIAN_POINT('',(1.,-3.,0.155));
#1113 = DIRECTION('',(0.,0.,1.));
#1114 = DIRECTION('',(1.,0.,-0.));
#1115 = MANIFOLD_SOLID_BREP('',#1116);
#1116 = CLOSED_SHELL('',(#1117));
#1117 = ADVANCED_FACE('',(#1118),#1122,.T.);
#1118 = FACE_BOUND('',#1119,.T.);
#1119 = VERTEX_LOOP('',#1120);
#1120 = VERTEX_POINT('',#1121);
#1121 = CARTESIAN_POINT('',(0.5,-3.,0.));
#1122 = SPHERICAL_SURFACE('',#1123,0.155);
#1123 = AXIS2_PLACEMENT_3D('',#1124,#1125,#1126);
#1124 = CARTESIAN_POINT('',(0.5,-3.,0.155));
#1125 = DIRECTION('',(0.,0.,1.));
#1126 = DIRECTION('',(1.,0.,-0.));
#1127 = MANIFOLD_SOLID_BREP('',#1128);
#1128 = CLOSED_SHELL('',(#1129));
#1129 = ADVANCED_FACE('',(#1130),#1134,.T.);
#1130 = FACE_BOUND('',#1131,.T.);
#1131 = VERTEX_LOOP('',#1132);
#1132 = VERTEX_POINT('',#1133);
#1133 = CARTESIAN_POINT('',(9.491012693392E-18,-3.,0.));
#1134 = SPHERICAL_SURFACE('',#1135,0.155);
#1135 = AXIS2_PLACEMENT_3D('',#1136,#1137,#1138);
#1136 = CARTESIAN_POINT('',(0.,-3.,0.155));
#1137 = DIRECTION('',(0.,0.,1.));
#1138 = DIRECTION('',(1.,0.,-0.));
#1139 = MANIFOLD_SOLID_BREP('',#1140);
#1140 = CLOSED_SHELL('',(#1141));
#1141 = ADVANCED_FACE('',(#1142),#1146,.T.);
#1142 = FACE_BOUND('',#1143,.T.);
#1143 = VERTEX_LOOP('',#1144);
#1144 = VERTEX_POINT('',#1145);
#1145 = CARTESIAN_POINT('',(-0.5,-3.,0.));
#1146 = SPHERICAL_SURFACE('',#1147,0.155);
#1147 = AXIS2_PLACEMENT_3D('',#1148,#1149,#1150);
#1148 = CARTESIAN_POINT('',(-0.5,-3.,0.155));
#1149 = DIRECTION('',(0.,0.,1.));
#1150 = DIRECTION('',(1.,0.,-0.));
#1151 = MANIFOLD_SOLID_BREP('',#1152);
#1152 = CLOSED_SHELL('',(#1153));
#1153 = ADVANCED_FACE('',(#1154),#1158,.T.);
#1154 = FACE_BOUND('',#1155,.T.);
#1155 = VERTEX_LOOP('',#1156);
#1156 = VERTEX_POINT('',#1157);
#1157 = CARTESIAN_POINT('',(-1.,-3.,0.));
#1158 = SPHERICAL_SURFACE('',#1159,0.155);
#1159 = AXIS2_PLACEMENT_3D('',#1160,#1161,#1162);
#1160 = CARTESIAN_POINT('',(-1.,-3.,0.155));
#1161 = DIRECTION('',(0.,0.,1.));
#1162 = DIRECTION('',(1.,0.,-0.));
#1163 = MANIFOLD_SOLID_BREP('',#1164);
#1164 = CLOSED_SHELL('',(#1165));
#1165 = ADVANCED_FACE('',(#1166),#1170,.T.);
#1166 = FACE_BOUND('',#1167,.T.);
#1167 = VERTEX_LOOP('',#1168);
#1168 = VERTEX_POINT('',#1169);
#1169 = CARTESIAN_POINT('',(-1.5,-3.,0.));
#1170 = SPHERICAL_SURFACE('',#1171,0.155);
#1171 = AXIS2_PLACEMENT_3D('',#1172,#1173,#1174);
#1172 = CARTESIAN_POINT('',(-1.5,-3.,0.155));
#1173 = DIRECTION('',(0.,0.,1.));
#1174 = DIRECTION('',(1.,0.,-0.));
#1175 = MANIFOLD_SOLID_BREP('',#1176);
#1176 = CLOSED_SHELL('',(#1177));
#1177 = ADVANCED_FACE('',(#1178),#1182,.T.);
#1178 = FACE_BOUND('',#1179,.T.);
#1179 = VERTEX_LOOP('',#1180);
#1180 = VERTEX_POINT('',#1181);
#1181 = CARTESIAN_POINT('',(-2.,-3.,0.));
#1182 = SPHERICAL_SURFACE('',#1183,0.155);
#1183 = AXIS2_PLACEMENT_3D('',#1184,#1185,#1186);
#1184 = CARTESIAN_POINT('',(-2.,-3.,0.155));
#1185 = DIRECTION('',(0.,0.,1.));
#1186 = DIRECTION('',(1.,0.,-0.));
#1187 = MANIFOLD_SOLID_BREP('',#1188);
#1188 = CLOSED_SHELL('',(#1189));
#1189 = ADVANCED_FACE('',(#1190),#1194,.T.);
#1190 = FACE_BOUND('',#1191,.T.);
#1191 = VERTEX_LOOP('',#1192);
#1192 = VERTEX_POINT('',#1193);
#1193 = CARTESIAN_POINT('',(-3.,-3.,0.));
#1194 = SPHERICAL_SURFACE('',#1195,0.155);
#1195 = AXIS2_PLACEMENT_3D('',#1196,#1197,#1198);
#1196 = CARTESIAN_POINT('',(-3.,-3.,0.155));
#1197 = DIRECTION('',(0.,0.,1.));
#1198 = DIRECTION('',(1.,0.,-0.));
#1199 = MANIFOLD_SOLID_BREP('',#1200);
#1200 = CLOSED_SHELL('',(#1201));
#1201 = ADVANCED_FACE('',(#1202),#1206,.T.);
#1202 = FACE_BOUND('',#1203,.T.);
#1203 = VERTEX_LOOP('',#1204);
#1204 = VERTEX_POINT('',#1205);
#1205 = CARTESIAN_POINT('',(-3.5,-3.,0.));
#1206 = SPHERICAL_SURFACE('',#1207,0.155);
#1207 = AXIS2_PLACEMENT_3D('',#1208,#1209,#1210);
#1208 = CARTESIAN_POINT('',(-3.5,-3.,0.155));
#1209 = DIRECTION('',(0.,0.,1.));
#1210 = DIRECTION('',(1.,0.,-0.));
#1211 = MANIFOLD_SOLID_BREP('',#1212);
#1212 = CLOSED_SHELL('',(#1213));
#1213 = ADVANCED_FACE('',(#1214),#1218,.T.);
#1214 = FACE_BOUND('',#1215,.T.);
#1215 = VERTEX_LOOP('',#1216);
#1216 = VERTEX_POINT('',#1217);
#1217 = CARTESIAN_POINT('',(3.5,-2.5,0.));
#1218 = SPHERICAL_SURFACE('',#1219,0.155);
#1219 = AXIS2_PLACEMENT_3D('',#1220,#1221,#1222);
#1220 = CARTESIAN_POINT('',(3.5,-2.5,0.155));
#1221 = DIRECTION('',(0.,0.,1.));
#1222 = DIRECTION('',(1.,0.,-0.));
#1223 = MANIFOLD_SOLID_BREP('',#1224);
#1224 = CLOSED_SHELL('',(#1225));
#1225 = ADVANCED_FACE('',(#1226),#1230,.T.);
#1226 = FACE_BOUND('',#1227,.T.);
#1227 = VERTEX_LOOP('',#1228);
#1228 = VERTEX_POINT('',#1229);
#1229 = CARTESIAN_POINT('',(9.491012693392E-18,-2.5,0.));
#1230 = SPHERICAL_SURFACE('',#1231,0.155);
#1231 = AXIS2_PLACEMENT_3D('',#1232,#1233,#1234);
#1232 = CARTESIAN_POINT('',(0.,-2.5,0.155));
#1233 = DIRECTION('',(0.,0.,1.));
#1234 = DIRECTION('',(1.,0.,-0.));
#1235 = MANIFOLD_SOLID_BREP('',#1236);
#1236 = CLOSED_SHELL('',(#1237));
#1237 = ADVANCED_FACE('',(#1238),#1242,.T.);
#1238 = FACE_BOUND('',#1239,.T.);
#1239 = VERTEX_LOOP('',#1240);
#1240 = VERTEX_POINT('',#1241);
#1241 = CARTESIAN_POINT('',(-2.5,-2.5,0.));
#1242 = SPHERICAL_SURFACE('',#1243,0.155);
#1243 = AXIS2_PLACEMENT_3D('',#1244,#1245,#1246);
#1244 = CARTESIAN_POINT('',(-2.5,-2.5,0.155));
#1245 = DIRECTION('',(0.,0.,1.));
#1246 = DIRECTION('',(1.,0.,-0.));
#1247 = MANIFOLD_SOLID_BREP('',#1248);
#1248 = CLOSED_SHELL('',(#1249));
#1249 = ADVANCED_FACE('',(#1250),#1254,.T.);
#1250 = FACE_BOUND('',#1251,.T.);
#1251 = VERTEX_LOOP('',#1252);
#1252 = VERTEX_POINT('',#1253);
#1253 = CARTESIAN_POINT('',(-3.,-2.5,0.));
#1254 = SPHERICAL_SURFACE('',#1255,0.155);
#1255 = AXIS2_PLACEMENT_3D('',#1256,#1257,#1258);
#1256 = CARTESIAN_POINT('',(-3.,-2.5,0.155));
#1257 = DIRECTION('',(0.,0.,1.));
#1258 = DIRECTION('',(1.,0.,-0.));
#1259 = MANIFOLD_SOLID_BREP('',#1260);
#1260 = CLOSED_SHELL('',(#1261));
#1261 = ADVANCED_FACE('',(#1262),#1266,.T.);
#1262 = FACE_BOUND('',#1263,.T.);
#1263 = VERTEX_LOOP('',#1264);
#1264 = VERTEX_POINT('',#1265);
#1265 = CARTESIAN_POINT('',(3.5,-2.,0.));
#1266 = SPHERICAL_SURFACE('',#1267,0.155);
#1267 = AXIS2_PLACEMENT_3D('',#1268,#1269,#1270);
#1268 = CARTESIAN_POINT('',(3.5,-2.,0.155));
#1269 = DIRECTION('',(0.,0.,1.));
#1270 = DIRECTION('',(1.,0.,-0.));
#1271 = MANIFOLD_SOLID_BREP('',#1272);
#1272 = CLOSED_SHELL('',(#1273));
#1273 = ADVANCED_FACE('',(#1274),#1278,.T.);
#1274 = FACE_BOUND('',#1275,.T.);
#1275 = VERTEX_LOOP('',#1276);
#1276 = VERTEX_POINT('',#1277);
#1277 = CARTESIAN_POINT('',(2.5,-2.,0.));
#1278 = SPHERICAL_SURFACE('',#1279,0.155);
#1279 = AXIS2_PLACEMENT_3D('',#1280,#1281,#1282);
#1280 = CARTESIAN_POINT('',(2.5,-2.,0.155));
#1281 = DIRECTION('',(0.,0.,1.));
#1282 = DIRECTION('',(1.,0.,-0.));
#1283 = MANIFOLD_SOLID_BREP('',#1284);
#1284 = CLOSED_SHELL('',(#1285));
#1285 = ADVANCED_FACE('',(#1286),#1290,.T.);
#1286 = FACE_BOUND('',#1287,.T.);
#1287 = VERTEX_LOOP('',#1288);
#1288 = VERTEX_POINT('',#1289);
#1289 = CARTESIAN_POINT('',(2.,-2.,0.));
#1290 = SPHERICAL_SURFACE('',#1291,0.155);
#1291 = AXIS2_PLACEMENT_3D('',#1292,#1293,#1294);
#1292 = CARTESIAN_POINT('',(2.,-2.,0.155));
#1293 = DIRECTION('',(0.,0.,1.));
#1294 = DIRECTION('',(1.,0.,-0.));
#1295 = MANIFOLD_SOLID_BREP('',#1296);
#1296 = CLOSED_SHELL('',(#1297));
#1297 = ADVANCED_FACE('',(#1298),#1302,.T.);
#1298 = FACE_BOUND('',#1299,.T.);
#1299 = VERTEX_LOOP('',#1300);
#1300 = VERTEX_POINT('',#1301);
#1301 = CARTESIAN_POINT('',(1.,-2.,0.));
#1302 = SPHERICAL_SURFACE('',#1303,0.155);
#1303 = AXIS2_PLACEMENT_3D('',#1304,#1305,#1306);
#1304 = CARTESIAN_POINT('',(1.,-2.,0.155));
#1305 = DIRECTION('',(0.,0.,1.));
#1306 = DIRECTION('',(1.,0.,-0.));
#1307 = MANIFOLD_SOLID_BREP('',#1308);
#1308 = CLOSED_SHELL('',(#1309));
#1309 = ADVANCED_FACE('',(#1310),#1314,.T.);
#1310 = FACE_BOUND('',#1311,.T.);
#1311 = VERTEX_LOOP('',#1312);
#1312 = VERTEX_POINT('',#1313);
#1313 = CARTESIAN_POINT('',(9.491012693392E-18,-2.,0.));
#1314 = SPHERICAL_SURFACE('',#1315,0.155);
#1315 = AXIS2_PLACEMENT_3D('',#1316,#1317,#1318);
#1316 = CARTESIAN_POINT('',(0.,-2.,0.155));
#1317 = DIRECTION('',(0.,0.,1.));
#1318 = DIRECTION('',(1.,0.,-0.));
#1319 = MANIFOLD_SOLID_BREP('',#1320);
#1320 = CLOSED_SHELL('',(#1321));
#1321 = ADVANCED_FACE('',(#1322),#1326,.T.);
#1322 = FACE_BOUND('',#1323,.T.);
#1323 = VERTEX_LOOP('',#1324);
#1324 = VERTEX_POINT('',#1325);
#1325 = CARTESIAN_POINT('',(-1.,-2.,0.));
#1326 = SPHERICAL_SURFACE('',#1327,0.155);
#1327 = AXIS2_PLACEMENT_3D('',#1328,#1329,#1330);
#1328 = CARTESIAN_POINT('',(-1.,-2.,0.155));
#1329 = DIRECTION('',(0.,0.,1.));
#1330 = DIRECTION('',(1.,0.,-0.));
#1331 = MANIFOLD_SOLID_BREP('',#1332);
#1332 = CLOSED_SHELL('',(#1333));
#1333 = ADVANCED_FACE('',(#1334),#1338,.T.);
#1334 = FACE_BOUND('',#1335,.T.);
#1335 = VERTEX_LOOP('',#1336);
#1336 = VERTEX_POINT('',#1337);
#1337 = CARTESIAN_POINT('',(-2.,-2.,0.));
#1338 = SPHERICAL_SURFACE('',#1339,0.155);
#1339 = AXIS2_PLACEMENT_3D('',#1340,#1341,#1342);
#1340 = CARTESIAN_POINT('',(-2.,-2.,0.155));
#1341 = DIRECTION('',(0.,0.,1.));
#1342 = DIRECTION('',(1.,0.,-0.));
#1343 = MANIFOLD_SOLID_BREP('',#1344);
#1344 = CLOSED_SHELL('',(#1345));
#1345 = ADVANCED_FACE('',(#1346),#1350,.T.);
#1346 = FACE_BOUND('',#1347,.T.);
#1347 = VERTEX_LOOP('',#1348);
#1348 = VERTEX_POINT('',#1349);
#1349 = CARTESIAN_POINT('',(-2.5,-2.,0.));
#1350 = SPHERICAL_SURFACE('',#1351,0.155);
#1351 = AXIS2_PLACEMENT_3D('',#1352,#1353,#1354);
#1352 = CARTESIAN_POINT('',(-2.5,-2.,0.155));
#1353 = DIRECTION('',(0.,0.,1.));
#1354 = DIRECTION('',(1.,0.,-0.));
#1355 = MANIFOLD_SOLID_BREP('',#1356);
#1356 = CLOSED_SHELL('',(#1357));
#1357 = ADVANCED_FACE('',(#1358),#1362,.T.);
#1358 = FACE_BOUND('',#1359,.T.);
#1359 = VERTEX_LOOP('',#1360);
#1360 = VERTEX_POINT('',#1361);
#1361 = CARTESIAN_POINT('',(-3.,-2.,0.));
#1362 = SPHERICAL_SURFACE('',#1363,0.155);
#1363 = AXIS2_PLACEMENT_3D('',#1364,#1365,#1366);
#1364 = CARTESIAN_POINT('',(-3.,-2.,0.155));
#1365 = DIRECTION('',(0.,0.,1.));
#1366 = DIRECTION('',(1.,0.,-0.));
#1367 = MANIFOLD_SOLID_BREP('',#1368);
#1368 = CLOSED_SHELL('',(#1369));
#1369 = ADVANCED_FACE('',(#1370),#1374,.T.);
#1370 = FACE_BOUND('',#1371,.T.);
#1371 = VERTEX_LOOP('',#1372);
#1372 = VERTEX_POINT('',#1373);
#1373 = CARTESIAN_POINT('',(-3.5,-2.,0.));
#1374 = SPHERICAL_SURFACE('',#1375,0.155);
#1375 = AXIS2_PLACEMENT_3D('',#1376,#1377,#1378);
#1376 = CARTESIAN_POINT('',(-3.5,-2.,0.155));
#1377 = DIRECTION('',(0.,0.,1.));
#1378 = DIRECTION('',(1.,0.,-0.));
#1379 = MANIFOLD_SOLID_BREP('',#1380);
#1380 = CLOSED_SHELL('',(#1381));
#1381 = ADVANCED_FACE('',(#1382),#1386,.T.);
#1382 = FACE_BOUND('',#1383,.T.);
#1383 = VERTEX_LOOP('',#1384);
#1384 = VERTEX_POINT('',#1385);
#1385 = CARTESIAN_POINT('',(3.5,-1.5,0.));
#1386 = SPHERICAL_SURFACE('',#1387,0.155);
#1387 = AXIS2_PLACEMENT_3D('',#1388,#1389,#1390);
#1388 = CARTESIAN_POINT('',(3.5,-1.5,0.155));
#1389 = DIRECTION('',(0.,0.,1.));
#1390 = DIRECTION('',(1.,0.,-0.));
#1391 = MANIFOLD_SOLID_BREP('',#1392);
#1392 = CLOSED_SHELL('',(#1393));
#1393 = ADVANCED_FACE('',(#1394),#1398,.T.);
#1394 = FACE_BOUND('',#1395,.T.);
#1395 = VERTEX_LOOP('',#1396);
#1396 = VERTEX_POINT('',#1397);
#1397 = CARTESIAN_POINT('',(2.5,-1.5,0.));
#1398 = SPHERICAL_SURFACE('',#1399,0.155);
#1399 = AXIS2_PLACEMENT_3D('',#1400,#1401,#1402);
#1400 = CARTESIAN_POINT('',(2.5,-1.5,0.155));
#1401 = DIRECTION('',(0.,0.,1.));
#1402 = DIRECTION('',(1.,0.,-0.));
#1403 = MANIFOLD_SOLID_BREP('',#1404);
#1404 = CLOSED_SHELL('',(#1405));
#1405 = ADVANCED_FACE('',(#1406),#1410,.T.);
#1406 = FACE_BOUND('',#1407,.T.);
#1407 = VERTEX_LOOP('',#1408);
#1408 = VERTEX_POINT('',#1409);
#1409 = CARTESIAN_POINT('',(1.5,-1.5,0.));
#1410 = SPHERICAL_SURFACE('',#1411,0.155);
#1411 = AXIS2_PLACEMENT_3D('',#1412,#1413,#1414);
#1412 = CARTESIAN_POINT('',(1.5,-1.5,0.155));
#1413 = DIRECTION('',(0.,0.,1.));
#1414 = DIRECTION('',(1.,0.,-0.));
#1415 = MANIFOLD_SOLID_BREP('',#1416);
#1416 = CLOSED_SHELL('',(#1417));
#1417 = ADVANCED_FACE('',(#1418),#1422,.T.);
#1418 = FACE_BOUND('',#1419,.T.);
#1419 = VERTEX_LOOP('',#1420);
#1420 = VERTEX_POINT('',#1421);
#1421 = CARTESIAN_POINT('',(0.5,-1.5,0.));
#1422 = SPHERICAL_SURFACE('',#1423,0.155);
#1423 = AXIS2_PLACEMENT_3D('',#1424,#1425,#1426);
#1424 = CARTESIAN_POINT('',(0.5,-1.5,0.155));
#1425 = DIRECTION('',(0.,0.,1.));
#1426 = DIRECTION('',(1.,0.,-0.));
#1427 = MANIFOLD_SOLID_BREP('',#1428);
#1428 = CLOSED_SHELL('',(#1429));
#1429 = ADVANCED_FACE('',(#1430),#1434,.T.);
#1430 = FACE_BOUND('',#1431,.T.);
#1431 = VERTEX_LOOP('',#1432);
#1432 = VERTEX_POINT('',#1433);
#1433 = CARTESIAN_POINT('',(-0.5,-1.5,0.));
#1434 = SPHERICAL_SURFACE('',#1435,0.155);
#1435 = AXIS2_PLACEMENT_3D('',#1436,#1437,#1438);
#1436 = CARTESIAN_POINT('',(-0.5,-1.5,0.155));
#1437 = DIRECTION('',(0.,0.,1.));
#1438 = DIRECTION('',(1.,0.,-0.));
#1439 = MANIFOLD_SOLID_BREP('',#1440);
#1440 = CLOSED_SHELL('',(#1441));
#1441 = ADVANCED_FACE('',(#1442),#1446,.T.);
#1442 = FACE_BOUND('',#1443,.T.);
#1443 = VERTEX_LOOP('',#1444);
#1444 = VERTEX_POINT('',#1445);
#1445 = CARTESIAN_POINT('',(-1.5,-1.5,0.));
#1446 = SPHERICAL_SURFACE('',#1447,0.155);
#1447 = AXIS2_PLACEMENT_3D('',#1448,#1449,#1450);
#1448 = CARTESIAN_POINT('',(-1.5,-1.5,0.155));
#1449 = DIRECTION('',(0.,0.,1.));
#1450 = DIRECTION('',(1.,0.,-0.));
#1451 = MANIFOLD_SOLID_BREP('',#1452);
#1452 = CLOSED_SHELL('',(#1453));
#1453 = ADVANCED_FACE('',(#1454),#1458,.T.);
#1454 = FACE_BOUND('',#1455,.T.);
#1455 = VERTEX_LOOP('',#1456);
#1456 = VERTEX_POINT('',#1457);
#1457 = CARTESIAN_POINT('',(-2.5,-1.5,0.));
#1458 = SPHERICAL_SURFACE('',#1459,0.155);
#1459 = AXIS2_PLACEMENT_3D('',#1460,#1461,#1462);
#1460 = CARTESIAN_POINT('',(-2.5,-1.5,0.155));
#1461 = DIRECTION('',(0.,0.,1.));
#1462 = DIRECTION('',(1.,0.,-0.));
#1463 = MANIFOLD_SOLID_BREP('',#1464);
#1464 = CLOSED_SHELL('',(#1465));
#1465 = ADVANCED_FACE('',(#1466),#1470,.T.);
#1466 = FACE_BOUND('',#1467,.T.);
#1467 = VERTEX_LOOP('',#1468);
#1468 = VERTEX_POINT('',#1469);
#1469 = CARTESIAN_POINT('',(3.5,-1.,0.));
#1470 = SPHERICAL_SURFACE('',#1471,0.155);
#1471 = AXIS2_PLACEMENT_3D('',#1472,#1473,#1474);
#1472 = CARTESIAN_POINT('',(3.5,-1.,0.155));
#1473 = DIRECTION('',(0.,0.,1.));
#1474 = DIRECTION('',(1.,0.,-0.));
#1475 = MANIFOLD_SOLID_BREP('',#1476);
#1476 = CLOSED_SHELL('',(#1477));
#1477 = ADVANCED_FACE('',(#1478),#1482,.T.);
#1478 = FACE_BOUND('',#1479,.T.);
#1479 = VERTEX_LOOP('',#1480);
#1480 = VERTEX_POINT('',#1481);
#1481 = CARTESIAN_POINT('',(2.5,-1.,0.));
#1482 = SPHERICAL_SURFACE('',#1483,0.155);
#1483 = AXIS2_PLACEMENT_3D('',#1484,#1485,#1486);
#1484 = CARTESIAN_POINT('',(2.5,-1.,0.155));
#1485 = DIRECTION('',(0.,0.,1.));
#1486 = DIRECTION('',(1.,0.,-0.));
#1487 = MANIFOLD_SOLID_BREP('',#1488);
#1488 = CLOSED_SHELL('',(#1489));
#1489 = ADVANCED_FACE('',(#1490),#1494,.T.);
#1490 = FACE_BOUND('',#1491,.T.);
#1491 = VERTEX_LOOP('',#1492);
#1492 = VERTEX_POINT('',#1493);
#1493 = CARTESIAN_POINT('',(2.,-1.,0.));
#1494 = SPHERICAL_SURFACE('',#1495,0.155);
#1495 = AXIS2_PLACEMENT_3D('',#1496,#1497,#1498);
#1496 = CARTESIAN_POINT('',(2.,-1.,0.155));
#1497 = DIRECTION('',(0.,0.,1.));
#1498 = DIRECTION('',(1.,0.,-0.));
#1499 = MANIFOLD_SOLID_BREP('',#1500);
#1500 = CLOSED_SHELL('',(#1501));
#1501 = ADVANCED_FACE('',(#1502),#1506,.T.);
#1502 = FACE_BOUND('',#1503,.T.);
#1503 = VERTEX_LOOP('',#1504);
#1504 = VERTEX_POINT('',#1505);
#1505 = CARTESIAN_POINT('',(1.,-1.,0.));
#1506 = SPHERICAL_SURFACE('',#1507,0.155);
#1507 = AXIS2_PLACEMENT_3D('',#1508,#1509,#1510);
#1508 = CARTESIAN_POINT('',(1.,-1.,0.155));
#1509 = DIRECTION('',(0.,0.,1.));
#1510 = DIRECTION('',(1.,0.,-0.));
#1511 = MANIFOLD_SOLID_BREP('',#1512);
#1512 = CLOSED_SHELL('',(#1513));
#1513 = ADVANCED_FACE('',(#1514),#1518,.T.);
#1514 = FACE_BOUND('',#1515,.T.);
#1515 = VERTEX_LOOP('',#1516);
#1516 = VERTEX_POINT('',#1517);
#1517 = CARTESIAN_POINT('',(9.491012693392E-18,-1.,0.));
#1518 = SPHERICAL_SURFACE('',#1519,0.155);
#1519 = AXIS2_PLACEMENT_3D('',#1520,#1521,#1522);
#1520 = CARTESIAN_POINT('',(0.,-1.,0.155));
#1521 = DIRECTION('',(0.,0.,1.));
#1522 = DIRECTION('',(1.,0.,-0.));
#1523 = MANIFOLD_SOLID_BREP('',#1524);
#1524 = CLOSED_SHELL('',(#1525));
#1525 = ADVANCED_FACE('',(#1526),#1530,.T.);
#1526 = FACE_BOUND('',#1527,.T.);
#1527 = VERTEX_LOOP('',#1528);
#1528 = VERTEX_POINT('',#1529);
#1529 = CARTESIAN_POINT('',(-1.,-1.,0.));
#1530 = SPHERICAL_SURFACE('',#1531,0.155);
#1531 = AXIS2_PLACEMENT_3D('',#1532,#1533,#1534);
#1532 = CARTESIAN_POINT('',(-1.,-1.,0.155));
#1533 = DIRECTION('',(0.,0.,1.));
#1534 = DIRECTION('',(1.,0.,-0.));
#1535 = MANIFOLD_SOLID_BREP('',#1536);
#1536 = CLOSED_SHELL('',(#1537));
#1537 = ADVANCED_FACE('',(#1538),#1542,.T.);
#1538 = FACE_BOUND('',#1539,.T.);
#1539 = VERTEX_LOOP('',#1540);
#1540 = VERTEX_POINT('',#1541);
#1541 = CARTESIAN_POINT('',(-2.,-1.,0.));
#1542 = SPHERICAL_SURFACE('',#1543,0.155);
#1543 = AXIS2_PLACEMENT_3D('',#1544,#1545,#1546);
#1544 = CARTESIAN_POINT('',(-2.,-1.,0.155));
#1545 = DIRECTION('',(0.,0.,1.));
#1546 = DIRECTION('',(1.,0.,-0.));
#1547 = MANIFOLD_SOLID_BREP('',#1548);
#1548 = CLOSED_SHELL('',(#1549));
#1549 = ADVANCED_FACE('',(#1550),#1554,.T.);
#1550 = FACE_BOUND('',#1551,.T.);
#1551 = VERTEX_LOOP('',#1552);
#1552 = VERTEX_POINT('',#1553);
#1553 = CARTESIAN_POINT('',(-2.5,-1.,0.));
#1554 = SPHERICAL_SURFACE('',#1555,0.155);
#1555 = AXIS2_PLACEMENT_3D('',#1556,#1557,#1558);
#1556 = CARTESIAN_POINT('',(-2.5,-1.,0.155));
#1557 = DIRECTION('',(0.,0.,1.));
#1558 = DIRECTION('',(1.,0.,-0.));
#1559 = MANIFOLD_SOLID_BREP('',#1560);
#1560 = CLOSED_SHELL('',(#1561));
#1561 = ADVANCED_FACE('',(#1562),#1566,.T.);
#1562 = FACE_BOUND('',#1563,.T.);
#1563 = VERTEX_LOOP('',#1564);
#1564 = VERTEX_POINT('',#1565);
#1565 = CARTESIAN_POINT('',(-3.,-1.,0.));
#1566 = SPHERICAL_SURFACE('',#1567,0.155);
#1567 = AXIS2_PLACEMENT_3D('',#1568,#1569,#1570);
#1568 = CARTESIAN_POINT('',(-3.,-1.,0.155));
#1569 = DIRECTION('',(0.,0.,1.));
#1570 = DIRECTION('',(1.,0.,-0.));
#1571 = MANIFOLD_SOLID_BREP('',#1572);
#1572 = CLOSED_SHELL('',(#1573));
#1573 = ADVANCED_FACE('',(#1574),#1578,.T.);
#1574 = FACE_BOUND('',#1575,.T.);
#1575 = VERTEX_LOOP('',#1576);
#1576 = VERTEX_POINT('',#1577);
#1577 = CARTESIAN_POINT('',(-3.5,-1.,0.));
#1578 = SPHERICAL_SURFACE('',#1579,0.155);
#1579 = AXIS2_PLACEMENT_3D('',#1580,#1581,#1582);
#1580 = CARTESIAN_POINT('',(-3.5,-1.,0.155));
#1581 = DIRECTION('',(0.,0.,1.));
#1582 = DIRECTION('',(1.,0.,-0.));
#1583 = MANIFOLD_SOLID_BREP('',#1584);
#1584 = CLOSED_SHELL('',(#1585));
#1585 = ADVANCED_FACE('',(#1586),#1590,.T.);
#1586 = FACE_BOUND('',#1587,.T.);
#1587 = VERTEX_LOOP('',#1588);
#1588 = VERTEX_POINT('',#1589);
#1589 = CARTESIAN_POINT('',(3.5,-0.5,0.));
#1590 = SPHERICAL_SURFACE('',#1591,0.155);
#1591 = AXIS2_PLACEMENT_3D('',#1592,#1593,#1594);
#1592 = CARTESIAN_POINT('',(3.5,-0.5,0.155));
#1593 = DIRECTION('',(0.,0.,1.));
#1594 = DIRECTION('',(1.,0.,-0.));
#1595 = MANIFOLD_SOLID_BREP('',#1596);
#1596 = CLOSED_SHELL('',(#1597));
#1597 = ADVANCED_FACE('',(#1598),#1602,.T.);
#1598 = FACE_BOUND('',#1599,.T.);
#1599 = VERTEX_LOOP('',#1600);
#1600 = VERTEX_POINT('',#1601);
#1601 = CARTESIAN_POINT('',(2.5,-0.5,0.));
#1602 = SPHERICAL_SURFACE('',#1603,0.155);
#1603 = AXIS2_PLACEMENT_3D('',#1604,#1605,#1606);
#1604 = CARTESIAN_POINT('',(2.5,-0.5,0.155));
#1605 = DIRECTION('',(0.,0.,1.));
#1606 = DIRECTION('',(1.,0.,-0.));
#1607 = MANIFOLD_SOLID_BREP('',#1608);
#1608 = CLOSED_SHELL('',(#1609));
#1609 = ADVANCED_FACE('',(#1610),#1614,.T.);
#1610 = FACE_BOUND('',#1611,.T.);
#1611 = VERTEX_LOOP('',#1612);
#1612 = VERTEX_POINT('',#1613);
#1613 = CARTESIAN_POINT('',(1.5,-0.5,0.));
#1614 = SPHERICAL_SURFACE('',#1615,0.155);
#1615 = AXIS2_PLACEMENT_3D('',#1616,#1617,#1618);
#1616 = CARTESIAN_POINT('',(1.5,-0.5,0.155));
#1617 = DIRECTION('',(0.,0.,1.));
#1618 = DIRECTION('',(1.,0.,-0.));
#1619 = MANIFOLD_SOLID_BREP('',#1620);
#1620 = CLOSED_SHELL('',(#1621));
#1621 = ADVANCED_FACE('',(#1622),#1626,.T.);
#1622 = FACE_BOUND('',#1623,.T.);
#1623 = VERTEX_LOOP('',#1624);
#1624 = VERTEX_POINT('',#1625);
#1625 = CARTESIAN_POINT('',(0.5,-0.5,0.));
#1626 = SPHERICAL_SURFACE('',#1627,0.155);
#1627 = AXIS2_PLACEMENT_3D('',#1628,#1629,#1630);
#1628 = CARTESIAN_POINT('',(0.5,-0.5,0.155));
#1629 = DIRECTION('',(0.,0.,1.));
#1630 = DIRECTION('',(1.,0.,-0.));
#1631 = MANIFOLD_SOLID_BREP('',#1632);
#1632 = CLOSED_SHELL('',(#1633));
#1633 = ADVANCED_FACE('',(#1634),#1638,.T.);
#1634 = FACE_BOUND('',#1635,.T.);
#1635 = VERTEX_LOOP('',#1636);
#1636 = VERTEX_POINT('',#1637);
#1637 = CARTESIAN_POINT('',(9.491012693392E-18,-0.5,0.));
#1638 = SPHERICAL_SURFACE('',#1639,0.155);
#1639 = AXIS2_PLACEMENT_3D('',#1640,#1641,#1642);
#1640 = CARTESIAN_POINT('',(0.,-0.5,0.155));
#1641 = DIRECTION('',(0.,0.,1.));
#1642 = DIRECTION('',(1.,0.,-0.));
#1643 = MANIFOLD_SOLID_BREP('',#1644);
#1644 = CLOSED_SHELL('',(#1645));
#1645 = ADVANCED_FACE('',(#1646),#1650,.T.);
#1646 = FACE_BOUND('',#1647,.T.);
#1647 = VERTEX_LOOP('',#1648);
#1648 = VERTEX_POINT('',#1649);
#1649 = CARTESIAN_POINT('',(-0.5,-0.5,0.));
#1650 = SPHERICAL_SURFACE('',#1651,0.155);
#1651 = AXIS2_PLACEMENT_3D('',#1652,#1653,#1654);
#1652 = CARTESIAN_POINT('',(-0.5,-0.5,0.155));
#1653 = DIRECTION('',(0.,0.,1.));
#1654 = DIRECTION('',(1.,0.,-0.));
#1655 = MANIFOLD_SOLID_BREP('',#1656);
#1656 = CLOSED_SHELL('',(#1657));
#1657 = ADVANCED_FACE('',(#1658),#1662,.T.);
#1658 = FACE_BOUND('',#1659,.T.);
#1659 = VERTEX_LOOP('',#1660);
#1660 = VERTEX_POINT('',#1661);
#1661 = CARTESIAN_POINT('',(-1.5,-0.5,0.));
#1662 = SPHERICAL_SURFACE('',#1663,0.155);
#1663 = AXIS2_PLACEMENT_3D('',#1664,#1665,#1666);
#1664 = CARTESIAN_POINT('',(-1.5,-0.5,0.155));
#1665 = DIRECTION('',(0.,0.,1.));
#1666 = DIRECTION('',(1.,0.,-0.));
#1667 = MANIFOLD_SOLID_BREP('',#1668);
#1668 = CLOSED_SHELL('',(#1669));
#1669 = ADVANCED_FACE('',(#1670),#1674,.T.);
#1670 = FACE_BOUND('',#1671,.T.);
#1671 = VERTEX_LOOP('',#1672);
#1672 = VERTEX_POINT('',#1673);
#1673 = CARTESIAN_POINT('',(-2.5,-0.5,0.));
#1674 = SPHERICAL_SURFACE('',#1675,0.155);
#1675 = AXIS2_PLACEMENT_3D('',#1676,#1677,#1678);
#1676 = CARTESIAN_POINT('',(-2.5,-0.5,0.155));
#1677 = DIRECTION('',(0.,0.,1.));
#1678 = DIRECTION('',(1.,0.,-0.));
#1679 = MANIFOLD_SOLID_BREP('',#1680);
#1680 = CLOSED_SHELL('',(#1681));
#1681 = ADVANCED_FACE('',(#1682),#1686,.T.);
#1682 = FACE_BOUND('',#1683,.T.);
#1683 = VERTEX_LOOP('',#1684);
#1684 = VERTEX_POINT('',#1685);
#1685 = CARTESIAN_POINT('',(3.5,0.,0.));
#1686 = SPHERICAL_SURFACE('',#1687,0.155);
#1687 = AXIS2_PLACEMENT_3D('',#1688,#1689,#1690);
#1688 = CARTESIAN_POINT('',(3.5,-0.,0.155));
#1689 = DIRECTION('',(0.,0.,1.));
#1690 = DIRECTION('',(1.,0.,-0.));
#1691 = MANIFOLD_SOLID_BREP('',#1692);
#1692 = CLOSED_SHELL('',(#1693));
#1693 = ADVANCED_FACE('',(#1694),#1698,.T.);
#1694 = FACE_BOUND('',#1695,.T.);
#1695 = VERTEX_LOOP('',#1696);
#1696 = VERTEX_POINT('',#1697);
#1697 = CARTESIAN_POINT('',(2.5,0.,0.));
#1698 = SPHERICAL_SURFACE('',#1699,0.155);
#1699 = AXIS2_PLACEMENT_3D('',#1700,#1701,#1702);
#1700 = CARTESIAN_POINT('',(2.5,-0.,0.155));
#1701 = DIRECTION('',(0.,0.,1.));
#1702 = DIRECTION('',(1.,0.,-0.));
#1703 = MANIFOLD_SOLID_BREP('',#1704);
#1704 = CLOSED_SHELL('',(#1705));
#1705 = ADVANCED_FACE('',(#1706),#1710,.T.);
#1706 = FACE_BOUND('',#1707,.T.);
#1707 = VERTEX_LOOP('',#1708);
#1708 = VERTEX_POINT('',#1709);
#1709 = CARTESIAN_POINT('',(2.,0.,0.));
#1710 = SPHERICAL_SURFACE('',#1711,0.155);
#1711 = AXIS2_PLACEMENT_3D('',#1712,#1713,#1714);
#1712 = CARTESIAN_POINT('',(2.,-0.,0.155));
#1713 = DIRECTION('',(0.,0.,1.));
#1714 = DIRECTION('',(1.,0.,-0.));
#1715 = MANIFOLD_SOLID_BREP('',#1716);
#1716 = CLOSED_SHELL('',(#1717));
#1717 = ADVANCED_FACE('',(#1718),#1722,.T.);
#1718 = FACE_BOUND('',#1719,.T.);
#1719 = VERTEX_LOOP('',#1720);
#1720 = VERTEX_POINT('',#1721);
#1721 = CARTESIAN_POINT('',(1.,0.,0.));
#1722 = SPHERICAL_SURFACE('',#1723,0.155);
#1723 = AXIS2_PLACEMENT_3D('',#1724,#1725,#1726);
#1724 = CARTESIAN_POINT('',(1.,-0.,0.155));
#1725 = DIRECTION('',(0.,0.,1.));
#1726 = DIRECTION('',(1.,0.,-0.));
#1727 = MANIFOLD_SOLID_BREP('',#1728);
#1728 = CLOSED_SHELL('',(#1729));
#1729 = ADVANCED_FACE('',(#1730),#1734,.T.);
#1730 = FACE_BOUND('',#1731,.T.);
#1731 = VERTEX_LOOP('',#1732);
#1732 = VERTEX_POINT('',#1733);
#1733 = CARTESIAN_POINT('',(0.5,0.,0.));
#1734 = SPHERICAL_SURFACE('',#1735,0.155);
#1735 = AXIS2_PLACEMENT_3D('',#1736,#1737,#1738);
#1736 = CARTESIAN_POINT('',(0.5,-0.,0.155));
#1737 = DIRECTION('',(0.,0.,1.));
#1738 = DIRECTION('',(1.,0.,-0.));
#1739 = MANIFOLD_SOLID_BREP('',#1740);
#1740 = CLOSED_SHELL('',(#1741));
#1741 = ADVANCED_FACE('',(#1742),#1746,.T.);
#1742 = FACE_BOUND('',#1743,.T.);
#1743 = VERTEX_LOOP('',#1744);
#1744 = VERTEX_POINT('',#1745);
#1745 = CARTESIAN_POINT('',(-0.5,0.,0.));
#1746 = SPHERICAL_SURFACE('',#1747,0.155);
#1747 = AXIS2_PLACEMENT_3D('',#1748,#1749,#1750);
#1748 = CARTESIAN_POINT('',(-0.5,-0.,0.155));
#1749 = DIRECTION('',(0.,0.,1.));
#1750 = DIRECTION('',(1.,0.,-0.));
#1751 = MANIFOLD_SOLID_BREP('',#1752);
#1752 = CLOSED_SHELL('',(#1753));
#1753 = ADVANCED_FACE('',(#1754),#1758,.T.);
#1754 = FACE_BOUND('',#1755,.T.);
#1755 = VERTEX_LOOP('',#1756);
#1756 = VERTEX_POINT('',#1757);
#1757 = CARTESIAN_POINT('',(-1.,0.,0.));
#1758 = SPHERICAL_SURFACE('',#1759,0.155);
#1759 = AXIS2_PLACEMENT_3D('',#1760,#1761,#1762);
#1760 = CARTESIAN_POINT('',(-1.,-0.,0.155));
#1761 = DIRECTION('',(0.,0.,1.));
#1762 = DIRECTION('',(1.,0.,-0.));
#1763 = MANIFOLD_SOLID_BREP('',#1764);
#1764 = CLOSED_SHELL('',(#1765));
#1765 = ADVANCED_FACE('',(#1766),#1770,.T.);
#1766 = FACE_BOUND('',#1767,.T.);
#1767 = VERTEX_LOOP('',#1768);
#1768 = VERTEX_POINT('',#1769);
#1769 = CARTESIAN_POINT('',(-2.,0.,0.));
#1770 = SPHERICAL_SURFACE('',#1771,0.155);
#1771 = AXIS2_PLACEMENT_3D('',#1772,#1773,#1774);
#1772 = CARTESIAN_POINT('',(-2.,-0.,0.155));
#1773 = DIRECTION('',(0.,0.,1.));
#1774 = DIRECTION('',(1.,0.,-0.));
#1775 = MANIFOLD_SOLID_BREP('',#1776);
#1776 = CLOSED_SHELL('',(#1777));
#1777 = ADVANCED_FACE('',(#1778),#1782,.T.);
#1778 = FACE_BOUND('',#1779,.T.);
#1779 = VERTEX_LOOP('',#1780);
#1780 = VERTEX_POINT('',#1781);
#1781 = CARTESIAN_POINT('',(-2.5,0.,0.));
#1782 = SPHERICAL_SURFACE('',#1783,0.155);
#1783 = AXIS2_PLACEMENT_3D('',#1784,#1785,#1786);
#1784 = CARTESIAN_POINT('',(-2.5,-0.,0.155));
#1785 = DIRECTION('',(0.,0.,1.));
#1786 = DIRECTION('',(1.,0.,-0.));
#1787 = MANIFOLD_SOLID_BREP('',#1788);
#1788 = CLOSED_SHELL('',(#1789));
#1789 = ADVANCED_FACE('',(#1790),#1794,.T.);
#1790 = FACE_BOUND('',#1791,.T.);
#1791 = VERTEX_LOOP('',#1792);
#1792 = VERTEX_POINT('',#1793);
#1793 = CARTESIAN_POINT('',(-3.,0.,0.));
#1794 = SPHERICAL_SURFACE('',#1795,0.155);
#1795 = AXIS2_PLACEMENT_3D('',#1796,#1797,#1798);
#1796 = CARTESIAN_POINT('',(-3.,-0.,0.155));
#1797 = DIRECTION('',(0.,0.,1.));
#1798 = DIRECTION('',(1.,0.,-0.));
#1799 = MANIFOLD_SOLID_BREP('',#1800);
#1800 = CLOSED_SHELL('',(#1801));
#1801 = ADVANCED_FACE('',(#1802),#1806,.T.);
#1802 = FACE_BOUND('',#1803,.T.);
#1803 = VERTEX_LOOP('',#1804);
#1804 = VERTEX_POINT('',#1805);
#1805 = CARTESIAN_POINT('',(-3.5,0.,0.));
#1806 = SPHERICAL_SURFACE('',#1807,0.155);
#1807 = AXIS2_PLACEMENT_3D('',#1808,#1809,#1810);
#1808 = CARTESIAN_POINT('',(-3.5,-0.,0.155));
#1809 = DIRECTION('',(0.,0.,1.));
#1810 = DIRECTION('',(1.,0.,-0.));
#1811 = MANIFOLD_SOLID_BREP('',#1812);
#1812 = CLOSED_SHELL('',(#1813));
#1813 = ADVANCED_FACE('',(#1814),#1818,.T.);
#1814 = FACE_BOUND('',#1815,.T.);
#1815 = VERTEX_LOOP('',#1816);
#1816 = VERTEX_POINT('',#1817);
#1817 = CARTESIAN_POINT('',(3.5,0.5,0.));
#1818 = SPHERICAL_SURFACE('',#1819,0.155);
#1819 = AXIS2_PLACEMENT_3D('',#1820,#1821,#1822);
#1820 = CARTESIAN_POINT('',(3.5,0.5,0.155));
#1821 = DIRECTION('',(0.,0.,1.));
#1822 = DIRECTION('',(1.,0.,-0.));
#1823 = MANIFOLD_SOLID_BREP('',#1824);
#1824 = CLOSED_SHELL('',(#1825));
#1825 = ADVANCED_FACE('',(#1826),#1830,.T.);
#1826 = FACE_BOUND('',#1827,.T.);
#1827 = VERTEX_LOOP('',#1828);
#1828 = VERTEX_POINT('',#1829);
#1829 = CARTESIAN_POINT('',(2.5,0.5,0.));
#1830 = SPHERICAL_SURFACE('',#1831,0.155);
#1831 = AXIS2_PLACEMENT_3D('',#1832,#1833,#1834);
#1832 = CARTESIAN_POINT('',(2.5,0.5,0.155));
#1833 = DIRECTION('',(0.,0.,1.));
#1834 = DIRECTION('',(1.,0.,-0.));
#1835 = MANIFOLD_SOLID_BREP('',#1836);
#1836 = CLOSED_SHELL('',(#1837));
#1837 = ADVANCED_FACE('',(#1838),#1842,.T.);
#1838 = FACE_BOUND('',#1839,.T.);
#1839 = VERTEX_LOOP('',#1840);
#1840 = VERTEX_POINT('',#1841);
#1841 = CARTESIAN_POINT('',(1.5,0.5,0.));
#1842 = SPHERICAL_SURFACE('',#1843,0.155);
#1843 = AXIS2_PLACEMENT_3D('',#1844,#1845,#1846);
#1844 = CARTESIAN_POINT('',(1.5,0.5,0.155));
#1845 = DIRECTION('',(0.,0.,1.));
#1846 = DIRECTION('',(1.,0.,-0.));
#1847 = MANIFOLD_SOLID_BREP('',#1848);
#1848 = CLOSED_SHELL('',(#1849));
#1849 = ADVANCED_FACE('',(#1850),#1854,.T.);
#1850 = FACE_BOUND('',#1851,.T.);
#1851 = VERTEX_LOOP('',#1852);
#1852 = VERTEX_POINT('',#1853);
#1853 = CARTESIAN_POINT('',(0.5,0.5,0.));
#1854 = SPHERICAL_SURFACE('',#1855,0.155);
#1855 = AXIS2_PLACEMENT_3D('',#1856,#1857,#1858);
#1856 = CARTESIAN_POINT('',(0.5,0.5,0.155));
#1857 = DIRECTION('',(0.,0.,1.));
#1858 = DIRECTION('',(1.,0.,-0.));
#1859 = MANIFOLD_SOLID_BREP('',#1860);
#1860 = CLOSED_SHELL('',(#1861));
#1861 = ADVANCED_FACE('',(#1862),#1866,.T.);
#1862 = FACE_BOUND('',#1863,.T.);
#1863 = VERTEX_LOOP('',#1864);
#1864 = VERTEX_POINT('',#1865);
#1865 = CARTESIAN_POINT('',(9.491012693392E-18,0.5,0.));
#1866 = SPHERICAL_SURFACE('',#1867,0.155);
#1867 = AXIS2_PLACEMENT_3D('',#1868,#1869,#1870);
#1868 = CARTESIAN_POINT('',(0.,0.5,0.155));
#1869 = DIRECTION('',(0.,0.,1.));
#1870 = DIRECTION('',(1.,0.,-0.));
#1871 = MANIFOLD_SOLID_BREP('',#1872);
#1872 = CLOSED_SHELL('',(#1873));
#1873 = ADVANCED_FACE('',(#1874),#1878,.T.);
#1874 = FACE_BOUND('',#1875,.T.);
#1875 = VERTEX_LOOP('',#1876);
#1876 = VERTEX_POINT('',#1877);
#1877 = CARTESIAN_POINT('',(-0.5,0.5,0.));
#1878 = SPHERICAL_SURFACE('',#1879,0.155);
#1879 = AXIS2_PLACEMENT_3D('',#1880,#1881,#1882);
#1880 = CARTESIAN_POINT('',(-0.5,0.5,0.155));
#1881 = DIRECTION('',(0.,0.,1.));
#1882 = DIRECTION('',(1.,0.,-0.));
#1883 = MANIFOLD_SOLID_BREP('',#1884);
#1884 = CLOSED_SHELL('',(#1885));
#1885 = ADVANCED_FACE('',(#1886),#1890,.T.);
#1886 = FACE_BOUND('',#1887,.T.);
#1887 = VERTEX_LOOP('',#1888);
#1888 = VERTEX_POINT('',#1889);
#1889 = CARTESIAN_POINT('',(-1.5,0.5,0.));
#1890 = SPHERICAL_SURFACE('',#1891,0.155);
#1891 = AXIS2_PLACEMENT_3D('',#1892,#1893,#1894);
#1892 = CARTESIAN_POINT('',(-1.5,0.5,0.155));
#1893 = DIRECTION('',(0.,0.,1.));
#1894 = DIRECTION('',(1.,0.,-0.));
#1895 = MANIFOLD_SOLID_BREP('',#1896);
#1896 = CLOSED_SHELL('',(#1897));
#1897 = ADVANCED_FACE('',(#1898),#1902,.T.);
#1898 = FACE_BOUND('',#1899,.T.);
#1899 = VERTEX_LOOP('',#1900);
#1900 = VERTEX_POINT('',#1901);
#1901 = CARTESIAN_POINT('',(-2.5,0.5,0.));
#1902 = SPHERICAL_SURFACE('',#1903,0.155);
#1903 = AXIS2_PLACEMENT_3D('',#1904,#1905,#1906);
#1904 = CARTESIAN_POINT('',(-2.5,0.5,0.155));
#1905 = DIRECTION('',(0.,0.,1.));
#1906 = DIRECTION('',(1.,0.,-0.));
#1907 = MANIFOLD_SOLID_BREP('',#1908);
#1908 = CLOSED_SHELL('',(#1909));
#1909 = ADVANCED_FACE('',(#1910),#1914,.T.);
#1910 = FACE_BOUND('',#1911,.T.);
#1911 = VERTEX_LOOP('',#1912);
#1912 = VERTEX_POINT('',#1913);
#1913 = CARTESIAN_POINT('',(3.5,1.,0.));
#1914 = SPHERICAL_SURFACE('',#1915,0.155);
#1915 = AXIS2_PLACEMENT_3D('',#1916,#1917,#1918);
#1916 = CARTESIAN_POINT('',(3.5,1.,0.155));
#1917 = DIRECTION('',(0.,0.,1.));
#1918 = DIRECTION('',(1.,0.,-0.));
#1919 = MANIFOLD_SOLID_BREP('',#1920);
#1920 = CLOSED_SHELL('',(#1921));
#1921 = ADVANCED_FACE('',(#1922),#1926,.T.);
#1922 = FACE_BOUND('',#1923,.T.);
#1923 = VERTEX_LOOP('',#1924);
#1924 = VERTEX_POINT('',#1925);
#1925 = CARTESIAN_POINT('',(3.,1.,0.));
#1926 = SPHERICAL_SURFACE('',#1927,0.155);
#1927 = AXIS2_PLACEMENT_3D('',#1928,#1929,#1930);
#1928 = CARTESIAN_POINT('',(3.,1.,0.155));
#1929 = DIRECTION('',(0.,0.,1.));
#1930 = DIRECTION('',(1.,0.,-0.));
#1931 = MANIFOLD_SOLID_BREP('',#1932);
#1932 = CLOSED_SHELL('',(#1933));
#1933 = ADVANCED_FACE('',(#1934),#1938,.T.);
#1934 = FACE_BOUND('',#1935,.T.);
#1935 = VERTEX_LOOP('',#1936);
#1936 = VERTEX_POINT('',#1937);
#1937 = CARTESIAN_POINT('',(2.,1.,0.));
#1938 = SPHERICAL_SURFACE('',#1939,0.155);
#1939 = AXIS2_PLACEMENT_3D('',#1940,#1941,#1942);
#1940 = CARTESIAN_POINT('',(2.,1.,0.155));
#1941 = DIRECTION('',(0.,0.,1.));
#1942 = DIRECTION('',(1.,0.,-0.));
#1943 = MANIFOLD_SOLID_BREP('',#1944);
#1944 = CLOSED_SHELL('',(#1945));
#1945 = ADVANCED_FACE('',(#1946),#1950,.T.);
#1946 = FACE_BOUND('',#1947,.T.);
#1947 = VERTEX_LOOP('',#1948);
#1948 = VERTEX_POINT('',#1949);
#1949 = CARTESIAN_POINT('',(1.,1.,0.));
#1950 = SPHERICAL_SURFACE('',#1951,0.155);
#1951 = AXIS2_PLACEMENT_3D('',#1952,#1953,#1954);
#1952 = CARTESIAN_POINT('',(1.,1.,0.155));
#1953 = DIRECTION('',(0.,0.,1.));
#1954 = DIRECTION('',(1.,0.,-0.));
#1955 = MANIFOLD_SOLID_BREP('',#1956);
#1956 = CLOSED_SHELL('',(#1957));
#1957 = ADVANCED_FACE('',(#1958),#1962,.T.);
#1958 = FACE_BOUND('',#1959,.T.);
#1959 = VERTEX_LOOP('',#1960);
#1960 = VERTEX_POINT('',#1961);
#1961 = CARTESIAN_POINT('',(9.491012693392E-18,1.,0.));
#1962 = SPHERICAL_SURFACE('',#1963,0.155);
#1963 = AXIS2_PLACEMENT_3D('',#1964,#1965,#1966);
#1964 = CARTESIAN_POINT('',(0.,1.,0.155));
#1965 = DIRECTION('',(0.,0.,1.));
#1966 = DIRECTION('',(1.,0.,-0.));
#1967 = MANIFOLD_SOLID_BREP('',#1968);
#1968 = CLOSED_SHELL('',(#1969));
#1969 = ADVANCED_FACE('',(#1970),#1974,.T.);
#1970 = FACE_BOUND('',#1971,.T.);
#1971 = VERTEX_LOOP('',#1972);
#1972 = VERTEX_POINT('',#1973);
#1973 = CARTESIAN_POINT('',(-1.,1.,0.));
#1974 = SPHERICAL_SURFACE('',#1975,0.155);
#1975 = AXIS2_PLACEMENT_3D('',#1976,#1977,#1978);
#1976 = CARTESIAN_POINT('',(-1.,1.,0.155));
#1977 = DIRECTION('',(0.,0.,1.));
#1978 = DIRECTION('',(1.,0.,-0.));
#1979 = MANIFOLD_SOLID_BREP('',#1980);
#1980 = CLOSED_SHELL('',(#1981));
#1981 = ADVANCED_FACE('',(#1982),#1986,.T.);
#1982 = FACE_BOUND('',#1983,.T.);
#1983 = VERTEX_LOOP('',#1984);
#1984 = VERTEX_POINT('',#1985);
#1985 = CARTESIAN_POINT('',(-2.,1.,0.));
#1986 = SPHERICAL_SURFACE('',#1987,0.155);
#1987 = AXIS2_PLACEMENT_3D('',#1988,#1989,#1990);
#1988 = CARTESIAN_POINT('',(-2.,1.,0.155));
#1989 = DIRECTION('',(0.,0.,1.));
#1990 = DIRECTION('',(1.,0.,-0.));
#1991 = MANIFOLD_SOLID_BREP('',#1992);
#1992 = CLOSED_SHELL('',(#1993));
#1993 = ADVANCED_FACE('',(#1994),#1998,.T.);
#1994 = FACE_BOUND('',#1995,.T.);
#1995 = VERTEX_LOOP('',#1996);
#1996 = VERTEX_POINT('',#1997);
#1997 = CARTESIAN_POINT('',(-2.5,1.,0.));
#1998 = SPHERICAL_SURFACE('',#1999,0.155);
#1999 = AXIS2_PLACEMENT_3D('',#2000,#2001,#2002);
#2000 = CARTESIAN_POINT('',(-2.5,1.,0.155));
#2001 = DIRECTION('',(0.,0.,1.));
#2002 = DIRECTION('',(1.,0.,-0.));
#2003 = MANIFOLD_SOLID_BREP('',#2004);
#2004 = CLOSED_SHELL('',(#2005));
#2005 = ADVANCED_FACE('',(#2006),#2010,.T.);
#2006 = FACE_BOUND('',#2007,.T.);
#2007 = VERTEX_LOOP('',#2008);
#2008 = VERTEX_POINT('',#2009);
#2009 = CARTESIAN_POINT('',(-3.,1.,0.));
#2010 = SPHERICAL_SURFACE('',#2011,0.155);
#2011 = AXIS2_PLACEMENT_3D('',#2012,#2013,#2014);
#2012 = CARTESIAN_POINT('',(-3.,1.,0.155));
#2013 = DIRECTION('',(0.,0.,1.));
#2014 = DIRECTION('',(1.,0.,-0.));
#2015 = MANIFOLD_SOLID_BREP('',#2016);
#2016 = CLOSED_SHELL('',(#2017));
#2017 = ADVANCED_FACE('',(#2018),#2022,.T.);
#2018 = FACE_BOUND('',#2019,.T.);
#2019 = VERTEX_LOOP('',#2020);
#2020 = VERTEX_POINT('',#2021);
#2021 = CARTESIAN_POINT('',(-3.5,1.,0.));
#2022 = SPHERICAL_SURFACE('',#2023,0.155);
#2023 = AXIS2_PLACEMENT_3D('',#2024,#2025,#2026);
#2024 = CARTESIAN_POINT('',(-3.5,1.,0.155));
#2025 = DIRECTION('',(0.,0.,1.));
#2026 = DIRECTION('',(1.,0.,-0.));
#2027 = MANIFOLD_SOLID_BREP('',#2028);
#2028 = CLOSED_SHELL('',(#2029));
#2029 = ADVANCED_FACE('',(#2030),#2034,.T.);
#2030 = FACE_BOUND('',#2031,.T.);
#2031 = VERTEX_LOOP('',#2032);
#2032 = VERTEX_POINT('',#2033);
#2033 = CARTESIAN_POINT('',(2.5,1.5,0.));
#2034 = SPHERICAL_SURFACE('',#2035,0.155);
#2035 = AXIS2_PLACEMENT_3D('',#2036,#2037,#2038);
#2036 = CARTESIAN_POINT('',(2.5,1.5,0.155));
#2037 = DIRECTION('',(0.,0.,1.));
#2038 = DIRECTION('',(1.,0.,-0.));
#2039 = MANIFOLD_SOLID_BREP('',#2040);
#2040 = CLOSED_SHELL('',(#2041));
#2041 = ADVANCED_FACE('',(#2042),#2046,.T.);
#2042 = FACE_BOUND('',#2043,.T.);
#2043 = VERTEX_LOOP('',#2044);
#2044 = VERTEX_POINT('',#2045);
#2045 = CARTESIAN_POINT('',(1.5,1.5,0.));
#2046 = SPHERICAL_SURFACE('',#2047,0.155);
#2047 = AXIS2_PLACEMENT_3D('',#2048,#2049,#2050);
#2048 = CARTESIAN_POINT('',(1.5,1.5,0.155));
#2049 = DIRECTION('',(0.,0.,1.));
#2050 = DIRECTION('',(1.,0.,-0.));
#2051 = MANIFOLD_SOLID_BREP('',#2052);
#2052 = CLOSED_SHELL('',(#2053));
#2053 = ADVANCED_FACE('',(#2054),#2058,.T.);
#2054 = FACE_BOUND('',#2055,.T.);
#2055 = VERTEX_LOOP('',#2056);
#2056 = VERTEX_POINT('',#2057);
#2057 = CARTESIAN_POINT('',(0.5,1.5,0.));
#2058 = SPHERICAL_SURFACE('',#2059,0.155);
#2059 = AXIS2_PLACEMENT_3D('',#2060,#2061,#2062);
#2060 = CARTESIAN_POINT('',(0.5,1.5,0.155));
#2061 = DIRECTION('',(0.,0.,1.));
#2062 = DIRECTION('',(1.,0.,-0.));
#2063 = MANIFOLD_SOLID_BREP('',#2064);
#2064 = CLOSED_SHELL('',(#2065));
#2065 = ADVANCED_FACE('',(#2066),#2070,.T.);
#2066 = FACE_BOUND('',#2067,.T.);
#2067 = VERTEX_LOOP('',#2068);
#2068 = VERTEX_POINT('',#2069);
#2069 = CARTESIAN_POINT('',(-0.5,1.5,0.));
#2070 = SPHERICAL_SURFACE('',#2071,0.155);
#2071 = AXIS2_PLACEMENT_3D('',#2072,#2073,#2074);
#2072 = CARTESIAN_POINT('',(-0.5,1.5,0.155));
#2073 = DIRECTION('',(0.,0.,1.));
#2074 = DIRECTION('',(1.,0.,-0.));
#2075 = MANIFOLD_SOLID_BREP('',#2076);
#2076 = CLOSED_SHELL('',(#2077));
#2077 = ADVANCED_FACE('',(#2078),#2082,.T.);
#2078 = FACE_BOUND('',#2079,.T.);
#2079 = VERTEX_LOOP('',#2080);
#2080 = VERTEX_POINT('',#2081);
#2081 = CARTESIAN_POINT('',(-1.5,1.5,0.));
#2082 = SPHERICAL_SURFACE('',#2083,0.155);
#2083 = AXIS2_PLACEMENT_3D('',#2084,#2085,#2086);
#2084 = CARTESIAN_POINT('',(-1.5,1.5,0.155));
#2085 = DIRECTION('',(0.,0.,1.));
#2086 = DIRECTION('',(1.,0.,-0.));
#2087 = MANIFOLD_SOLID_BREP('',#2088);
#2088 = CLOSED_SHELL('',(#2089));
#2089 = ADVANCED_FACE('',(#2090),#2094,.T.);
#2090 = FACE_BOUND('',#2091,.T.);
#2091 = VERTEX_LOOP('',#2092);
#2092 = VERTEX_POINT('',#2093);
#2093 = CARTESIAN_POINT('',(-2.5,1.5,0.));
#2094 = SPHERICAL_SURFACE('',#2095,0.155);
#2095 = AXIS2_PLACEMENT_3D('',#2096,#2097,#2098);
#2096 = CARTESIAN_POINT('',(-2.5,1.5,0.155));
#2097 = DIRECTION('',(0.,0.,1.));
#2098 = DIRECTION('',(1.,0.,-0.));
#2099 = MANIFOLD_SOLID_BREP('',#2100);
#2100 = CLOSED_SHELL('',(#2101));
#2101 = ADVANCED_FACE('',(#2102),#2106,.T.);
#2102 = FACE_BOUND('',#2103,.T.);
#2103 = VERTEX_LOOP('',#2104);
#2104 = VERTEX_POINT('',#2105);
#2105 = CARTESIAN_POINT('',(3.5,2.,0.));
#2106 = SPHERICAL_SURFACE('',#2107,0.155);
#2107 = AXIS2_PLACEMENT_3D('',#2108,#2109,#2110);
#2108 = CARTESIAN_POINT('',(3.5,2.,0.155));
#2109 = DIRECTION('',(0.,0.,1.));
#2110 = DIRECTION('',(1.,0.,-0.));
#2111 = MANIFOLD_SOLID_BREP('',#2112);
#2112 = CLOSED_SHELL('',(#2113));
#2113 = ADVANCED_FACE('',(#2114),#2118,.T.);
#2114 = FACE_BOUND('',#2115,.T.);
#2115 = VERTEX_LOOP('',#2116);
#2116 = VERTEX_POINT('',#2117);
#2117 = CARTESIAN_POINT('',(3.,2.,0.));
#2118 = SPHERICAL_SURFACE('',#2119,0.155);
#2119 = AXIS2_PLACEMENT_3D('',#2120,#2121,#2122);
#2120 = CARTESIAN_POINT('',(3.,2.,0.155));
#2121 = DIRECTION('',(0.,0.,1.));
#2122 = DIRECTION('',(1.,0.,-0.));
#2123 = MANIFOLD_SOLID_BREP('',#2124);
#2124 = CLOSED_SHELL('',(#2125));
#2125 = ADVANCED_FACE('',(#2126),#2130,.T.);
#2126 = FACE_BOUND('',#2127,.T.);
#2127 = VERTEX_LOOP('',#2128);
#2128 = VERTEX_POINT('',#2129);
#2129 = CARTESIAN_POINT('',(2.5,2.,0.));
#2130 = SPHERICAL_SURFACE('',#2131,0.155);
#2131 = AXIS2_PLACEMENT_3D('',#2132,#2133,#2134);
#2132 = CARTESIAN_POINT('',(2.5,2.,0.155));
#2133 = DIRECTION('',(0.,0.,1.));
#2134 = DIRECTION('',(1.,0.,-0.));
#2135 = MANIFOLD_SOLID_BREP('',#2136);
#2136 = CLOSED_SHELL('',(#2137));
#2137 = ADVANCED_FACE('',(#2138),#2142,.T.);
#2138 = FACE_BOUND('',#2139,.T.);
#2139 = VERTEX_LOOP('',#2140);
#2140 = VERTEX_POINT('',#2141);
#2141 = CARTESIAN_POINT('',(2.,2.,0.));
#2142 = SPHERICAL_SURFACE('',#2143,0.155);
#2143 = AXIS2_PLACEMENT_3D('',#2144,#2145,#2146);
#2144 = CARTESIAN_POINT('',(2.,2.,0.155));
#2145 = DIRECTION('',(0.,0.,1.));
#2146 = DIRECTION('',(1.,0.,-0.));
#2147 = MANIFOLD_SOLID_BREP('',#2148);
#2148 = CLOSED_SHELL('',(#2149));
#2149 = ADVANCED_FACE('',(#2150),#2154,.T.);
#2150 = FACE_BOUND('',#2151,.T.);
#2151 = VERTEX_LOOP('',#2152);
#2152 = VERTEX_POINT('',#2153);
#2153 = CARTESIAN_POINT('',(1.,2.,0.));
#2154 = SPHERICAL_SURFACE('',#2155,0.155);
#2155 = AXIS2_PLACEMENT_3D('',#2156,#2157,#2158);
#2156 = CARTESIAN_POINT('',(1.,2.,0.155));
#2157 = DIRECTION('',(0.,0.,1.));
#2158 = DIRECTION('',(1.,0.,-0.));
#2159 = MANIFOLD_SOLID_BREP('',#2160);
#2160 = CLOSED_SHELL('',(#2161));
#2161 = ADVANCED_FACE('',(#2162),#2166,.T.);
#2162 = FACE_BOUND('',#2163,.T.);
#2163 = VERTEX_LOOP('',#2164);
#2164 = VERTEX_POINT('',#2165);
#2165 = CARTESIAN_POINT('',(9.491012693392E-18,2.,0.));
#2166 = SPHERICAL_SURFACE('',#2167,0.155);
#2167 = AXIS2_PLACEMENT_3D('',#2168,#2169,#2170);
#2168 = CARTESIAN_POINT('',(0.,2.,0.155));
#2169 = DIRECTION('',(0.,0.,1.));
#2170 = DIRECTION('',(1.,0.,-0.));
#2171 = MANIFOLD_SOLID_BREP('',#2172);
#2172 = CLOSED_SHELL('',(#2173));
#2173 = ADVANCED_FACE('',(#2174),#2178,.T.);
#2174 = FACE_BOUND('',#2175,.T.);
#2175 = VERTEX_LOOP('',#2176);
#2176 = VERTEX_POINT('',#2177);
#2177 = CARTESIAN_POINT('',(-1.,2.,0.));
#2178 = SPHERICAL_SURFACE('',#2179,0.155);
#2179 = AXIS2_PLACEMENT_3D('',#2180,#2181,#2182);
#2180 = CARTESIAN_POINT('',(-1.,2.,0.155));
#2181 = DIRECTION('',(0.,0.,1.));
#2182 = DIRECTION('',(1.,0.,-0.));
#2183 = MANIFOLD_SOLID_BREP('',#2184);
#2184 = CLOSED_SHELL('',(#2185));
#2185 = ADVANCED_FACE('',(#2186),#2190,.T.);
#2186 = FACE_BOUND('',#2187,.T.);
#2187 = VERTEX_LOOP('',#2188);
#2188 = VERTEX_POINT('',#2189);
#2189 = CARTESIAN_POINT('',(-2.,2.,0.));
#2190 = SPHERICAL_SURFACE('',#2191,0.155);
#2191 = AXIS2_PLACEMENT_3D('',#2192,#2193,#2194);
#2192 = CARTESIAN_POINT('',(-2.,2.,0.155));
#2193 = DIRECTION('',(0.,0.,1.));
#2194 = DIRECTION('',(1.,0.,-0.));
#2195 = MANIFOLD_SOLID_BREP('',#2196);
#2196 = CLOSED_SHELL('',(#2197));
#2197 = ADVANCED_FACE('',(#2198),#2202,.T.);
#2198 = FACE_BOUND('',#2199,.T.);
#2199 = VERTEX_LOOP('',#2200);
#2200 = VERTEX_POINT('',#2201);
#2201 = CARTESIAN_POINT('',(-2.5,2.,0.));
#2202 = SPHERICAL_SURFACE('',#2203,0.155);
#2203 = AXIS2_PLACEMENT_3D('',#2204,#2205,#2206);
#2204 = CARTESIAN_POINT('',(-2.5,2.,0.155));
#2205 = DIRECTION('',(0.,0.,1.));
#2206 = DIRECTION('',(1.,0.,-0.));
#2207 = MANIFOLD_SOLID_BREP('',#2208);
#2208 = CLOSED_SHELL('',(#2209));
#2209 = ADVANCED_FACE('',(#2210),#2214,.T.);
#2210 = FACE_BOUND('',#2211,.T.);
#2211 = VERTEX_LOOP('',#2212);
#2212 = VERTEX_POINT('',#2213);
#2213 = CARTESIAN_POINT('',(-3.,2.,0.));
#2214 = SPHERICAL_SURFACE('',#2215,0.155);
#2215 = AXIS2_PLACEMENT_3D('',#2216,#2217,#2218);
#2216 = CARTESIAN_POINT('',(-3.,2.,0.155));
#2217 = DIRECTION('',(0.,0.,1.));
#2218 = DIRECTION('',(1.,0.,-0.));
#2219 = MANIFOLD_SOLID_BREP('',#2220);
#2220 = CLOSED_SHELL('',(#2221));
#2221 = ADVANCED_FACE('',(#2222),#2226,.T.);
#2222 = FACE_BOUND('',#2223,.T.);
#2223 = VERTEX_LOOP('',#2224);
#2224 = VERTEX_POINT('',#2225);
#2225 = CARTESIAN_POINT('',(-3.5,2.,0.));
#2226 = SPHERICAL_SURFACE('',#2227,0.155);
#2227 = AXIS2_PLACEMENT_3D('',#2228,#2229,#2230);
#2228 = CARTESIAN_POINT('',(-3.5,2.,0.155));
#2229 = DIRECTION('',(0.,0.,1.));
#2230 = DIRECTION('',(1.,0.,-0.));
#2231 = MANIFOLD_SOLID_BREP('',#2232);
#2232 = CLOSED_SHELL('',(#2233));
#2233 = ADVANCED_FACE('',(#2234),#2238,.T.);
#2234 = FACE_BOUND('',#2235,.T.);
#2235 = VERTEX_LOOP('',#2236);
#2236 = VERTEX_POINT('',#2237);
#2237 = CARTESIAN_POINT('',(2.5,2.5,0.));
#2238 = SPHERICAL_SURFACE('',#2239,0.155);
#2239 = AXIS2_PLACEMENT_3D('',#2240,#2241,#2242);
#2240 = CARTESIAN_POINT('',(2.5,2.5,0.155));
#2241 = DIRECTION('',(0.,0.,1.));
#2242 = DIRECTION('',(1.,0.,-0.));
#2243 = MANIFOLD_SOLID_BREP('',#2244);
#2244 = CLOSED_SHELL('',(#2245));
#2245 = ADVANCED_FACE('',(#2246),#2250,.T.);
#2246 = FACE_BOUND('',#2247,.T.);
#2247 = VERTEX_LOOP('',#2248);
#2248 = VERTEX_POINT('',#2249);
#2249 = CARTESIAN_POINT('',(1.5,2.5,0.));
#2250 = SPHERICAL_SURFACE('',#2251,0.155);
#2251 = AXIS2_PLACEMENT_3D('',#2252,#2253,#2254);
#2252 = CARTESIAN_POINT('',(1.5,2.5,0.155));
#2253 = DIRECTION('',(0.,0.,1.));
#2254 = DIRECTION('',(1.,0.,-0.));
#2255 = MANIFOLD_SOLID_BREP('',#2256);
#2256 = CLOSED_SHELL('',(#2257));
#2257 = ADVANCED_FACE('',(#2258),#2262,.T.);
#2258 = FACE_BOUND('',#2259,.T.);
#2259 = VERTEX_LOOP('',#2260);
#2260 = VERTEX_POINT('',#2261);
#2261 = CARTESIAN_POINT('',(0.5,2.5,0.));
#2262 = SPHERICAL_SURFACE('',#2263,0.155);
#2263 = AXIS2_PLACEMENT_3D('',#2264,#2265,#2266);
#2264 = CARTESIAN_POINT('',(0.5,2.5,0.155));
#2265 = DIRECTION('',(0.,0.,1.));
#2266 = DIRECTION('',(1.,0.,-0.));
#2267 = MANIFOLD_SOLID_BREP('',#2268);
#2268 = CLOSED_SHELL('',(#2269));
#2269 = ADVANCED_FACE('',(#2270),#2274,.T.);
#2270 = FACE_BOUND('',#2271,.T.);
#2271 = VERTEX_LOOP('',#2272);
#2272 = VERTEX_POINT('',#2273);
#2273 = CARTESIAN_POINT('',(-0.5,2.5,0.));
#2274 = SPHERICAL_SURFACE('',#2275,0.155);
#2275 = AXIS2_PLACEMENT_3D('',#2276,#2277,#2278);
#2276 = CARTESIAN_POINT('',(-0.5,2.5,0.155));
#2277 = DIRECTION('',(0.,0.,1.));
#2278 = DIRECTION('',(1.,0.,-0.));
#2279 = MANIFOLD_SOLID_BREP('',#2280);
#2280 = CLOSED_SHELL('',(#2281));
#2281 = ADVANCED_FACE('',(#2282),#2286,.T.);
#2282 = FACE_BOUND('',#2283,.T.);
#2283 = VERTEX_LOOP('',#2284);
#2284 = VERTEX_POINT('',#2285);
#2285 = CARTESIAN_POINT('',(-1.5,2.5,0.));
#2286 = SPHERICAL_SURFACE('',#2287,0.155);
#2287 = AXIS2_PLACEMENT_3D('',#2288,#2289,#2290);
#2288 = CARTESIAN_POINT('',(-1.5,2.5,0.155));
#2289 = DIRECTION('',(0.,0.,1.));
#2290 = DIRECTION('',(1.,0.,-0.));
#2291 = MANIFOLD_SOLID_BREP('',#2292);
#2292 = CLOSED_SHELL('',(#2293));
#2293 = ADVANCED_FACE('',(#2294),#2298,.T.);
#2294 = FACE_BOUND('',#2295,.T.);
#2295 = VERTEX_LOOP('',#2296);
#2296 = VERTEX_POINT('',#2297);
#2297 = CARTESIAN_POINT('',(-2.5,2.5,0.));
#2298 = SPHERICAL_SURFACE('',#2299,0.155);
#2299 = AXIS2_PLACEMENT_3D('',#2300,#2301,#2302);
#2300 = CARTESIAN_POINT('',(-2.5,2.5,0.155));
#2301 = DIRECTION('',(0.,0.,1.));
#2302 = DIRECTION('',(1.,0.,-0.));
#2303 = MANIFOLD_SOLID_BREP('',#2304);
#2304 = CLOSED_SHELL('',(#2305));
#2305 = ADVANCED_FACE('',(#2306),#2310,.T.);
#2306 = FACE_BOUND('',#2307,.T.);
#2307 = VERTEX_LOOP('',#2308);
#2308 = VERTEX_POINT('',#2309);
#2309 = CARTESIAN_POINT('',(3.5,3.,0.));
#2310 = SPHERICAL_SURFACE('',#2311,0.155);
#2311 = AXIS2_PLACEMENT_3D('',#2312,#2313,#2314);
#2312 = CARTESIAN_POINT('',(3.5,3.,0.155));
#2313 = DIRECTION('',(0.,0.,1.));
#2314 = DIRECTION('',(1.,0.,-0.));
#2315 = MANIFOLD_SOLID_BREP('',#2316);
#2316 = CLOSED_SHELL('',(#2317));
#2317 = ADVANCED_FACE('',(#2318),#2322,.T.);
#2318 = FACE_BOUND('',#2319,.T.);
#2319 = VERTEX_LOOP('',#2320);
#2320 = VERTEX_POINT('',#2321);
#2321 = CARTESIAN_POINT('',(3.,3.,0.));
#2322 = SPHERICAL_SURFACE('',#2323,0.155);
#2323 = AXIS2_PLACEMENT_3D('',#2324,#2325,#2326);
#2324 = CARTESIAN_POINT('',(3.,3.,0.155));
#2325 = DIRECTION('',(0.,0.,1.));
#2326 = DIRECTION('',(1.,0.,-0.));
#2327 = MANIFOLD_SOLID_BREP('',#2328);
#2328 = CLOSED_SHELL('',(#2329));
#2329 = ADVANCED_FACE('',(#2330),#2334,.T.);
#2330 = FACE_BOUND('',#2331,.T.);
#2331 = VERTEX_LOOP('',#2332);
#2332 = VERTEX_POINT('',#2333);
#2333 = CARTESIAN_POINT('',(2.5,3.,0.));
#2334 = SPHERICAL_SURFACE('',#2335,0.155);
#2335 = AXIS2_PLACEMENT_3D('',#2336,#2337,#2338);
#2336 = CARTESIAN_POINT('',(2.5,3.,0.155));
#2337 = DIRECTION('',(0.,0.,1.));
#2338 = DIRECTION('',(1.,0.,-0.));
#2339 = MANIFOLD_SOLID_BREP('',#2340);
#2340 = CLOSED_SHELL('',(#2341));
#2341 = ADVANCED_FACE('',(#2342),#2346,.T.);
#2342 = FACE_BOUND('',#2343,.T.);
#2343 = VERTEX_LOOP('',#2344);
#2344 = VERTEX_POINT('',#2345);
#2345 = CARTESIAN_POINT('',(2.,3.,0.));
#2346 = SPHERICAL_SURFACE('',#2347,0.155);
#2347 = AXIS2_PLACEMENT_3D('',#2348,#2349,#2350);
#2348 = CARTESIAN_POINT('',(2.,3.,0.155));
#2349 = DIRECTION('',(0.,0.,1.));
#2350 = DIRECTION('',(1.,0.,-0.));
#2351 = MANIFOLD_SOLID_BREP('',#2352);
#2352 = CLOSED_SHELL('',(#2353));
#2353 = ADVANCED_FACE('',(#2354),#2358,.T.);
#2354 = FACE_BOUND('',#2355,.T.);
#2355 = VERTEX_LOOP('',#2356);
#2356 = VERTEX_POINT('',#2357);
#2357 = CARTESIAN_POINT('',(1.,3.,0.));
#2358 = SPHERICAL_SURFACE('',#2359,0.155);
#2359 = AXIS2_PLACEMENT_3D('',#2360,#2361,#2362);
#2360 = CARTESIAN_POINT('',(1.,3.,0.155));
#2361 = DIRECTION('',(0.,0.,1.));
#2362 = DIRECTION('',(1.,0.,-0.));
#2363 = MANIFOLD_SOLID_BREP('',#2364);
#2364 = CLOSED_SHELL('',(#2365));
#2365 = ADVANCED_FACE('',(#2366),#2370,.T.);
#2366 = FACE_BOUND('',#2367,.T.);
#2367 = VERTEX_LOOP('',#2368);
#2368 = VERTEX_POINT('',#2369);
#2369 = CARTESIAN_POINT('',(0.5,3.,0.));
#2370 = SPHERICAL_SURFACE('',#2371,0.155);
#2371 = AXIS2_PLACEMENT_3D('',#2372,#2373,#2374);
#2372 = CARTESIAN_POINT('',(0.5,3.,0.155));
#2373 = DIRECTION('',(0.,0.,1.));
#2374 = DIRECTION('',(1.,0.,-0.));
#2375 = MANIFOLD_SOLID_BREP('',#2376);
#2376 = CLOSED_SHELL('',(#2377));
#2377 = ADVANCED_FACE('',(#2378),#2382,.T.);
#2378 = FACE_BOUND('',#2379,.T.);
#2379 = VERTEX_LOOP('',#2380);
#2380 = VERTEX_POINT('',#2381);
#2381 = CARTESIAN_POINT('',(9.491012693392E-18,3.,0.));
#2382 = SPHERICAL_SURFACE('',#2383,0.155);
#2383 = AXIS2_PLACEMENT_3D('',#2384,#2385,#2386);
#2384 = CARTESIAN_POINT('',(0.,3.,0.155));
#2385 = DIRECTION('',(0.,0.,1.));
#2386 = DIRECTION('',(1.,0.,-0.));
#2387 = MANIFOLD_SOLID_BREP('',#2388);
#2388 = CLOSED_SHELL('',(#2389));
#2389 = ADVANCED_FACE('',(#2390),#2394,.T.);
#2390 = FACE_BOUND('',#2391,.T.);
#2391 = VERTEX_LOOP('',#2392);
#2392 = VERTEX_POINT('',#2393);
#2393 = CARTESIAN_POINT('',(-0.5,3.,0.));
#2394 = SPHERICAL_SURFACE('',#2395,0.155);
#2395 = AXIS2_PLACEMENT_3D('',#2396,#2397,#2398);
#2396 = CARTESIAN_POINT('',(-0.5,3.,0.155));
#2397 = DIRECTION('',(0.,0.,1.));
#2398 = DIRECTION('',(1.,0.,-0.));
#2399 = MANIFOLD_SOLID_BREP('',#2400);
#2400 = CLOSED_SHELL('',(#2401));
#2401 = ADVANCED_FACE('',(#2402),#2406,.T.);
#2402 = FACE_BOUND('',#2403,.T.);
#2403 = VERTEX_LOOP('',#2404);
#2404 = VERTEX_POINT('',#2405);
#2405 = CARTESIAN_POINT('',(-1.,3.,0.));
#2406 = SPHERICAL_SURFACE('',#2407,0.155);
#2407 = AXIS2_PLACEMENT_3D('',#2408,#2409,#2410);
#2408 = CARTESIAN_POINT('',(-1.,3.,0.155));
#2409 = DIRECTION('',(0.,0.,1.));
#2410 = DIRECTION('',(1.,0.,-0.));
#2411 = MANIFOLD_SOLID_BREP('',#2412);
#2412 = CLOSED_SHELL('',(#2413));
#2413 = ADVANCED_FACE('',(#2414),#2418,.T.);
#2414 = FACE_BOUND('',#2415,.T.);
#2415 = VERTEX_LOOP('',#2416);
#2416 = VERTEX_POINT('',#2417);
#2417 = CARTESIAN_POINT('',(-1.5,3.,0.));
#2418 = SPHERICAL_SURFACE('',#2419,0.155);
#2419 = AXIS2_PLACEMENT_3D('',#2420,#2421,#2422);
#2420 = CARTESIAN_POINT('',(-1.5,3.,0.155));
#2421 = DIRECTION('',(0.,0.,1.));
#2422 = DIRECTION('',(1.,0.,-0.));
#2423 = MANIFOLD_SOLID_BREP('',#2424);
#2424 = CLOSED_SHELL('',(#2425));
#2425 = ADVANCED_FACE('',(#2426),#2430,.T.);
#2426 = FACE_BOUND('',#2427,.T.);
#2427 = VERTEX_LOOP('',#2428);
#2428 = VERTEX_POINT('',#2429);
#2429 = CARTESIAN_POINT('',(-2.,3.,0.));
#2430 = SPHERICAL_SURFACE('',#2431,0.155);
#2431 = AXIS2_PLACEMENT_3D('',#2432,#2433,#2434);
#2432 = CARTESIAN_POINT('',(-2.,3.,0.155));
#2433 = DIRECTION('',(0.,0.,1.));
#2434 = DIRECTION('',(1.,0.,-0.));
#2435 = MANIFOLD_SOLID_BREP('',#2436);
#2436 = CLOSED_SHELL('',(#2437));
#2437 = ADVANCED_FACE('',(#2438),#2442,.T.);
#2438 = FACE_BOUND('',#2439,.T.);
#2439 = VERTEX_LOOP('',#2440);
#2440 = VERTEX_POINT('',#2441);
#2441 = CARTESIAN_POINT('',(-2.5,3.,0.));
#2442 = SPHERICAL_SURFACE('',#2443,0.155);
#2443 = AXIS2_PLACEMENT_3D('',#2444,#2445,#2446);
#2444 = CARTESIAN_POINT('',(-2.5,3.,0.155));
#2445 = DIRECTION('',(0.,0.,1.));
#2446 = DIRECTION('',(1.,0.,-0.));
#2447 = MANIFOLD_SOLID_BREP('',#2448);
#2448 = CLOSED_SHELL('',(#2449));
#2449 = ADVANCED_FACE('',(#2450),#2454,.T.);
#2450 = FACE_BOUND('',#2451,.T.);
#2451 = VERTEX_LOOP('',#2452);
#2452 = VERTEX_POINT('',#2453);
#2453 = CARTESIAN_POINT('',(-3.,3.,0.));
#2454 = SPHERICAL_SURFACE('',#2455,0.155);
#2455 = AXIS2_PLACEMENT_3D('',#2456,#2457,#2458);
#2456 = CARTESIAN_POINT('',(-3.,3.,0.155));
#2457 = DIRECTION('',(0.,0.,1.));
#2458 = DIRECTION('',(1.,0.,-0.));
#2459 = MANIFOLD_SOLID_BREP('',#2460);
#2460 = CLOSED_SHELL('',(#2461));
#2461 = ADVANCED_FACE('',(#2462),#2466,.T.);
#2462 = FACE_BOUND('',#2463,.T.);
#2463 = VERTEX_LOOP('',#2464);
#2464 = VERTEX_POINT('',#2465);
#2465 = CARTESIAN_POINT('',(-3.5,3.,0.));
#2466 = SPHERICAL_SURFACE('',#2467,0.155);
#2467 = AXIS2_PLACEMENT_3D('',#2468,#2469,#2470);
#2468 = CARTESIAN_POINT('',(-3.5,3.,0.155));
#2469 = DIRECTION('',(0.,0.,1.));
#2470 = DIRECTION('',(1.,0.,-0.));
#2471 = MANIFOLD_SOLID_BREP('',#2472);
#2472 = CLOSED_SHELL('',(#2473));
#2473 = ADVANCED_FACE('',(#2474),#2478,.T.);
#2474 = FACE_BOUND('',#2475,.T.);
#2475 = VERTEX_LOOP('',#2476);
#2476 = VERTEX_POINT('',#2477);
#2477 = CARTESIAN_POINT('',(3.5,3.5,0.));
#2478 = SPHERICAL_SURFACE('',#2479,0.155);
#2479 = AXIS2_PLACEMENT_3D('',#2480,#2481,#2482);
#2480 = CARTESIAN_POINT('',(3.5,3.5,0.155));
#2481 = DIRECTION('',(0.,0.,1.));
#2482 = DIRECTION('',(1.,0.,-0.));
#2483 = MANIFOLD_SOLID_BREP('',#2484);
#2484 = CLOSED_SHELL('',(#2485));
#2485 = ADVANCED_FACE('',(#2486),#2490,.T.);
#2486 = FACE_BOUND('',#2487,.T.);
#2487 = VERTEX_LOOP('',#2488);
#2488 = VERTEX_POINT('',#2489);
#2489 = CARTESIAN_POINT('',(3.,3.5,0.));
#2490 = SPHERICAL_SURFACE('',#2491,0.155);
#2491 = AXIS2_PLACEMENT_3D('',#2492,#2493,#2494);
#2492 = CARTESIAN_POINT('',(3.,3.5,0.155));
#2493 = DIRECTION('',(0.,0.,1.));
#2494 = DIRECTION('',(1.,0.,-0.));
#2495 = MANIFOLD_SOLID_BREP('',#2496);
#2496 = CLOSED_SHELL('',(#2497));
#2497 = ADVANCED_FACE('',(#2498),#2502,.T.);
#2498 = FACE_BOUND('',#2499,.T.);
#2499 = VERTEX_LOOP('',#2500);
#2500 = VERTEX_POINT('',#2501);
#2501 = CARTESIAN_POINT('',(2.5,3.5,0.));
#2502 = SPHERICAL_SURFACE('',#2503,0.155);
#2503 = AXIS2_PLACEMENT_3D('',#2504,#2505,#2506);
#2504 = CARTESIAN_POINT('',(2.5,3.5,0.155));
#2505 = DIRECTION('',(0.,0.,1.));
#2506 = DIRECTION('',(1.,0.,-0.));
#2507 = MANIFOLD_SOLID_BREP('',#2508);
#2508 = CLOSED_SHELL('',(#2509));
#2509 = ADVANCED_FACE('',(#2510),#2514,.T.);
#2510 = FACE_BOUND('',#2511,.T.);
#2511 = VERTEX_LOOP('',#2512);
#2512 = VERTEX_POINT('',#2513);
#2513 = CARTESIAN_POINT('',(1.5,3.5,0.));
#2514 = SPHERICAL_SURFACE('',#2515,0.155);
#2515 = AXIS2_PLACEMENT_3D('',#2516,#2517,#2518);
#2516 = CARTESIAN_POINT('',(1.5,3.5,0.155));
#2517 = DIRECTION('',(0.,0.,1.));
#2518 = DIRECTION('',(1.,0.,-0.));
#2519 = MANIFOLD_SOLID_BREP('',#2520);
#2520 = CLOSED_SHELL('',(#2521));
#2521 = ADVANCED_FACE('',(#2522),#2526,.T.);
#2522 = FACE_BOUND('',#2523,.T.);
#2523 = VERTEX_LOOP('',#2524);
#2524 = VERTEX_POINT('',#2525);
#2525 = CARTESIAN_POINT('',(1.,3.5,0.));
#2526 = SPHERICAL_SURFACE('',#2527,0.155);
#2527 = AXIS2_PLACEMENT_3D('',#2528,#2529,#2530);
#2528 = CARTESIAN_POINT('',(1.,3.5,0.155));
#2529 = DIRECTION('',(0.,0.,1.));
#2530 = DIRECTION('',(1.,0.,-0.));
#2531 = MANIFOLD_SOLID_BREP('',#2532);
#2532 = CLOSED_SHELL('',(#2533));
#2533 = ADVANCED_FACE('',(#2534),#2538,.T.);
#2534 = FACE_BOUND('',#2535,.T.);
#2535 = VERTEX_LOOP('',#2536);
#2536 = VERTEX_POINT('',#2537);
#2537 = CARTESIAN_POINT('',(0.5,3.5,0.));
#2538 = SPHERICAL_SURFACE('',#2539,0.155);
#2539 = AXIS2_PLACEMENT_3D('',#2540,#2541,#2542);
#2540 = CARTESIAN_POINT('',(0.5,3.5,0.155));
#2541 = DIRECTION('',(0.,0.,1.));
#2542 = DIRECTION('',(1.,0.,-0.));
#2543 = MANIFOLD_SOLID_BREP('',#2544);
#2544 = CLOSED_SHELL('',(#2545));
#2545 = ADVANCED_FACE('',(#2546),#2550,.T.);
#2546 = FACE_BOUND('',#2547,.T.);
#2547 = VERTEX_LOOP('',#2548);
#2548 = VERTEX_POINT('',#2549);
#2549 = CARTESIAN_POINT('',(-0.5,3.5,0.));
#2550 = SPHERICAL_SURFACE('',#2551,0.155);
#2551 = AXIS2_PLACEMENT_3D('',#2552,#2553,#2554);
#2552 = CARTESIAN_POINT('',(-0.5,3.5,0.155));
#2553 = DIRECTION('',(0.,0.,1.));
#2554 = DIRECTION('',(1.,0.,-0.));
#2555 = MANIFOLD_SOLID_BREP('',#2556);
#2556 = CLOSED_SHELL('',(#2557));
#2557 = ADVANCED_FACE('',(#2558),#2562,.T.);
#2558 = FACE_BOUND('',#2559,.T.);
#2559 = VERTEX_LOOP('',#2560);
#2560 = VERTEX_POINT('',#2561);
#2561 = CARTESIAN_POINT('',(-1.5,3.5,0.));
#2562 = SPHERICAL_SURFACE('',#2563,0.155);
#2563 = AXIS2_PLACEMENT_3D('',#2564,#2565,#2566);
#2564 = CARTESIAN_POINT('',(-1.5,3.5,0.155));
#2565 = DIRECTION('',(0.,0.,1.));
#2566 = DIRECTION('',(1.,0.,-0.));
#2567 = MANIFOLD_SOLID_BREP('',#2568);
#2568 = CLOSED_SHELL('',(#2569));
#2569 = ADVANCED_FACE('',(#2570),#2574,.T.);
#2570 = FACE_BOUND('',#2571,.T.);
#2571 = VERTEX_LOOP('',#2572);
#2572 = VERTEX_POINT('',#2573);
#2573 = CARTESIAN_POINT('',(-2.,3.5,0.));
#2574 = SPHERICAL_SURFACE('',#2575,0.155);
#2575 = AXIS2_PLACEMENT_3D('',#2576,#2577,#2578);
#2576 = CARTESIAN_POINT('',(-2.,3.5,0.155));
#2577 = DIRECTION('',(0.,0.,1.));
#2578 = DIRECTION('',(1.,0.,-0.));
#2579 = MANIFOLD_SOLID_BREP('',#2580);
#2580 = CLOSED_SHELL('',(#2581));
#2581 = ADVANCED_FACE('',(#2582),#2586,.T.);
#2582 = FACE_BOUND('',#2583,.T.);
#2583 = VERTEX_LOOP('',#2584);
#2584 = VERTEX_POINT('',#2585);
#2585 = CARTESIAN_POINT('',(-3.5,3.5,0.));
#2586 = SPHERICAL_SURFACE('',#2587,0.155);
#2587 = AXIS2_PLACEMENT_3D('',#2588,#2589,#2590);
#2588 = CARTESIAN_POINT('',(-3.5,3.5,0.155));
#2589 = DIRECTION('',(0.,0.,1.));
#2590 = DIRECTION('',(1.,0.,-0.));
#2591 = MANIFOLD_SOLID_BREP('',#2592);
#2592 = CLOSED_SHELL('',(#2593));
#2593 = ADVANCED_FACE('',(#2594),#2598,.T.);
#2594 = FACE_BOUND('',#2595,.T.);
#2595 = VERTEX_LOOP('',#2596);
#2596 = VERTEX_POINT('',#2597);
#2597 = CARTESIAN_POINT('',(-3.,3.5,0.));
#2598 = SPHERICAL_SURFACE('',#2599,0.155);
#2599 = AXIS2_PLACEMENT_3D('',#2600,#2601,#2602);
#2600 = CARTESIAN_POINT('',(-3.,3.5,0.155));
#2601 = DIRECTION('',(0.,0.,1.));
#2602 = DIRECTION('',(1.,0.,-0.));
#2603 = ( GEOMETRIC_REPRESENTATION_CONTEXT(3) 
GLOBAL_UNCERTAINTY_ASSIGNED_CONTEXT((#2607)) 
GLOBAL_UNIT_ASSIGNED_CONTEXT((#2604,#2605,#2606)) REPRESENTATION_CONTEXT
('Context #1','3D Context with UNIT and UNCERTAINTY') );
#2604 = ( LENGTH_UNIT() NAMED_UNIT(*) SI_UNIT(.MILLI.,.METRE.) );
#2605 = ( NAMED_UNIT(*) PLANE_ANGLE_UNIT() SI_UNIT($,.RADIAN.) );
#2606 = ( NAMED_UNIT(*) SI_UNIT($,.STERADIAN.) SOLID_ANGLE_UNIT() );
#2607 = UNCERTAINTY_MEASURE_WITH_UNIT(LENGTH_MEASURE(1.E-07),#2604,
  'distance_accuracy_value','confusion accuracy');
#2608 = PRODUCT_RELATED_PRODUCT_CATEGORY('part',$,(#859));
#2609 = SHAPE_DEFINITION_REPRESENTATION(#2610,#2616);
#2610 = PRODUCT_DEFINITION_SHAPE('','',#2611);
#2611 = PRODUCT_DEFINITION('design','',#2612,#2615);
#2612 = PRODUCT_DEFINITION_FORMATION('','',#2613);
#2613 = PRODUCT('pin1dot','pin1dot','',(#2614));
#2614 = PRODUCT_CONTEXT('',#2,'mechanical');
#2615 = PRODUCT_DEFINITION_CONTEXT('part definition',#2,'design');
#2616 = ADVANCED_BREP_SHAPE_REPRESENTATION('',(#11,#2617),#2715);
#2617 = MANIFOLD_SOLID_BREP('',#2618);
#2618 = CLOSED_SHELL('',(#2619,#2707,#2711));
#2619 = ADVANCED_FACE('',(#2620),#2633,.T.);
#2620 = FACE_BOUND('',#2621,.T.);
#2621 = EDGE_LOOP('',(#2622,#2656,#2679,#2706));
#2622 = ORIENTED_EDGE('',*,*,#2623,.F.);
#2623 = EDGE_CURVE('',#2624,#2624,#2626,.T.);
#2624 = VERTEX_POINT('',#2625);
#2625 = CARTESIAN_POINT('',(-2.75,3.,1.071));
#2626 = SURFACE_CURVE('',#2627,(#2632,#2644),.PCURVE_S1.);
#2627 = CIRCLE('',#2628,0.25);
#2628 = AXIS2_PLACEMENT_3D('',#2629,#2630,#2631);
#2629 = CARTESIAN_POINT('',(-3.,3.,1.071));
#2630 = DIRECTION('',(0.,0.,1.));
#2631 = DIRECTION('',(1.,0.,-0.));
#2632 = PCURVE('',#2633,#2638);
#2633 = CYLINDRICAL_SURFACE('',#2634,0.25);
#2634 = AXIS2_PLACEMENT_3D('',#2635,#2636,#2637);
#2635 = CARTESIAN_POINT('',(-3.,3.,1.05));
#2636 = DIRECTION('',(0.,0.,1.));
#2637 = DIRECTION('',(1.,0.,-0.));
#2638 = DEFINITIONAL_REPRESENTATION('',(#2639),#2643);
#2639 = LINE('',#2640,#2641);
#2640 = CARTESIAN_POINT('',(0.,2.1E-02));
#2641 = VECTOR('',#2642,1.);
#2642 = DIRECTION('',(1.,0.));
#2643 = ( GEOMETRIC_REPRESENTATION_CONTEXT(2) 
PARAMETRIC_REPRESENTATION_CONTEXT() REPRESENTATION_CONTEXT('2D SPACE',''
  ) );
#2644 = PCURVE('',#2645,#2650);
#2645 = PLANE('',#2646);
#2646 = AXIS2_PLACEMENT_3D('',#2647,#2648,#2649);
#2647 = CARTESIAN_POINT('',(-3.,3.,1.071));
#2648 = DIRECTION('',(0.,0.,1.));
#2649 = DIRECTION('',(1.,0.,-0.));
#2650 = DEFINITIONAL_REPRESENTATION('',(#2651),#2655);
#2651 = CIRCLE('',#2652,0.25);
#2652 = AXIS2_PLACEMENT_2D('',#2653,#2654);
#2653 = CARTESIAN_POINT('',(0.,0.));
#2654 = DIRECTION('',(1.,0.));
#2655 = ( GEOMETRIC_REPRESENTATION_CONTEXT(2) 
PARAMETRIC_REPRESENTATION_CONTEXT() REPRESENTATION_CONTEXT('2D SPACE',''
  ) );
#2656 = ORIENTED_EDGE('',*,*,#2657,.F.);
#2657 = EDGE_CURVE('',#2658,#2624,#2660,.T.);
#2658 = VERTEX_POINT('',#2659);
#2659 = CARTESIAN_POINT('',(-2.75,3.,1.05));
#2660 = SEAM_CURVE('',#2661,(#2665,#2672),.PCURVE_S1.);
#2661 = LINE('',#2662,#2663);
#2662 = CARTESIAN_POINT('',(-2.75,3.,1.05));
#2663 = VECTOR('',#2664,1.);
#2664 = DIRECTION('',(0.,0.,1.));
#2665 = PCURVE('',#2633,#2666);
#2666 = DEFINITIONAL_REPRESENTATION('',(#2667),#2671);
#2667 = LINE('',#2668,#2669);
#2668 = CARTESIAN_POINT('',(6.28318530718,-0.));
#2669 = VECTOR('',#2670,1.);
#2670 = DIRECTION('',(0.,1.));
#2671 = ( GEOMETRIC_REPRESENTATION_CONTEXT(2) 
PARAMETRIC_REPRESENTATION_CONTEXT() REPRESENTATION_CONTEXT('2D SPACE',''
  ) );
#2672 = PCURVE('',#2633,#2673);
#2673 = DEFINITIONAL_REPRESENTATION('',(#2674),#2678);
#2674 = LINE('',#2675,#2676);
#2675 = CARTESIAN_POINT('',(0.,-0.));
#2676 = VECTOR('',#2677,1.);
#2677 = DIRECTION('',(0.,1.));
#2678 = ( GEOMETRIC_REPRESENTATION_CONTEXT(2) 
PARAMETRIC_REPRESENTATION_CONTEXT() REPRESENTATION_CONTEXT('2D SPACE',''
  ) );
#2679 = ORIENTED_EDGE('',*,*,#2680,.T.);
#2680 = EDGE_CURVE('',#2658,#2658,#2681,.T.);
#2681 = SURFACE_CURVE('',#2682,(#2687,#2694),.PCURVE_S1.);
#2682 = CIRCLE('',#2683,0.25);
#2683 = AXIS2_PLACEMENT_3D('',#2684,#2685,#2686);
#2684 = CARTESIAN_POINT('',(-3.,3.,1.05));
#2685 = DIRECTION('',(0.,0.,1.));
#2686 = DIRECTION('',(1.,0.,-0.));
#2687 = PCURVE('',#2633,#2688);
#2688 = DEFINITIONAL_REPRESENTATION('',(#2689),#2693);
#2689 = LINE('',#2690,#2691);
#2690 = CARTESIAN_POINT('',(0.,0.));
#2691 = VECTOR('',#2692,1.);
#2692 = DIRECTION('',(1.,0.));
#2693 = ( GEOMETRIC_REPRESENTATION_CONTEXT(2) 
PARAMETRIC_REPRESENTATION_CONTEXT() REPRESENTATION_CONTEXT('2D SPACE',''
  ) );
#2694 = PCURVE('',#2695,#2700);
#2695 = PLANE('',#2696);
#2696 = AXIS2_PLACEMENT_3D('',#2697,#2698,#2699);
#2697 = CARTESIAN_POINT('',(-3.,3.,1.05));
#2698 = DIRECTION('',(0.,0.,1.));
#2699 = DIRECTION('',(1.,0.,-0.));
#2700 = DEFINITIONAL_REPRESENTATION('',(#2701),#2705);
#2701 = CIRCLE('',#2702,0.25);
#2702 = AXIS2_PLACEMENT_2D('',#2703,#2704);
#2703 = CARTESIAN_POINT('',(0.,0.));
#2704 = DIRECTION('',(1.,0.));
#2705 = ( GEOMETRIC_REPRESENTATION_CONTEXT(2) 
PARAMETRIC_REPRESENTATION_CONTEXT() REPRESENTATION_CONTEXT('2D SPACE',''
  ) );
#2706 = ORIENTED_EDGE('',*,*,#2657,.T.);
#2707 = ADVANCED_FACE('',(#2708),#2645,.T.);
#2708 = FACE_BOUND('',#2709,.T.);
#2709 = EDGE_LOOP('',(#2710));
#2710 = ORIENTED_EDGE('',*,*,#2623,.T.);
#2711 = ADVANCED_FACE('',(#2712),#2695,.F.);
#2712 = FACE_BOUND('',#2713,.T.);
#2713 = EDGE_LOOP('',(#2714));
#2714 = ORIENTED_EDGE('',*,*,#2680,.F.);
#2715 = ( GEOMETRIC_REPRESENTATION_CONTEXT(3) 
GLOBAL_UNCERTAINTY_ASSIGNED_CONTEXT((#2719)) 
GLOBAL_UNIT_ASSIGNED_CONTEXT((#2716,#2717,#2718)) REPRESENTATION_CONTEXT
('Context #1','3D Context with UNIT and UNCERTAINTY') );
#2716 = ( LENGTH_UNIT() NAMED_UNIT(*) SI_UNIT(.MILLI.,.METRE.) );
#2717 = ( NAMED_UNIT(*) PLANE_ANGLE_UNIT() SI_UNIT($,.RADIAN.) );
#2718 = ( NAMED_UNIT(*) SI_UNIT($,.STERADIAN.) SOLID_ANGLE_UNIT() );
#2719 = UNCERTAINTY_MEASURE_WITH_UNIT(LENGTH_MEASURE(1.E-07),#2716,
  'distance_accuracy_value','confusion accuracy');
#2720 = PRODUCT_RELATED_PRODUCT_CATEGORY('part',$,(#2613));
#2721 = MECHANICAL_DESIGN_GEOMETRIC_PRESENTATION_REPRESENTATION('',(
    #2722,#2732,#2741,#2750,#2759,#2768,#2777,#2786,#2795,#2804,#2813,
    #2822,#2831,#2840,#2849,#2858,#2867,#2876,#2885,#2894,#2903,#2912,
    #2921,#2930,#2939,#2948,#2957,#2966,#2975,#2984,#2993,#3002,#3011,
    #3020,#3029,#3038,#3047,#3056,#3065,#3074,#3083,#3092,#3101,#3110,
    #3119,#3128,#3137,#3146,#3155,#3164,#3173,#3182,#3191,#3200,#3209,
    #3218,#3227,#3236,#3245,#3254,#3263,#3272,#3281,#3290,#3299,#3308,
    #3317,#3326,#3335,#3344,#3353,#3362,#3371,#3380,#3389,#3398,#3407,
    #3416,#3425,#3434,#3443,#3452,#3461,#3470,#3479,#3488,#3497,#3506,
    #3515,#3524,#3533,#3542,#3551,#3560,#3569,#3578,#3587,#3596,#3605,
    #3614,#3623,#3632,#3641,#3650,#3659,#3668,#3677,#3686,#3695,#3704,
    #3713,#3722,#3731,#3740,#3749,#3758,#3767,#3776,#3785,#3794,#3803,
    #3812,#3821,#3830,#3839,#3848,#3857,#3866,#3875,#3884,#3893,#3902,
    #3911,#3920,#3929,#3938,#3947,#3956,#3965,#3974,#3983,#3992,#4001,
    #4010,#4019),#2603);
#2722 = STYLED_ITEM('color',(#2723),#863);
#2723 = PRESENTATION_STYLE_ASSIGNMENT((#2724,#2730));
#2724 = SURFACE_STYLE_USAGE(.BOTH.,#2725);
#2725 = SURFACE_SIDE_STYLE('',(#2726));
#2726 = SURFACE_STYLE_FILL_AREA(#2727);
#2727 = FILL_AREA_STYLE('',(#2728));
#2728 = FILL_AREA_STYLE_COLOUR('',#2729);
#2729 = COLOUR_RGB('',0.720000003324,0.720000003324,0.720000003324);
#2730 = CURVE_STYLE('',#2731,POSITIVE_LENGTH_MEASURE(0.1),#2729);
#2731 = DRAUGHTING_PRE_DEFINED_CURVE_FONT('continuous');
#2732 = STYLED_ITEM('color',(#2733),#875);
#2733 = PRESENTATION_STYLE_ASSIGNMENT((#2734,#2739));
#2734 = SURFACE_STYLE_USAGE(.BOTH.,#2735);
#2735 = SURFACE_SIDE_STYLE('',(#2736));
#2736 = SURFACE_STYLE_FILL_AREA(#2737);
#2737 = FILL_AREA_STYLE('',(#2738));
#2738 = FILL_AREA_STYLE_COLOUR('',#2729);
#2739 = CURVE_STYLE('',#2740,POSITIVE_LENGTH_MEASURE(0.1),#2729);
#2740 = DRAUGHTING_PRE_DEFINED_CURVE_FONT('continuous');
#2741 = STYLED_ITEM('color',(#2742),#887);
#2742 = PRESENTATION_STYLE_ASSIGNMENT((#2743,#2748));
#2743 = SURFACE_STYLE_USAGE(.BOTH.,#2744);
#2744 = SURFACE_SIDE_STYLE('',(#2745));
#2745 = SURFACE_STYLE_FILL_AREA(#2746);
#2746 = FILL_AREA_STYLE('',(#2747));
#2747 = FILL_AREA_STYLE_COLOUR('',#2729);
#2748 = CURVE_STYLE('',#2749,POSITIVE_LENGTH_MEASURE(0.1),#2729);
#2749 = DRAUGHTING_PRE_DEFINED_CURVE_FONT('continuous');
#2750 = STYLED_ITEM('color',(#2751),#899);
#2751 = PRESENTATION_STYLE_ASSIGNMENT((#2752,#2757));
#2752 = SURFACE_STYLE_USAGE(.BOTH.,#2753);
#2753 = SURFACE_SIDE_STYLE('',(#2754));
#2754 = SURFACE_STYLE_FILL_AREA(#2755);
#2755 = FILL_AREA_STYLE('',(#2756));
#2756 = FILL_AREA_STYLE_COLOUR('',#2729);
#2757 = CURVE_STYLE('',#2758,POSITIVE_LENGTH_MEASURE(0.1),#2729);
#2758 = DRAUGHTING_PRE_DEFINED_CURVE_FONT('continuous');
#2759 = STYLED_ITEM('color',(#2760),#911);
#2760 = PRESENTATION_STYLE_ASSIGNMENT((#2761,#2766));
#2761 = SURFACE_STYLE_USAGE(.BOTH.,#2762);
#2762 = SURFACE_SIDE_STYLE('',(#2763));
#2763 = SURFACE_STYLE_FILL_AREA(#2764);
#2764 = FILL_AREA_STYLE('',(#2765));
#2765 = FILL_AREA_STYLE_COLOUR('',#2729);
#2766 = CURVE_STYLE('',#2767,POSITIVE_LENGTH_MEASURE(0.1),#2729);
#2767 = DRAUGHTING_PRE_DEFINED_CURVE_FONT('continuous');
#2768 = STYLED_ITEM('color',(#2769),#923);
#2769 = PRESENTATION_STYLE_ASSIGNMENT((#2770,#2775));
#2770 = SURFACE_STYLE_USAGE(.BOTH.,#2771);
#2771 = SURFACE_SIDE_STYLE('',(#2772));
#2772 = SURFACE_STYLE_FILL_AREA(#2773);
#2773 = FILL_AREA_STYLE('',(#2774));
#2774 = FILL_AREA_STYLE_COLOUR('',#2729);
#2775 = CURVE_STYLE('',#2776,POSITIVE_LENGTH_MEASURE(0.1),#2729);
#2776 = DRAUGHTING_PRE_DEFINED_CURVE_FONT('continuous');
#2777 = STYLED_ITEM('color',(#2778),#935);
#2778 = PRESENTATION_STYLE_ASSIGNMENT((#2779,#2784));
#2779 = SURFACE_STYLE_USAGE(.BOTH.,#2780);
#2780 = SURFACE_SIDE_STYLE('',(#2781));
#2781 = SURFACE_STYLE_FILL_AREA(#2782);
#2782 = FILL_AREA_STYLE('',(#2783));
#2783 = FILL_AREA_STYLE_COLOUR('',#2729);
#2784 = CURVE_STYLE('',#2785,POSITIVE_LENGTH_MEASURE(0.1),#2729);
#2785 = DRAUGHTING_PRE_DEFINED_CURVE_FONT('continuous');
#2786 = STYLED_ITEM('color',(#2787),#947);
#2787 = PRESENTATION_STYLE_ASSIGNMENT((#2788,#2793));
#2788 = SURFACE_STYLE_USAGE(.BOTH.,#2789);
#2789 = SURFACE_SIDE_STYLE('',(#2790));
#2790 = SURFACE_STYLE_FILL_AREA(#2791);
#2791 = FILL_AREA_STYLE('',(#2792));
#2792 = FILL_AREA_STYLE_COLOUR('',#2729);
#2793 = CURVE_STYLE('',#2794,POSITIVE_LENGTH_MEASURE(0.1),#2729);
#2794 = DRAUGHTING_PRE_DEFINED_CURVE_FONT('continuous');
#2795 = STYLED_ITEM('color',(#2796),#959);
#2796 = PRESENTATION_STYLE_ASSIGNMENT((#2797,#2802));
#2797 = SURFACE_STYLE_USAGE(.BOTH.,#2798);
#2798 = SURFACE_SIDE_STYLE('',(#2799));
#2799 = SURFACE_STYLE_FILL_AREA(#2800);
#2800 = FILL_AREA_STYLE('',(#2801));
#2801 = FILL_AREA_STYLE_COLOUR('',#2729);
#2802 = CURVE_STYLE('',#2803,POSITIVE_LENGTH_MEASURE(0.1),#2729);
#2803 = DRAUGHTING_PRE_DEFINED_CURVE_FONT('continuous');
#2804 = STYLED_ITEM('color',(#2805),#971);
#2805 = PRESENTATION_STYLE_ASSIGNMENT((#2806,#2811));
#2806 = SURFACE_STYLE_USAGE(.BOTH.,#2807);
#2807 = SURFACE_SIDE_STYLE('',(#2808));
#2808 = SURFACE_STYLE_FILL_AREA(#2809);
#2809 = FILL_AREA_STYLE('',(#2810));
#2810 = FILL_AREA_STYLE_COLOUR('',#2729);
#2811 = CURVE_STYLE('',#2812,POSITIVE_LENGTH_MEASURE(0.1),#2729);
#2812 = DRAUGHTING_PRE_DEFINED_CURVE_FONT('continuous');
#2813 = STYLED_ITEM('color',(#2814),#983);
#2814 = PRESENTATION_STYLE_ASSIGNMENT((#2815,#2820));
#2815 = SURFACE_STYLE_USAGE(.BOTH.,#2816);
#2816 = SURFACE_SIDE_STYLE('',(#2817));
#2817 = SURFACE_STYLE_FILL_AREA(#2818);
#2818 = FILL_AREA_STYLE('',(#2819));
#2819 = FILL_AREA_STYLE_COLOUR('',#2729);
#2820 = CURVE_STYLE('',#2821,POSITIVE_LENGTH_MEASURE(0.1),#2729);
#2821 = DRAUGHTING_PRE_DEFINED_CURVE_FONT('continuous');
#2822 = STYLED_ITEM('color',(#2823),#995);
#2823 = PRESENTATION_STYLE_ASSIGNMENT((#2824,#2829));
#2824 = SURFACE_STYLE_USAGE(.BOTH.,#2825);
#2825 = SURFACE_SIDE_STYLE('',(#2826));
#2826 = SURFACE_STYLE_FILL_AREA(#2827);
#2827 = FILL_AREA_STYLE('',(#2828));
#2828 = FILL_AREA_STYLE_COLOUR('',#2729);
#2829 = CURVE_STYLE('',#2830,POSITIVE_LENGTH_MEASURE(0.1),#2729);
#2830 = DRAUGHTING_PRE_DEFINED_CURVE_FONT('continuous');
#2831 = STYLED_ITEM('color',(#2832),#1007);
#2832 = PRESENTATION_STYLE_ASSIGNMENT((#2833,#2838));
#2833 = SURFACE_STYLE_USAGE(.BOTH.,#2834);
#2834 = SURFACE_SIDE_STYLE('',(#2835));
#2835 = SURFACE_STYLE_FILL_AREA(#2836);
#2836 = FILL_AREA_STYLE('',(#2837));
#2837 = FILL_AREA_STYLE_COLOUR('',#2729);
#2838 = CURVE_STYLE('',#2839,POSITIVE_LENGTH_MEASURE(0.1),#2729);
#2839 = DRAUGHTING_PRE_DEFINED_CURVE_FONT('continuous');
#2840 = STYLED_ITEM('color',(#2841),#1019);
#2841 = PRESENTATION_STYLE_ASSIGNMENT((#2842,#2847));
#2842 = SURFACE_STYLE_USAGE(.BOTH.,#2843);
#2843 = SURFACE_SIDE_STYLE('',(#2844));
#2844 = SURFACE_STYLE_FILL_AREA(#2845);
#2845 = FILL_AREA_STYLE('',(#2846));
#2846 = FILL_AREA_STYLE_COLOUR('',#2729);
#2847 = CURVE_STYLE('',#2848,POSITIVE_LENGTH_MEASURE(0.1),#2729);
#2848 = DRAUGHTING_PRE_DEFINED_CURVE_FONT('continuous');
#2849 = STYLED_ITEM('color',(#2850),#1031);
#2850 = PRESENTATION_STYLE_ASSIGNMENT((#2851,#2856));
#2851 = SURFACE_STYLE_USAGE(.BOTH.,#2852);
#2852 = SURFACE_SIDE_STYLE('',(#2853));
#2853 = SURFACE_STYLE_FILL_AREA(#2854);
#2854 = FILL_AREA_STYLE('',(#2855));
#2855 = FILL_AREA_STYLE_COLOUR('',#2729);
#2856 = CURVE_STYLE('',#2857,POSITIVE_LENGTH_MEASURE(0.1),#2729);
#2857 = DRAUGHTING_PRE_DEFINED_CURVE_FONT('continuous');
#2858 = STYLED_ITEM('color',(#2859),#1043);
#2859 = PRESENTATION_STYLE_ASSIGNMENT((#2860,#2865));
#2860 = SURFACE_STYLE_USAGE(.BOTH.,#2861);
#2861 = SURFACE_SIDE_STYLE('',(#2862));
#2862 = SURFACE_STYLE_FILL_AREA(#2863);
#2863 = FILL_AREA_STYLE('',(#2864));
#2864 = FILL_AREA_STYLE_COLOUR('',#2729);
#2865 = CURVE_STYLE('',#2866,POSITIVE_LENGTH_MEASURE(0.1),#2729);
#2866 = DRAUGHTING_PRE_DEFINED_CURVE_FONT('continuous');
#2867 = STYLED_ITEM('color',(#2868),#1055);
#2868 = PRESENTATION_STYLE_ASSIGNMENT((#2869,#2874));
#2869 = SURFACE_STYLE_USAGE(.BOTH.,#2870);
#2870 = SURFACE_SIDE_STYLE('',(#2871));
#2871 = SURFACE_STYLE_FILL_AREA(#2872);
#2872 = FILL_AREA_STYLE('',(#2873));
#2873 = FILL_AREA_STYLE_COLOUR('',#2729);
#2874 = CURVE_STYLE('',#2875,POSITIVE_LENGTH_MEASURE(0.1),#2729);
#2875 = DRAUGHTING_PRE_DEFINED_CURVE_FONT('continuous');
#2876 = STYLED_ITEM('color',(#2877),#1067);
#2877 = PRESENTATION_STYLE_ASSIGNMENT((#2878,#2883));
#2878 = SURFACE_STYLE_USAGE(.BOTH.,#2879);
#2879 = SURFACE_SIDE_STYLE('',(#2880));
#2880 = SURFACE_STYLE_FILL_AREA(#2881);
#2881 = FILL_AREA_STYLE('',(#2882));
#2882 = FILL_AREA_STYLE_COLOUR('',#2729);
#2883 = CURVE_STYLE('',#2884,POSITIVE_LENGTH_MEASURE(0.1),#2729);
#2884 = DRAUGHTING_PRE_DEFINED_CURVE_FONT('continuous');
#2885 = STYLED_ITEM('color',(#2886),#1079);
#2886 = PRESENTATION_STYLE_ASSIGNMENT((#2887,#2892));
#2887 = SURFACE_STYLE_USAGE(.BOTH.,#2888);
#2888 = SURFACE_SIDE_STYLE('',(#2889));
#2889 = SURFACE_STYLE_FILL_AREA(#2890);
#2890 = FILL_AREA_STYLE('',(#2891));
#2891 = FILL_AREA_STYLE_COLOUR('',#2729);
#2892 = CURVE_STYLE('',#2893,POSITIVE_LENGTH_MEASURE(0.1),#2729);
#2893 = DRAUGHTING_PRE_DEFINED_CURVE_FONT('continuous');
#2894 = STYLED_ITEM('color',(#2895),#1091);
#2895 = PRESENTATION_STYLE_ASSIGNMENT((#2896,#2901));
#2896 = SURFACE_STYLE_USAGE(.BOTH.,#2897);
#2897 = SURFACE_SIDE_STYLE('',(#2898));
#2898 = SURFACE_STYLE_FILL_AREA(#2899);
#2899 = FILL_AREA_STYLE('',(#2900));
#2900 = FILL_AREA_STYLE_COLOUR('',#2729);
#2901 = CURVE_STYLE('',#2902,POSITIVE_LENGTH_MEASURE(0.1),#2729);
#2902 = DRAUGHTING_PRE_DEFINED_CURVE_FONT('continuous');
#2903 = STYLED_ITEM('color',(#2904),#1103);
#2904 = PRESENTATION_STYLE_ASSIGNMENT((#2905,#2910));
#2905 = SURFACE_STYLE_USAGE(.BOTH.,#2906);
#2906 = SURFACE_SIDE_STYLE('',(#2907));
#2907 = SURFACE_STYLE_FILL_AREA(#2908);
#2908 = FILL_AREA_STYLE('',(#2909));
#2909 = FILL_AREA_STYLE_COLOUR('',#2729);
#2910 = CURVE_STYLE('',#2911,POSITIVE_LENGTH_MEASURE(0.1),#2729);
#2911 = DRAUGHTING_PRE_DEFINED_CURVE_FONT('continuous');
#2912 = STYLED_ITEM('color',(#2913),#1115);
#2913 = PRESENTATION_STYLE_ASSIGNMENT((#2914,#2919));
#2914 = SURFACE_STYLE_USAGE(.BOTH.,#2915);
#2915 = SURFACE_SIDE_STYLE('',(#2916));
#2916 = SURFACE_STYLE_FILL_AREA(#2917);
#2917 = FILL_AREA_STYLE('',(#2918));
#2918 = FILL_AREA_STYLE_COLOUR('',#2729);
#2919 = CURVE_STYLE('',#2920,POSITIVE_LENGTH_MEASURE(0.1),#2729);
#2920 = DRAUGHTING_PRE_DEFINED_CURVE_FONT('continuous');
#2921 = STYLED_ITEM('color',(#2922),#1127);
#2922 = PRESENTATION_STYLE_ASSIGNMENT((#2923,#2928));
#2923 = SURFACE_STYLE_USAGE(.BOTH.,#2924);
#2924 = SURFACE_SIDE_STYLE('',(#2925));
#2925 = SURFACE_STYLE_FILL_AREA(#2926);
#2926 = FILL_AREA_STYLE('',(#2927));
#2927 = FILL_AREA_STYLE_COLOUR('',#2729);
#2928 = CURVE_STYLE('',#2929,POSITIVE_LENGTH_MEASURE(0.1),#2729);
#2929 = DRAUGHTING_PRE_DEFINED_CURVE_FONT('continuous');
#2930 = STYLED_ITEM('color',(#2931),#1139);
#2931 = PRESENTATION_STYLE_ASSIGNMENT((#2932,#2937));
#2932 = SURFACE_STYLE_USAGE(.BOTH.,#2933);
#2933 = SURFACE_SIDE_STYLE('',(#2934));
#2934 = SURFACE_STYLE_FILL_AREA(#2935);
#2935 = FILL_AREA_STYLE('',(#2936));
#2936 = FILL_AREA_STYLE_COLOUR('',#2729);
#2937 = CURVE_STYLE('',#2938,POSITIVE_LENGTH_MEASURE(0.1),#2729);
#2938 = DRAUGHTING_PRE_DEFINED_CURVE_FONT('continuous');
#2939 = STYLED_ITEM('color',(#2940),#1151);
#2940 = PRESENTATION_STYLE_ASSIGNMENT((#2941,#2946));
#2941 = SURFACE_STYLE_USAGE(.BOTH.,#2942);
#2942 = SURFACE_SIDE_STYLE('',(#2943));
#2943 = SURFACE_STYLE_FILL_AREA(#2944);
#2944 = FILL_AREA_STYLE('',(#2945));
#2945 = FILL_AREA_STYLE_COLOUR('',#2729);
#2946 = CURVE_STYLE('',#2947,POSITIVE_LENGTH_MEASURE(0.1),#2729);
#2947 = DRAUGHTING_PRE_DEFINED_CURVE_FONT('continuous');
#2948 = STYLED_ITEM('color',(#2949),#1163);
#2949 = PRESENTATION_STYLE_ASSIGNMENT((#2950,#2955));
#2950 = SURFACE_STYLE_USAGE(.BOTH.,#2951);
#2951 = SURFACE_SIDE_STYLE('',(#2952));
#2952 = SURFACE_STYLE_FILL_AREA(#2953);
#2953 = FILL_AREA_STYLE('',(#2954));
#2954 = FILL_AREA_STYLE_COLOUR('',#2729);
#2955 = CURVE_STYLE('',#2956,POSITIVE_LENGTH_MEASURE(0.1),#2729);
#2956 = DRAUGHTING_PRE_DEFINED_CURVE_FONT('continuous');
#2957 = STYLED_ITEM('color',(#2958),#1175);
#2958 = PRESENTATION_STYLE_ASSIGNMENT((#2959,#2964));
#2959 = SURFACE_STYLE_USAGE(.BOTH.,#2960);
#2960 = SURFACE_SIDE_STYLE('',(#2961));
#2961 = SURFACE_STYLE_FILL_AREA(#2962);
#2962 = FILL_AREA_STYLE('',(#2963));
#2963 = FILL_AREA_STYLE_COLOUR('',#2729);
#2964 = CURVE_STYLE('',#2965,POSITIVE_LENGTH_MEASURE(0.1),#2729);
#2965 = DRAUGHTING_PRE_DEFINED_CURVE_FONT('continuous');
#2966 = STYLED_ITEM('color',(#2967),#1187);
#2967 = PRESENTATION_STYLE_ASSIGNMENT((#2968,#2973));
#2968 = SURFACE_STYLE_USAGE(.BOTH.,#2969);
#2969 = SURFACE_SIDE_STYLE('',(#2970));
#2970 = SURFACE_STYLE_FILL_AREA(#2971);
#2971 = FILL_AREA_STYLE('',(#2972));
#2972 = FILL_AREA_STYLE_COLOUR('',#2729);
#2973 = CURVE_STYLE('',#2974,POSITIVE_LENGTH_MEASURE(0.1),#2729);
#2974 = DRAUGHTING_PRE_DEFINED_CURVE_FONT('continuous');
#2975 = STYLED_ITEM('color',(#2976),#1199);
#2976 = PRESENTATION_STYLE_ASSIGNMENT((#2977,#2982));
#2977 = SURFACE_STYLE_USAGE(.BOTH.,#2978);
#2978 = SURFACE_SIDE_STYLE('',(#2979));
#2979 = SURFACE_STYLE_FILL_AREA(#2980);
#2980 = FILL_AREA_STYLE('',(#2981));
#2981 = FILL_AREA_STYLE_COLOUR('',#2729);
#2982 = CURVE_STYLE('',#2983,POSITIVE_LENGTH_MEASURE(0.1),#2729);
#2983 = DRAUGHTING_PRE_DEFINED_CURVE_FONT('continuous');
#2984 = STYLED_ITEM('color',(#2985),#1211);
#2985 = PRESENTATION_STYLE_ASSIGNMENT((#2986,#2991));
#2986 = SURFACE_STYLE_USAGE(.BOTH.,#2987);
#2987 = SURFACE_SIDE_STYLE('',(#2988));
#2988 = SURFACE_STYLE_FILL_AREA(#2989);
#2989 = FILL_AREA_STYLE('',(#2990));
#2990 = FILL_AREA_STYLE_COLOUR('',#2729);
#2991 = CURVE_STYLE('',#2992,POSITIVE_LENGTH_MEASURE(0.1),#2729);
#2992 = DRAUGHTING_PRE_DEFINED_CURVE_FONT('continuous');
#2993 = STYLED_ITEM('color',(#2994),#1223);
#2994 = PRESENTATION_STYLE_ASSIGNMENT((#2995,#3000));
#2995 = SURFACE_STYLE_USAGE(.BOTH.,#2996);
#2996 = SURFACE_SIDE_STYLE('',(#2997));
#2997 = SURFACE_STYLE_FILL_AREA(#2998);
#2998 = FILL_AREA_STYLE('',(#2999));
#2999 = FILL_AREA_STYLE_COLOUR('',#2729);
#3000 = CURVE_STYLE('',#3001,POSITIVE_LENGTH_MEASURE(0.1),#2729);
#3001 = DRAUGHTING_PRE_DEFINED_CURVE_FONT('continuous');
#3002 = STYLED_ITEM('color',(#3003),#1235);
#3003 = PRESENTATION_STYLE_ASSIGNMENT((#3004,#3009));
#3004 = SURFACE_STYLE_USAGE(.BOTH.,#3005);
#3005 = SURFACE_SIDE_STYLE('',(#3006));
#3006 = SURFACE_STYLE_FILL_AREA(#3007);
#3007 = FILL_AREA_STYLE('',(#3008));
#3008 = FILL_AREA_STYLE_COLOUR('',#2729);
#3009 = CURVE_STYLE('',#3010,POSITIVE_LENGTH_MEASURE(0.1),#2729);
#3010 = DRAUGHTING_PRE_DEFINED_CURVE_FONT('continuous');
#3011 = STYLED_ITEM('color',(#3012),#1247);
#3012 = PRESENTATION_STYLE_ASSIGNMENT((#3013,#3018));
#3013 = SURFACE_STYLE_USAGE(.BOTH.,#3014);
#3014 = SURFACE_SIDE_STYLE('',(#3015));
#3015 = SURFACE_STYLE_FILL_AREA(#3016);
#3016 = FILL_AREA_STYLE('',(#3017));
#3017 = FILL_AREA_STYLE_COLOUR('',#2729);
#3018 = CURVE_STYLE('',#3019,POSITIVE_LENGTH_MEASURE(0.1),#2729);
#3019 = DRAUGHTING_PRE_DEFINED_CURVE_FONT('continuous');
#3020 = STYLED_ITEM('color',(#3021),#1259);
#3021 = PRESENTATION_STYLE_ASSIGNMENT((#3022,#3027));
#3022 = SURFACE_STYLE_USAGE(.BOTH.,#3023);
#3023 = SURFACE_SIDE_STYLE('',(#3024));
#3024 = SURFACE_STYLE_FILL_AREA(#3025);
#3025 = FILL_AREA_STYLE('',(#3026));
#3026 = FILL_AREA_STYLE_COLOUR('',#2729);
#3027 = CURVE_STYLE('',#3028,POSITIVE_LENGTH_MEASURE(0.1),#2729);
#3028 = DRAUGHTING_PRE_DEFINED_CURVE_FONT('continuous');
#3029 = STYLED_ITEM('color',(#3030),#1271);
#3030 = PRESENTATION_STYLE_ASSIGNMENT((#3031,#3036));
#3031 = SURFACE_STYLE_USAGE(.BOTH.,#3032);
#3032 = SURFACE_SIDE_STYLE('',(#3033));
#3033 = SURFACE_STYLE_FILL_AREA(#3034);
#3034 = FILL_AREA_STYLE('',(#3035));
#3035 = FILL_AREA_STYLE_COLOUR('',#2729);
#3036 = CURVE_STYLE('',#3037,POSITIVE_LENGTH_MEASURE(0.1),#2729);
#3037 = DRAUGHTING_PRE_DEFINED_CURVE_FONT('continuous');
#3038 = STYLED_ITEM('color',(#3039),#1283);
#3039 = PRESENTATION_STYLE_ASSIGNMENT((#3040,#3045));
#3040 = SURFACE_STYLE_USAGE(.BOTH.,#3041);
#3041 = SURFACE_SIDE_STYLE('',(#3042));
#3042 = SURFACE_STYLE_FILL_AREA(#3043);
#3043 = FILL_AREA_STYLE('',(#3044));
#3044 = FILL_AREA_STYLE_COLOUR('',#2729);
#3045 = CURVE_STYLE('',#3046,POSITIVE_LENGTH_MEASURE(0.1),#2729);
#3046 = DRAUGHTING_PRE_DEFINED_CURVE_FONT('continuous');
#3047 = STYLED_ITEM('color',(#3048),#1295);
#3048 = PRESENTATION_STYLE_ASSIGNMENT((#3049,#3054));
#3049 = SURFACE_STYLE_USAGE(.BOTH.,#3050);
#3050 = SURFACE_SIDE_STYLE('',(#3051));
#3051 = SURFACE_STYLE_FILL_AREA(#3052);
#3052 = FILL_AREA_STYLE('',(#3053));
#3053 = FILL_AREA_STYLE_COLOUR('',#2729);
#3054 = CURVE_STYLE('',#3055,POSITIVE_LENGTH_MEASURE(0.1),#2729);
#3055 = DRAUGHTING_PRE_DEFINED_CURVE_FONT('continuous');
#3056 = STYLED_ITEM('color',(#3057),#1307);
#3057 = PRESENTATION_STYLE_ASSIGNMENT((#3058,#3063));
#3058 = SURFACE_STYLE_USAGE(.BOTH.,#3059);
#3059 = SURFACE_SIDE_STYLE('',(#3060));
#3060 = SURFACE_STYLE_FILL_AREA(#3061);
#3061 = FILL_AREA_STYLE('',(#3062));
#3062 = FILL_AREA_STYLE_COLOUR('',#2729);
#3063 = CURVE_STYLE('',#3064,POSITIVE_LENGTH_MEASURE(0.1),#2729);
#3064 = DRAUGHTING_PRE_DEFINED_CURVE_FONT('continuous');
#3065 = STYLED_ITEM('color',(#3066),#1319);
#3066 = PRESENTATION_STYLE_ASSIGNMENT((#3067,#3072));
#3067 = SURFACE_STYLE_USAGE(.BOTH.,#3068);
#3068 = SURFACE_SIDE_STYLE('',(#3069));
#3069 = SURFACE_STYLE_FILL_AREA(#3070);
#3070 = FILL_AREA_STYLE('',(#3071));
#3071 = FILL_AREA_STYLE_COLOUR('',#2729);
#3072 = CURVE_STYLE('',#3073,POSITIVE_LENGTH_MEASURE(0.1),#2729);
#3073 = DRAUGHTING_PRE_DEFINED_CURVE_FONT('continuous');
#3074 = STYLED_ITEM('color',(#3075),#1331);
#3075 = PRESENTATION_STYLE_ASSIGNMENT((#3076,#3081));
#3076 = SURFACE_STYLE_USAGE(.BOTH.,#3077);
#3077 = SURFACE_SIDE_STYLE('',(#3078));
#3078 = SURFACE_STYLE_FILL_AREA(#3079);
#3079 = FILL_AREA_STYLE('',(#3080));
#3080 = FILL_AREA_STYLE_COLOUR('',#2729);
#3081 = CURVE_STYLE('',#3082,POSITIVE_LENGTH_MEASURE(0.1),#2729);
#3082 = DRAUGHTING_PRE_DEFINED_CURVE_FONT('continuous');
#3083 = STYLED_ITEM('color',(#3084),#1343);
#3084 = PRESENTATION_STYLE_ASSIGNMENT((#3085,#3090));
#3085 = SURFACE_STYLE_USAGE(.BOTH.,#3086);
#3086 = SURFACE_SIDE_STYLE('',(#3087));
#3087 = SURFACE_STYLE_FILL_AREA(#3088);
#3088 = FILL_AREA_STYLE('',(#3089));
#3089 = FILL_AREA_STYLE_COLOUR('',#2729);
#3090 = CURVE_STYLE('',#3091,POSITIVE_LENGTH_MEASURE(0.1),#2729);
#3091 = DRAUGHTING_PRE_DEFINED_CURVE_FONT('continuous');
#3092 = STYLED_ITEM('color',(#3093),#1355);
#3093 = PRESENTATION_STYLE_ASSIGNMENT((#3094,#3099));
#3094 = SURFACE_STYLE_USAGE(.BOTH.,#3095);
#3095 = SURFACE_SIDE_STYLE('',(#3096));
#3096 = SURFACE_STYLE_FILL_AREA(#3097);
#3097 = FILL_AREA_STYLE('',(#3098));
#3098 = FILL_AREA_STYLE_COLOUR('',#2729);
#3099 = CURVE_STYLE('',#3100,POSITIVE_LENGTH_MEASURE(0.1),#2729);
#3100 = DRAUGHTING_PRE_DEFINED_CURVE_FONT('continuous');
#3101 = STYLED_ITEM('color',(#3102),#1367);
#3102 = PRESENTATION_STYLE_ASSIGNMENT((#3103,#3108));
#3103 = SURFACE_STYLE_USAGE(.BOTH.,#3104);
#3104 = SURFACE_SIDE_STYLE('',(#3105));
#3105 = SURFACE_STYLE_FILL_AREA(#3106);
#3106 = FILL_AREA_STYLE('',(#3107));
#3107 = FILL_AREA_STYLE_COLOUR('',#2729);
#3108 = CURVE_STYLE('',#3109,POSITIVE_LENGTH_MEASURE(0.1),#2729);
#3109 = DRAUGHTING_PRE_DEFINED_CURVE_FONT('continuous');
#3110 = STYLED_ITEM('color',(#3111),#1379);
#3111 = PRESENTATION_STYLE_ASSIGNMENT((#3112,#3117));
#3112 = SURFACE_STYLE_USAGE(.BOTH.,#3113);
#3113 = SURFACE_SIDE_STYLE('',(#3114));
#3114 = SURFACE_STYLE_FILL_AREA(#3115);
#3115 = FILL_AREA_STYLE('',(#3116));
#3116 = FILL_AREA_STYLE_COLOUR('',#2729);
#3117 = CURVE_STYLE('',#3118,POSITIVE_LENGTH_MEASURE(0.1),#2729);
#3118 = DRAUGHTING_PRE_DEFINED_CURVE_FONT('continuous');
#3119 = STYLED_ITEM('color',(#3120),#1391);
#3120 = PRESENTATION_STYLE_ASSIGNMENT((#3121,#3126));
#3121 = SURFACE_STYLE_USAGE(.BOTH.,#3122);
#3122 = SURFACE_SIDE_STYLE('',(#3123));
#3123 = SURFACE_STYLE_FILL_AREA(#3124);
#3124 = FILL_AREA_STYLE('',(#3125));
#3125 = FILL_AREA_STYLE_COLOUR('',#2729);
#3126 = CURVE_STYLE('',#3127,POSITIVE_LENGTH_MEASURE(0.1),#2729);
#3127 = DRAUGHTING_PRE_DEFINED_CURVE_FONT('continuous');
#3128 = STYLED_ITEM('color',(#3129),#1403);
#3129 = PRESENTATION_STYLE_ASSIGNMENT((#3130,#3135));
#3130 = SURFACE_STYLE_USAGE(.BOTH.,#3131);
#3131 = SURFACE_SIDE_STYLE('',(#3132));
#3132 = SURFACE_STYLE_FILL_AREA(#3133);
#3133 = FILL_AREA_STYLE('',(#3134));
#3134 = FILL_AREA_STYLE_COLOUR('',#2729);
#3135 = CURVE_STYLE('',#3136,POSITIVE_LENGTH_MEASURE(0.1),#2729);
#3136 = DRAUGHTING_PRE_DEFINED_CURVE_FONT('continuous');
#3137 = STYLED_ITEM('color',(#3138),#1415);
#3138 = PRESENTATION_STYLE_ASSIGNMENT((#3139,#3144));
#3139 = SURFACE_STYLE_USAGE(.BOTH.,#3140);
#3140 = SURFACE_SIDE_STYLE('',(#3141));
#3141 = SURFACE_STYLE_FILL_AREA(#3142);
#3142 = FILL_AREA_STYLE('',(#3143));
#3143 = FILL_AREA_STYLE_COLOUR('',#2729);
#3144 = CURVE_STYLE('',#3145,POSITIVE_LENGTH_MEASURE(0.1),#2729);
#3145 = DRAUGHTING_PRE_DEFINED_CURVE_FONT('continuous');
#3146 = STYLED_ITEM('color',(#3147),#1427);
#3147 = PRESENTATION_STYLE_ASSIGNMENT((#3148,#3153));
#3148 = SURFACE_STYLE_USAGE(.BOTH.,#3149);
#3149 = SURFACE_SIDE_STYLE('',(#3150));
#3150 = SURFACE_STYLE_FILL_AREA(#3151);
#3151 = FILL_AREA_STYLE('',(#3152));
#3152 = FILL_AREA_STYLE_COLOUR('',#2729);
#3153 = CURVE_STYLE('',#3154,POSITIVE_LENGTH_MEASURE(0.1),#2729);
#3154 = DRAUGHTING_PRE_DEFINED_CURVE_FONT('continuous');
#3155 = STYLED_ITEM('color',(#3156),#1439);
#3156 = PRESENTATION_STYLE_ASSIGNMENT((#3157,#3162));
#3157 = SURFACE_STYLE_USAGE(.BOTH.,#3158);
#3158 = SURFACE_SIDE_STYLE('',(#3159));
#3159 = SURFACE_STYLE_FILL_AREA(#3160);
#3160 = FILL_AREA_STYLE('',(#3161));
#3161 = FILL_AREA_STYLE_COLOUR('',#2729);
#3162 = CURVE_STYLE('',#3163,POSITIVE_LENGTH_MEASURE(0.1),#2729);
#3163 = DRAUGHTING_PRE_DEFINED_CURVE_FONT('continuous');
#3164 = STYLED_ITEM('color',(#3165),#1451);
#3165 = PRESENTATION_STYLE_ASSIGNMENT((#3166,#3171));
#3166 = SURFACE_STYLE_USAGE(.BOTH.,#3167);
#3167 = SURFACE_SIDE_STYLE('',(#3168));
#3168 = SURFACE_STYLE_FILL_AREA(#3169);
#3169 = FILL_AREA_STYLE('',(#3170));
#3170 = FILL_AREA_STYLE_COLOUR('',#2729);
#3171 = CURVE_STYLE('',#3172,POSITIVE_LENGTH_MEASURE(0.1),#2729);
#3172 = DRAUGHTING_PRE_DEFINED_CURVE_FONT('continuous');
#3173 = STYLED_ITEM('color',(#3174),#1463);
#3174 = PRESENTATION_STYLE_ASSIGNMENT((#3175,#3180));
#3175 = SURFACE_STYLE_USAGE(.BOTH.,#3176);
#3176 = SURFACE_SIDE_STYLE('',(#3177));
#3177 = SURFACE_STYLE_FILL_AREA(#3178);
#3178 = FILL_AREA_STYLE('',(#3179));
#3179 = FILL_AREA_STYLE_COLOUR('',#2729);
#3180 = CURVE_STYLE('',#3181,POSITIVE_LENGTH_MEASURE(0.1),#2729);
#3181 = DRAUGHTING_PRE_DEFINED_CURVE_FONT('continuous');
#3182 = STYLED_ITEM('color',(#3183),#1475);
#3183 = PRESENTATION_STYLE_ASSIGNMENT((#3184,#3189));
#3184 = SURFACE_STYLE_USAGE(.BOTH.,#3185);
#3185 = SURFACE_SIDE_STYLE('',(#3186));
#3186 = SURFACE_STYLE_FILL_AREA(#3187);
#3187 = FILL_AREA_STYLE('',(#3188));
#3188 = FILL_AREA_STYLE_COLOUR('',#2729);
#3189 = CURVE_STYLE('',#3190,POSITIVE_LENGTH_MEASURE(0.1),#2729);
#3190 = DRAUGHTING_PRE_DEFINED_CURVE_FONT('continuous');
#3191 = STYLED_ITEM('color',(#3192),#1487);
#3192 = PRESENTATION_STYLE_ASSIGNMENT((#3193,#3198));
#3193 = SURFACE_STYLE_USAGE(.BOTH.,#3194);
#3194 = SURFACE_SIDE_STYLE('',(#3195));
#3195 = SURFACE_STYLE_FILL_AREA(#3196);
#3196 = FILL_AREA_STYLE('',(#3197));
#3197 = FILL_AREA_STYLE_COLOUR('',#2729);
#3198 = CURVE_STYLE('',#3199,POSITIVE_LENGTH_MEASURE(0.1),#2729);
#3199 = DRAUGHTING_PRE_DEFINED_CURVE_FONT('continuous');
#3200 = STYLED_ITEM('color',(#3201),#1499);
#3201 = PRESENTATION_STYLE_ASSIGNMENT((#3202,#3207));
#3202 = SURFACE_STYLE_USAGE(.BOTH.,#3203);
#3203 = SURFACE_SIDE_STYLE('',(#3204));
#3204 = SURFACE_STYLE_FILL_AREA(#3205);
#3205 = FILL_AREA_STYLE('',(#3206));
#3206 = FILL_AREA_STYLE_COLOUR('',#2729);
#3207 = CURVE_STYLE('',#3208,POSITIVE_LENGTH_MEASURE(0.1),#2729);
#3208 = DRAUGHTING_PRE_DEFINED_CURVE_FONT('continuous');
#3209 = STYLED_ITEM('color',(#3210),#1511);
#3210 = PRESENTATION_STYLE_ASSIGNMENT((#3211,#3216));
#3211 = SURFACE_STYLE_USAGE(.BOTH.,#3212);
#3212 = SURFACE_SIDE_STYLE('',(#3213));
#3213 = SURFACE_STYLE_FILL_AREA(#3214);
#3214 = FILL_AREA_STYLE('',(#3215));
#3215 = FILL_AREA_STYLE_COLOUR('',#2729);
#3216 = CURVE_STYLE('',#3217,POSITIVE_LENGTH_MEASURE(0.1),#2729);
#3217 = DRAUGHTING_PRE_DEFINED_CURVE_FONT('continuous');
#3218 = STYLED_ITEM('color',(#3219),#1523);
#3219 = PRESENTATION_STYLE_ASSIGNMENT((#3220,#3225));
#3220 = SURFACE_STYLE_USAGE(.BOTH.,#3221);
#3221 = SURFACE_SIDE_STYLE('',(#3222));
#3222 = SURFACE_STYLE_FILL_AREA(#3223);
#3223 = FILL_AREA_STYLE('',(#3224));
#3224 = FILL_AREA_STYLE_COLOUR('',#2729);
#3225 = CURVE_STYLE('',#3226,POSITIVE_LENGTH_MEASURE(0.1),#2729);
#3226 = DRAUGHTING_PRE_DEFINED_CURVE_FONT('continuous');
#3227 = STYLED_ITEM('color',(#3228),#1535);
#3228 = PRESENTATION_STYLE_ASSIGNMENT((#3229,#3234));
#3229 = SURFACE_STYLE_USAGE(.BOTH.,#3230);
#3230 = SURFACE_SIDE_STYLE('',(#3231));
#3231 = SURFACE_STYLE_FILL_AREA(#3232);
#3232 = FILL_AREA_STYLE('',(#3233));
#3233 = FILL_AREA_STYLE_COLOUR('',#2729);
#3234 = CURVE_STYLE('',#3235,POSITIVE_LENGTH_MEASURE(0.1),#2729);
#3235 = DRAUGHTING_PRE_DEFINED_CURVE_FONT('continuous');
#3236 = STYLED_ITEM('color',(#3237),#1547);
#3237 = PRESENTATION_STYLE_ASSIGNMENT((#3238,#3243));
#3238 = SURFACE_STYLE_USAGE(.BOTH.,#3239);
#3239 = SURFACE_SIDE_STYLE('',(#3240));
#3240 = SURFACE_STYLE_FILL_AREA(#3241);
#3241 = FILL_AREA_STYLE('',(#3242));
#3242 = FILL_AREA_STYLE_COLOUR('',#2729);
#3243 = CURVE_STYLE('',#3244,POSITIVE_LENGTH_MEASURE(0.1),#2729);
#3244 = DRAUGHTING_PRE_DEFINED_CURVE_FONT('continuous');
#3245 = STYLED_ITEM('color',(#3246),#1559);
#3246 = PRESENTATION_STYLE_ASSIGNMENT((#3247,#3252));
#3247 = SURFACE_STYLE_USAGE(.BOTH.,#3248);
#3248 = SURFACE_SIDE_STYLE('',(#3249));
#3249 = SURFACE_STYLE_FILL_AREA(#3250);
#3250 = FILL_AREA_STYLE('',(#3251));
#3251 = FILL_AREA_STYLE_COLOUR('',#2729);
#3252 = CURVE_STYLE('',#3253,POSITIVE_LENGTH_MEASURE(0.1),#2729);
#3253 = DRAUGHTING_PRE_DEFINED_CURVE_FONT('continuous');
#3254 = STYLED_ITEM('color',(#3255),#1571);
#3255 = PRESENTATION_STYLE_ASSIGNMENT((#3256,#3261));
#3256 = SURFACE_STYLE_USAGE(.BOTH.,#3257);
#3257 = SURFACE_SIDE_STYLE('',(#3258));
#3258 = SURFACE_STYLE_FILL_AREA(#3259);
#3259 = FILL_AREA_STYLE('',(#3260));
#3260 = FILL_AREA_STYLE_COLOUR('',#2729);
#3261 = CURVE_STYLE('',#3262,POSITIVE_LENGTH_MEASURE(0.1),#2729);
#3262 = DRAUGHTING_PRE_DEFINED_CURVE_FONT('continuous');
#3263 = STYLED_ITEM('color',(#3264),#1583);
#3264 = PRESENTATION_STYLE_ASSIGNMENT((#3265,#3270));
#3265 = SURFACE_STYLE_USAGE(.BOTH.,#3266);
#3266 = SURFACE_SIDE_STYLE('',(#3267));
#3267 = SURFACE_STYLE_FILL_AREA(#3268);
#3268 = FILL_AREA_STYLE('',(#3269));
#3269 = FILL_AREA_STYLE_COLOUR('',#2729);
#3270 = CURVE_STYLE('',#3271,POSITIVE_LENGTH_MEASURE(0.1),#2729);
#3271 = DRAUGHTING_PRE_DEFINED_CURVE_FONT('continuous');
#3272 = STYLED_ITEM('color',(#3273),#1595);
#3273 = PRESENTATION_STYLE_ASSIGNMENT((#3274,#3279));
#3274 = SURFACE_STYLE_USAGE(.BOTH.,#3275);
#3275 = SURFACE_SIDE_STYLE('',(#3276));
#3276 = SURFACE_STYLE_FILL_AREA(#3277);
#3277 = FILL_AREA_STYLE('',(#3278));
#3278 = FILL_AREA_STYLE_COLOUR('',#2729);
#3279 = CURVE_STYLE('',#3280,POSITIVE_LENGTH_MEASURE(0.1),#2729);
#3280 = DRAUGHTING_PRE_DEFINED_CURVE_FONT('continuous');
#3281 = STYLED_ITEM('color',(#3282),#1607);
#3282 = PRESENTATION_STYLE_ASSIGNMENT((#3283,#3288));
#3283 = SURFACE_STYLE_USAGE(.BOTH.,#3284);
#3284 = SURFACE_SIDE_STYLE('',(#3285));
#3285 = SURFACE_STYLE_FILL_AREA(#3286);
#3286 = FILL_AREA_STYLE('',(#3287));
#3287 = FILL_AREA_STYLE_COLOUR('',#2729);
#3288 = CURVE_STYLE('',#3289,POSITIVE_LENGTH_MEASURE(0.1),#2729);
#3289 = DRAUGHTING_PRE_DEFINED_CURVE_FONT('continuous');
#3290 = STYLED_ITEM('color',(#3291),#1619);
#3291 = PRESENTATION_STYLE_ASSIGNMENT((#3292,#3297));
#3292 = SURFACE_STYLE_USAGE(.BOTH.,#3293);
#3293 = SURFACE_SIDE_STYLE('',(#3294));
#3294 = SURFACE_STYLE_FILL_AREA(#3295);
#3295 = FILL_AREA_STYLE('',(#3296));
#3296 = FILL_AREA_STYLE_COLOUR('',#2729);
#3297 = CURVE_STYLE('',#3298,POSITIVE_LENGTH_MEASURE(0.1),#2729);
#3298 = DRAUGHTING_PRE_DEFINED_CURVE_FONT('continuous');
#3299 = STYLED_ITEM('color',(#3300),#1631);
#3300 = PRESENTATION_STYLE_ASSIGNMENT((#3301,#3306));
#3301 = SURFACE_STYLE_USAGE(.BOTH.,#3302);
#3302 = SURFACE_SIDE_STYLE('',(#3303));
#3303 = SURFACE_STYLE_FILL_AREA(#3304);
#3304 = FILL_AREA_STYLE('',(#3305));
#3305 = FILL_AREA_STYLE_COLOUR('',#2729);
#3306 = CURVE_STYLE('',#3307,POSITIVE_LENGTH_MEASURE(0.1),#2729);
#3307 = DRAUGHTING_PRE_DEFINED_CURVE_FONT('continuous');
#3308 = STYLED_ITEM('color',(#3309),#1643);
#3309 = PRESENTATION_STYLE_ASSIGNMENT((#3310,#3315));
#3310 = SURFACE_STYLE_USAGE(.BOTH.,#3311);
#3311 = SURFACE_SIDE_STYLE('',(#3312));
#3312 = SURFACE_STYLE_FILL_AREA(#3313);
#3313 = FILL_AREA_STYLE('',(#3314));
#3314 = FILL_AREA_STYLE_COLOUR('',#2729);
#3315 = CURVE_STYLE('',#3316,POSITIVE_LENGTH_MEASURE(0.1),#2729);
#3316 = DRAUGHTING_PRE_DEFINED_CURVE_FONT('continuous');
#3317 = STYLED_ITEM('color',(#3318),#1655);
#3318 = PRESENTATION_STYLE_ASSIGNMENT((#3319,#3324));
#3319 = SURFACE_STYLE_USAGE(.BOTH.,#3320);
#3320 = SURFACE_SIDE_STYLE('',(#3321));
#3321 = SURFACE_STYLE_FILL_AREA(#3322);
#3322 = FILL_AREA_STYLE('',(#3323));
#3323 = FILL_AREA_STYLE_COLOUR('',#2729);
#3324 = CURVE_STYLE('',#3325,POSITIVE_LENGTH_MEASURE(0.1),#2729);
#3325 = DRAUGHTING_PRE_DEFINED_CURVE_FONT('continuous');
#3326 = STYLED_ITEM('color',(#3327),#1667);
#3327 = PRESENTATION_STYLE_ASSIGNMENT((#3328,#3333));
#3328 = SURFACE_STYLE_USAGE(.BOTH.,#3329);
#3329 = SURFACE_SIDE_STYLE('',(#3330));
#3330 = SURFACE_STYLE_FILL_AREA(#3331);
#3331 = FILL_AREA_STYLE('',(#3332));
#3332 = FILL_AREA_STYLE_COLOUR('',#2729);
#3333 = CURVE_STYLE('',#3334,POSITIVE_LENGTH_MEASURE(0.1),#2729);
#3334 = DRAUGHTING_PRE_DEFINED_CURVE_FONT('continuous');
#3335 = STYLED_ITEM('color',(#3336),#1679);
#3336 = PRESENTATION_STYLE_ASSIGNMENT((#3337,#3342));
#3337 = SURFACE_STYLE_USAGE(.BOTH.,#3338);
#3338 = SURFACE_SIDE_STYLE('',(#3339));
#3339 = SURFACE_STYLE_FILL_AREA(#3340);
#3340 = FILL_AREA_STYLE('',(#3341));
#3341 = FILL_AREA_STYLE_COLOUR('',#2729);
#3342 = CURVE_STYLE('',#3343,POSITIVE_LENGTH_MEASURE(0.1),#2729);
#3343 = DRAUGHTING_PRE_DEFINED_CURVE_FONT('continuous');
#3344 = STYLED_ITEM('color',(#3345),#1691);
#3345 = PRESENTATION_STYLE_ASSIGNMENT((#3346,#3351));
#3346 = SURFACE_STYLE_USAGE(.BOTH.,#3347);
#3347 = SURFACE_SIDE_STYLE('',(#3348));
#3348 = SURFACE_STYLE_FILL_AREA(#3349);
#3349 = FILL_AREA_STYLE('',(#3350));
#3350 = FILL_AREA_STYLE_COLOUR('',#2729);
#3351 = CURVE_STYLE('',#3352,POSITIVE_LENGTH_MEASURE(0.1),#2729);
#3352 = DRAUGHTING_PRE_DEFINED_CURVE_FONT('continuous');
#3353 = STYLED_ITEM('color',(#3354),#1703);
#3354 = PRESENTATION_STYLE_ASSIGNMENT((#3355,#3360));
#3355 = SURFACE_STYLE_USAGE(.BOTH.,#3356);
#3356 = SURFACE_SIDE_STYLE('',(#3357));
#3357 = SURFACE_STYLE_FILL_AREA(#3358);
#3358 = FILL_AREA_STYLE('',(#3359));
#3359 = FILL_AREA_STYLE_COLOUR('',#2729);
#3360 = CURVE_STYLE('',#3361,POSITIVE_LENGTH_MEASURE(0.1),#2729);
#3361 = DRAUGHTING_PRE_DEFINED_CURVE_FONT('continuous');
#3362 = STYLED_ITEM('color',(#3363),#1715);
#3363 = PRESENTATION_STYLE_ASSIGNMENT((#3364,#3369));
#3364 = SURFACE_STYLE_USAGE(.BOTH.,#3365);
#3365 = SURFACE_SIDE_STYLE('',(#3366));
#3366 = SURFACE_STYLE_FILL_AREA(#3367);
#3367 = FILL_AREA_STYLE('',(#3368));
#3368 = FILL_AREA_STYLE_COLOUR('',#2729);
#3369 = CURVE_STYLE('',#3370,POSITIVE_LENGTH_MEASURE(0.1),#2729);
#3370 = DRAUGHTING_PRE_DEFINED_CURVE_FONT('continuous');
#3371 = STYLED_ITEM('color',(#3372),#1727);
#3372 = PRESENTATION_STYLE_ASSIGNMENT((#3373,#3378));
#3373 = SURFACE_STYLE_USAGE(.BOTH.,#3374);
#3374 = SURFACE_SIDE_STYLE('',(#3375));
#3375 = SURFACE_STYLE_FILL_AREA(#3376);
#3376 = FILL_AREA_STYLE('',(#3377));
#3377 = FILL_AREA_STYLE_COLOUR('',#2729);
#3378 = CURVE_STYLE('',#3379,POSITIVE_LENGTH_MEASURE(0.1),#2729);
#3379 = DRAUGHTING_PRE_DEFINED_CURVE_FONT('continuous');
#3380 = STYLED_ITEM('color',(#3381),#1739);
#3381 = PRESENTATION_STYLE_ASSIGNMENT((#3382,#3387));
#3382 = SURFACE_STYLE_USAGE(.BOTH.,#3383);
#3383 = SURFACE_SIDE_STYLE('',(#3384));
#3384 = SURFACE_STYLE_FILL_AREA(#3385);
#3385 = FILL_AREA_STYLE('',(#3386));
#3386 = FILL_AREA_STYLE_COLOUR('',#2729);
#3387 = CURVE_STYLE('',#3388,POSITIVE_LENGTH_MEASURE(0.1),#2729);
#3388 = DRAUGHTING_PRE_DEFINED_CURVE_FONT('continuous');
#3389 = STYLED_ITEM('color',(#3390),#1751);
#3390 = PRESENTATION_STYLE_ASSIGNMENT((#3391,#3396));
#3391 = SURFACE_STYLE_USAGE(.BOTH.,#3392);
#3392 = SURFACE_SIDE_STYLE('',(#3393));
#3393 = SURFACE_STYLE_FILL_AREA(#3394);
#3394 = FILL_AREA_STYLE('',(#3395));
#3395 = FILL_AREA_STYLE_COLOUR('',#2729);
#3396 = CURVE_STYLE('',#3397,POSITIVE_LENGTH_MEASURE(0.1),#2729);
#3397 = DRAUGHTING_PRE_DEFINED_CURVE_FONT('continuous');
#3398 = STYLED_ITEM('color',(#3399),#1763);
#3399 = PRESENTATION_STYLE_ASSIGNMENT((#3400,#3405));
#3400 = SURFACE_STYLE_USAGE(.BOTH.,#3401);
#3401 = SURFACE_SIDE_STYLE('',(#3402));
#3402 = SURFACE_STYLE_FILL_AREA(#3403);
#3403 = FILL_AREA_STYLE('',(#3404));
#3404 = FILL_AREA_STYLE_COLOUR('',#2729);
#3405 = CURVE_STYLE('',#3406,POSITIVE_LENGTH_MEASURE(0.1),#2729);
#3406 = DRAUGHTING_PRE_DEFINED_CURVE_FONT('continuous');
#3407 = STYLED_ITEM('color',(#3408),#1775);
#3408 = PRESENTATION_STYLE_ASSIGNMENT((#3409,#3414));
#3409 = SURFACE_STYLE_USAGE(.BOTH.,#3410);
#3410 = SURFACE_SIDE_STYLE('',(#3411));
#3411 = SURFACE_STYLE_FILL_AREA(#3412);
#3412 = FILL_AREA_STYLE('',(#3413));
#3413 = FILL_AREA_STYLE_COLOUR('',#2729);
#3414 = CURVE_STYLE('',#3415,POSITIVE_LENGTH_MEASURE(0.1),#2729);
#3415 = DRAUGHTING_PRE_DEFINED_CURVE_FONT('continuous');
#3416 = STYLED_ITEM('color',(#3417),#1787);
#3417 = PRESENTATION_STYLE_ASSIGNMENT((#3418,#3423));
#3418 = SURFACE_STYLE_USAGE(.BOTH.,#3419);
#3419 = SURFACE_SIDE_STYLE('',(#3420));
#3420 = SURFACE_STYLE_FILL_AREA(#3421);
#3421 = FILL_AREA_STYLE('',(#3422));
#3422 = FILL_AREA_STYLE_COLOUR('',#2729);
#3423 = CURVE_STYLE('',#3424,POSITIVE_LENGTH_MEASURE(0.1),#2729);
#3424 = DRAUGHTING_PRE_DEFINED_CURVE_FONT('continuous');
#3425 = STYLED_ITEM('color',(#3426),#1799);
#3426 = PRESENTATION_STYLE_ASSIGNMENT((#3427,#3432));
#3427 = SURFACE_STYLE_USAGE(.BOTH.,#3428);
#3428 = SURFACE_SIDE_STYLE('',(#3429));
#3429 = SURFACE_STYLE_FILL_AREA(#3430);
#3430 = FILL_AREA_STYLE('',(#3431));
#3431 = FILL_AREA_STYLE_COLOUR('',#2729);
#3432 = CURVE_STYLE('',#3433,POSITIVE_LENGTH_MEASURE(0.1),#2729);
#3433 = DRAUGHTING_PRE_DEFINED_CURVE_FONT('continuous');
#3434 = STYLED_ITEM('color',(#3435),#1811);
#3435 = PRESENTATION_STYLE_ASSIGNMENT((#3436,#3441));
#3436 = SURFACE_STYLE_USAGE(.BOTH.,#3437);
#3437 = SURFACE_SIDE_STYLE('',(#3438));
#3438 = SURFACE_STYLE_FILL_AREA(#3439);
#3439 = FILL_AREA_STYLE('',(#3440));
#3440 = FILL_AREA_STYLE_COLOUR('',#2729);
#3441 = CURVE_STYLE('',#3442,POSITIVE_LENGTH_MEASURE(0.1),#2729);
#3442 = DRAUGHTING_PRE_DEFINED_CURVE_FONT('continuous');
#3443 = STYLED_ITEM('color',(#3444),#1823);
#3444 = PRESENTATION_STYLE_ASSIGNMENT((#3445,#3450));
#3445 = SURFACE_STYLE_USAGE(.BOTH.,#3446);
#3446 = SURFACE_SIDE_STYLE('',(#3447));
#3447 = SURFACE_STYLE_FILL_AREA(#3448);
#3448 = FILL_AREA_STYLE('',(#3449));
#3449 = FILL_AREA_STYLE_COLOUR('',#2729);
#3450 = CURVE_STYLE('',#3451,POSITIVE_LENGTH_MEASURE(0.1),#2729);
#3451 = DRAUGHTING_PRE_DEFINED_CURVE_FONT('continuous');
#3452 = STYLED_ITEM('color',(#3453),#1835);
#3453 = PRESENTATION_STYLE_ASSIGNMENT((#3454,#3459));
#3454 = SURFACE_STYLE_USAGE(.BOTH.,#3455);
#3455 = SURFACE_SIDE_STYLE('',(#3456));
#3456 = SURFACE_STYLE_FILL_AREA(#3457);
#3457 = FILL_AREA_STYLE('',(#3458));
#3458 = FILL_AREA_STYLE_COLOUR('',#2729);
#3459 = CURVE_STYLE('',#3460,POSITIVE_LENGTH_MEASURE(0.1),#2729);
#3460 = DRAUGHTING_PRE_DEFINED_CURVE_FONT('continuous');
#3461 = STYLED_ITEM('color',(#3462),#1847);
#3462 = PRESENTATION_STYLE_ASSIGNMENT((#3463,#3468));
#3463 = SURFACE_STYLE_USAGE(.BOTH.,#3464);
#3464 = SURFACE_SIDE_STYLE('',(#3465));
#3465 = SURFACE_STYLE_FILL_AREA(#3466);
#3466 = FILL_AREA_STYLE('',(#3467));
#3467 = FILL_AREA_STYLE_COLOUR('',#2729);
#3468 = CURVE_STYLE('',#3469,POSITIVE_LENGTH_MEASURE(0.1),#2729);
#3469 = DRAUGHTING_PRE_DEFINED_CURVE_FONT('continuous');
#3470 = STYLED_ITEM('color',(#3471),#1859);
#3471 = PRESENTATION_STYLE_ASSIGNMENT((#3472,#3477));
#3472 = SURFACE_STYLE_USAGE(.BOTH.,#3473);
#3473 = SURFACE_SIDE_STYLE('',(#3474));
#3474 = SURFACE_STYLE_FILL_AREA(#3475);
#3475 = FILL_AREA_STYLE('',(#3476));
#3476 = FILL_AREA_STYLE_COLOUR('',#2729);
#3477 = CURVE_STYLE('',#3478,POSITIVE_LENGTH_MEASURE(0.1),#2729);
#3478 = DRAUGHTING_PRE_DEFINED_CURVE_FONT('continuous');
#3479 = STYLED_ITEM('color',(#3480),#1871);
#3480 = PRESENTATION_STYLE_ASSIGNMENT((#3481,#3486));
#3481 = SURFACE_STYLE_USAGE(.BOTH.,#3482);
#3482 = SURFACE_SIDE_STYLE('',(#3483));
#3483 = SURFACE_STYLE_FILL_AREA(#3484);
#3484 = FILL_AREA_STYLE('',(#3485));
#3485 = FILL_AREA_STYLE_COLOUR('',#2729);
#3486 = CURVE_STYLE('',#3487,POSITIVE_LENGTH_MEASURE(0.1),#2729);
#3487 = DRAUGHTING_PRE_DEFINED_CURVE_FONT('continuous');
#3488 = STYLED_ITEM('color',(#3489),#1883);
#3489 = PRESENTATION_STYLE_ASSIGNMENT((#3490,#3495));
#3490 = SURFACE_STYLE_USAGE(.BOTH.,#3491);
#3491 = SURFACE_SIDE_STYLE('',(#3492));
#3492 = SURFACE_STYLE_FILL_AREA(#3493);
#3493 = FILL_AREA_STYLE('',(#3494));
#3494 = FILL_AREA_STYLE_COLOUR('',#2729);
#3495 = CURVE_STYLE('',#3496,POSITIVE_LENGTH_MEASURE(0.1),#2729);
#3496 = DRAUGHTING_PRE_DEFINED_CURVE_FONT('continuous');
#3497 = STYLED_ITEM('color',(#3498),#1895);
#3498 = PRESENTATION_STYLE_ASSIGNMENT((#3499,#3504));
#3499 = SURFACE_STYLE_USAGE(.BOTH.,#3500);
#3500 = SURFACE_SIDE_STYLE('',(#3501));
#3501 = SURFACE_STYLE_FILL_AREA(#3502);
#3502 = FILL_AREA_STYLE('',(#3503));
#3503 = FILL_AREA_STYLE_COLOUR('',#2729);
#3504 = CURVE_STYLE('',#3505,POSITIVE_LENGTH_MEASURE(0.1),#2729);
#3505 = DRAUGHTING_PRE_DEFINED_CURVE_FONT('continuous');
#3506 = STYLED_ITEM('color',(#3507),#1907);
#3507 = PRESENTATION_STYLE_ASSIGNMENT((#3508,#3513));
#3508 = SURFACE_STYLE_USAGE(.BOTH.,#3509);
#3509 = SURFACE_SIDE_STYLE('',(#3510));
#3510 = SURFACE_STYLE_FILL_AREA(#3511);
#3511 = FILL_AREA_STYLE('',(#3512));
#3512 = FILL_AREA_STYLE_COLOUR('',#2729);
#3513 = CURVE_STYLE('',#3514,POSITIVE_LENGTH_MEASURE(0.1),#2729);
#3514 = DRAUGHTING_PRE_DEFINED_CURVE_FONT('continuous');
#3515 = STYLED_ITEM('color',(#3516),#1919);
#3516 = PRESENTATION_STYLE_ASSIGNMENT((#3517,#3522));
#3517 = SURFACE_STYLE_USAGE(.BOTH.,#3518);
#3518 = SURFACE_SIDE_STYLE('',(#3519));
#3519 = SURFACE_STYLE_FILL_AREA(#3520);
#3520 = FILL_AREA_STYLE('',(#3521));
#3521 = FILL_AREA_STYLE_COLOUR('',#2729);
#3522 = CURVE_STYLE('',#3523,POSITIVE_LENGTH_MEASURE(0.1),#2729);
#3523 = DRAUGHTING_PRE_DEFINED_CURVE_FONT('continuous');
#3524 = STYLED_ITEM('color',(#3525),#1931);
#3525 = PRESENTATION_STYLE_ASSIGNMENT((#3526,#3531));
#3526 = SURFACE_STYLE_USAGE(.BOTH.,#3527);
#3527 = SURFACE_SIDE_STYLE('',(#3528));
#3528 = SURFACE_STYLE_FILL_AREA(#3529);
#3529 = FILL_AREA_STYLE('',(#3530));
#3530 = FILL_AREA_STYLE_COLOUR('',#2729);
#3531 = CURVE_STYLE('',#3532,POSITIVE_LENGTH_MEASURE(0.1),#2729);
#3532 = DRAUGHTING_PRE_DEFINED_CURVE_FONT('continuous');
#3533 = STYLED_ITEM('color',(#3534),#1943);
#3534 = PRESENTATION_STYLE_ASSIGNMENT((#3535,#3540));
#3535 = SURFACE_STYLE_USAGE(.BOTH.,#3536);
#3536 = SURFACE_SIDE_STYLE('',(#3537));
#3537 = SURFACE_STYLE_FILL_AREA(#3538);
#3538 = FILL_AREA_STYLE('',(#3539));
#3539 = FILL_AREA_STYLE_COLOUR('',#2729);
#3540 = CURVE_STYLE('',#3541,POSITIVE_LENGTH_MEASURE(0.1),#2729);
#3541 = DRAUGHTING_PRE_DEFINED_CURVE_FONT('continuous');
#3542 = STYLED_ITEM('color',(#3543),#1955);
#3543 = PRESENTATION_STYLE_ASSIGNMENT((#3544,#3549));
#3544 = SURFACE_STYLE_USAGE(.BOTH.,#3545);
#3545 = SURFACE_SIDE_STYLE('',(#3546));
#3546 = SURFACE_STYLE_FILL_AREA(#3547);
#3547 = FILL_AREA_STYLE('',(#3548));
#3548 = FILL_AREA_STYLE_COLOUR('',#2729);
#3549 = CURVE_STYLE('',#3550,POSITIVE_LENGTH_MEASURE(0.1),#2729);
#3550 = DRAUGHTING_PRE_DEFINED_CURVE_FONT('continuous');
#3551 = STYLED_ITEM('color',(#3552),#1967);
#3552 = PRESENTATION_STYLE_ASSIGNMENT((#3553,#3558));
#3553 = SURFACE_STYLE_USAGE(.BOTH.,#3554);
#3554 = SURFACE_SIDE_STYLE('',(#3555));
#3555 = SURFACE_STYLE_FILL_AREA(#3556);
#3556 = FILL_AREA_STYLE('',(#3557));
#3557 = FILL_AREA_STYLE_COLOUR('',#2729);
#3558 = CURVE_STYLE('',#3559,POSITIVE_LENGTH_MEASURE(0.1),#2729);
#3559 = DRAUGHTING_PRE_DEFINED_CURVE_FONT('continuous');
#3560 = STYLED_ITEM('color',(#3561),#1979);
#3561 = PRESENTATION_STYLE_ASSIGNMENT((#3562,#3567));
#3562 = SURFACE_STYLE_USAGE(.BOTH.,#3563);
#3563 = SURFACE_SIDE_STYLE('',(#3564));
#3564 = SURFACE_STYLE_FILL_AREA(#3565);
#3565 = FILL_AREA_STYLE('',(#3566));
#3566 = FILL_AREA_STYLE_COLOUR('',#2729);
#3567 = CURVE_STYLE('',#3568,POSITIVE_LENGTH_MEASURE(0.1),#2729);
#3568 = DRAUGHTING_PRE_DEFINED_CURVE_FONT('continuous');
#3569 = STYLED_ITEM('color',(#3570),#1991);
#3570 = PRESENTATION_STYLE_ASSIGNMENT((#3571,#3576));
#3571 = SURFACE_STYLE_USAGE(.BOTH.,#3572);
#3572 = SURFACE_SIDE_STYLE('',(#3573));
#3573 = SURFACE_STYLE_FILL_AREA(#3574);
#3574 = FILL_AREA_STYLE('',(#3575));
#3575 = FILL_AREA_STYLE_COLOUR('',#2729);
#3576 = CURVE_STYLE('',#3577,POSITIVE_LENGTH_MEASURE(0.1),#2729);
#3577 = DRAUGHTING_PRE_DEFINED_CURVE_FONT('continuous');
#3578 = STYLED_ITEM('color',(#3579),#2003);
#3579 = PRESENTATION_STYLE_ASSIGNMENT((#3580,#3585));
#3580 = SURFACE_STYLE_USAGE(.BOTH.,#3581);
#3581 = SURFACE_SIDE_STYLE('',(#3582));
#3582 = SURFACE_STYLE_FILL_AREA(#3583);
#3583 = FILL_AREA_STYLE('',(#3584));
#3584 = FILL_AREA_STYLE_COLOUR('',#2729);
#3585 = CURVE_STYLE('',#3586,POSITIVE_LENGTH_MEASURE(0.1),#2729);
#3586 = DRAUGHTING_PRE_DEFINED_CURVE_FONT('continuous');
#3587 = STYLED_ITEM('color',(#3588),#2015);
#3588 = PRESENTATION_STYLE_ASSIGNMENT((#3589,#3594));
#3589 = SURFACE_STYLE_USAGE(.BOTH.,#3590);
#3590 = SURFACE_SIDE_STYLE('',(#3591));
#3591 = SURFACE_STYLE_FILL_AREA(#3592);
#3592 = FILL_AREA_STYLE('',(#3593));
#3593 = FILL_AREA_STYLE_COLOUR('',#2729);
#3594 = CURVE_STYLE('',#3595,POSITIVE_LENGTH_MEASURE(0.1),#2729);
#3595 = DRAUGHTING_PRE_DEFINED_CURVE_FONT('continuous');
#3596 = STYLED_ITEM('color',(#3597),#2027);
#3597 = PRESENTATION_STYLE_ASSIGNMENT((#3598,#3603));
#3598 = SURFACE_STYLE_USAGE(.BOTH.,#3599);
#3599 = SURFACE_SIDE_STYLE('',(#3600));
#3600 = SURFACE_STYLE_FILL_AREA(#3601);
#3601 = FILL_AREA_STYLE('',(#3602));
#3602 = FILL_AREA_STYLE_COLOUR('',#2729);
#3603 = CURVE_STYLE('',#3604,POSITIVE_LENGTH_MEASURE(0.1),#2729);
#3604 = DRAUGHTING_PRE_DEFINED_CURVE_FONT('continuous');
#3605 = STYLED_ITEM('color',(#3606),#2039);
#3606 = PRESENTATION_STYLE_ASSIGNMENT((#3607,#3612));
#3607 = SURFACE_STYLE_USAGE(.BOTH.,#3608);
#3608 = SURFACE_SIDE_STYLE('',(#3609));
#3609 = SURFACE_STYLE_FILL_AREA(#3610);
#3610 = FILL_AREA_STYLE('',(#3611));
#3611 = FILL_AREA_STYLE_COLOUR('',#2729);
#3612 = CURVE_STYLE('',#3613,POSITIVE_LENGTH_MEASURE(0.1),#2729);
#3613 = DRAUGHTING_PRE_DEFINED_CURVE_FONT('continuous');
#3614 = STYLED_ITEM('color',(#3615),#2051);
#3615 = PRESENTATION_STYLE_ASSIGNMENT((#3616,#3621));
#3616 = SURFACE_STYLE_USAGE(.BOTH.,#3617);
#3617 = SURFACE_SIDE_STYLE('',(#3618));
#3618 = SURFACE_STYLE_FILL_AREA(#3619);
#3619 = FILL_AREA_STYLE('',(#3620));
#3620 = FILL_AREA_STYLE_COLOUR('',#2729);
#3621 = CURVE_STYLE('',#3622,POSITIVE_LENGTH_MEASURE(0.1),#2729);
#3622 = DRAUGHTING_PRE_DEFINED_CURVE_FONT('continuous');
#3623 = STYLED_ITEM('color',(#3624),#2063);
#3624 = PRESENTATION_STYLE_ASSIGNMENT((#3625,#3630));
#3625 = SURFACE_STYLE_USAGE(.BOTH.,#3626);
#3626 = SURFACE_SIDE_STYLE('',(#3627));
#3627 = SURFACE_STYLE_FILL_AREA(#3628);
#3628 = FILL_AREA_STYLE('',(#3629));
#3629 = FILL_AREA_STYLE_COLOUR('',#2729);
#3630 = CURVE_STYLE('',#3631,POSITIVE_LENGTH_MEASURE(0.1),#2729);
#3631 = DRAUGHTING_PRE_DEFINED_CURVE_FONT('continuous');
#3632 = STYLED_ITEM('color',(#3633),#2075);
#3633 = PRESENTATION_STYLE_ASSIGNMENT((#3634,#3639));
#3634 = SURFACE_STYLE_USAGE(.BOTH.,#3635);
#3635 = SURFACE_SIDE_STYLE('',(#3636));
#3636 = SURFACE_STYLE_FILL_AREA(#3637);
#3637 = FILL_AREA_STYLE('',(#3638));
#3638 = FILL_AREA_STYLE_COLOUR('',#2729);
#3639 = CURVE_STYLE('',#3640,POSITIVE_LENGTH_MEASURE(0.1),#2729);
#3640 = DRAUGHTING_PRE_DEFINED_CURVE_FONT('continuous');
#3641 = STYLED_ITEM('color',(#3642),#2087);
#3642 = PRESENTATION_STYLE_ASSIGNMENT((#3643,#3648));
#3643 = SURFACE_STYLE_USAGE(.BOTH.,#3644);
#3644 = SURFACE_SIDE_STYLE('',(#3645));
#3645 = SURFACE_STYLE_FILL_AREA(#3646);
#3646 = FILL_AREA_STYLE('',(#3647));
#3647 = FILL_AREA_STYLE_COLOUR('',#2729);
#3648 = CURVE_STYLE('',#3649,POSITIVE_LENGTH_MEASURE(0.1),#2729);
#3649 = DRAUGHTING_PRE_DEFINED_CURVE_FONT('continuous');
#3650 = STYLED_ITEM('color',(#3651),#2099);
#3651 = PRESENTATION_STYLE_ASSIGNMENT((#3652,#3657));
#3652 = SURFACE_STYLE_USAGE(.BOTH.,#3653);
#3653 = SURFACE_SIDE_STYLE('',(#3654));
#3654 = SURFACE_STYLE_FILL_AREA(#3655);
#3655 = FILL_AREA_STYLE('',(#3656));
#3656 = FILL_AREA_STYLE_COLOUR('',#2729);
#3657 = CURVE_STYLE('',#3658,POSITIVE_LENGTH_MEASURE(0.1),#2729);
#3658 = DRAUGHTING_PRE_DEFINED_CURVE_FONT('continuous');
#3659 = STYLED_ITEM('color',(#3660),#2111);
#3660 = PRESENTATION_STYLE_ASSIGNMENT((#3661,#3666));
#3661 = SURFACE_STYLE_USAGE(.BOTH.,#3662);
#3662 = SURFACE_SIDE_STYLE('',(#3663));
#3663 = SURFACE_STYLE_FILL_AREA(#3664);
#3664 = FILL_AREA_STYLE('',(#3665));
#3665 = FILL_AREA_STYLE_COLOUR('',#2729);
#3666 = CURVE_STYLE('',#3667,POSITIVE_LENGTH_MEASURE(0.1),#2729);
#3667 = DRAUGHTING_PRE_DEFINED_CURVE_FONT('continuous');
#3668 = STYLED_ITEM('color',(#3669),#2123);
#3669 = PRESENTATION_STYLE_ASSIGNMENT((#3670,#3675));
#3670 = SURFACE_STYLE_USAGE(.BOTH.,#3671);
#3671 = SURFACE_SIDE_STYLE('',(#3672));
#3672 = SURFACE_STYLE_FILL_AREA(#3673);
#3673 = FILL_AREA_STYLE('',(#3674));
#3674 = FILL_AREA_STYLE_COLOUR('',#2729);
#3675 = CURVE_STYLE('',#3676,POSITIVE_LENGTH_MEASURE(0.1),#2729);
#3676 = DRAUGHTING_PRE_DEFINED_CURVE_FONT('continuous');
#3677 = STYLED_ITEM('color',(#3678),#2135);
#3678 = PRESENTATION_STYLE_ASSIGNMENT((#3679,#3684));
#3679 = SURFACE_STYLE_USAGE(.BOTH.,#3680);
#3680 = SURFACE_SIDE_STYLE('',(#3681));
#3681 = SURFACE_STYLE_FILL_AREA(#3682);
#3682 = FILL_AREA_STYLE('',(#3683));
#3683 = FILL_AREA_STYLE_COLOUR('',#2729);
#3684 = CURVE_STYLE('',#3685,POSITIVE_LENGTH_MEASURE(0.1),#2729);
#3685 = DRAUGHTING_PRE_DEFINED_CURVE_FONT('continuous');
#3686 = STYLED_ITEM('color',(#3687),#2147);
#3687 = PRESENTATION_STYLE_ASSIGNMENT((#3688,#3693));
#3688 = SURFACE_STYLE_USAGE(.BOTH.,#3689);
#3689 = SURFACE_SIDE_STYLE('',(#3690));
#3690 = SURFACE_STYLE_FILL_AREA(#3691);
#3691 = FILL_AREA_STYLE('',(#3692));
#3692 = FILL_AREA_STYLE_COLOUR('',#2729);
#3693 = CURVE_STYLE('',#3694,POSITIVE_LENGTH_MEASURE(0.1),#2729);
#3694 = DRAUGHTING_PRE_DEFINED_CURVE_FONT('continuous');
#3695 = STYLED_ITEM('color',(#3696),#2159);
#3696 = PRESENTATION_STYLE_ASSIGNMENT((#3697,#3702));
#3697 = SURFACE_STYLE_USAGE(.BOTH.,#3698);
#3698 = SURFACE_SIDE_STYLE('',(#3699));
#3699 = SURFACE_STYLE_FILL_AREA(#3700);
#3700 = FILL_AREA_STYLE('',(#3701));
#3701 = FILL_AREA_STYLE_COLOUR('',#2729);
#3702 = CURVE_STYLE('',#3703,POSITIVE_LENGTH_MEASURE(0.1),#2729);
#3703 = DRAUGHTING_PRE_DEFINED_CURVE_FONT('continuous');
#3704 = STYLED_ITEM('color',(#3705),#2171);
#3705 = PRESENTATION_STYLE_ASSIGNMENT((#3706,#3711));
#3706 = SURFACE_STYLE_USAGE(.BOTH.,#3707);
#3707 = SURFACE_SIDE_STYLE('',(#3708));
#3708 = SURFACE_STYLE_FILL_AREA(#3709);
#3709 = FILL_AREA_STYLE('',(#3710));
#3710 = FILL_AREA_STYLE_COLOUR('',#2729);
#3711 = CURVE_STYLE('',#3712,POSITIVE_LENGTH_MEASURE(0.1),#2729);
#3712 = DRAUGHTING_PRE_DEFINED_CURVE_FONT('continuous');
#3713 = STYLED_ITEM('color',(#3714),#2183);
#3714 = PRESENTATION_STYLE_ASSIGNMENT((#3715,#3720));
#3715 = SURFACE_STYLE_USAGE(.BOTH.,#3716);
#3716 = SURFACE_SIDE_STYLE('',(#3717));
#3717 = SURFACE_STYLE_FILL_AREA(#3718);
#3718 = FILL_AREA_STYLE('',(#3719));
#3719 = FILL_AREA_STYLE_COLOUR('',#2729);
#3720 = CURVE_STYLE('',#3721,POSITIVE_LENGTH_MEASURE(0.1),#2729);
#3721 = DRAUGHTING_PRE_DEFINED_CURVE_FONT('continuous');
#3722 = STYLED_ITEM('color',(#3723),#2195);
#3723 = PRESENTATION_STYLE_ASSIGNMENT((#3724,#3729));
#3724 = SURFACE_STYLE_USAGE(.BOTH.,#3725);
#3725 = SURFACE_SIDE_STYLE('',(#3726));
#3726 = SURFACE_STYLE_FILL_AREA(#3727);
#3727 = FILL_AREA_STYLE('',(#3728));
#3728 = FILL_AREA_STYLE_COLOUR('',#2729);
#3729 = CURVE_STYLE('',#3730,POSITIVE_LENGTH_MEASURE(0.1),#2729);
#3730 = DRAUGHTING_PRE_DEFINED_CURVE_FONT('continuous');
#3731 = STYLED_ITEM('color',(#3732),#2207);
#3732 = PRESENTATION_STYLE_ASSIGNMENT((#3733,#3738));
#3733 = SURFACE_STYLE_USAGE(.BOTH.,#3734);
#3734 = SURFACE_SIDE_STYLE('',(#3735));
#3735 = SURFACE_STYLE_FILL_AREA(#3736);
#3736 = FILL_AREA_STYLE('',(#3737));
#3737 = FILL_AREA_STYLE_COLOUR('',#2729);
#3738 = CURVE_STYLE('',#3739,POSITIVE_LENGTH_MEASURE(0.1),#2729);
#3739 = DRAUGHTING_PRE_DEFINED_CURVE_FONT('continuous');
#3740 = STYLED_ITEM('color',(#3741),#2219);
#3741 = PRESENTATION_STYLE_ASSIGNMENT((#3742,#3747));
#3742 = SURFACE_STYLE_USAGE(.BOTH.,#3743);
#3743 = SURFACE_SIDE_STYLE('',(#3744));
#3744 = SURFACE_STYLE_FILL_AREA(#3745);
#3745 = FILL_AREA_STYLE('',(#3746));
#3746 = FILL_AREA_STYLE_COLOUR('',#2729);
#3747 = CURVE_STYLE('',#3748,POSITIVE_LENGTH_MEASURE(0.1),#2729);
#3748 = DRAUGHTING_PRE_DEFINED_CURVE_FONT('continuous');
#3749 = STYLED_ITEM('color',(#3750),#2231);
#3750 = PRESENTATION_STYLE_ASSIGNMENT((#3751,#3756));
#3751 = SURFACE_STYLE_USAGE(.BOTH.,#3752);
#3752 = SURFACE_SIDE_STYLE('',(#3753));
#3753 = SURFACE_STYLE_FILL_AREA(#3754);
#3754 = FILL_AREA_STYLE('',(#3755));
#3755 = FILL_AREA_STYLE_COLOUR('',#2729);
#3756 = CURVE_STYLE('',#3757,POSITIVE_LENGTH_MEASURE(0.1),#2729);
#3757 = DRAUGHTING_PRE_DEFINED_CURVE_FONT('continuous');
#3758 = STYLED_ITEM('color',(#3759),#2243);
#3759 = PRESENTATION_STYLE_ASSIGNMENT((#3760,#3765));
#3760 = SURFACE_STYLE_USAGE(.BOTH.,#3761);
#3761 = SURFACE_SIDE_STYLE('',(#3762));
#3762 = SURFACE_STYLE_FILL_AREA(#3763);
#3763 = FILL_AREA_STYLE('',(#3764));
#3764 = FILL_AREA_STYLE_COLOUR('',#2729);
#3765 = CURVE_STYLE('',#3766,POSITIVE_LENGTH_MEASURE(0.1),#2729);
#3766 = DRAUGHTING_PRE_DEFINED_CURVE_FONT('continuous');
#3767 = STYLED_ITEM('color',(#3768),#2255);
#3768 = PRESENTATION_STYLE_ASSIGNMENT((#3769,#3774));
#3769 = SURFACE_STYLE_USAGE(.BOTH.,#3770);
#3770 = SURFACE_SIDE_STYLE('',(#3771));
#3771 = SURFACE_STYLE_FILL_AREA(#3772);
#3772 = FILL_AREA_STYLE('',(#3773));
#3773 = FILL_AREA_STYLE_COLOUR('',#2729);
#3774 = CURVE_STYLE('',#3775,POSITIVE_LENGTH_MEASURE(0.1),#2729);
#3775 = DRAUGHTING_PRE_DEFINED_CURVE_FONT('continuous');
#3776 = STYLED_ITEM('color',(#3777),#2267);
#3777 = PRESENTATION_STYLE_ASSIGNMENT((#3778,#3783));
#3778 = SURFACE_STYLE_USAGE(.BOTH.,#3779);
#3779 = SURFACE_SIDE_STYLE('',(#3780));
#3780 = SURFACE_STYLE_FILL_AREA(#3781);
#3781 = FILL_AREA_STYLE('',(#3782));
#3782 = FILL_AREA_STYLE_COLOUR('',#2729);
#3783 = CURVE_STYLE('',#3784,POSITIVE_LENGTH_MEASURE(0.1),#2729);
#3784 = DRAUGHTING_PRE_DEFINED_CURVE_FONT('continuous');
#3785 = STYLED_ITEM('color',(#3786),#2279);
#3786 = PRESENTATION_STYLE_ASSIGNMENT((#3787,#3792));
#3787 = SURFACE_STYLE_USAGE(.BOTH.,#3788);
#3788 = SURFACE_SIDE_STYLE('',(#3789));
#3789 = SURFACE_STYLE_FILL_AREA(#3790);
#3790 = FILL_AREA_STYLE('',(#3791));
#3791 = FILL_AREA_STYLE_COLOUR('',#2729);
#3792 = CURVE_STYLE('',#3793,POSITIVE_LENGTH_MEASURE(0.1),#2729);
#3793 = DRAUGHTING_PRE_DEFINED_CURVE_FONT('continuous');
#3794 = STYLED_ITEM('color',(#3795),#2291);
#3795 = PRESENTATION_STYLE_ASSIGNMENT((#3796,#3801));
#3796 = SURFACE_STYLE_USAGE(.BOTH.,#3797);
#3797 = SURFACE_SIDE_STYLE('',(#3798));
#3798 = SURFACE_STYLE_FILL_AREA(#3799);
#3799 = FILL_AREA_STYLE('',(#3800));
#3800 = FILL_AREA_STYLE_COLOUR('',#2729);
#3801 = CURVE_STYLE('',#3802,POSITIVE_LENGTH_MEASURE(0.1),#2729);
#3802 = DRAUGHTING_PRE_DEFINED_CURVE_FONT('continuous');
#3803 = STYLED_ITEM('color',(#3804),#2303);
#3804 = PRESENTATION_STYLE_ASSIGNMENT((#3805,#3810));
#3805 = SURFACE_STYLE_USAGE(.BOTH.,#3806);
#3806 = SURFACE_SIDE_STYLE('',(#3807));
#3807 = SURFACE_STYLE_FILL_AREA(#3808);
#3808 = FILL_AREA_STYLE('',(#3809));
#3809 = FILL_AREA_STYLE_COLOUR('',#2729);
#3810 = CURVE_STYLE('',#3811,POSITIVE_LENGTH_MEASURE(0.1),#2729);
#3811 = DRAUGHTING_PRE_DEFINED_CURVE_FONT('continuous');
#3812 = STYLED_ITEM('color',(#3813),#2315);
#3813 = PRESENTATION_STYLE_ASSIGNMENT((#3814,#3819));
#3814 = SURFACE_STYLE_USAGE(.BOTH.,#3815);
#3815 = SURFACE_SIDE_STYLE('',(#3816));
#3816 = SURFACE_STYLE_FILL_AREA(#3817);
#3817 = FILL_AREA_STYLE('',(#3818));
#3818 = FILL_AREA_STYLE_COLOUR('',#2729);
#3819 = CURVE_STYLE('',#3820,POSITIVE_LENGTH_MEASURE(0.1),#2729);
#3820 = DRAUGHTING_PRE_DEFINED_CURVE_FONT('continuous');
#3821 = STYLED_ITEM('color',(#3822),#2327);
#3822 = PRESENTATION_STYLE_ASSIGNMENT((#3823,#3828));
#3823 = SURFACE_STYLE_USAGE(.BOTH.,#3824);
#3824 = SURFACE_SIDE_STYLE('',(#3825));
#3825 = SURFACE_STYLE_FILL_AREA(#3826);
#3826 = FILL_AREA_STYLE('',(#3827));
#3827 = FILL_AREA_STYLE_COLOUR('',#2729);
#3828 = CURVE_STYLE('',#3829,POSITIVE_LENGTH_MEASURE(0.1),#2729);
#3829 = DRAUGHTING_PRE_DEFINED_CURVE_FONT('continuous');
#3830 = STYLED_ITEM('color',(#3831),#2339);
#3831 = PRESENTATION_STYLE_ASSIGNMENT((#3832,#3837));
#3832 = SURFACE_STYLE_USAGE(.BOTH.,#3833);
#3833 = SURFACE_SIDE_STYLE('',(#3834));
#3834 = SURFACE_STYLE_FILL_AREA(#3835);
#3835 = FILL_AREA_STYLE('',(#3836));
#3836 = FILL_AREA_STYLE_COLOUR('',#2729);
#3837 = CURVE_STYLE('',#3838,POSITIVE_LENGTH_MEASURE(0.1),#2729);
#3838 = DRAUGHTING_PRE_DEFINED_CURVE_FONT('continuous');
#3839 = STYLED_ITEM('color',(#3840),#2351);
#3840 = PRESENTATION_STYLE_ASSIGNMENT((#3841,#3846));
#3841 = SURFACE_STYLE_USAGE(.BOTH.,#3842);
#3842 = SURFACE_SIDE_STYLE('',(#3843));
#3843 = SURFACE_STYLE_FILL_AREA(#3844);
#3844 = FILL_AREA_STYLE('',(#3845));
#3845 = FILL_AREA_STYLE_COLOUR('',#2729);
#3846 = CURVE_STYLE('',#3847,POSITIVE_LENGTH_MEASURE(0.1),#2729);
#3847 = DRAUGHTING_PRE_DEFINED_CURVE_FONT('continuous');
#3848 = STYLED_ITEM('color',(#3849),#2363);
#3849 = PRESENTATION_STYLE_ASSIGNMENT((#3850,#3855));
#3850 = SURFACE_STYLE_USAGE(.BOTH.,#3851);
#3851 = SURFACE_SIDE_STYLE('',(#3852));
#3852 = SURFACE_STYLE_FILL_AREA(#3853);
#3853 = FILL_AREA_STYLE('',(#3854));
#3854 = FILL_AREA_STYLE_COLOUR('',#2729);
#3855 = CURVE_STYLE('',#3856,POSITIVE_LENGTH_MEASURE(0.1),#2729);
#3856 = DRAUGHTING_PRE_DEFINED_CURVE_FONT('continuous');
#3857 = STYLED_ITEM('color',(#3858),#2375);
#3858 = PRESENTATION_STYLE_ASSIGNMENT((#3859,#3864));
#3859 = SURFACE_STYLE_USAGE(.BOTH.,#3860);
#3860 = SURFACE_SIDE_STYLE('',(#3861));
#3861 = SURFACE_STYLE_FILL_AREA(#3862);
#3862 = FILL_AREA_STYLE('',(#3863));
#3863 = FILL_AREA_STYLE_COLOUR('',#2729);
#3864 = CURVE_STYLE('',#3865,POSITIVE_LENGTH_MEASURE(0.1),#2729);
#3865 = DRAUGHTING_PRE_DEFINED_CURVE_FONT('continuous');
#3866 = STYLED_ITEM('color',(#3867),#2387);
#3867 = PRESENTATION_STYLE_ASSIGNMENT((#3868,#3873));
#3868 = SURFACE_STYLE_USAGE(.BOTH.,#3869);
#3869 = SURFACE_SIDE_STYLE('',(#3870));
#3870 = SURFACE_STYLE_FILL_AREA(#3871);
#3871 = FILL_AREA_STYLE('',(#3872));
#3872 = FILL_AREA_STYLE_COLOUR('',#2729);
#3873 = CURVE_STYLE('',#3874,POSITIVE_LENGTH_MEASURE(0.1),#2729);
#3874 = DRAUGHTING_PRE_DEFINED_CURVE_FONT('continuous');
#3875 = STYLED_ITEM('color',(#3876),#2399);
#3876 = PRESENTATION_STYLE_ASSIGNMENT((#3877,#3882));
#3877 = SURFACE_STYLE_USAGE(.BOTH.,#3878);
#3878 = SURFACE_SIDE_STYLE('',(#3879));
#3879 = SURFACE_STYLE_FILL_AREA(#3880);
#3880 = FILL_AREA_STYLE('',(#3881));
#3881 = FILL_AREA_STYLE_COLOUR('',#2729);
#3882 = CURVE_STYLE('',#3883,POSITIVE_LENGTH_MEASURE(0.1),#2729);
#3883 = DRAUGHTING_PRE_DEFINED_CURVE_FONT('continuous');
#3884 = STYLED_ITEM('color',(#3885),#2411);
#3885 = PRESENTATION_STYLE_ASSIGNMENT((#3886,#3891));
#3886 = SURFACE_STYLE_USAGE(.BOTH.,#3887);
#3887 = SURFACE_SIDE_STYLE('',(#3888));
#3888 = SURFACE_STYLE_FILL_AREA(#3889);
#3889 = FILL_AREA_STYLE('',(#3890));
#3890 = FILL_AREA_STYLE_COLOUR('',#2729);
#3891 = CURVE_STYLE('',#3892,POSITIVE_LENGTH_MEASURE(0.1),#2729);
#3892 = DRAUGHTING_PRE_DEFINED_CURVE_FONT('continuous');
#3893 = STYLED_ITEM('color',(#3894),#2423);
#3894 = PRESENTATION_STYLE_ASSIGNMENT((#3895,#3900));
#3895 = SURFACE_STYLE_USAGE(.BOTH.,#3896);
#3896 = SURFACE_SIDE_STYLE('',(#3897));
#3897 = SURFACE_STYLE_FILL_AREA(#3898);
#3898 = FILL_AREA_STYLE('',(#3899));
#3899 = FILL_AREA_STYLE_COLOUR('',#2729);
#3900 = CURVE_STYLE('',#3901,POSITIVE_LENGTH_MEASURE(0.1),#2729);
#3901 = DRAUGHTING_PRE_DEFINED_CURVE_FONT('continuous');
#3902 = STYLED_ITEM('color',(#3903),#2435);
#3903 = PRESENTATION_STYLE_ASSIGNMENT((#3904,#3909));
#3904 = SURFACE_STYLE_USAGE(.BOTH.,#3905);
#3905 = SURFACE_SIDE_STYLE('',(#3906));
#3906 = SURFACE_STYLE_FILL_AREA(#3907);
#3907 = FILL_AREA_STYLE('',(#3908));
#3908 = FILL_AREA_STYLE_COLOUR('',#2729);
#3909 = CURVE_STYLE('',#3910,POSITIVE_LENGTH_MEASURE(0.1),#2729);
#3910 = DRAUGHTING_PRE_DEFINED_CURVE_FONT('continuous');
#3911 = STYLED_ITEM('color',(#3912),#2447);
#3912 = PRESENTATION_STYLE_ASSIGNMENT((#3913,#3918));
#3913 = SURFACE_STYLE_USAGE(.BOTH.,#3914);
#3914 = SURFACE_SIDE_STYLE('',(#3915));
#3915 = SURFACE_STYLE_FILL_AREA(#3916);
#3916 = FILL_AREA_STYLE('',(#3917));
#3917 = FILL_AREA_STYLE_COLOUR('',#2729);
#3918 = CURVE_STYLE('',#3919,POSITIVE_LENGTH_MEASURE(0.1),#2729);
#3919 = DRAUGHTING_PRE_DEFINED_CURVE_FONT('continuous');
#3920 = STYLED_ITEM('color',(#3921),#2459);
#3921 = PRESENTATION_STYLE_ASSIGNMENT((#3922,#3927));
#3922 = SURFACE_STYLE_USAGE(.BOTH.,#3923);
#3923 = SURFACE_SIDE_STYLE('',(#3924));
#3924 = SURFACE_STYLE_FILL_AREA(#3925);
#3925 = FILL_AREA_STYLE('',(#3926));
#3926 = FILL_AREA_STYLE_COLOUR('',#2729);
#3927 = CURVE_STYLE('',#3928,POSITIVE_LENGTH_MEASURE(0.1),#2729);
#3928 = DRAUGHTING_PRE_DEFINED_CURVE_FONT('continuous');
#3929 = STYLED_ITEM('color',(#3930),#2471);
#3930 = PRESENTATION_STYLE_ASSIGNMENT((#3931,#3936));
#3931 = SURFACE_STYLE_USAGE(.BOTH.,#3932);
#3932 = SURFACE_SIDE_STYLE('',(#3933));
#3933 = SURFACE_STYLE_FILL_AREA(#3934);
#3934 = FILL_AREA_STYLE('',(#3935));
#3935 = FILL_AREA_STYLE_COLOUR('',#2729);
#3936 = CURVE_STYLE('',#3937,POSITIVE_LENGTH_MEASURE(0.1),#2729);
#3937 = DRAUGHTING_PRE_DEFINED_CURVE_FONT('continuous');
#3938 = STYLED_ITEM('color',(#3939),#2483);
#3939 = PRESENTATION_STYLE_ASSIGNMENT((#3940,#3945));
#3940 = SURFACE_STYLE_USAGE(.BOTH.,#3941);
#3941 = SURFACE_SIDE_STYLE('',(#3942));
#3942 = SURFACE_STYLE_FILL_AREA(#3943);
#3943 = FILL_AREA_STYLE('',(#3944));
#3944 = FILL_AREA_STYLE_COLOUR('',#2729);
#3945 = CURVE_STYLE('',#3946,POSITIVE_LENGTH_MEASURE(0.1),#2729);
#3946 = DRAUGHTING_PRE_DEFINED_CURVE_FONT('continuous');
#3947 = STYLED_ITEM('color',(#3948),#2495);
#3948 = PRESENTATION_STYLE_ASSIGNMENT((#3949,#3954));
#3949 = SURFACE_STYLE_USAGE(.BOTH.,#3950);
#3950 = SURFACE_SIDE_STYLE('',(#3951));
#3951 = SURFACE_STYLE_FILL_AREA(#3952);
#3952 = FILL_AREA_STYLE('',(#3953));
#3953 = FILL_AREA_STYLE_COLOUR('',#2729);
#3954 = CURVE_STYLE('',#3955,POSITIVE_LENGTH_MEASURE(0.1),#2729);
#3955 = DRAUGHTING_PRE_DEFINED_CURVE_FONT('continuous');
#3956 = STYLED_ITEM('color',(#3957),#2507);
#3957 = PRESENTATION_STYLE_ASSIGNMENT((#3958,#3963));
#3958 = SURFACE_STYLE_USAGE(.BOTH.,#3959);
#3959 = SURFACE_SIDE_STYLE('',(#3960));
#3960 = SURFACE_STYLE_FILL_AREA(#3961);
#3961 = FILL_AREA_STYLE('',(#3962));
#3962 = FILL_AREA_STYLE_COLOUR('',#2729);
#3963 = CURVE_STYLE('',#3964,POSITIVE_LENGTH_MEASURE(0.1),#2729);
#3964 = DRAUGHTING_PRE_DEFINED_CURVE_FONT('continuous');
#3965 = STYLED_ITEM('color',(#3966),#2519);
#3966 = PRESENTATION_STYLE_ASSIGNMENT((#3967,#3972));
#3967 = SURFACE_STYLE_USAGE(.BOTH.,#3968);
#3968 = SURFACE_SIDE_STYLE('',(#3969));
#3969 = SURFACE_STYLE_FILL_AREA(#3970);
#3970 = FILL_AREA_STYLE('',(#3971));
#3971 = FILL_AREA_STYLE_COLOUR('',#2729);
#3972 = CURVE_STYLE('',#3973,POSITIVE_LENGTH_MEASURE(0.1),#2729);
#3973 = DRAUGHTING_PRE_DEFINED_CURVE_FONT('continuous');
#3974 = STYLED_ITEM('color',(#3975),#2531);
#3975 = PRESENTATION_STYLE_ASSIGNMENT((#3976,#3981));
#3976 = SURFACE_STYLE_USAGE(.BOTH.,#3977);
#3977 = SURFACE_SIDE_STYLE('',(#3978));
#3978 = SURFACE_STYLE_FILL_AREA(#3979);
#3979 = FILL_AREA_STYLE('',(#3980));
#3980 = FILL_AREA_STYLE_COLOUR('',#2729);
#3981 = CURVE_STYLE('',#3982,POSITIVE_LENGTH_MEASURE(0.1),#2729);
#3982 = DRAUGHTING_PRE_DEFINED_CURVE_FONT('continuous');
#3983 = STYLED_ITEM('color',(#3984),#2543);
#3984 = PRESENTATION_STYLE_ASSIGNMENT((#3985,#3990));
#3985 = SURFACE_STYLE_USAGE(.BOTH.,#3986);
#3986 = SURFACE_SIDE_STYLE('',(#3987));
#3987 = SURFACE_STYLE_FILL_AREA(#3988);
#3988 = FILL_AREA_STYLE('',(#3989));
#3989 = FILL_AREA_STYLE_COLOUR('',#2729);
#3990 = CURVE_STYLE('',#3991,POSITIVE_LENGTH_MEASURE(0.1),#2729);
#3991 = DRAUGHTING_PRE_DEFINED_CURVE_FONT('continuous');
#3992 = STYLED_ITEM('color',(#3993),#2555);
#3993 = PRESENTATION_STYLE_ASSIGNMENT((#3994,#3999));
#3994 = SURFACE_STYLE_USAGE(.BOTH.,#3995);
#3995 = SURFACE_SIDE_STYLE('',(#3996));
#3996 = SURFACE_STYLE_FILL_AREA(#3997);
#3997 = FILL_AREA_STYLE('',(#3998));
#3998 = FILL_AREA_STYLE_COLOUR('',#2729);
#3999 = CURVE_STYLE('',#4000,POSITIVE_LENGTH_MEASURE(0.1),#2729);
#4000 = DRAUGHTING_PRE_DEFINED_CURVE_FONT('continuous');
#4001 = STYLED_ITEM('color',(#4002),#2567);
#4002 = PRESENTATION_STYLE_ASSIGNMENT((#4003,#4008));
#4003 = SURFACE_STYLE_USAGE(.BOTH.,#4004);
#4004 = SURFACE_SIDE_STYLE('',(#4005));
#4005 = SURFACE_STYLE_FILL_AREA(#4006);
#4006 = FILL_AREA_STYLE('',(#4007));
#4007 = FILL_AREA_STYLE_COLOUR('',#2729);
#4008 = CURVE_STYLE('',#4009,POSITIVE_LENGTH_MEASURE(0.1),#2729);
#4009 = DRAUGHTING_PRE_DEFINED_CURVE_FONT('continuous');
#4010 = STYLED_ITEM('color',(#4011),#2579);
#4011 = PRESENTATION_STYLE_ASSIGNMENT((#4012,#4017));
#4012 = SURFACE_STYLE_USAGE(.BOTH.,#4013);
#4013 = SURFACE_SIDE_STYLE('',(#4014));
#4014 = SURFACE_STYLE_FILL_AREA(#4015);
#4015 = FILL_AREA_STYLE('',(#4016));
#4016 = FILL_AREA_STYLE_COLOUR('',#2729);
#4017 = CURVE_STYLE('',#4018,POSITIVE_LENGTH_MEASURE(0.1),#2729);
#4018 = DRAUGHTING_PRE_DEFINED_CURVE_FONT('continuous');
#4019 = STYLED_ITEM('color',(#4020),#2591);
#4020 = PRESENTATION_STYLE_ASSIGNMENT((#4021,#4026));
#4021 = SURFACE_STYLE_USAGE(.BOTH.,#4022);
#4022 = SURFACE_SIDE_STYLE('',(#4023));
#4023 = SURFACE_STYLE_FILL_AREA(#4024);
#4024 = FILL_AREA_STYLE('',(#4025));
#4025 = FILL_AREA_STYLE_COLOUR('',#2729);
#4026 = CURVE_STYLE('',#4027,POSITIVE_LENGTH_MEASURE(0.1),#2729);
#4027 = DRAUGHTING_PRE_DEFINED_CURVE_FONT('continuous');
#4028 = MECHANICAL_DESIGN_GEOMETRIC_PRESENTATION_REPRESENTATION('',(
    #4029),#2715);
#4029 = STYLED_ITEM('color',(#4030),#2617);
#4030 = PRESENTATION_STYLE_ASSIGNMENT((#4031,#4037));
#4031 = SURFACE_STYLE_USAGE(.BOTH.,#4032);
#4032 = SURFACE_SIDE_STYLE('',(#4033));
#4033 = SURFACE_STYLE_FILL_AREA(#4034);
#4034 = FILL_AREA_STYLE('',(#4035));
#4035 = FILL_AREA_STYLE_COLOUR('',#4036);
#4036 = COLOUR_RGB('',0.850000012718,0.850000012718,0.850000012718);
#4037 = CURVE_STYLE('',#4038,POSITIVE_LENGTH_MEASURE(0.1),#4036);
#4038 = DRAUGHTING_PRE_DEFINED_CURVE_FONT('continuous');
#4039 = MECHANICAL_DESIGN_GEOMETRIC_PRESENTATION_REPRESENTATION('',(
    #4040),#849);
#4040 = STYLED_ITEM('color',(#4041),#519);
#4041 = PRESENTATION_STYLE_ASSIGNMENT((#4042,#4048));
#4042 = SURFACE_STYLE_USAGE(.BOTH.,#4043);
#4043 = SURFACE_SIDE_STYLE('',(#4044));
#4044 = SURFACE_STYLE_FILL_AREA(#4045);
#4045 = FILL_AREA_STYLE('',(#4046));
#4046 = FILL_AREA_STYLE_COLOUR('',#4047);
#4047 = COLOUR_RGB('',0.130000001093,0.250000000672,0.130000001093);
#4048 = CURVE_STYLE('',#4049,POSITIVE_LENGTH_MEASURE(0.1),#4047);
#4049 = DRAUGHTING_PRE_DEFINED_CURVE_FONT('continuous');
#4050 = MECHANICAL_DESIGN_GEOMETRIC_PRESENTATION_REPRESENTATION('',(
    #4051),#505);
#4051 = STYLED_ITEM('color',(#4052),#15);
#4052 = PRESENTATION_STYLE_ASSIGNMENT((#4053,#4059));
#4053 = SURFACE_STYLE_USAGE(.BOTH.,#4054);
#4054 = SURFACE_SIDE_STYLE('',(#4055));
#4055 = SURFACE_STYLE_FILL_AREA(#4056);
#4056 = FILL_AREA_STYLE('',(#4057));
#4057 = FILL_AREA_STYLE_COLOUR('',#4058);
#4058 = COLOUR_RGB('',9.999999991362E-02,9.999999991362E-02,
  9.999999991362E-02);
#4059 = CURVE_STYLE('',#4060,POSITIVE_LENGTH_MEASURE(0.1),#4058);
#4060 = DRAUGHTING_PRE_DEFINED_CURVE_FONT('continuous');
ENDSEC;
END-ISO-10303-21;
