ISO-10303-21;
HEADER;
/* Generated by software containing ST-Developer
 * from STEP Tools, Inc. (www.steptools.com) 
 */
/* OPTION: using custom renumber hook */

FILE_DESCRIPTION(
/* description */ ('STEP AP242 Edition 2',
'CAx-IF Rec.Pracs.---Representation and Presentation of Product Manufa
cturing Information (PMI)---4.0---2014-10-13',
'CAx-IF Rec.Pracs.---3D Tessellated Geometry---0.4---2014-09-14','2;1',
'CAx-IF Rec.Pracs.---User Defined Attributes---1.5---2016-08-15'),
/* implementation_level */ '2;1');

FILE_NAME(
/* name */ 'Remote Assembly - FH34SRJ-12S-0.5SH',
/* time_stamp */ '2026-09-05T09:40:17Z',
/* author */ (''),
/* organization */ (''),
/* preprocessor_version */ 'ST-DEVELOPER v20',
/* originating_system */ 'ONSHAPE BY PTC INC, 1.220',
/* authorisation */ '  ');

FILE_SCHEMA (('AP242_MANAGED_MODEL_BASED_3D_ENGINEERING_MIM_LF { 1 0 10303 442 3 1 4 }'));
ENDSEC;

DATA;
#10=SHAPE_REPRESENTATION_RELATIONSHIP('','',#5777,#11);
#11=ADVANCED_BREP_SHAPE_REPRESENTATION('',(#5775),#9257);
#12=OVER_RIDING_STYLED_ITEM('',(#5749),#5487,#5747);
#13=OVER_RIDING_STYLED_ITEM('',(#5750),#5697,#5747);
#14=OVER_RIDING_STYLED_ITEM('',(#5751),#5713,#5747);
#15=CIRCLE('',#5785,3.E-5);
#16=CIRCLE('',#5786,3.E-5);
#17=CIRCLE('',#5792,3.E-5);
#18=CIRCLE('',#5793,3.E-5);
#19=CIRCLE('',#5796,5.00000000000007E-5);
#20=CIRCLE('',#5797,3.E-5);
#21=CIRCLE('',#5801,3.E-5);
#22=CIRCLE('',#5802,5.00000000000007E-5);
#23=CIRCLE('',#5805,5.00000000000007E-5);
#24=CIRCLE('',#5806,3.E-5);
#25=CIRCLE('',#5809,3.E-5);
#26=CIRCLE('',#5810,5.00000000000007E-5);
#27=CIRCLE('',#5814,5.00000000000007E-5);
#28=CIRCLE('',#5815,3.E-5);
#29=CIRCLE('',#5827,5.00000000000007E-5);
#30=CIRCLE('',#5828,3.E-5);
#31=CIRCLE('',#5835,5.00000000000007E-5);
#32=CIRCLE('',#5836,5.00000000000007E-5);
#33=CIRCLE('',#5856,5.00000000000007E-5);
#34=CIRCLE('',#5862,5.00000000000043E-5);
#35=CIRCLE('',#5863,5.00000000000043E-5);
#36=CIRCLE('',#5868,5.E-5);
#37=CIRCLE('',#5869,5.E-5);
#38=CIRCLE('',#5874,4.99999999999972E-5);
#39=CIRCLE('',#5875,4.99999999999972E-5);
#40=CIRCLE('',#5878,5.E-5);
#41=CIRCLE('',#5879,5.E-5);
#42=CIRCLE('',#5885,5.E-5);
#43=CIRCLE('',#5887,5.E-5);
#44=CIRCLE('',#5899,5.00000000000007E-5);
#45=CIRCLE('',#5900,5.00000000000007E-5);
#46=CIRCLE('',#5903,3.E-5);
#47=CIRCLE('',#5905,5.00000000000007E-5);
#48=CIRCLE('',#5906,5.00000000000007E-5);
#49=CIRCLE('',#5916,5.00000000000007E-5);
#50=CIRCLE('',#5921,3.E-5);
#51=CIRCLE('',#5932,3.E-5);
#52=CIRCLE('',#5933,5.00000000000007E-5);
#53=CIRCLE('',#5945,5.00000000000007E-5);
#54=CIRCLE('',#5946,5.00000000000007E-5);
#55=CIRCLE('',#5958,3.E-5);
#56=CIRCLE('',#5959,3.E-5);
#57=CIRCLE('',#5961,5.00000000000007E-5);
#58=CIRCLE('',#5965,3.E-5);
#59=CIRCLE('',#5969,3.E-5);
#60=CIRCLE('',#5971,3.E-5);
#61=CIRCLE('',#5975,3.E-5);
#62=CIRCLE('',#5976,3.E-5);
#63=CIRCLE('',#5991,5.00000000000007E-5);
#64=CIRCLE('',#5992,3.E-5);
#65=CIRCLE('',#5994,3.E-5);
#66=CIRCLE('',#5995,5.00000000000007E-5);
#67=CIRCLE('',#6038,5.00000000000007E-5);
#68=CIRCLE('',#6039,3.E-5);
#69=CIRCLE('',#6042,3.E-5);
#70=CIRCLE('',#6043,5.00000000000007E-5);
#71=CIRCLE('',#6055,5.00000000000043E-5);
#72=CIRCLE('',#6056,5.00000000000043E-5);
#73=CIRCLE('',#6061,5.E-5);
#74=CIRCLE('',#6062,5.E-5);
#75=CIRCLE('',#6067,4.99999999999972E-5);
#76=CIRCLE('',#6068,4.99999999999972E-5);
#77=CIRCLE('',#6071,5.E-5);
#78=CIRCLE('',#6072,5.E-5);
#79=CIRCLE('',#6078,5.E-5);
#80=CIRCLE('',#6080,5.E-5);
#81=CIRCLE('',#6129,5.00000000000007E-5);
#82=CIRCLE('',#6132,5.00000000000007E-5);
#83=CYLINDRICAL_SURFACE('',#5784,3.E-5);
#84=CYLINDRICAL_SURFACE('',#5789,5.E-5);
#85=CYLINDRICAL_SURFACE('',#5791,3.E-5);
#86=CYLINDRICAL_SURFACE('',#5817,3.E-5);
#87=CYLINDRICAL_SURFACE('',#5822,5.00000000000007E-5);
#88=CYLINDRICAL_SURFACE('',#5834,5.00000000000007E-5);
#89=CYLINDRICAL_SURFACE('',#5848,3.E-5);
#90=CYLINDRICAL_SURFACE('',#5853,5.00000000000007E-5);
#91=CYLINDRICAL_SURFACE('',#5861,5.00000000000043E-5);
#92=CYLINDRICAL_SURFACE('',#5867,5.E-5);
#93=CYLINDRICAL_SURFACE('',#5873,4.99999999999972E-5);
#94=CYLINDRICAL_SURFACE('',#5877,5.E-5);
#95=CYLINDRICAL_SURFACE('',#5889,5.E-5);
#96=CYLINDRICAL_SURFACE('',#5898,5.00000000000007E-5);
#97=CYLINDRICAL_SURFACE('',#5904,5.00000000000007E-5);
#98=CYLINDRICAL_SURFACE('',#5915,5.00000000000007E-5);
#99=CYLINDRICAL_SURFACE('',#5920,3.E-5);
#100=CYLINDRICAL_SURFACE('',#5944,5.00000000000007E-5);
#101=CYLINDRICAL_SURFACE('',#5957,3.E-5);
#102=CYLINDRICAL_SURFACE('',#5960,5.00000000000007E-5);
#103=CYLINDRICAL_SURFACE('',#5970,3.E-5);
#104=CYLINDRICAL_SURFACE('',#5974,3.E-5);
#105=CYLINDRICAL_SURFACE('',#5979,3.E-5);
#106=CYLINDRICAL_SURFACE('',#5980,3.E-5);
#107=CYLINDRICAL_SURFACE('',#5986,5.00000000000007E-5);
#108=CYLINDRICAL_SURFACE('',#6001,5.00000000000007E-5);
#109=CYLINDRICAL_SURFACE('',#6006,3.E-5);
#110=CYLINDRICAL_SURFACE('',#6054,5.00000000000043E-5);
#111=CYLINDRICAL_SURFACE('',#6060,5.E-5);
#112=CYLINDRICAL_SURFACE('',#6066,4.99999999999972E-5);
#113=CYLINDRICAL_SURFACE('',#6070,5.E-5);
#114=CYLINDRICAL_SURFACE('',#6082,5.E-5);
#115=CYLINDRICAL_SURFACE('',#6121,5.00000000000007E-5);
#116=CYLINDRICAL_SURFACE('',#6126,3.E-5);
#117=CYLINDRICAL_SURFACE('',#6134,5.00000000000007E-5);
#118=B_SPLINE_CURVE_WITH_KNOTS('',3,(#7629,#7630,#7631,#7632),
 .UNSPECIFIED.,.F.,.F.,(4,4),(270.,360.),.UNSPECIFIED.);
#119=B_SPLINE_CURVE_WITH_KNOTS('',3,(#7684,#7685,#7686,#7687),
 .UNSPECIFIED.,.F.,.F.,(4,4),(270.,360.),.UNSPECIFIED.);
#120=ORIENTED_EDGE('',*,*,#1762,.F.);
#121=ORIENTED_EDGE('',*,*,#1763,.T.);
#122=ORIENTED_EDGE('',*,*,#1764,.T.);
#123=ORIENTED_EDGE('',*,*,#1765,.T.);
#124=ORIENTED_EDGE('',*,*,#1766,.F.);
#125=ORIENTED_EDGE('',*,*,#1767,.T.);
#126=ORIENTED_EDGE('',*,*,#1768,.T.);
#127=ORIENTED_EDGE('',*,*,#1764,.F.);
#128=ORIENTED_EDGE('',*,*,#1769,.F.);
#129=ORIENTED_EDGE('',*,*,#1770,.T.);
#130=ORIENTED_EDGE('',*,*,#1771,.T.);
#131=ORIENTED_EDGE('',*,*,#1772,.T.);
#132=ORIENTED_EDGE('',*,*,#1773,.T.);
#133=ORIENTED_EDGE('',*,*,#1774,.F.);
#134=ORIENTED_EDGE('',*,*,#1772,.F.);
#135=ORIENTED_EDGE('',*,*,#1775,.F.);
#136=ORIENTED_EDGE('',*,*,#1776,.F.);
#137=ORIENTED_EDGE('',*,*,#1777,.F.);
#138=ORIENTED_EDGE('',*,*,#1778,.T.);
#139=ORIENTED_EDGE('',*,*,#1779,.T.);
#140=ORIENTED_EDGE('',*,*,#1767,.F.);
#141=ORIENTED_EDGE('',*,*,#1780,.F.);
#142=ORIENTED_EDGE('',*,*,#1781,.F.);
#143=ORIENTED_EDGE('',*,*,#1782,.F.);
#144=ORIENTED_EDGE('',*,*,#1783,.F.);
#145=ORIENTED_EDGE('',*,*,#1784,.T.);
#146=ORIENTED_EDGE('',*,*,#1785,.T.);
#147=ORIENTED_EDGE('',*,*,#1786,.F.);
#148=ORIENTED_EDGE('',*,*,#1787,.F.);
#149=ORIENTED_EDGE('',*,*,#1788,.T.);
#150=ORIENTED_EDGE('',*,*,#1763,.F.);
#151=ORIENTED_EDGE('',*,*,#1789,.F.);
#152=ORIENTED_EDGE('',*,*,#1790,.F.);
#153=ORIENTED_EDGE('',*,*,#1791,.F.);
#154=ORIENTED_EDGE('',*,*,#1792,.T.);
#155=ORIENTED_EDGE('',*,*,#1793,.F.);
#156=ORIENTED_EDGE('',*,*,#1794,.F.);
#157=ORIENTED_EDGE('',*,*,#1795,.T.);
#158=ORIENTED_EDGE('',*,*,#1796,.T.);
#159=ORIENTED_EDGE('',*,*,#1773,.F.);
#160=ORIENTED_EDGE('',*,*,#1797,.F.);
#161=ORIENTED_EDGE('',*,*,#1798,.T.);
#162=ORIENTED_EDGE('',*,*,#1799,.T.);
#163=ORIENTED_EDGE('',*,*,#1800,.F.);
#164=ORIENTED_EDGE('',*,*,#1801,.F.);
#165=ORIENTED_EDGE('',*,*,#1802,.F.);
#166=ORIENTED_EDGE('',*,*,#1803,.T.);
#167=ORIENTED_EDGE('',*,*,#1804,.F.);
#168=ORIENTED_EDGE('',*,*,#1805,.F.);
#169=ORIENTED_EDGE('',*,*,#1806,.T.);
#170=ORIENTED_EDGE('',*,*,#1807,.F.);
#171=ORIENTED_EDGE('',*,*,#1808,.T.);
#172=ORIENTED_EDGE('',*,*,#1809,.T.);
#173=ORIENTED_EDGE('',*,*,#1785,.F.);
#174=ORIENTED_EDGE('',*,*,#1810,.F.);
#175=ORIENTED_EDGE('',*,*,#1811,.F.);
#176=ORIENTED_EDGE('',*,*,#1812,.F.);
#177=ORIENTED_EDGE('',*,*,#1813,.T.);
#178=ORIENTED_EDGE('',*,*,#1814,.T.);
#179=ORIENTED_EDGE('',*,*,#1815,.T.);
#180=ORIENTED_EDGE('',*,*,#1816,.F.);
#181=ORIENTED_EDGE('',*,*,#1817,.T.);
#182=ORIENTED_EDGE('',*,*,#1818,.F.);
#183=ORIENTED_EDGE('',*,*,#1819,.T.);
#184=ORIENTED_EDGE('',*,*,#1820,.F.);
#185=ORIENTED_EDGE('',*,*,#1801,.T.);
#186=ORIENTED_EDGE('',*,*,#1821,.T.);
#187=ORIENTED_EDGE('',*,*,#1822,.F.);
#188=ORIENTED_EDGE('',*,*,#1823,.T.);
#189=ORIENTED_EDGE('',*,*,#1824,.F.);
#190=ORIENTED_EDGE('',*,*,#1825,.T.);
#191=ORIENTED_EDGE('',*,*,#1826,.T.);
#192=ORIENTED_EDGE('',*,*,#1827,.T.);
#193=ORIENTED_EDGE('',*,*,#1828,.T.);
#194=ORIENTED_EDGE('',*,*,#1829,.T.);
#195=ORIENTED_EDGE('',*,*,#1830,.F.);
#196=ORIENTED_EDGE('',*,*,#1793,.T.);
#197=ORIENTED_EDGE('',*,*,#1831,.F.);
#198=ORIENTED_EDGE('',*,*,#1832,.F.);
#199=ORIENTED_EDGE('',*,*,#1766,.T.);
#200=ORIENTED_EDGE('',*,*,#1833,.T.);
#201=ORIENTED_EDGE('',*,*,#1834,.T.);
#202=ORIENTED_EDGE('',*,*,#1835,.T.);
#203=ORIENTED_EDGE('',*,*,#1836,.F.);
#204=ORIENTED_EDGE('',*,*,#1837,.T.);
#205=ORIENTED_EDGE('',*,*,#1838,.F.);
#206=ORIENTED_EDGE('',*,*,#1839,.T.);
#207=ORIENTED_EDGE('',*,*,#1840,.F.);
#208=ORIENTED_EDGE('',*,*,#1841,.F.);
#209=ORIENTED_EDGE('',*,*,#1842,.F.);
#210=ORIENTED_EDGE('',*,*,#1843,.T.);
#211=ORIENTED_EDGE('',*,*,#1844,.T.);
#212=ORIENTED_EDGE('',*,*,#1845,.T.);
#213=ORIENTED_EDGE('',*,*,#1846,.T.);
#214=ORIENTED_EDGE('',*,*,#1847,.T.);
#215=ORIENTED_EDGE('',*,*,#1848,.F.);
#216=ORIENTED_EDGE('',*,*,#1835,.F.);
#217=ORIENTED_EDGE('',*,*,#1849,.F.);
#218=ORIENTED_EDGE('',*,*,#1850,.T.);
#219=ORIENTED_EDGE('',*,*,#1851,.T.);
#220=ORIENTED_EDGE('',*,*,#1852,.T.);
#221=ORIENTED_EDGE('',*,*,#1853,.F.);
#222=ORIENTED_EDGE('',*,*,#1854,.T.);
#223=ORIENTED_EDGE('',*,*,#1855,.F.);
#224=ORIENTED_EDGE('',*,*,#1856,.T.);
#225=ORIENTED_EDGE('',*,*,#1847,.F.);
#226=ORIENTED_EDGE('',*,*,#1826,.F.);
#227=ORIENTED_EDGE('',*,*,#1857,.F.);
#228=ORIENTED_EDGE('',*,*,#1858,.T.);
#229=ORIENTED_EDGE('',*,*,#1859,.T.);
#230=ORIENTED_EDGE('',*,*,#1860,.T.);
#231=ORIENTED_EDGE('',*,*,#1861,.F.);
#232=ORIENTED_EDGE('',*,*,#1862,.T.);
#233=ORIENTED_EDGE('',*,*,#1863,.T.);
#234=ORIENTED_EDGE('',*,*,#1845,.F.);
#235=ORIENTED_EDGE('',*,*,#1864,.T.);
#236=ORIENTED_EDGE('',*,*,#1865,.T.);
#237=ORIENTED_EDGE('',*,*,#1866,.F.);
#238=ORIENTED_EDGE('',*,*,#1867,.T.);
#239=ORIENTED_EDGE('',*,*,#1868,.F.);
#240=ORIENTED_EDGE('',*,*,#1869,.F.);
#241=ORIENTED_EDGE('',*,*,#1870,.F.);
#242=ORIENTED_EDGE('',*,*,#1871,.F.);
#243=ORIENTED_EDGE('',*,*,#1872,.F.);
#244=ORIENTED_EDGE('',*,*,#1873,.F.);
#245=ORIENTED_EDGE('',*,*,#1874,.T.);
#246=ORIENTED_EDGE('',*,*,#1875,.F.);
#247=ORIENTED_EDGE('',*,*,#1876,.T.);
#248=ORIENTED_EDGE('',*,*,#1873,.T.);
#249=ORIENTED_EDGE('',*,*,#1877,.F.);
#250=ORIENTED_EDGE('',*,*,#1878,.T.);
#251=ORIENTED_EDGE('',*,*,#1879,.F.);
#252=ORIENTED_EDGE('',*,*,#1880,.T.);
#253=ORIENTED_EDGE('',*,*,#1881,.F.);
#254=ORIENTED_EDGE('',*,*,#1865,.F.);
#255=ORIENTED_EDGE('',*,*,#1858,.F.);
#256=ORIENTED_EDGE('',*,*,#1882,.F.);
#257=ORIENTED_EDGE('',*,*,#1878,.F.);
#258=ORIENTED_EDGE('',*,*,#1883,.T.);
#259=ORIENTED_EDGE('',*,*,#1884,.T.);
#260=ORIENTED_EDGE('',*,*,#1885,.T.);
#261=ORIENTED_EDGE('',*,*,#1886,.F.);
#262=ORIENTED_EDGE('',*,*,#1887,.T.);
#263=ORIENTED_EDGE('',*,*,#1888,.F.);
#264=ORIENTED_EDGE('',*,*,#1889,.T.);
#265=ORIENTED_EDGE('',*,*,#1880,.F.);
#266=ORIENTED_EDGE('',*,*,#1881,.T.);
#267=ORIENTED_EDGE('',*,*,#1889,.F.);
#268=ORIENTED_EDGE('',*,*,#1890,.T.);
#269=ORIENTED_EDGE('',*,*,#1866,.T.);
#270=ORIENTED_EDGE('',*,*,#1891,.T.);
#271=ORIENTED_EDGE('',*,*,#1867,.F.);
#272=ORIENTED_EDGE('',*,*,#1890,.F.);
#273=ORIENTED_EDGE('',*,*,#1888,.T.);
#274=ORIENTED_EDGE('',*,*,#1887,.F.);
#275=ORIENTED_EDGE('',*,*,#1892,.T.);
#276=ORIENTED_EDGE('',*,*,#1868,.T.);
#277=ORIENTED_EDGE('',*,*,#1891,.F.);
#278=ORIENTED_EDGE('',*,*,#1886,.T.);
#279=ORIENTED_EDGE('',*,*,#1893,.T.);
#280=ORIENTED_EDGE('',*,*,#1869,.T.);
#281=ORIENTED_EDGE('',*,*,#1892,.F.);
#282=ORIENTED_EDGE('',*,*,#1894,.T.);
#283=ORIENTED_EDGE('',*,*,#1870,.T.);
#284=ORIENTED_EDGE('',*,*,#1893,.F.);
#285=ORIENTED_EDGE('',*,*,#1885,.F.);
#286=ORIENTED_EDGE('',*,*,#1895,.T.);
#287=ORIENTED_EDGE('',*,*,#1871,.T.);
#288=ORIENTED_EDGE('',*,*,#1894,.F.);
#289=ORIENTED_EDGE('',*,*,#1884,.F.);
#290=ORIENTED_EDGE('',*,*,#1883,.F.);
#291=ORIENTED_EDGE('',*,*,#1877,.T.);
#292=ORIENTED_EDGE('',*,*,#1872,.T.);
#293=ORIENTED_EDGE('',*,*,#1895,.F.);
#294=ORIENTED_EDGE('',*,*,#1896,.F.);
#295=ORIENTED_EDGE('',*,*,#1897,.T.);
#296=ORIENTED_EDGE('',*,*,#1898,.T.);
#297=ORIENTED_EDGE('',*,*,#1899,.F.);
#298=ORIENTED_EDGE('',*,*,#1900,.F.);
#299=ORIENTED_EDGE('',*,*,#1901,.F.);
#300=ORIENTED_EDGE('',*,*,#1902,.F.);
#301=ORIENTED_EDGE('',*,*,#1903,.T.);
#302=ORIENTED_EDGE('',*,*,#1904,.T.);
#303=ORIENTED_EDGE('',*,*,#1905,.T.);
#304=ORIENTED_EDGE('',*,*,#1906,.F.);
#305=ORIENTED_EDGE('',*,*,#1907,.T.);
#306=ORIENTED_EDGE('',*,*,#1908,.F.);
#307=ORIENTED_EDGE('',*,*,#1909,.T.);
#308=ORIENTED_EDGE('',*,*,#1910,.T.);
#309=ORIENTED_EDGE('',*,*,#1911,.T.);
#310=ORIENTED_EDGE('',*,*,#1912,.F.);
#311=ORIENTED_EDGE('',*,*,#1913,.F.);
#312=ORIENTED_EDGE('',*,*,#1914,.F.);
#313=ORIENTED_EDGE('',*,*,#1915,.F.);
#314=ORIENTED_EDGE('',*,*,#1916,.F.);
#315=ORIENTED_EDGE('',*,*,#1917,.T.);
#316=ORIENTED_EDGE('',*,*,#1918,.T.);
#317=ORIENTED_EDGE('',*,*,#1919,.T.);
#318=ORIENTED_EDGE('',*,*,#1920,.F.);
#319=ORIENTED_EDGE('',*,*,#1921,.T.);
#320=ORIENTED_EDGE('',*,*,#1922,.F.);
#321=ORIENTED_EDGE('',*,*,#1923,.T.);
#322=ORIENTED_EDGE('',*,*,#1924,.F.);
#323=ORIENTED_EDGE('',*,*,#1925,.T.);
#324=ORIENTED_EDGE('',*,*,#1926,.T.);
#325=ORIENTED_EDGE('',*,*,#1927,.T.);
#326=ORIENTED_EDGE('',*,*,#1819,.F.);
#327=ORIENTED_EDGE('',*,*,#1928,.F.);
#328=ORIENTED_EDGE('',*,*,#1929,.F.);
#329=ORIENTED_EDGE('',*,*,#1930,.F.);
#330=ORIENTED_EDGE('',*,*,#1909,.F.);
#331=ORIENTED_EDGE('',*,*,#1931,.T.);
#332=ORIENTED_EDGE('',*,*,#1908,.T.);
#333=ORIENTED_EDGE('',*,*,#1932,.F.);
#334=ORIENTED_EDGE('',*,*,#1794,.T.);
#335=ORIENTED_EDGE('',*,*,#1830,.T.);
#336=ORIENTED_EDGE('',*,*,#1933,.T.);
#337=ORIENTED_EDGE('',*,*,#1934,.T.);
#338=ORIENTED_EDGE('',*,*,#1935,.T.);
#339=ORIENTED_EDGE('',*,*,#1936,.T.);
#340=ORIENTED_EDGE('',*,*,#1859,.F.);
#341=ORIENTED_EDGE('',*,*,#1879,.T.);
#342=ORIENTED_EDGE('',*,*,#1937,.F.);
#343=ORIENTED_EDGE('',*,*,#1781,.T.);
#344=ORIENTED_EDGE('',*,*,#1938,.T.);
#345=ORIENTED_EDGE('',*,*,#1939,.T.);
#346=ORIENTED_EDGE('',*,*,#1940,.F.);
#347=ORIENTED_EDGE('',*,*,#1941,.T.);
#348=ORIENTED_EDGE('',*,*,#1942,.T.);
#349=ORIENTED_EDGE('',*,*,#1943,.T.);
#350=ORIENTED_EDGE('',*,*,#1944,.F.);
#351=ORIENTED_EDGE('',*,*,#1945,.F.);
#352=ORIENTED_EDGE('',*,*,#1823,.F.);
#353=ORIENTED_EDGE('',*,*,#1946,.T.);
#354=ORIENTED_EDGE('',*,*,#1947,.F.);
#355=ORIENTED_EDGE('',*,*,#1948,.F.);
#356=ORIENTED_EDGE('',*,*,#1949,.F.);
#357=ORIENTED_EDGE('',*,*,#1950,.F.);
#358=ORIENTED_EDGE('',*,*,#1951,.T.);
#359=ORIENTED_EDGE('',*,*,#1902,.T.);
#360=ORIENTED_EDGE('',*,*,#1952,.F.);
#361=ORIENTED_EDGE('',*,*,#1953,.T.);
#362=ORIENTED_EDGE('',*,*,#1954,.F.);
#363=ORIENTED_EDGE('',*,*,#1955,.F.);
#364=ORIENTED_EDGE('',*,*,#1956,.T.);
#365=ORIENTED_EDGE('',*,*,#1957,.T.);
#366=ORIENTED_EDGE('',*,*,#1958,.F.);
#367=ORIENTED_EDGE('',*,*,#1959,.F.);
#368=ORIENTED_EDGE('',*,*,#1787,.T.);
#369=ORIENTED_EDGE('',*,*,#1960,.T.);
#370=ORIENTED_EDGE('',*,*,#1961,.T.);
#371=ORIENTED_EDGE('',*,*,#1962,.F.);
#372=ORIENTED_EDGE('',*,*,#1963,.T.);
#373=ORIENTED_EDGE('',*,*,#1956,.F.);
#374=ORIENTED_EDGE('',*,*,#1964,.F.);
#375=ORIENTED_EDGE('',*,*,#1795,.F.);
#376=ORIENTED_EDGE('',*,*,#1932,.T.);
#377=ORIENTED_EDGE('',*,*,#1907,.F.);
#378=ORIENTED_EDGE('',*,*,#1965,.T.);
#379=ORIENTED_EDGE('',*,*,#1966,.T.);
#380=ORIENTED_EDGE('',*,*,#1967,.F.);
#381=ORIENTED_EDGE('',*,*,#1968,.T.);
#382=ORIENTED_EDGE('',*,*,#1963,.F.);
#383=ORIENTED_EDGE('',*,*,#1906,.T.);
#384=ORIENTED_EDGE('',*,*,#1930,.T.);
#385=ORIENTED_EDGE('',*,*,#1969,.T.);
#386=ORIENTED_EDGE('',*,*,#1970,.F.);
#387=ORIENTED_EDGE('',*,*,#1843,.F.);
#388=ORIENTED_EDGE('',*,*,#1971,.F.);
#389=ORIENTED_EDGE('',*,*,#1849,.T.);
#390=ORIENTED_EDGE('',*,*,#1779,.F.);
#391=ORIENTED_EDGE('',*,*,#1833,.F.);
#392=ORIENTED_EDGE('',*,*,#1765,.F.);
#393=ORIENTED_EDGE('',*,*,#1768,.F.);
#394=ORIENTED_EDGE('',*,*,#1972,.F.);
#395=ORIENTED_EDGE('',*,*,#1836,.T.);
#396=ORIENTED_EDGE('',*,*,#1848,.T.);
#397=ORIENTED_EDGE('',*,*,#1856,.F.);
#398=ORIENTED_EDGE('',*,*,#1972,.T.);
#399=ORIENTED_EDGE('',*,*,#1855,.T.);
#400=ORIENTED_EDGE('',*,*,#1973,.F.);
#401=ORIENTED_EDGE('',*,*,#1837,.F.);
#402=ORIENTED_EDGE('',*,*,#1973,.T.);
#403=ORIENTED_EDGE('',*,*,#1854,.F.);
#404=ORIENTED_EDGE('',*,*,#1974,.T.);
#405=ORIENTED_EDGE('',*,*,#1838,.T.);
#406=ORIENTED_EDGE('',*,*,#1975,.F.);
#407=ORIENTED_EDGE('',*,*,#1839,.F.);
#408=ORIENTED_EDGE('',*,*,#1974,.F.);
#409=ORIENTED_EDGE('',*,*,#1853,.T.);
#410=ORIENTED_EDGE('',*,*,#1975,.T.);
#411=ORIENTED_EDGE('',*,*,#1852,.F.);
#412=ORIENTED_EDGE('',*,*,#1976,.F.);
#413=ORIENTED_EDGE('',*,*,#1840,.T.);
#414=ORIENTED_EDGE('',*,*,#1976,.T.);
#415=ORIENTED_EDGE('',*,*,#1851,.F.);
#416=ORIENTED_EDGE('',*,*,#1977,.F.);
#417=ORIENTED_EDGE('',*,*,#1841,.T.);
#418=ORIENTED_EDGE('',*,*,#1977,.T.);
#419=ORIENTED_EDGE('',*,*,#1850,.F.);
#420=ORIENTED_EDGE('',*,*,#1971,.T.);
#421=ORIENTED_EDGE('',*,*,#1842,.T.);
#422=ORIENTED_EDGE('',*,*,#1821,.F.);
#423=ORIENTED_EDGE('',*,*,#1800,.T.);
#424=ORIENTED_EDGE('',*,*,#1978,.F.);
#425=ORIENTED_EDGE('',*,*,#1979,.F.);
#426=ORIENTED_EDGE('',*,*,#1980,.T.);
#427=ORIENTED_EDGE('',*,*,#1960,.F.);
#428=ORIENTED_EDGE('',*,*,#1786,.T.);
#429=ORIENTED_EDGE('',*,*,#1809,.F.);
#430=ORIENTED_EDGE('',*,*,#1981,.F.);
#431=ORIENTED_EDGE('',*,*,#1982,.F.);
#432=ORIENTED_EDGE('',*,*,#1983,.F.);
#433=ORIENTED_EDGE('',*,*,#1984,.F.);
#434=ORIENTED_EDGE('',*,*,#1985,.F.);
#435=ORIENTED_EDGE('',*,*,#1986,.F.);
#436=ORIENTED_EDGE('',*,*,#1987,.T.);
#437=ORIENTED_EDGE('',*,*,#1988,.F.);
#438=ORIENTED_EDGE('',*,*,#1989,.T.);
#439=ORIENTED_EDGE('',*,*,#1990,.F.);
#440=ORIENTED_EDGE('',*,*,#1991,.F.);
#441=ORIENTED_EDGE('',*,*,#1992,.T.);
#442=ORIENTED_EDGE('',*,*,#1896,.T.);
#443=ORIENTED_EDGE('',*,*,#1805,.T.);
#444=ORIENTED_EDGE('',*,*,#1993,.T.);
#445=ORIENTED_EDGE('',*,*,#1947,.T.);
#446=ORIENTED_EDGE('',*,*,#1994,.F.);
#447=ORIENTED_EDGE('',*,*,#1957,.F.);
#448=ORIENTED_EDGE('',*,*,#1969,.F.);
#449=ORIENTED_EDGE('',*,*,#1929,.T.);
#450=ORIENTED_EDGE('',*,*,#1995,.T.);
#451=ORIENTED_EDGE('',*,*,#1996,.T.);
#452=ORIENTED_EDGE('',*,*,#1997,.F.);
#453=ORIENTED_EDGE('',*,*,#1998,.F.);
#454=ORIENTED_EDGE('',*,*,#1999,.T.);
#455=ORIENTED_EDGE('',*,*,#2000,.F.);
#456=ORIENTED_EDGE('',*,*,#2001,.F.);
#457=ORIENTED_EDGE('',*,*,#2002,.T.);
#458=ORIENTED_EDGE('',*,*,#1958,.T.);
#459=ORIENTED_EDGE('',*,*,#1996,.F.);
#460=ORIENTED_EDGE('',*,*,#2003,.F.);
#461=ORIENTED_EDGE('',*,*,#2004,.F.);
#462=ORIENTED_EDGE('',*,*,#2005,.T.);
#463=ORIENTED_EDGE('',*,*,#2006,.F.);
#464=ORIENTED_EDGE('',*,*,#2007,.T.);
#465=ORIENTED_EDGE('',*,*,#2006,.T.);
#466=ORIENTED_EDGE('',*,*,#2008,.F.);
#467=ORIENTED_EDGE('',*,*,#2009,.F.);
#468=ORIENTED_EDGE('',*,*,#2010,.T.);
#469=ORIENTED_EDGE('',*,*,#2009,.T.);
#470=ORIENTED_EDGE('',*,*,#2011,.F.);
#471=ORIENTED_EDGE('',*,*,#2012,.F.);
#472=ORIENTED_EDGE('',*,*,#2013,.F.);
#473=ORIENTED_EDGE('',*,*,#2012,.T.);
#474=ORIENTED_EDGE('',*,*,#2014,.T.);
#475=ORIENTED_EDGE('',*,*,#2015,.T.);
#476=ORIENTED_EDGE('',*,*,#2016,.T.);
#477=ORIENTED_EDGE('',*,*,#2015,.F.);
#478=ORIENTED_EDGE('',*,*,#2017,.F.);
#479=ORIENTED_EDGE('',*,*,#2018,.F.);
#480=ORIENTED_EDGE('',*,*,#2019,.F.);
#481=ORIENTED_EDGE('',*,*,#2018,.T.);
#482=ORIENTED_EDGE('',*,*,#2020,.T.);
#483=ORIENTED_EDGE('',*,*,#2021,.F.);
#484=ORIENTED_EDGE('',*,*,#2022,.T.);
#485=ORIENTED_EDGE('',*,*,#2021,.T.);
#486=ORIENTED_EDGE('',*,*,#2023,.F.);
#487=ORIENTED_EDGE('',*,*,#2024,.F.);
#488=ORIENTED_EDGE('',*,*,#2025,.T.);
#489=ORIENTED_EDGE('',*,*,#2024,.T.);
#490=ORIENTED_EDGE('',*,*,#2026,.F.);
#491=ORIENTED_EDGE('',*,*,#2027,.F.);
#492=ORIENTED_EDGE('',*,*,#2028,.T.);
#493=ORIENTED_EDGE('',*,*,#2027,.T.);
#494=ORIENTED_EDGE('',*,*,#2029,.F.);
#495=ORIENTED_EDGE('',*,*,#2030,.T.);
#496=ORIENTED_EDGE('',*,*,#2031,.F.);
#497=ORIENTED_EDGE('',*,*,#2030,.F.);
#498=ORIENTED_EDGE('',*,*,#2032,.T.);
#499=ORIENTED_EDGE('',*,*,#2033,.T.);
#500=ORIENTED_EDGE('',*,*,#2034,.T.);
#501=ORIENTED_EDGE('',*,*,#2033,.F.);
#502=ORIENTED_EDGE('',*,*,#2035,.F.);
#503=ORIENTED_EDGE('',*,*,#2036,.F.);
#504=ORIENTED_EDGE('',*,*,#2037,.T.);
#505=ORIENTED_EDGE('',*,*,#2036,.T.);
#506=ORIENTED_EDGE('',*,*,#2038,.F.);
#507=ORIENTED_EDGE('',*,*,#2039,.F.);
#508=ORIENTED_EDGE('',*,*,#2040,.F.);
#509=ORIENTED_EDGE('',*,*,#2039,.T.);
#510=ORIENTED_EDGE('',*,*,#2041,.T.);
#511=ORIENTED_EDGE('',*,*,#2042,.F.);
#512=ORIENTED_EDGE('',*,*,#2043,.T.);
#513=ORIENTED_EDGE('',*,*,#2044,.T.);
#514=ORIENTED_EDGE('',*,*,#2045,.F.);
#515=ORIENTED_EDGE('',*,*,#2004,.T.);
#516=ORIENTED_EDGE('',*,*,#2046,.T.);
#517=ORIENTED_EDGE('',*,*,#2042,.T.);
#518=ORIENTED_EDGE('',*,*,#2047,.F.);
#519=ORIENTED_EDGE('',*,*,#2000,.T.);
#520=ORIENTED_EDGE('',*,*,#2041,.F.);
#521=ORIENTED_EDGE('',*,*,#2038,.T.);
#522=ORIENTED_EDGE('',*,*,#2035,.T.);
#523=ORIENTED_EDGE('',*,*,#2032,.F.);
#524=ORIENTED_EDGE('',*,*,#2029,.T.);
#525=ORIENTED_EDGE('',*,*,#2026,.T.);
#526=ORIENTED_EDGE('',*,*,#2023,.T.);
#527=ORIENTED_EDGE('',*,*,#2020,.F.);
#528=ORIENTED_EDGE('',*,*,#2017,.T.);
#529=ORIENTED_EDGE('',*,*,#2014,.F.);
#530=ORIENTED_EDGE('',*,*,#2011,.T.);
#531=ORIENTED_EDGE('',*,*,#2008,.T.);
#532=ORIENTED_EDGE('',*,*,#2005,.F.);
#533=ORIENTED_EDGE('',*,*,#2045,.T.);
#534=ORIENTED_EDGE('',*,*,#2048,.T.);
#535=ORIENTED_EDGE('',*,*,#2049,.T.);
#536=ORIENTED_EDGE('',*,*,#1997,.T.);
#537=ORIENTED_EDGE('',*,*,#2047,.T.);
#538=ORIENTED_EDGE('',*,*,#2043,.F.);
#539=ORIENTED_EDGE('',*,*,#2003,.T.);
#540=ORIENTED_EDGE('',*,*,#2007,.F.);
#541=ORIENTED_EDGE('',*,*,#2010,.F.);
#542=ORIENTED_EDGE('',*,*,#2013,.T.);
#543=ORIENTED_EDGE('',*,*,#2016,.F.);
#544=ORIENTED_EDGE('',*,*,#2019,.T.);
#545=ORIENTED_EDGE('',*,*,#2022,.F.);
#546=ORIENTED_EDGE('',*,*,#2025,.F.);
#547=ORIENTED_EDGE('',*,*,#2028,.F.);
#548=ORIENTED_EDGE('',*,*,#2031,.T.);
#549=ORIENTED_EDGE('',*,*,#2034,.F.);
#550=ORIENTED_EDGE('',*,*,#2037,.F.);
#551=ORIENTED_EDGE('',*,*,#2040,.T.);
#552=ORIENTED_EDGE('',*,*,#2046,.F.);
#553=ORIENTED_EDGE('',*,*,#1999,.F.);
#554=ORIENTED_EDGE('',*,*,#2050,.F.);
#555=ORIENTED_EDGE('',*,*,#2051,.F.);
#556=ORIENTED_EDGE('',*,*,#2050,.T.);
#557=ORIENTED_EDGE('',*,*,#1998,.T.);
#558=ORIENTED_EDGE('',*,*,#2049,.F.);
#559=ORIENTED_EDGE('',*,*,#2052,.T.);
#560=ORIENTED_EDGE('',*,*,#2048,.F.);
#561=ORIENTED_EDGE('',*,*,#2044,.F.);
#562=ORIENTED_EDGE('',*,*,#2051,.T.);
#563=ORIENTED_EDGE('',*,*,#2052,.F.);
#564=ORIENTED_EDGE('',*,*,#1831,.T.);
#565=ORIENTED_EDGE('',*,*,#1792,.F.);
#566=ORIENTED_EDGE('',*,*,#1964,.T.);
#567=ORIENTED_EDGE('',*,*,#1959,.T.);
#568=ORIENTED_EDGE('',*,*,#2002,.F.);
#569=ORIENTED_EDGE('',*,*,#2053,.T.);
#570=ORIENTED_EDGE('',*,*,#1828,.F.);
#571=ORIENTED_EDGE('',*,*,#2054,.F.);
#572=ORIENTED_EDGE('',*,*,#2055,.F.);
#573=ORIENTED_EDGE('',*,*,#2056,.F.);
#574=ORIENTED_EDGE('',*,*,#2057,.F.);
#575=ORIENTED_EDGE('',*,*,#2058,.F.);
#576=ORIENTED_EDGE('',*,*,#2059,.T.);
#577=ORIENTED_EDGE('',*,*,#2055,.T.);
#578=ORIENTED_EDGE('',*,*,#2060,.F.);
#579=ORIENTED_EDGE('',*,*,#1862,.F.);
#580=ORIENTED_EDGE('',*,*,#2061,.F.);
#581=ORIENTED_EDGE('',*,*,#2058,.T.);
#582=ORIENTED_EDGE('',*,*,#2057,.T.);
#583=ORIENTED_EDGE('',*,*,#2054,.T.);
#584=ORIENTED_EDGE('',*,*,#1827,.F.);
#585=ORIENTED_EDGE('',*,*,#1846,.F.);
#586=ORIENTED_EDGE('',*,*,#1863,.F.);
#587=ORIENTED_EDGE('',*,*,#2060,.T.);
#588=ORIENTED_EDGE('',*,*,#2062,.T.);
#589=ORIENTED_EDGE('',*,*,#2063,.F.);
#590=ORIENTED_EDGE('',*,*,#1935,.F.);
#591=ORIENTED_EDGE('',*,*,#1784,.F.);
#592=ORIENTED_EDGE('',*,*,#1936,.F.);
#593=ORIENTED_EDGE('',*,*,#2063,.T.);
#594=ORIENTED_EDGE('',*,*,#2064,.F.);
#595=ORIENTED_EDGE('',*,*,#1860,.F.);
#596=ORIENTED_EDGE('',*,*,#2065,.T.);
#597=ORIENTED_EDGE('',*,*,#1982,.T.);
#598=ORIENTED_EDGE('',*,*,#2066,.F.);
#599=ORIENTED_EDGE('',*,*,#2067,.F.);
#600=ORIENTED_EDGE('',*,*,#2068,.T.);
#601=ORIENTED_EDGE('',*,*,#2069,.T.);
#602=ORIENTED_EDGE('',*,*,#2070,.F.);
#603=ORIENTED_EDGE('',*,*,#2071,.F.);
#604=ORIENTED_EDGE('',*,*,#2072,.F.);
#605=ORIENTED_EDGE('',*,*,#2073,.T.);
#606=ORIENTED_EDGE('',*,*,#2074,.F.);
#607=ORIENTED_EDGE('',*,*,#2075,.F.);
#608=ORIENTED_EDGE('',*,*,#2076,.F.);
#609=ORIENTED_EDGE('',*,*,#2077,.F.);
#610=ORIENTED_EDGE('',*,*,#2078,.F.);
#611=ORIENTED_EDGE('',*,*,#2071,.T.);
#612=ORIENTED_EDGE('',*,*,#2079,.T.);
#613=ORIENTED_EDGE('',*,*,#2080,.T.);
#614=ORIENTED_EDGE('',*,*,#2081,.F.);
#615=ORIENTED_EDGE('',*,*,#2082,.T.);
#616=ORIENTED_EDGE('',*,*,#2083,.F.);
#617=ORIENTED_EDGE('',*,*,#2084,.T.);
#618=ORIENTED_EDGE('',*,*,#2085,.F.);
#619=ORIENTED_EDGE('',*,*,#1940,.T.);
#620=ORIENTED_EDGE('',*,*,#2086,.T.);
#621=ORIENTED_EDGE('',*,*,#1910,.F.);
#622=ORIENTED_EDGE('',*,*,#2087,.F.);
#623=ORIENTED_EDGE('',*,*,#2088,.F.);
#624=ORIENTED_EDGE('',*,*,#1991,.T.);
#625=ORIENTED_EDGE('',*,*,#2089,.T.);
#626=ORIENTED_EDGE('',*,*,#1931,.F.);
#627=ORIENTED_EDGE('',*,*,#1934,.F.);
#628=ORIENTED_EDGE('',*,*,#2090,.F.);
#629=ORIENTED_EDGE('',*,*,#2091,.T.);
#630=ORIENTED_EDGE('',*,*,#2092,.T.);
#631=ORIENTED_EDGE('',*,*,#2093,.F.);
#632=ORIENTED_EDGE('',*,*,#2094,.F.);
#633=ORIENTED_EDGE('',*,*,#2095,.F.);
#634=ORIENTED_EDGE('',*,*,#1789,.T.);
#635=ORIENTED_EDGE('',*,*,#1762,.T.);
#636=ORIENTED_EDGE('',*,*,#1832,.T.);
#637=ORIENTED_EDGE('',*,*,#2053,.F.);
#638=ORIENTED_EDGE('',*,*,#2001,.T.);
#639=ORIENTED_EDGE('',*,*,#1995,.F.);
#640=ORIENTED_EDGE('',*,*,#1928,.T.);
#641=ORIENTED_EDGE('',*,*,#2089,.F.);
#642=ORIENTED_EDGE('',*,*,#1990,.T.);
#643=ORIENTED_EDGE('',*,*,#2096,.T.);
#644=ORIENTED_EDGE('',*,*,#2097,.F.);
#645=ORIENTED_EDGE('',*,*,#2093,.T.);
#646=ORIENTED_EDGE('',*,*,#2098,.F.);
#647=ORIENTED_EDGE('',*,*,#2099,.T.);
#648=ORIENTED_EDGE('',*,*,#2100,.F.);
#649=ORIENTED_EDGE('',*,*,#2101,.T.);
#650=ORIENTED_EDGE('',*,*,#2102,.F.);
#651=ORIENTED_EDGE('',*,*,#2103,.F.);
#652=ORIENTED_EDGE('',*,*,#2104,.F.);
#653=ORIENTED_EDGE('',*,*,#2105,.F.);
#654=ORIENTED_EDGE('',*,*,#2106,.F.);
#655=ORIENTED_EDGE('',*,*,#1949,.T.);
#656=ORIENTED_EDGE('',*,*,#1901,.T.);
#657=ORIENTED_EDGE('',*,*,#1948,.T.);
#658=ORIENTED_EDGE('',*,*,#1993,.F.);
#659=ORIENTED_EDGE('',*,*,#1804,.T.);
#660=ORIENTED_EDGE('',*,*,#2107,.F.);
#661=ORIENTED_EDGE('',*,*,#1966,.F.);
#662=ORIENTED_EDGE('',*,*,#2108,.F.);
#663=ORIENTED_EDGE('',*,*,#1911,.F.);
#664=ORIENTED_EDGE('',*,*,#2086,.F.);
#665=ORIENTED_EDGE('',*,*,#1939,.F.);
#666=ORIENTED_EDGE('',*,*,#2109,.F.);
#667=ORIENTED_EDGE('',*,*,#2110,.T.);
#668=ORIENTED_EDGE('',*,*,#2111,.F.);
#669=ORIENTED_EDGE('',*,*,#2112,.T.);
#670=ORIENTED_EDGE('',*,*,#2113,.T.);
#671=ORIENTED_EDGE('',*,*,#2114,.F.);
#672=ORIENTED_EDGE('',*,*,#2115,.F.);
#673=ORIENTED_EDGE('',*,*,#1904,.F.);
#674=ORIENTED_EDGE('',*,*,#2116,.F.);
#675=ORIENTED_EDGE('',*,*,#2117,.F.);
#676=ORIENTED_EDGE('',*,*,#2118,.T.);
#677=ORIENTED_EDGE('',*,*,#2119,.T.);
#678=ORIENTED_EDGE('',*,*,#2120,.F.);
#679=ORIENTED_EDGE('',*,*,#1815,.F.);
#680=ORIENTED_EDGE('',*,*,#2090,.T.);
#681=ORIENTED_EDGE('',*,*,#1933,.F.);
#682=ORIENTED_EDGE('',*,*,#1829,.F.);
#683=ORIENTED_EDGE('',*,*,#2056,.T.);
#684=ORIENTED_EDGE('',*,*,#2059,.F.);
#685=ORIENTED_EDGE('',*,*,#2061,.T.);
#686=ORIENTED_EDGE('',*,*,#1861,.T.);
#687=ORIENTED_EDGE('',*,*,#2064,.T.);
#688=ORIENTED_EDGE('',*,*,#2062,.F.);
#689=ORIENTED_EDGE('',*,*,#1783,.T.);
#690=ORIENTED_EDGE('',*,*,#2121,.T.);
#691=ORIENTED_EDGE('',*,*,#1978,.T.);
#692=ORIENTED_EDGE('',*,*,#1799,.F.);
#693=ORIENTED_EDGE('',*,*,#2122,.T.);
#694=ORIENTED_EDGE('',*,*,#2123,.T.);
#695=ORIENTED_EDGE('',*,*,#1954,.T.);
#696=ORIENTED_EDGE('',*,*,#2124,.F.);
#697=ORIENTED_EDGE('',*,*,#2125,.T.);
#698=ORIENTED_EDGE('',*,*,#2126,.T.);
#699=ORIENTED_EDGE('',*,*,#2127,.T.);
#700=ORIENTED_EDGE('',*,*,#2128,.F.);
#701=ORIENTED_EDGE('',*,*,#2129,.T.);
#702=ORIENTED_EDGE('',*,*,#2130,.T.);
#703=ORIENTED_EDGE('',*,*,#2131,.T.);
#704=ORIENTED_EDGE('',*,*,#2132,.F.);
#705=ORIENTED_EDGE('',*,*,#2133,.T.);
#706=ORIENTED_EDGE('',*,*,#2134,.T.);
#707=ORIENTED_EDGE('',*,*,#2135,.T.);
#708=ORIENTED_EDGE('',*,*,#2136,.F.);
#709=ORIENTED_EDGE('',*,*,#2137,.T.);
#710=ORIENTED_EDGE('',*,*,#2138,.T.);
#711=ORIENTED_EDGE('',*,*,#2139,.T.);
#712=ORIENTED_EDGE('',*,*,#2140,.F.);
#713=ORIENTED_EDGE('',*,*,#2141,.T.);
#714=ORIENTED_EDGE('',*,*,#2142,.T.);
#715=ORIENTED_EDGE('',*,*,#2143,.T.);
#716=ORIENTED_EDGE('',*,*,#2144,.F.);
#717=ORIENTED_EDGE('',*,*,#2145,.T.);
#718=ORIENTED_EDGE('',*,*,#2146,.T.);
#719=ORIENTED_EDGE('',*,*,#2147,.T.);
#720=ORIENTED_EDGE('',*,*,#2148,.F.);
#721=ORIENTED_EDGE('',*,*,#2149,.T.);
#722=ORIENTED_EDGE('',*,*,#2150,.T.);
#723=ORIENTED_EDGE('',*,*,#2151,.T.);
#724=ORIENTED_EDGE('',*,*,#2152,.F.);
#725=ORIENTED_EDGE('',*,*,#2153,.T.);
#726=ORIENTED_EDGE('',*,*,#2154,.T.);
#727=ORIENTED_EDGE('',*,*,#2155,.T.);
#728=ORIENTED_EDGE('',*,*,#2156,.T.);
#729=ORIENTED_EDGE('',*,*,#2157,.F.);
#730=ORIENTED_EDGE('',*,*,#2158,.T.);
#731=ORIENTED_EDGE('',*,*,#2159,.T.);
#732=ORIENTED_EDGE('',*,*,#2160,.T.);
#733=ORIENTED_EDGE('',*,*,#1984,.T.);
#734=ORIENTED_EDGE('',*,*,#2161,.F.);
#735=ORIENTED_EDGE('',*,*,#2162,.F.);
#736=ORIENTED_EDGE('',*,*,#2161,.T.);
#737=ORIENTED_EDGE('',*,*,#1983,.T.);
#738=ORIENTED_EDGE('',*,*,#2065,.F.);
#739=ORIENTED_EDGE('',*,*,#2163,.F.);
#740=ORIENTED_EDGE('',*,*,#2164,.T.);
#741=ORIENTED_EDGE('',*,*,#1985,.T.);
#742=ORIENTED_EDGE('',*,*,#2160,.F.);
#743=ORIENTED_EDGE('',*,*,#2165,.T.);
#744=ORIENTED_EDGE('',*,*,#2166,.T.);
#745=ORIENTED_EDGE('',*,*,#2167,.T.);
#746=ORIENTED_EDGE('',*,*,#2168,.T.);
#747=ORIENTED_EDGE('',*,*,#2084,.F.);
#748=ORIENTED_EDGE('',*,*,#2169,.T.);
#749=ORIENTED_EDGE('',*,*,#2170,.F.);
#750=ORIENTED_EDGE('',*,*,#2166,.F.);
#751=ORIENTED_EDGE('',*,*,#2083,.T.);
#752=ORIENTED_EDGE('',*,*,#2082,.F.);
#753=ORIENTED_EDGE('',*,*,#2171,.T.);
#754=ORIENTED_EDGE('',*,*,#2172,.T.);
#755=ORIENTED_EDGE('',*,*,#2169,.F.);
#756=ORIENTED_EDGE('',*,*,#2173,.F.);
#757=ORIENTED_EDGE('',*,*,#2085,.T.);
#758=ORIENTED_EDGE('',*,*,#2168,.F.);
#759=ORIENTED_EDGE('',*,*,#2174,.F.);
#760=ORIENTED_EDGE('',*,*,#2175,.T.);
#761=ORIENTED_EDGE('',*,*,#1952,.T.);
#762=ORIENTED_EDGE('',*,*,#2176,.F.);
#763=ORIENTED_EDGE('',*,*,#2177,.T.);
#764=ORIENTED_EDGE('',*,*,#2178,.F.);
#765=ORIENTED_EDGE('',*,*,#2179,.T.);
#766=ORIENTED_EDGE('',*,*,#2070,.T.);
#767=ORIENTED_EDGE('',*,*,#2180,.T.);
#768=ORIENTED_EDGE('',*,*,#2181,.F.);
#769=ORIENTED_EDGE('',*,*,#2079,.F.);
#770=ORIENTED_EDGE('',*,*,#2182,.F.);
#771=ORIENTED_EDGE('',*,*,#1780,.T.);
#772=ORIENTED_EDGE('',*,*,#1769,.T.);
#773=ORIENTED_EDGE('',*,*,#1791,.T.);
#774=ORIENTED_EDGE('',*,*,#2183,.F.);
#775=ORIENTED_EDGE('',*,*,#2184,.F.);
#776=ORIENTED_EDGE('',*,*,#2185,.F.);
#777=ORIENTED_EDGE('',*,*,#2186,.F.);
#778=ORIENTED_EDGE('',*,*,#2181,.T.);
#779=ORIENTED_EDGE('',*,*,#2187,.T.);
#780=ORIENTED_EDGE('',*,*,#2188,.F.);
#781=ORIENTED_EDGE('',*,*,#2080,.F.);
#782=ORIENTED_EDGE('',*,*,#2189,.F.);
#783=ORIENTED_EDGE('',*,*,#2190,.F.);
#784=ORIENTED_EDGE('',*,*,#2165,.F.);
#785=ORIENTED_EDGE('',*,*,#2162,.T.);
#786=ORIENTED_EDGE('',*,*,#2163,.T.);
#787=ORIENTED_EDGE('',*,*,#2067,.T.);
#788=ORIENTED_EDGE('',*,*,#2191,.F.);
#789=ORIENTED_EDGE('',*,*,#1807,.T.);
#790=ORIENTED_EDGE('',*,*,#1788,.F.);
#791=ORIENTED_EDGE('',*,*,#1962,.T.);
#792=ORIENTED_EDGE('',*,*,#2192,.F.);
#793=ORIENTED_EDGE('',*,*,#2193,.F.);
#794=ORIENTED_EDGE('',*,*,#1967,.T.);
#795=ORIENTED_EDGE('',*,*,#2107,.T.);
#796=ORIENTED_EDGE('',*,*,#1803,.F.);
#797=ORIENTED_EDGE('',*,*,#1912,.T.);
#798=ORIENTED_EDGE('',*,*,#2108,.T.);
#799=ORIENTED_EDGE('',*,*,#1965,.F.);
#800=ORIENTED_EDGE('',*,*,#2194,.F.);
#801=ORIENTED_EDGE('',*,*,#2195,.T.);
#802=ORIENTED_EDGE('',*,*,#1926,.F.);
#803=ORIENTED_EDGE('',*,*,#2196,.T.);
#804=ORIENTED_EDGE('',*,*,#2197,.F.);
#805=ORIENTED_EDGE('',*,*,#2198,.F.);
#806=ORIENTED_EDGE('',*,*,#2119,.F.);
#807=ORIENTED_EDGE('',*,*,#2199,.F.);
#808=ORIENTED_EDGE('',*,*,#2200,.F.);
#809=ORIENTED_EDGE('',*,*,#2201,.F.);
#810=ORIENTED_EDGE('',*,*,#2202,.F.);
#811=ORIENTED_EDGE('',*,*,#2203,.T.);
#812=ORIENTED_EDGE('',*,*,#2179,.F.);
#813=ORIENTED_EDGE('',*,*,#2204,.F.);
#814=ORIENTED_EDGE('',*,*,#2125,.F.);
#815=ORIENTED_EDGE('',*,*,#2205,.T.);
#816=ORIENTED_EDGE('',*,*,#2066,.T.);
#817=ORIENTED_EDGE('',*,*,#1981,.T.);
#818=ORIENTED_EDGE('',*,*,#1808,.F.);
#819=ORIENTED_EDGE('',*,*,#2191,.T.);
#820=ORIENTED_EDGE('',*,*,#2189,.T.);
#821=ORIENTED_EDGE('',*,*,#2176,.T.);
#822=ORIENTED_EDGE('',*,*,#1955,.T.);
#823=ORIENTED_EDGE('',*,*,#2123,.F.);
#824=ORIENTED_EDGE('',*,*,#2206,.T.);
#825=ORIENTED_EDGE('',*,*,#1824,.T.);
#826=ORIENTED_EDGE('',*,*,#2110,.F.);
#827=ORIENTED_EDGE('',*,*,#2207,.T.);
#828=ORIENTED_EDGE('',*,*,#2208,.F.);
#829=ORIENTED_EDGE('',*,*,#2209,.F.);
#830=ORIENTED_EDGE('',*,*,#1941,.F.);
#831=ORIENTED_EDGE('',*,*,#2087,.T.);
#832=ORIENTED_EDGE('',*,*,#1913,.T.);
#833=ORIENTED_EDGE('',*,*,#2194,.T.);
#834=ORIENTED_EDGE('',*,*,#1968,.F.);
#835=ORIENTED_EDGE('',*,*,#2193,.T.);
#836=ORIENTED_EDGE('',*,*,#1806,.F.);
#837=ORIENTED_EDGE('',*,*,#1994,.T.);
#838=ORIENTED_EDGE('',*,*,#1946,.F.);
#839=ORIENTED_EDGE('',*,*,#2208,.T.);
#840=ORIENTED_EDGE('',*,*,#1822,.T.);
#841=ORIENTED_EDGE('',*,*,#1979,.T.);
#842=ORIENTED_EDGE('',*,*,#2121,.F.);
#843=ORIENTED_EDGE('',*,*,#1782,.T.);
#844=ORIENTED_EDGE('',*,*,#1937,.T.);
#845=ORIENTED_EDGE('',*,*,#1875,.T.);
#846=ORIENTED_EDGE('',*,*,#2210,.T.);
#847=ORIENTED_EDGE('',*,*,#2211,.T.);
#848=ORIENTED_EDGE('',*,*,#2212,.T.);
#849=ORIENTED_EDGE('',*,*,#2068,.F.);
#850=ORIENTED_EDGE('',*,*,#2078,.T.);
#851=ORIENTED_EDGE('',*,*,#2213,.T.);
#852=ORIENTED_EDGE('',*,*,#2214,.T.);
#853=ORIENTED_EDGE('',*,*,#2215,.F.);
#854=ORIENTED_EDGE('',*,*,#2216,.F.);
#855=ORIENTED_EDGE('',*,*,#2217,.T.);
#856=ORIENTED_EDGE('',*,*,#2218,.T.);
#857=ORIENTED_EDGE('',*,*,#2219,.F.);
#858=ORIENTED_EDGE('',*,*,#2173,.T.);
#859=ORIENTED_EDGE('',*,*,#2220,.F.);
#860=ORIENTED_EDGE('',*,*,#2221,.T.);
#861=ORIENTED_EDGE('',*,*,#2218,.F.);
#862=ORIENTED_EDGE('',*,*,#2222,.T.);
#863=ORIENTED_EDGE('',*,*,#2127,.F.);
#864=ORIENTED_EDGE('',*,*,#2223,.F.);
#865=ORIENTED_EDGE('',*,*,#1825,.F.);
#866=ORIENTED_EDGE('',*,*,#2206,.F.);
#867=ORIENTED_EDGE('',*,*,#2122,.F.);
#868=ORIENTED_EDGE('',*,*,#1802,.T.);
#869=ORIENTED_EDGE('',*,*,#2224,.T.);
#870=ORIENTED_EDGE('',*,*,#2225,.T.);
#871=ORIENTED_EDGE('',*,*,#2226,.F.);
#872=ORIENTED_EDGE('',*,*,#2227,.F.);
#873=ORIENTED_EDGE('',*,*,#2188,.T.);
#874=ORIENTED_EDGE('',*,*,#2228,.T.);
#875=ORIENTED_EDGE('',*,*,#2171,.F.);
#876=ORIENTED_EDGE('',*,*,#2081,.T.);
#877=ORIENTED_EDGE('',*,*,#2229,.T.);
#878=ORIENTED_EDGE('',*,*,#2230,.T.);
#879=ORIENTED_EDGE('',*,*,#2231,.F.);
#880=ORIENTED_EDGE('',*,*,#1920,.T.);
#881=ORIENTED_EDGE('',*,*,#2124,.T.);
#882=ORIENTED_EDGE('',*,*,#1953,.F.);
#883=ORIENTED_EDGE('',*,*,#2175,.F.);
#884=ORIENTED_EDGE('',*,*,#2205,.F.);
#885=ORIENTED_EDGE('',*,*,#2232,.F.);
#886=ORIENTED_EDGE('',*,*,#2233,.F.);
#887=ORIENTED_EDGE('',*,*,#2234,.T.);
#888=ORIENTED_EDGE('',*,*,#1777,.T.);
#889=ORIENTED_EDGE('',*,*,#2235,.T.);
#890=ORIENTED_EDGE('',*,*,#2201,.T.);
#891=ORIENTED_EDGE('',*,*,#2236,.F.);
#892=ORIENTED_EDGE('',*,*,#1812,.T.);
#893=ORIENTED_EDGE('',*,*,#2174,.T.);
#894=ORIENTED_EDGE('',*,*,#2167,.F.);
#895=ORIENTED_EDGE('',*,*,#2170,.T.);
#896=ORIENTED_EDGE('',*,*,#2172,.F.);
#897=ORIENTED_EDGE('',*,*,#2228,.F.);
#898=ORIENTED_EDGE('',*,*,#2187,.F.);
#899=ORIENTED_EDGE('',*,*,#2180,.F.);
#900=ORIENTED_EDGE('',*,*,#2069,.F.);
#901=ORIENTED_EDGE('',*,*,#2212,.F.);
#902=ORIENTED_EDGE('',*,*,#2237,.T.);
#903=ORIENTED_EDGE('',*,*,#2238,.F.);
#904=ORIENTED_EDGE('',*,*,#2177,.F.);
#905=ORIENTED_EDGE('',*,*,#2192,.T.);
#906=ORIENTED_EDGE('',*,*,#1961,.F.);
#907=ORIENTED_EDGE('',*,*,#1980,.F.);
#908=ORIENTED_EDGE('',*,*,#2239,.F.);
#909=ORIENTED_EDGE('',*,*,#2240,.T.);
#910=ORIENTED_EDGE('',*,*,#2241,.T.);
#911=ORIENTED_EDGE('',*,*,#2242,.F.);
#912=ORIENTED_EDGE('',*,*,#2128,.T.);
#913=ORIENTED_EDGE('',*,*,#2222,.F.);
#914=ORIENTED_EDGE('',*,*,#2217,.F.);
#915=ORIENTED_EDGE('',*,*,#2243,.F.);
#916=ORIENTED_EDGE('',*,*,#2076,.T.);
#917=ORIENTED_EDGE('',*,*,#2219,.T.);
#918=ORIENTED_EDGE('',*,*,#2223,.T.);
#919=ORIENTED_EDGE('',*,*,#2126,.F.);
#920=ORIENTED_EDGE('',*,*,#2204,.T.);
#921=ORIENTED_EDGE('',*,*,#2178,.T.);
#922=ORIENTED_EDGE('',*,*,#1987,.F.);
#923=ORIENTED_EDGE('',*,*,#2244,.T.);
#924=ORIENTED_EDGE('',*,*,#2245,.T.);
#925=ORIENTED_EDGE('',*,*,#2246,.F.);
#926=ORIENTED_EDGE('',*,*,#2247,.F.);
#927=ORIENTED_EDGE('',*,*,#2248,.T.);
#928=ORIENTED_EDGE('',*,*,#2249,.T.);
#929=ORIENTED_EDGE('',*,*,#2250,.T.);
#930=ORIENTED_EDGE('',*,*,#2251,.F.);
#931=ORIENTED_EDGE('',*,*,#1917,.F.);
#932=ORIENTED_EDGE('',*,*,#2252,.T.);
#933=ORIENTED_EDGE('',*,*,#2253,.T.);
#934=ORIENTED_EDGE('',*,*,#2254,.F.);
#935=ORIENTED_EDGE('',*,*,#2255,.T.);
#936=ORIENTED_EDGE('',*,*,#2247,.T.);
#937=ORIENTED_EDGE('',*,*,#2256,.T.);
#938=ORIENTED_EDGE('',*,*,#2074,.T.);
#939=ORIENTED_EDGE('',*,*,#2257,.F.);
#940=ORIENTED_EDGE('',*,*,#2258,.T.);
#941=ORIENTED_EDGE('',*,*,#2259,.F.);
#942=ORIENTED_EDGE('',*,*,#2260,.T.);
#943=ORIENTED_EDGE('',*,*,#2261,.F.);
#944=ORIENTED_EDGE('',*,*,#2230,.F.);
#945=ORIENTED_EDGE('',*,*,#2262,.F.);
#946=ORIENTED_EDGE('',*,*,#2263,.F.);
#947=ORIENTED_EDGE('',*,*,#2250,.F.);
#948=ORIENTED_EDGE('',*,*,#2264,.F.);
#949=ORIENTED_EDGE('',*,*,#2265,.F.);
#950=ORIENTED_EDGE('',*,*,#2266,.T.);
#951=ORIENTED_EDGE('',*,*,#2267,.T.);
#952=ORIENTED_EDGE('',*,*,#2259,.T.);
#953=ORIENTED_EDGE('',*,*,#2268,.T.);
#954=ORIENTED_EDGE('',*,*,#1923,.F.);
#955=ORIENTED_EDGE('',*,*,#2269,.F.);
#956=ORIENTED_EDGE('',*,*,#2254,.T.);
#957=ORIENTED_EDGE('',*,*,#2270,.T.);
#958=ORIENTED_EDGE('',*,*,#2245,.F.);
#959=ORIENTED_EDGE('',*,*,#2271,.F.);
#960=ORIENTED_EDGE('',*,*,#2272,.F.);
#961=ORIENTED_EDGE('',*,*,#2273,.F.);
#962=ORIENTED_EDGE('',*,*,#1945,.T.);
#963=ORIENTED_EDGE('',*,*,#2274,.T.);
#964=ORIENTED_EDGE('',*,*,#2275,.T.);
#965=ORIENTED_EDGE('',*,*,#2276,.F.);
#966=ORIENTED_EDGE('',*,*,#2239,.T.);
#967=ORIENTED_EDGE('',*,*,#2277,.F.);
#968=ORIENTED_EDGE('',*,*,#2278,.T.);
#969=ORIENTED_EDGE('',*,*,#2279,.F.);
#970=ORIENTED_EDGE('',*,*,#2242,.T.);
#971=ORIENTED_EDGE('',*,*,#2280,.F.);
#972=ORIENTED_EDGE('',*,*,#2281,.F.);
#973=ORIENTED_EDGE('',*,*,#2277,.T.);
#974=ORIENTED_EDGE('',*,*,#2282,.T.);
#975=ORIENTED_EDGE('',*,*,#2283,.T.);
#976=ORIENTED_EDGE('',*,*,#2240,.F.);
#977=ORIENTED_EDGE('',*,*,#2276,.T.);
#978=ORIENTED_EDGE('',*,*,#2120,.T.);
#979=ORIENTED_EDGE('',*,*,#2198,.T.);
#980=ORIENTED_EDGE('',*,*,#2284,.F.);
#981=ORIENTED_EDGE('',*,*,#1816,.T.);
#982=ORIENTED_EDGE('',*,*,#2114,.T.);
#983=ORIENTED_EDGE('',*,*,#2285,.F.);
#984=ORIENTED_EDGE('',*,*,#2286,.F.);
#985=ORIENTED_EDGE('',*,*,#2287,.T.);
#986=ORIENTED_EDGE('',*,*,#2288,.T.);
#987=ORIENTED_EDGE('',*,*,#2264,.T.);
#988=ORIENTED_EDGE('',*,*,#2249,.F.);
#989=ORIENTED_EDGE('',*,*,#1916,.T.);
#990=ORIENTED_EDGE('',*,*,#2289,.T.);
#991=ORIENTED_EDGE('',*,*,#2290,.T.);
#992=ORIENTED_EDGE('',*,*,#2282,.F.);
#993=ORIENTED_EDGE('',*,*,#2275,.F.);
#994=ORIENTED_EDGE('',*,*,#2291,.T.);
#995=ORIENTED_EDGE('',*,*,#2196,.F.);
#996=ORIENTED_EDGE('',*,*,#1925,.F.);
#997=ORIENTED_EDGE('',*,*,#1818,.T.);
#998=ORIENTED_EDGE('',*,*,#2292,.T.);
#999=ORIENTED_EDGE('',*,*,#2260,.F.);
#1000=ORIENTED_EDGE('',*,*,#2267,.F.);
#1001=ORIENTED_EDGE('',*,*,#1922,.T.);
#1002=ORIENTED_EDGE('',*,*,#2293,.F.);
#1003=ORIENTED_EDGE('',*,*,#1924,.T.);
#1004=ORIENTED_EDGE('',*,*,#2268,.F.);
#1005=ORIENTED_EDGE('',*,*,#2258,.F.);
#1006=ORIENTED_EDGE('',*,*,#2294,.T.);
#1007=ORIENTED_EDGE('',*,*,#2295,.T.);
#1008=ORIENTED_EDGE('',*,*,#2296,.T.);
#1009=ORIENTED_EDGE('',*,*,#2130,.F.);
#1010=ORIENTED_EDGE('',*,*,#2297,.T.);
#1011=ORIENTED_EDGE('',*,*,#2220,.T.);
#1012=ORIENTED_EDGE('',*,*,#2238,.T.);
#1013=ORIENTED_EDGE('',*,*,#2298,.T.);
#1014=ORIENTED_EDGE('',*,*,#1944,.T.);
#1015=ORIENTED_EDGE('',*,*,#2299,.T.);
#1016=ORIENTED_EDGE('',*,*,#2289,.F.);
#1017=ORIENTED_EDGE('',*,*,#2274,.F.);
#1018=ORIENTED_EDGE('',*,*,#2300,.F.);
#1019=ORIENTED_EDGE('',*,*,#2279,.T.);
#1020=ORIENTED_EDGE('',*,*,#2301,.F.);
#1021=ORIENTED_EDGE('',*,*,#2302,.F.);
#1022=ORIENTED_EDGE('',*,*,#2281,.T.);
#1023=ORIENTED_EDGE('',*,*,#2303,.T.);
#1024=ORIENTED_EDGE('',*,*,#2301,.T.);
#1025=ORIENTED_EDGE('',*,*,#2278,.F.);
#1026=ORIENTED_EDGE('',*,*,#2236,.T.);
#1027=ORIENTED_EDGE('',*,*,#2200,.T.);
#1028=ORIENTED_EDGE('',*,*,#2304,.F.);
#1029=ORIENTED_EDGE('',*,*,#1813,.F.);
#1030=ORIENTED_EDGE('',*,*,#1817,.F.);
#1031=ORIENTED_EDGE('',*,*,#2284,.T.);
#1032=ORIENTED_EDGE('',*,*,#2197,.T.);
#1033=ORIENTED_EDGE('',*,*,#2291,.F.);
#1034=ORIENTED_EDGE('',*,*,#2304,.T.);
#1035=ORIENTED_EDGE('',*,*,#2199,.T.);
#1036=ORIENTED_EDGE('',*,*,#2118,.F.);
#1037=ORIENTED_EDGE('',*,*,#1814,.F.);
#1038=ORIENTED_EDGE('',*,*,#2226,.T.);
#1039=ORIENTED_EDGE('',*,*,#2305,.T.);
#1040=ORIENTED_EDGE('',*,*,#2306,.F.);
#1041=ORIENTED_EDGE('',*,*,#2307,.F.);
#1042=ORIENTED_EDGE('',*,*,#2294,.F.);
#1043=ORIENTED_EDGE('',*,*,#2308,.F.);
#1044=ORIENTED_EDGE('',*,*,#2309,.F.);
#1045=ORIENTED_EDGE('',*,*,#2310,.T.);
#1046=ORIENTED_EDGE('',*,*,#2311,.T.);
#1047=ORIENTED_EDGE('',*,*,#2312,.T.);
#1048=ORIENTED_EDGE('',*,*,#2313,.F.);
#1049=ORIENTED_EDGE('',*,*,#2314,.T.);
#1050=ORIENTED_EDGE('',*,*,#2315,.F.);
#1051=ORIENTED_EDGE('',*,*,#2316,.T.);
#1052=ORIENTED_EDGE('',*,*,#2317,.F.);
#1053=ORIENTED_EDGE('',*,*,#2318,.T.);
#1054=ORIENTED_EDGE('',*,*,#2319,.F.);
#1055=ORIENTED_EDGE('',*,*,#2320,.T.);
#1056=ORIENTED_EDGE('',*,*,#2321,.F.);
#1057=ORIENTED_EDGE('',*,*,#2322,.F.);
#1058=ORIENTED_EDGE('',*,*,#2323,.F.);
#1059=ORIENTED_EDGE('',*,*,#2324,.F.);
#1060=ORIENTED_EDGE('',*,*,#2325,.F.);
#1061=ORIENTED_EDGE('',*,*,#2326,.F.);
#1062=ORIENTED_EDGE('',*,*,#2327,.F.);
#1063=ORIENTED_EDGE('',*,*,#2328,.T.);
#1064=ORIENTED_EDGE('',*,*,#2329,.F.);
#1065=ORIENTED_EDGE('',*,*,#2317,.T.);
#1066=ORIENTED_EDGE('',*,*,#2330,.F.);
#1067=ORIENTED_EDGE('',*,*,#2318,.F.);
#1068=ORIENTED_EDGE('',*,*,#2331,.F.);
#1069=ORIENTED_EDGE('',*,*,#2332,.T.);
#1070=ORIENTED_EDGE('',*,*,#2131,.F.);
#1071=ORIENTED_EDGE('',*,*,#2296,.F.);
#1072=ORIENTED_EDGE('',*,*,#2333,.T.);
#1073=ORIENTED_EDGE('',*,*,#2331,.T.);
#1074=ORIENTED_EDGE('',*,*,#2295,.F.);
#1075=ORIENTED_EDGE('',*,*,#2329,.T.);
#1076=ORIENTED_EDGE('',*,*,#2334,.F.);
#1077=ORIENTED_EDGE('',*,*,#2335,.T.);
#1078=ORIENTED_EDGE('',*,*,#2132,.T.);
#1079=ORIENTED_EDGE('',*,*,#2332,.F.);
#1080=ORIENTED_EDGE('',*,*,#2333,.F.);
#1081=ORIENTED_EDGE('',*,*,#2336,.F.);
#1082=ORIENTED_EDGE('',*,*,#2337,.T.);
#1083=ORIENTED_EDGE('',*,*,#2326,.T.);
#1084=ORIENTED_EDGE('',*,*,#2338,.F.);
#1085=ORIENTED_EDGE('',*,*,#2309,.T.);
#1086=ORIENTED_EDGE('',*,*,#2338,.T.);
#1087=ORIENTED_EDGE('',*,*,#2325,.T.);
#1088=ORIENTED_EDGE('',*,*,#2339,.F.);
#1089=ORIENTED_EDGE('',*,*,#2310,.F.);
#1090=ORIENTED_EDGE('',*,*,#2339,.T.);
#1091=ORIENTED_EDGE('',*,*,#2324,.T.);
#1092=ORIENTED_EDGE('',*,*,#2340,.F.);
#1093=ORIENTED_EDGE('',*,*,#2311,.F.);
#1094=ORIENTED_EDGE('',*,*,#2340,.T.);
#1095=ORIENTED_EDGE('',*,*,#2323,.T.);
#1096=ORIENTED_EDGE('',*,*,#2341,.F.);
#1097=ORIENTED_EDGE('',*,*,#2312,.F.);
#1098=ORIENTED_EDGE('',*,*,#2341,.T.);
#1099=ORIENTED_EDGE('',*,*,#2322,.T.);
#1100=ORIENTED_EDGE('',*,*,#2342,.F.);
#1101=ORIENTED_EDGE('',*,*,#2313,.T.);
#1102=ORIENTED_EDGE('',*,*,#2314,.F.);
#1103=ORIENTED_EDGE('',*,*,#2342,.T.);
#1104=ORIENTED_EDGE('',*,*,#2321,.T.);
#1105=ORIENTED_EDGE('',*,*,#2343,.F.);
#1106=ORIENTED_EDGE('',*,*,#2343,.T.);
#1107=ORIENTED_EDGE('',*,*,#2320,.F.);
#1108=ORIENTED_EDGE('',*,*,#2344,.F.);
#1109=ORIENTED_EDGE('',*,*,#2315,.T.);
#1110=ORIENTED_EDGE('',*,*,#2344,.T.);
#1111=ORIENTED_EDGE('',*,*,#2319,.T.);
#1112=ORIENTED_EDGE('',*,*,#2330,.T.);
#1113=ORIENTED_EDGE('',*,*,#2316,.F.);
#1114=ORIENTED_EDGE('',*,*,#2221,.F.);
#1115=ORIENTED_EDGE('',*,*,#2297,.F.);
#1116=ORIENTED_EDGE('',*,*,#2129,.F.);
#1117=ORIENTED_EDGE('',*,*,#2243,.T.);
#1118=ORIENTED_EDGE('',*,*,#2286,.T.);
#1119=ORIENTED_EDGE('',*,*,#2345,.T.);
#1120=ORIENTED_EDGE('',*,*,#2346,.T.);
#1121=ORIENTED_EDGE('',*,*,#2347,.F.);
#1122=ORIENTED_EDGE('',*,*,#2271,.T.);
#1123=ORIENTED_EDGE('',*,*,#2348,.T.);
#1124=ORIENTED_EDGE('',*,*,#2349,.T.);
#1125=ORIENTED_EDGE('',*,*,#2134,.F.);
#1126=ORIENTED_EDGE('',*,*,#2350,.T.);
#1127=ORIENTED_EDGE('',*,*,#2334,.T.);
#1128=ORIENTED_EDGE('',*,*,#2328,.F.);
#1129=ORIENTED_EDGE('',*,*,#2351,.T.);
#1130=ORIENTED_EDGE('',*,*,#2352,.F.);
#1131=ORIENTED_EDGE('',*,*,#2353,.T.);
#1132=ORIENTED_EDGE('',*,*,#2135,.F.);
#1133=ORIENTED_EDGE('',*,*,#2349,.F.);
#1134=ORIENTED_EDGE('',*,*,#2354,.T.);
#1135=ORIENTED_EDGE('',*,*,#2352,.T.);
#1136=ORIENTED_EDGE('',*,*,#2348,.F.);
#1137=ORIENTED_EDGE('',*,*,#2300,.T.);
#1138=ORIENTED_EDGE('',*,*,#2355,.F.);
#1139=ORIENTED_EDGE('',*,*,#2356,.T.);
#1140=ORIENTED_EDGE('',*,*,#2136,.T.);
#1141=ORIENTED_EDGE('',*,*,#2353,.F.);
#1142=ORIENTED_EDGE('',*,*,#2354,.F.);
#1143=ORIENTED_EDGE('',*,*,#2357,.F.);
#1144=ORIENTED_EDGE('',*,*,#2251,.T.);
#1145=ORIENTED_EDGE('',*,*,#2263,.T.);
#1146=ORIENTED_EDGE('',*,*,#2358,.F.);
#1147=ORIENTED_EDGE('',*,*,#1918,.F.);
#1148=ORIENTED_EDGE('',*,*,#1921,.F.);
#1149=ORIENTED_EDGE('',*,*,#2231,.T.);
#1150=ORIENTED_EDGE('',*,*,#2261,.T.);
#1151=ORIENTED_EDGE('',*,*,#2292,.F.);
#1152=ORIENTED_EDGE('',*,*,#2359,.F.);
#1153=ORIENTED_EDGE('',*,*,#2360,.F.);
#1154=ORIENTED_EDGE('',*,*,#2361,.F.);
#1155=ORIENTED_EDGE('',*,*,#2227,.T.);
#1156=ORIENTED_EDGE('',*,*,#2307,.T.);
#1157=ORIENTED_EDGE('',*,*,#2362,.T.);
#1158=ORIENTED_EDGE('',*,*,#2255,.F.);
#1159=ORIENTED_EDGE('',*,*,#2269,.T.);
#1160=ORIENTED_EDGE('',*,*,#2248,.F.);
#1161=ORIENTED_EDGE('',*,*,#2257,.T.);
#1162=ORIENTED_EDGE('',*,*,#2073,.F.);
#1163=ORIENTED_EDGE('',*,*,#2335,.F.);
#1164=ORIENTED_EDGE('',*,*,#2350,.F.);
#1165=ORIENTED_EDGE('',*,*,#2133,.F.);
#1166=ORIENTED_EDGE('',*,*,#2336,.T.);
#1167=ORIENTED_EDGE('',*,*,#2363,.F.);
#1168=ORIENTED_EDGE('',*,*,#2364,.T.);
#1169=ORIENTED_EDGE('',*,*,#2139,.F.);
#1170=ORIENTED_EDGE('',*,*,#2365,.F.);
#1171=ORIENTED_EDGE('',*,*,#2140,.T.);
#1172=ORIENTED_EDGE('',*,*,#2364,.F.);
#1173=ORIENTED_EDGE('',*,*,#2366,.F.);
#1174=ORIENTED_EDGE('',*,*,#2367,.F.);
#1175=ORIENTED_EDGE('',*,*,#2366,.T.);
#1176=ORIENTED_EDGE('',*,*,#2363,.T.);
#1177=ORIENTED_EDGE('',*,*,#2368,.F.);
#1178=ORIENTED_EDGE('',*,*,#2293,.T.);
#1179=ORIENTED_EDGE('',*,*,#2369,.F.);
#1180=ORIENTED_EDGE('',*,*,#2370,.T.);
#1181=ORIENTED_EDGE('',*,*,#1914,.T.);
#1182=ORIENTED_EDGE('',*,*,#2368,.T.);
#1183=ORIENTED_EDGE('',*,*,#2365,.T.);
#1184=ORIENTED_EDGE('',*,*,#2138,.F.);
#1185=ORIENTED_EDGE('',*,*,#2371,.T.);
#1186=ORIENTED_EDGE('',*,*,#2355,.T.);
#1187=ORIENTED_EDGE('',*,*,#2372,.F.);
#1188=ORIENTED_EDGE('',*,*,#2373,.T.);
#1189=ORIENTED_EDGE('',*,*,#1810,.T.);
#1190=ORIENTED_EDGE('',*,*,#2374,.T.);
#1191=ORIENTED_EDGE('',*,*,#2375,.T.);
#1192=ORIENTED_EDGE('',*,*,#2142,.F.);
#1193=ORIENTED_EDGE('',*,*,#2376,.T.);
#1194=ORIENTED_EDGE('',*,*,#2369,.T.);
#1195=ORIENTED_EDGE('',*,*,#2266,.F.);
#1196=ORIENTED_EDGE('',*,*,#2377,.T.);
#1197=ORIENTED_EDGE('',*,*,#2378,.F.);
#1198=ORIENTED_EDGE('',*,*,#2379,.T.);
#1199=ORIENTED_EDGE('',*,*,#2143,.F.);
#1200=ORIENTED_EDGE('',*,*,#2375,.F.);
#1201=ORIENTED_EDGE('',*,*,#2380,.T.);
#1202=ORIENTED_EDGE('',*,*,#2378,.T.);
#1203=ORIENTED_EDGE('',*,*,#2374,.F.);
#1204=ORIENTED_EDGE('',*,*,#2381,.T.);
#1205=ORIENTED_EDGE('',*,*,#2382,.F.);
#1206=ORIENTED_EDGE('',*,*,#2383,.T.);
#1207=ORIENTED_EDGE('',*,*,#2144,.T.);
#1208=ORIENTED_EDGE('',*,*,#2379,.F.);
#1209=ORIENTED_EDGE('',*,*,#2380,.F.);
#1210=ORIENTED_EDGE('',*,*,#2384,.F.);
#1211=ORIENTED_EDGE('',*,*,#2383,.F.);
#1212=ORIENTED_EDGE('',*,*,#2385,.F.);
#1213=ORIENTED_EDGE('',*,*,#2145,.F.);
#1214=ORIENTED_EDGE('',*,*,#2384,.T.);
#1215=ORIENTED_EDGE('',*,*,#2386,.F.);
#1216=ORIENTED_EDGE('',*,*,#2387,.T.);
#1217=ORIENTED_EDGE('',*,*,#2147,.F.);
#1218=ORIENTED_EDGE('',*,*,#2388,.F.);
#1219=ORIENTED_EDGE('',*,*,#2148,.T.);
#1220=ORIENTED_EDGE('',*,*,#2387,.F.);
#1221=ORIENTED_EDGE('',*,*,#2389,.F.);
#1222=ORIENTED_EDGE('',*,*,#2390,.F.);
#1223=ORIENTED_EDGE('',*,*,#2389,.T.);
#1224=ORIENTED_EDGE('',*,*,#2386,.T.);
#1225=ORIENTED_EDGE('',*,*,#2391,.F.);
#1226=ORIENTED_EDGE('',*,*,#2072,.T.);
#1227=ORIENTED_EDGE('',*,*,#2392,.F.);
#1228=ORIENTED_EDGE('',*,*,#2393,.T.);
#1229=ORIENTED_EDGE('',*,*,#2359,.T.);
#1230=ORIENTED_EDGE('',*,*,#2391,.T.);
#1231=ORIENTED_EDGE('',*,*,#2388,.T.);
#1232=ORIENTED_EDGE('',*,*,#2146,.F.);
#1233=ORIENTED_EDGE('',*,*,#2385,.T.);
#1234=ORIENTED_EDGE('',*,*,#2382,.T.);
#1235=ORIENTED_EDGE('',*,*,#2203,.F.);
#1236=ORIENTED_EDGE('',*,*,#2394,.T.);
#1237=ORIENTED_EDGE('',*,*,#2395,.T.);
#1238=ORIENTED_EDGE('',*,*,#2396,.T.);
#1239=ORIENTED_EDGE('',*,*,#2397,.T.);
#1240=ORIENTED_EDGE('',*,*,#2150,.F.);
#1241=ORIENTED_EDGE('',*,*,#2398,.T.);
#1242=ORIENTED_EDGE('',*,*,#2392,.T.);
#1243=ORIENTED_EDGE('',*,*,#2399,.F.);
#1244=ORIENTED_EDGE('',*,*,#2400,.T.);
#1245=ORIENTED_EDGE('',*,*,#2401,.F.);
#1246=ORIENTED_EDGE('',*,*,#2402,.T.);
#1247=ORIENTED_EDGE('',*,*,#2151,.F.);
#1248=ORIENTED_EDGE('',*,*,#2397,.F.);
#1249=ORIENTED_EDGE('',*,*,#2403,.T.);
#1250=ORIENTED_EDGE('',*,*,#2401,.T.);
#1251=ORIENTED_EDGE('',*,*,#2396,.F.);
#1252=ORIENTED_EDGE('',*,*,#2404,.T.);
#1253=ORIENTED_EDGE('',*,*,#2405,.F.);
#1254=ORIENTED_EDGE('',*,*,#2406,.T.);
#1255=ORIENTED_EDGE('',*,*,#2152,.T.);
#1256=ORIENTED_EDGE('',*,*,#2402,.F.);
#1257=ORIENTED_EDGE('',*,*,#2403,.F.);
#1258=ORIENTED_EDGE('',*,*,#2407,.F.);
#1259=ORIENTED_EDGE('',*,*,#2406,.F.);
#1260=ORIENTED_EDGE('',*,*,#2408,.F.);
#1261=ORIENTED_EDGE('',*,*,#2153,.F.);
#1262=ORIENTED_EDGE('',*,*,#2407,.T.);
#1263=ORIENTED_EDGE('',*,*,#2409,.T.);
#1264=ORIENTED_EDGE('',*,*,#2410,.T.);
#1265=ORIENTED_EDGE('',*,*,#2411,.T.);
#1266=ORIENTED_EDGE('',*,*,#2412,.T.);
#1267=ORIENTED_EDGE('',*,*,#2413,.T.);
#1268=ORIENTED_EDGE('',*,*,#2414,.F.);
#1269=ORIENTED_EDGE('',*,*,#2415,.F.);
#1270=ORIENTED_EDGE('',*,*,#2416,.F.);
#1271=ORIENTED_EDGE('',*,*,#2417,.F.);
#1272=ORIENTED_EDGE('',*,*,#2418,.T.);
#1273=ORIENTED_EDGE('',*,*,#2419,.T.);
#1274=ORIENTED_EDGE('',*,*,#2420,.T.);
#1275=ORIENTED_EDGE('',*,*,#2421,.F.);
#1276=ORIENTED_EDGE('',*,*,#2422,.T.);
#1277=ORIENTED_EDGE('',*,*,#2423,.F.);
#1278=ORIENTED_EDGE('',*,*,#2424,.T.);
#1279=ORIENTED_EDGE('',*,*,#2425,.F.);
#1280=ORIENTED_EDGE('',*,*,#2412,.F.);
#1281=ORIENTED_EDGE('',*,*,#2425,.T.);
#1282=ORIENTED_EDGE('',*,*,#2426,.F.);
#1283=ORIENTED_EDGE('',*,*,#2427,.F.);
#1284=ORIENTED_EDGE('',*,*,#2427,.T.);
#1285=ORIENTED_EDGE('',*,*,#2428,.F.);
#1286=ORIENTED_EDGE('',*,*,#2429,.T.);
#1287=ORIENTED_EDGE('',*,*,#2430,.F.);
#1288=ORIENTED_EDGE('',*,*,#2431,.T.);
#1289=ORIENTED_EDGE('',*,*,#2432,.F.);
#1290=ORIENTED_EDGE('',*,*,#2433,.F.);
#1291=ORIENTED_EDGE('',*,*,#2434,.F.);
#1292=ORIENTED_EDGE('',*,*,#2435,.T.);
#1293=ORIENTED_EDGE('',*,*,#2436,.T.);
#1294=ORIENTED_EDGE('',*,*,#2437,.T.);
#1295=ORIENTED_EDGE('',*,*,#2437,.F.);
#1296=ORIENTED_EDGE('',*,*,#2438,.F.);
#1297=ORIENTED_EDGE('',*,*,#2439,.F.);
#1298=ORIENTED_EDGE('',*,*,#2440,.F.);
#1299=ORIENTED_EDGE('',*,*,#2102,.T.);
#1300=ORIENTED_EDGE('',*,*,#2441,.T.);
#1301=ORIENTED_EDGE('',*,*,#2442,.F.);
#1302=ORIENTED_EDGE('',*,*,#2443,.T.);
#1303=ORIENTED_EDGE('',*,*,#2158,.F.);
#1304=ORIENTED_EDGE('',*,*,#2444,.F.);
#1305=ORIENTED_EDGE('',*,*,#2413,.F.);
#1306=ORIENTED_EDGE('',*,*,#2092,.F.);
#1307=ORIENTED_EDGE('',*,*,#2445,.T.);
#1308=ORIENTED_EDGE('',*,*,#2446,.T.);
#1309=ORIENTED_EDGE('',*,*,#2447,.T.);
#1310=ORIENTED_EDGE('',*,*,#2098,.T.);
#1311=ORIENTED_EDGE('',*,*,#2445,.F.);
#1312=ORIENTED_EDGE('',*,*,#2448,.T.);
#1313=ORIENTED_EDGE('',*,*,#2449,.F.);
#1314=ORIENTED_EDGE('',*,*,#2450,.T.);
#1315=ORIENTED_EDGE('',*,*,#2091,.F.);
#1316=ORIENTED_EDGE('',*,*,#2159,.F.);
#1317=ORIENTED_EDGE('',*,*,#2443,.F.);
#1318=ORIENTED_EDGE('',*,*,#2451,.F.);
#1319=ORIENTED_EDGE('',*,*,#2452,.T.);
#1320=ORIENTED_EDGE('',*,*,#2448,.F.);
#1321=ORIENTED_EDGE('',*,*,#2453,.F.);
#1322=ORIENTED_EDGE('',*,*,#2451,.T.);
#1323=ORIENTED_EDGE('',*,*,#2442,.T.);
#1324=ORIENTED_EDGE('',*,*,#2454,.F.);
#1325=ORIENTED_EDGE('',*,*,#2449,.T.);
#1326=ORIENTED_EDGE('',*,*,#2452,.F.);
#1327=ORIENTED_EDGE('',*,*,#2453,.T.);
#1328=ORIENTED_EDGE('',*,*,#2455,.T.);
#1329=ORIENTED_EDGE('',*,*,#2456,.T.);
#1330=ORIENTED_EDGE('',*,*,#2457,.F.);
#1331=ORIENTED_EDGE('',*,*,#2458,.T.);
#1332=ORIENTED_EDGE('',*,*,#2459,.T.);
#1333=ORIENTED_EDGE('',*,*,#2460,.F.);
#1334=ORIENTED_EDGE('',*,*,#2456,.F.);
#1335=ORIENTED_EDGE('',*,*,#2461,.F.);
#1336=ORIENTED_EDGE('',*,*,#2446,.F.);
#1337=ORIENTED_EDGE('',*,*,#2450,.F.);
#1338=ORIENTED_EDGE('',*,*,#2457,.T.);
#1339=ORIENTED_EDGE('',*,*,#2462,.F.);
#1340=ORIENTED_EDGE('',*,*,#2099,.F.);
#1341=ORIENTED_EDGE('',*,*,#2447,.F.);
#1342=ORIENTED_EDGE('',*,*,#2461,.T.);
#1343=ORIENTED_EDGE('',*,*,#2460,.T.);
#1344=ORIENTED_EDGE('',*,*,#2463,.F.);
#1345=ORIENTED_EDGE('',*,*,#2464,.T.);
#1346=ORIENTED_EDGE('',*,*,#2465,.F.);
#1347=ORIENTED_EDGE('',*,*,#2466,.F.);
#1348=ORIENTED_EDGE('',*,*,#2462,.T.);
#1349=ORIENTED_EDGE('',*,*,#2459,.F.);
#1350=ORIENTED_EDGE('',*,*,#2467,.F.);
#1351=ORIENTED_EDGE('',*,*,#2100,.T.);
#1352=ORIENTED_EDGE('',*,*,#2468,.T.);
#1353=ORIENTED_EDGE('',*,*,#2469,.F.);
#1354=ORIENTED_EDGE('',*,*,#2470,.F.);
#1355=ORIENTED_EDGE('',*,*,#2471,.T.);
#1356=ORIENTED_EDGE('',*,*,#2472,.T.);
#1357=ORIENTED_EDGE('',*,*,#2473,.T.);
#1358=ORIENTED_EDGE('',*,*,#2468,.F.);
#1359=ORIENTED_EDGE('',*,*,#2474,.F.);
#1360=ORIENTED_EDGE('',*,*,#2475,.T.);
#1361=ORIENTED_EDGE('',*,*,#2476,.T.);
#1362=ORIENTED_EDGE('',*,*,#2472,.F.);
#1363=ORIENTED_EDGE('',*,*,#2477,.F.);
#1364=ORIENTED_EDGE('',*,*,#2478,.T.);
#1365=ORIENTED_EDGE('',*,*,#2479,.F.);
#1366=ORIENTED_EDGE('',*,*,#2475,.F.);
#1367=ORIENTED_EDGE('',*,*,#2480,.T.);
#1368=ORIENTED_EDGE('',*,*,#2481,.T.);
#1369=ORIENTED_EDGE('',*,*,#2482,.T.);
#1370=ORIENTED_EDGE('',*,*,#2478,.F.);
#1371=ORIENTED_EDGE('',*,*,#2483,.F.);
#1372=ORIENTED_EDGE('',*,*,#2484,.T.);
#1373=ORIENTED_EDGE('',*,*,#2485,.F.);
#1374=ORIENTED_EDGE('',*,*,#2481,.F.);
#1375=ORIENTED_EDGE('',*,*,#2486,.T.);
#1376=ORIENTED_EDGE('',*,*,#2487,.T.);
#1377=ORIENTED_EDGE('',*,*,#2488,.T.);
#1378=ORIENTED_EDGE('',*,*,#2484,.F.);
#1379=ORIENTED_EDGE('',*,*,#2489,.F.);
#1380=ORIENTED_EDGE('',*,*,#2490,.T.);
#1381=ORIENTED_EDGE('',*,*,#2491,.T.);
#1382=ORIENTED_EDGE('',*,*,#2487,.F.);
#1383=ORIENTED_EDGE('',*,*,#2492,.F.);
#1384=ORIENTED_EDGE('',*,*,#2493,.T.);
#1385=ORIENTED_EDGE('',*,*,#2494,.T.);
#1386=ORIENTED_EDGE('',*,*,#2490,.F.);
#1387=ORIENTED_EDGE('',*,*,#2495,.F.);
#1388=ORIENTED_EDGE('',*,*,#2496,.T.);
#1389=ORIENTED_EDGE('',*,*,#2497,.F.);
#1390=ORIENTED_EDGE('',*,*,#2493,.F.);
#1391=ORIENTED_EDGE('',*,*,#2498,.T.);
#1392=ORIENTED_EDGE('',*,*,#2499,.T.);
#1393=ORIENTED_EDGE('',*,*,#2500,.T.);
#1394=ORIENTED_EDGE('',*,*,#2496,.F.);
#1395=ORIENTED_EDGE('',*,*,#2501,.F.);
#1396=ORIENTED_EDGE('',*,*,#2502,.T.);
#1397=ORIENTED_EDGE('',*,*,#2503,.T.);
#1398=ORIENTED_EDGE('',*,*,#2499,.F.);
#1399=ORIENTED_EDGE('',*,*,#2504,.F.);
#1400=ORIENTED_EDGE('',*,*,#2505,.T.);
#1401=ORIENTED_EDGE('',*,*,#2506,.F.);
#1402=ORIENTED_EDGE('',*,*,#2502,.F.);
#1403=ORIENTED_EDGE('',*,*,#2507,.T.);
#1404=ORIENTED_EDGE('',*,*,#2470,.T.);
#1405=ORIENTED_EDGE('',*,*,#2508,.F.);
#1406=ORIENTED_EDGE('',*,*,#2509,.F.);
#1407=ORIENTED_EDGE('',*,*,#2510,.T.);
#1408=ORIENTED_EDGE('',*,*,#2511,.T.);
#1409=ORIENTED_EDGE('',*,*,#2463,.T.);
#1410=ORIENTED_EDGE('',*,*,#2512,.F.);
#1411=ORIENTED_EDGE('',*,*,#2505,.F.);
#1412=ORIENTED_EDGE('',*,*,#2510,.F.);
#1413=ORIENTED_EDGE('',*,*,#2513,.T.);
#1414=ORIENTED_EDGE('',*,*,#2514,.F.);
#1415=ORIENTED_EDGE('',*,*,#2464,.F.);
#1416=ORIENTED_EDGE('',*,*,#2511,.F.);
#1417=ORIENTED_EDGE('',*,*,#2507,.F.);
#1418=ORIENTED_EDGE('',*,*,#2504,.T.);
#1419=ORIENTED_EDGE('',*,*,#2501,.T.);
#1420=ORIENTED_EDGE('',*,*,#2498,.F.);
#1421=ORIENTED_EDGE('',*,*,#2495,.T.);
#1422=ORIENTED_EDGE('',*,*,#2492,.T.);
#1423=ORIENTED_EDGE('',*,*,#2489,.T.);
#1424=ORIENTED_EDGE('',*,*,#2486,.F.);
#1425=ORIENTED_EDGE('',*,*,#2483,.T.);
#1426=ORIENTED_EDGE('',*,*,#2480,.F.);
#1427=ORIENTED_EDGE('',*,*,#2477,.T.);
#1428=ORIENTED_EDGE('',*,*,#2474,.T.);
#1429=ORIENTED_EDGE('',*,*,#2471,.F.);
#1430=ORIENTED_EDGE('',*,*,#2508,.T.);
#1431=ORIENTED_EDGE('',*,*,#2469,.T.);
#1432=ORIENTED_EDGE('',*,*,#2473,.F.);
#1433=ORIENTED_EDGE('',*,*,#2476,.F.);
#1434=ORIENTED_EDGE('',*,*,#2479,.T.);
#1435=ORIENTED_EDGE('',*,*,#2482,.F.);
#1436=ORIENTED_EDGE('',*,*,#2485,.T.);
#1437=ORIENTED_EDGE('',*,*,#2488,.F.);
#1438=ORIENTED_EDGE('',*,*,#2491,.F.);
#1439=ORIENTED_EDGE('',*,*,#2494,.F.);
#1440=ORIENTED_EDGE('',*,*,#2497,.T.);
#1441=ORIENTED_EDGE('',*,*,#2500,.F.);
#1442=ORIENTED_EDGE('',*,*,#2503,.F.);
#1443=ORIENTED_EDGE('',*,*,#2506,.T.);
#1444=ORIENTED_EDGE('',*,*,#2512,.T.);
#1445=ORIENTED_EDGE('',*,*,#2466,.T.);
#1446=ORIENTED_EDGE('',*,*,#2515,.T.);
#1447=ORIENTED_EDGE('',*,*,#2516,.F.);
#1448=ORIENTED_EDGE('',*,*,#2517,.T.);
#1449=ORIENTED_EDGE('',*,*,#2515,.F.);
#1450=ORIENTED_EDGE('',*,*,#2465,.T.);
#1451=ORIENTED_EDGE('',*,*,#2514,.T.);
#1452=ORIENTED_EDGE('',*,*,#2517,.F.);
#1453=ORIENTED_EDGE('',*,*,#2513,.F.);
#1454=ORIENTED_EDGE('',*,*,#2509,.T.);
#1455=ORIENTED_EDGE('',*,*,#2516,.T.);
#1456=ORIENTED_EDGE('',*,*,#2101,.F.);
#1457=ORIENTED_EDGE('',*,*,#2467,.T.);
#1458=ORIENTED_EDGE('',*,*,#2458,.F.);
#1459=ORIENTED_EDGE('',*,*,#2455,.F.);
#1460=ORIENTED_EDGE('',*,*,#2454,.T.);
#1461=ORIENTED_EDGE('',*,*,#2441,.F.);
#1462=ORIENTED_EDGE('',*,*,#2306,.T.);
#1463=ORIENTED_EDGE('',*,*,#2518,.T.);
#1464=ORIENTED_EDGE('',*,*,#2252,.F.);
#1465=ORIENTED_EDGE('',*,*,#2362,.F.);
#1466=ORIENTED_EDGE('',*,*,#2519,.F.);
#1467=ORIENTED_EDGE('',*,*,#2117,.T.);
#1468=ORIENTED_EDGE('',*,*,#2520,.F.);
#1469=ORIENTED_EDGE('',*,*,#1950,.T.);
#1470=ORIENTED_EDGE('',*,*,#2106,.T.);
#1471=ORIENTED_EDGE('',*,*,#2521,.T.);
#1472=ORIENTED_EDGE('',*,*,#2522,.T.);
#1473=ORIENTED_EDGE('',*,*,#2523,.F.);
#1474=ORIENTED_EDGE('',*,*,#2524,.F.);
#1475=ORIENTED_EDGE('',*,*,#2525,.F.);
#1476=ORIENTED_EDGE('',*,*,#2526,.T.);
#1477=ORIENTED_EDGE('',*,*,#2525,.T.);
#1478=ORIENTED_EDGE('',*,*,#2527,.T.);
#1479=ORIENTED_EDGE('',*,*,#2094,.T.);
#1480=ORIENTED_EDGE('',*,*,#2097,.T.);
#1481=ORIENTED_EDGE('',*,*,#2528,.F.);
#1482=ORIENTED_EDGE('',*,*,#2088,.T.);
#1483=ORIENTED_EDGE('',*,*,#2527,.F.);
#1484=ORIENTED_EDGE('',*,*,#2524,.T.);
#1485=ORIENTED_EDGE('',*,*,#2529,.T.);
#1486=ORIENTED_EDGE('',*,*,#1897,.F.);
#1487=ORIENTED_EDGE('',*,*,#1992,.F.);
#1488=ORIENTED_EDGE('',*,*,#2529,.F.);
#1489=ORIENTED_EDGE('',*,*,#2523,.T.);
#1490=ORIENTED_EDGE('',*,*,#2530,.T.);
#1491=ORIENTED_EDGE('',*,*,#1898,.F.);
#1492=ORIENTED_EDGE('',*,*,#2530,.F.);
#1493=ORIENTED_EDGE('',*,*,#2522,.F.);
#1494=ORIENTED_EDGE('',*,*,#2531,.T.);
#1495=ORIENTED_EDGE('',*,*,#1899,.T.);
#1496=ORIENTED_EDGE('',*,*,#2531,.F.);
#1497=ORIENTED_EDGE('',*,*,#2521,.F.);
#1498=ORIENTED_EDGE('',*,*,#2105,.T.);
#1499=ORIENTED_EDGE('',*,*,#1900,.T.);
#1500=ORIENTED_EDGE('',*,*,#2381,.F.);
#1501=ORIENTED_EDGE('',*,*,#1820,.T.);
#1502=ORIENTED_EDGE('',*,*,#1927,.F.);
#1503=ORIENTED_EDGE('',*,*,#2195,.F.);
#1504=ORIENTED_EDGE('',*,*,#2302,.T.);
#1505=ORIENTED_EDGE('',*,*,#2303,.F.);
#1506=ORIENTED_EDGE('',*,*,#2280,.T.);
#1507=ORIENTED_EDGE('',*,*,#2241,.F.);
#1508=ORIENTED_EDGE('',*,*,#2283,.F.);
#1509=ORIENTED_EDGE('',*,*,#2290,.F.);
#1510=ORIENTED_EDGE('',*,*,#2299,.F.);
#1511=ORIENTED_EDGE('',*,*,#1943,.F.);
#1512=ORIENTED_EDGE('',*,*,#2532,.F.);
#1513=ORIENTED_EDGE('',*,*,#2533,.F.);
#1514=ORIENTED_EDGE('',*,*,#2372,.T.);
#1515=ORIENTED_EDGE('',*,*,#1951,.F.);
#1516=ORIENTED_EDGE('',*,*,#2520,.T.);
#1517=ORIENTED_EDGE('',*,*,#2116,.T.);
#1518=ORIENTED_EDGE('',*,*,#1903,.F.);
#1519=ORIENTED_EDGE('',*,*,#2358,.T.);
#1520=ORIENTED_EDGE('',*,*,#2262,.T.);
#1521=ORIENTED_EDGE('',*,*,#2229,.F.);
#1522=ORIENTED_EDGE('',*,*,#1919,.F.);
#1523=ORIENTED_EDGE('',*,*,#2526,.F.);
#1524=ORIENTED_EDGE('',*,*,#2534,.T.);
#1525=ORIENTED_EDGE('',*,*,#1988,.T.);
#1526=ORIENTED_EDGE('',*,*,#1905,.F.);
#1527=ORIENTED_EDGE('',*,*,#2115,.T.);
#1528=ORIENTED_EDGE('',*,*,#2519,.T.);
#1529=ORIENTED_EDGE('',*,*,#2528,.T.);
#1530=ORIENTED_EDGE('',*,*,#2096,.F.);
#1531=ORIENTED_EDGE('',*,*,#1989,.F.);
#1532=ORIENTED_EDGE('',*,*,#2534,.F.);
#1533=ORIENTED_EDGE('',*,*,#2535,.T.);
#1534=ORIENTED_EDGE('',*,*,#2536,.T.);
#1535=ORIENTED_EDGE('',*,*,#2224,.F.);
#1536=ORIENTED_EDGE('',*,*,#2361,.T.);
#1537=ORIENTED_EDGE('',*,*,#2440,.T.);
#1538=ORIENTED_EDGE('',*,*,#2537,.F.);
#1539=ORIENTED_EDGE('',*,*,#2538,.F.);
#1540=ORIENTED_EDGE('',*,*,#2539,.F.);
#1541=ORIENTED_EDGE('',*,*,#2103,.T.);
#1542=ORIENTED_EDGE('',*,*,#2184,.T.);
#1543=ORIENTED_EDGE('',*,*,#2540,.T.);
#1544=ORIENTED_EDGE('',*,*,#2104,.T.);
#1545=ORIENTED_EDGE('',*,*,#2539,.T.);
#1546=ORIENTED_EDGE('',*,*,#2095,.T.);
#1547=ORIENTED_EDGE('',*,*,#2540,.F.);
#1548=ORIENTED_EDGE('',*,*,#2183,.T.);
#1549=ORIENTED_EDGE('',*,*,#1790,.T.);
#1550=ORIENTED_EDGE('',*,*,#2185,.T.);
#1551=ORIENTED_EDGE('',*,*,#2538,.T.);
#1552=ORIENTED_EDGE('',*,*,#2541,.F.);
#1553=ORIENTED_EDGE('',*,*,#2542,.F.);
#1554=ORIENTED_EDGE('',*,*,#2186,.T.);
#1555=ORIENTED_EDGE('',*,*,#2542,.T.);
#1556=ORIENTED_EDGE('',*,*,#2543,.F.);
#1557=ORIENTED_EDGE('',*,*,#2544,.F.);
#1558=ORIENTED_EDGE('',*,*,#2233,.T.);
#1559=ORIENTED_EDGE('',*,*,#2545,.T.);
#1560=ORIENTED_EDGE('',*,*,#2546,.T.);
#1561=ORIENTED_EDGE('',*,*,#2547,.T.);
#1562=ORIENTED_EDGE('',*,*,#2548,.T.);
#1563=ORIENTED_EDGE('',*,*,#2537,.T.);
#1564=ORIENTED_EDGE('',*,*,#2439,.T.);
#1565=ORIENTED_EDGE('',*,*,#2543,.T.);
#1566=ORIENTED_EDGE('',*,*,#2541,.T.);
#1567=ORIENTED_EDGE('',*,*,#2415,.T.);
#1568=ORIENTED_EDGE('',*,*,#2411,.F.);
#1569=ORIENTED_EDGE('',*,*,#2549,.T.);
#1570=ORIENTED_EDGE('',*,*,#2154,.F.);
#1571=ORIENTED_EDGE('',*,*,#2408,.T.);
#1572=ORIENTED_EDGE('',*,*,#2405,.T.);
#1573=ORIENTED_EDGE('',*,*,#2550,.T.);
#1574=ORIENTED_EDGE('',*,*,#2551,.T.);
#1575=ORIENTED_EDGE('',*,*,#2157,.T.);
#1576=ORIENTED_EDGE('',*,*,#2552,.T.);
#1577=ORIENTED_EDGE('',*,*,#2414,.T.);
#1578=ORIENTED_EDGE('',*,*,#2444,.T.);
#1579=ORIENTED_EDGE('',*,*,#2410,.F.);
#1580=ORIENTED_EDGE('',*,*,#2553,.T.);
#1581=ORIENTED_EDGE('',*,*,#2155,.F.);
#1582=ORIENTED_EDGE('',*,*,#2549,.F.);
#1583=ORIENTED_EDGE('',*,*,#2156,.F.);
#1584=ORIENTED_EDGE('',*,*,#2553,.F.);
#1585=ORIENTED_EDGE('',*,*,#2409,.F.);
#1586=ORIENTED_EDGE('',*,*,#2552,.F.);
#1587=ORIENTED_EDGE('',*,*,#2075,.T.);
#1588=ORIENTED_EDGE('',*,*,#2256,.F.);
#1589=ORIENTED_EDGE('',*,*,#2246,.T.);
#1590=ORIENTED_EDGE('',*,*,#2270,.F.);
#1591=ORIENTED_EDGE('',*,*,#2253,.F.);
#1592=ORIENTED_EDGE('',*,*,#2518,.F.);
#1593=ORIENTED_EDGE('',*,*,#2305,.F.);
#1594=ORIENTED_EDGE('',*,*,#2225,.F.);
#1595=ORIENTED_EDGE('',*,*,#2536,.F.);
#1596=ORIENTED_EDGE('',*,*,#2554,.F.);
#1597=ORIENTED_EDGE('',*,*,#2399,.T.);
#1598=ORIENTED_EDGE('',*,*,#2393,.F.);
#1599=ORIENTED_EDGE('',*,*,#2398,.F.);
#1600=ORIENTED_EDGE('',*,*,#2149,.F.);
#1601=ORIENTED_EDGE('',*,*,#2390,.T.);
#1602=ORIENTED_EDGE('',*,*,#2370,.F.);
#1603=ORIENTED_EDGE('',*,*,#2376,.F.);
#1604=ORIENTED_EDGE('',*,*,#2141,.F.);
#1605=ORIENTED_EDGE('',*,*,#2367,.T.);
#1606=ORIENTED_EDGE('',*,*,#2356,.F.);
#1607=ORIENTED_EDGE('',*,*,#2371,.F.);
#1608=ORIENTED_EDGE('',*,*,#2137,.F.);
#1609=ORIENTED_EDGE('',*,*,#2357,.T.);
#1610=ORIENTED_EDGE('',*,*,#2234,.F.);
#1611=ORIENTED_EDGE('',*,*,#2544,.T.);
#1612=ORIENTED_EDGE('',*,*,#2438,.T.);
#1613=ORIENTED_EDGE('',*,*,#2436,.F.);
#1614=ORIENTED_EDGE('',*,*,#2555,.F.);
#1615=ORIENTED_EDGE('',*,*,#2416,.T.);
#1616=ORIENTED_EDGE('',*,*,#2551,.F.);
#1617=ORIENTED_EDGE('',*,*,#2556,.F.);
#1618=ORIENTED_EDGE('',*,*,#2557,.F.);
#1619=ORIENTED_EDGE('',*,*,#2558,.T.);
#1620=ORIENTED_EDGE('',*,*,#2400,.F.);
#1621=ORIENTED_EDGE('',*,*,#2554,.T.);
#1622=ORIENTED_EDGE('',*,*,#2535,.F.);
#1623=ORIENTED_EDGE('',*,*,#2360,.T.);
#1624=ORIENTED_EDGE('',*,*,#2394,.F.);
#1625=ORIENTED_EDGE('',*,*,#2202,.T.);
#1626=ORIENTED_EDGE('',*,*,#2235,.F.);
#1627=ORIENTED_EDGE('',*,*,#1811,.T.);
#1628=ORIENTED_EDGE('',*,*,#2377,.F.);
#1629=ORIENTED_EDGE('',*,*,#2265,.T.);
#1630=ORIENTED_EDGE('',*,*,#2288,.F.);
#1631=ORIENTED_EDGE('',*,*,#1915,.T.);
#1632=ORIENTED_EDGE('',*,*,#2373,.F.);
#1633=ORIENTED_EDGE('',*,*,#2533,.T.);
#1634=ORIENTED_EDGE('',*,*,#2559,.F.);
#1635=ORIENTED_EDGE('',*,*,#2272,.T.);
#1636=ORIENTED_EDGE('',*,*,#2351,.F.);
#1637=ORIENTED_EDGE('',*,*,#2327,.T.);
#1638=ORIENTED_EDGE('',*,*,#2337,.F.);
#1639=ORIENTED_EDGE('',*,*,#2308,.T.);
#1640=ORIENTED_EDGE('',*,*,#2298,.F.);
#1641=ORIENTED_EDGE('',*,*,#2237,.F.);
#1642=ORIENTED_EDGE('',*,*,#2211,.F.);
#1643=ORIENTED_EDGE('',*,*,#2077,.T.);
#1644=ORIENTED_EDGE('',*,*,#2244,.F.);
#1645=ORIENTED_EDGE('',*,*,#1986,.T.);
#1646=ORIENTED_EDGE('',*,*,#2164,.F.);
#1647=ORIENTED_EDGE('',*,*,#2190,.T.);
#1648=ORIENTED_EDGE('',*,*,#2207,.F.);
#1649=ORIENTED_EDGE('',*,*,#2109,.T.);
#1650=ORIENTED_EDGE('',*,*,#1938,.F.);
#1651=ORIENTED_EDGE('',*,*,#2209,.T.);
#1652=ORIENTED_EDGE('',*,*,#2210,.F.);
#1653=ORIENTED_EDGE('',*,*,#1874,.F.);
#1654=ORIENTED_EDGE('',*,*,#1876,.F.);
#1655=ORIENTED_EDGE('',*,*,#1882,.T.);
#1656=ORIENTED_EDGE('',*,*,#1864,.F.);
#1657=ORIENTED_EDGE('',*,*,#1844,.F.);
#1658=ORIENTED_EDGE('',*,*,#1970,.T.);
#1659=ORIENTED_EDGE('',*,*,#1857,.T.);
#1660=ORIENTED_EDGE('',*,*,#1834,.F.);
#1661=ORIENTED_EDGE('',*,*,#1778,.F.);
#1662=ORIENTED_EDGE('',*,*,#2215,.T.);
#1663=ORIENTED_EDGE('',*,*,#2560,.T.);
#1664=ORIENTED_EDGE('',*,*,#2112,.F.);
#1665=ORIENTED_EDGE('',*,*,#2561,.T.);
#1666=ORIENTED_EDGE('',*,*,#2562,.F.);
#1667=ORIENTED_EDGE('',*,*,#2545,.F.);
#1668=ORIENTED_EDGE('',*,*,#2232,.T.);
#1669=ORIENTED_EDGE('',*,*,#1776,.T.);
#1670=ORIENTED_EDGE('',*,*,#2563,.F.);
#1671=ORIENTED_EDGE('',*,*,#2564,.T.);
#1672=ORIENTED_EDGE('',*,*,#2546,.F.);
#1673=ORIENTED_EDGE('',*,*,#2562,.T.);
#1674=ORIENTED_EDGE('',*,*,#1775,.T.);
#1675=ORIENTED_EDGE('',*,*,#1771,.F.);
#1676=ORIENTED_EDGE('',*,*,#1798,.F.);
#1677=ORIENTED_EDGE('',*,*,#2547,.F.);
#1678=ORIENTED_EDGE('',*,*,#2564,.F.);
#1679=ORIENTED_EDGE('',*,*,#2565,.F.);
#1680=ORIENTED_EDGE('',*,*,#2559,.T.);
#1681=ORIENTED_EDGE('',*,*,#2532,.T.);
#1682=ORIENTED_EDGE('',*,*,#1942,.F.);
#1683=ORIENTED_EDGE('',*,*,#2273,.T.);
#1684=ORIENTED_EDGE('',*,*,#1797,.T.);
#1685=ORIENTED_EDGE('',*,*,#1774,.T.);
#1686=ORIENTED_EDGE('',*,*,#2182,.T.);
#1687=ORIENTED_EDGE('',*,*,#2548,.F.);
#1688=ORIENTED_EDGE('',*,*,#1796,.F.);
#1689=ORIENTED_EDGE('',*,*,#2565,.T.);
#1690=ORIENTED_EDGE('',*,*,#2563,.T.);
#1691=ORIENTED_EDGE('',*,*,#1770,.F.);
#1692=ORIENTED_EDGE('',*,*,#2555,.T.);
#1693=ORIENTED_EDGE('',*,*,#2435,.F.);
#1694=ORIENTED_EDGE('',*,*,#2566,.F.);
#1695=ORIENTED_EDGE('',*,*,#2417,.T.);
#1696=ORIENTED_EDGE('',*,*,#2418,.F.);
#1697=ORIENTED_EDGE('',*,*,#2566,.T.);
#1698=ORIENTED_EDGE('',*,*,#2434,.T.);
#1699=ORIENTED_EDGE('',*,*,#2567,.F.);
#1700=ORIENTED_EDGE('',*,*,#2567,.T.);
#1701=ORIENTED_EDGE('',*,*,#2433,.T.);
#1702=ORIENTED_EDGE('',*,*,#2568,.F.);
#1703=ORIENTED_EDGE('',*,*,#2419,.F.);
#1704=ORIENTED_EDGE('',*,*,#2420,.F.);
#1705=ORIENTED_EDGE('',*,*,#2568,.T.);
#1706=ORIENTED_EDGE('',*,*,#2432,.T.);
#1707=ORIENTED_EDGE('',*,*,#2569,.F.);
#1708=ORIENTED_EDGE('',*,*,#2421,.T.);
#1709=ORIENTED_EDGE('',*,*,#2569,.T.);
#1710=ORIENTED_EDGE('',*,*,#2431,.F.);
#1711=ORIENTED_EDGE('',*,*,#2570,.F.);
#1712=ORIENTED_EDGE('',*,*,#2422,.F.);
#1713=ORIENTED_EDGE('',*,*,#2570,.T.);
#1714=ORIENTED_EDGE('',*,*,#2430,.T.);
#1715=ORIENTED_EDGE('',*,*,#2571,.F.);
#1716=ORIENTED_EDGE('',*,*,#2423,.T.);
#1717=ORIENTED_EDGE('',*,*,#2571,.T.);
#1718=ORIENTED_EDGE('',*,*,#2429,.F.);
#1719=ORIENTED_EDGE('',*,*,#2572,.F.);
#1720=ORIENTED_EDGE('',*,*,#2426,.T.);
#1721=ORIENTED_EDGE('',*,*,#2424,.F.);
#1722=ORIENTED_EDGE('',*,*,#2572,.T.);
#1723=ORIENTED_EDGE('',*,*,#2428,.T.);
#1724=ORIENTED_EDGE('',*,*,#2573,.T.);
#1725=ORIENTED_EDGE('',*,*,#2345,.F.);
#1726=ORIENTED_EDGE('',*,*,#2285,.T.);
#1727=ORIENTED_EDGE('',*,*,#2113,.F.);
#1728=ORIENTED_EDGE('',*,*,#2560,.F.);
#1729=ORIENTED_EDGE('',*,*,#2214,.F.);
#1730=ORIENTED_EDGE('',*,*,#2574,.F.);
#1731=ORIENTED_EDGE('',*,*,#2575,.F.);
#1732=ORIENTED_EDGE('',*,*,#2576,.F.);
#1733=ORIENTED_EDGE('',*,*,#2556,.T.);
#1734=ORIENTED_EDGE('',*,*,#2550,.F.);
#1735=ORIENTED_EDGE('',*,*,#2404,.F.);
#1736=ORIENTED_EDGE('',*,*,#2577,.T.);
#1737=ORIENTED_EDGE('',*,*,#2346,.F.);
#1738=ORIENTED_EDGE('',*,*,#2573,.F.);
#1739=ORIENTED_EDGE('',*,*,#2395,.F.);
#1740=ORIENTED_EDGE('',*,*,#2558,.F.);
#1741=ORIENTED_EDGE('',*,*,#2578,.F.);
#1742=ORIENTED_EDGE('',*,*,#2579,.T.);
#1743=ORIENTED_EDGE('',*,*,#2580,.T.);
#1744=ORIENTED_EDGE('',*,*,#2216,.T.);
#1745=ORIENTED_EDGE('',*,*,#2561,.F.);
#1746=ORIENTED_EDGE('',*,*,#2111,.T.);
#1747=ORIENTED_EDGE('',*,*,#2287,.F.);
#1748=ORIENTED_EDGE('',*,*,#2347,.T.);
#1749=ORIENTED_EDGE('',*,*,#2577,.F.);
#1750=ORIENTED_EDGE('',*,*,#2557,.T.);
#1751=ORIENTED_EDGE('',*,*,#2576,.T.);
#1752=ORIENTED_EDGE('',*,*,#2581,.F.);
#1753=ORIENTED_EDGE('',*,*,#2578,.T.);
#1754=ORIENTED_EDGE('',*,*,#2581,.T.);
#1755=ORIENTED_EDGE('',*,*,#2575,.T.);
#1756=ORIENTED_EDGE('',*,*,#2582,.F.);
#1757=ORIENTED_EDGE('',*,*,#2579,.F.);
#1758=ORIENTED_EDGE('',*,*,#2582,.T.);
#1759=ORIENTED_EDGE('',*,*,#2574,.T.);
#1760=ORIENTED_EDGE('',*,*,#2213,.F.);
#1761=ORIENTED_EDGE('',*,*,#2580,.F.);
#1762=EDGE_CURVE('',#2583,#2584,#3119,.T.);
#1763=EDGE_CURVE('',#2583,#2585,#3120,.F.);
#1764=EDGE_CURVE('',#2585,#2586,#3121,.F.);
#1765=EDGE_CURVE('',#2586,#2587,#3122,.T.);
#1766=EDGE_CURVE('',#2584,#2587,#3123,.T.);
#1767=EDGE_CURVE('',#2588,#2589,#3124,.T.);
#1768=EDGE_CURVE('',#2589,#2586,#3125,.T.);
#1769=EDGE_CURVE('',#2588,#2585,#3126,.T.);
#1770=EDGE_CURVE('',#2590,#2591,#3127,.T.);
#1771=EDGE_CURVE('',#2591,#2592,#3128,.F.);
#1772=EDGE_CURVE('',#2592,#2593,#3129,.F.);
#1773=EDGE_CURVE('',#2593,#2590,#118,.T.);
#1774=EDGE_CURVE('',#2593,#2594,#3130,.F.);
#1775=EDGE_CURVE('',#2595,#2592,#3131,.F.);
#1776=EDGE_CURVE('',#2596,#2595,#3132,.F.);
#1777=EDGE_CURVE('',#2597,#2596,#3133,.T.);
#1778=EDGE_CURVE('',#2597,#2598,#3134,.F.);
#1779=EDGE_CURVE('',#2598,#2589,#3135,.F.);
#1780=EDGE_CURVE('',#2594,#2588,#3136,.T.);
#1781=EDGE_CURVE('',#2599,#2600,#3137,.T.);
#1782=EDGE_CURVE('',#2601,#2599,#3138,.T.);
#1783=EDGE_CURVE('',#2602,#2601,#3139,.F.);
#1784=EDGE_CURVE('',#2602,#2600,#3140,.T.);
#1785=EDGE_CURVE('',#2603,#2604,#3141,.T.);
#1786=EDGE_CURVE('',#2605,#2604,#15,.T.);
#1787=EDGE_CURVE('',#2606,#2605,#3142,.F.);
#1788=EDGE_CURVE('',#2606,#2603,#16,.T.);
#1789=EDGE_CURVE('',#2607,#2583,#3143,.F.);
#1790=EDGE_CURVE('',#2608,#2607,#3144,.F.);
#1791=EDGE_CURVE('',#2585,#2608,#3145,.F.);
#1792=EDGE_CURVE('',#2609,#2610,#3146,.F.);
#1793=EDGE_CURVE('',#2611,#2610,#3147,.T.);
#1794=EDGE_CURVE('',#2612,#2611,#3148,.T.);
#1795=EDGE_CURVE('',#2612,#2609,#3149,.T.);
#1796=EDGE_CURVE('',#2613,#2590,#3150,.T.);
#1797=EDGE_CURVE('',#2614,#2593,#3151,.F.);
#1798=EDGE_CURVE('',#2614,#2613,#119,.F.);
#1799=EDGE_CURVE('',#2615,#2616,#3152,.T.);
#1800=EDGE_CURVE('',#2617,#2616,#3153,.T.);
#1801=EDGE_CURVE('',#2618,#2617,#3154,.T.);
#1802=EDGE_CURVE('',#2615,#2618,#3155,.T.);
#1803=EDGE_CURVE('',#2619,#2620,#3156,.T.);
#1804=EDGE_CURVE('',#2621,#2620,#17,.T.);
#1805=EDGE_CURVE('',#2622,#2621,#3157,.F.);
#1806=EDGE_CURVE('',#2622,#2619,#18,.T.);
#1807=EDGE_CURVE('',#2623,#2603,#3158,.T.);
#1808=EDGE_CURVE('',#2623,#2624,#3159,.F.);
#1809=EDGE_CURVE('',#2624,#2604,#3160,.T.);
#1810=EDGE_CURVE('',#2625,#2626,#3161,.T.);
#1811=EDGE_CURVE('',#2627,#2625,#3162,.T.);
#1812=EDGE_CURVE('',#2628,#2627,#3163,.F.);
#1813=EDGE_CURVE('',#2628,#2629,#19,.T.);
#1814=EDGE_CURVE('',#2629,#2630,#3164,.F.);
#1815=EDGE_CURVE('',#2630,#2631,#3165,.T.);
#1816=EDGE_CURVE('',#2632,#2631,#3166,.F.);
#1817=EDGE_CURVE('',#2632,#2633,#3167,.T.);
#1818=EDGE_CURVE('',#2634,#2633,#20,.T.);
#1819=EDGE_CURVE('',#2634,#2635,#3168,.T.);
#1820=EDGE_CURVE('',#2626,#2635,#3169,.T.);
#1821=EDGE_CURVE('',#2617,#2636,#3170,.F.);
#1822=EDGE_CURVE('',#2637,#2636,#3171,.T.);
#1823=EDGE_CURVE('',#2637,#2638,#3172,.F.);
#1824=EDGE_CURVE('',#2639,#2638,#3173,.T.);
#1825=EDGE_CURVE('',#2639,#2618,#3174,.T.);
#1826=EDGE_CURVE('',#2640,#2641,#3175,.T.);
#1827=EDGE_CURVE('',#2641,#2642,#3176,.T.);
#1828=EDGE_CURVE('',#2642,#2643,#3177,.T.);
#1829=EDGE_CURVE('',#2643,#2644,#3178,.T.);
#1830=EDGE_CURVE('',#2611,#2644,#3179,.T.);
#1831=EDGE_CURVE('',#2645,#2610,#3180,.F.);
#1832=EDGE_CURVE('',#2584,#2645,#3181,.F.);
#1833=EDGE_CURVE('',#2587,#2598,#3182,.F.);
#1834=EDGE_CURVE('',#2598,#2640,#3183,.F.);
#1835=EDGE_CURVE('',#2646,#2647,#3184,.F.);
#1836=EDGE_CURVE('',#2648,#2647,#3185,.T.);
#1837=EDGE_CURVE('',#2648,#2649,#21,.F.);
#1838=EDGE_CURVE('',#2650,#2649,#3186,.T.);
#1839=EDGE_CURVE('',#2650,#2651,#3187,.T.);
#1840=EDGE_CURVE('',#2652,#2651,#3188,.T.);
#1841=EDGE_CURVE('',#2653,#2652,#3189,.T.);
#1842=EDGE_CURVE('',#2654,#2653,#22,.F.);
#1843=EDGE_CURVE('',#2654,#2655,#3190,.T.);
#1844=EDGE_CURVE('',#2655,#2656,#3191,.F.);
#1845=EDGE_CURVE('',#2656,#2646,#3192,.F.);
#1846=EDGE_CURVE('',#2646,#2641,#3193,.T.);
#1847=EDGE_CURVE('',#2641,#2657,#3194,.T.);
#1848=EDGE_CURVE('',#2647,#2657,#3195,.T.);
#1849=EDGE_CURVE('',#2658,#2659,#3196,.F.);
#1850=EDGE_CURVE('',#2658,#2660,#23,.F.);
#1851=EDGE_CURVE('',#2660,#2661,#3197,.F.);
#1852=EDGE_CURVE('',#2661,#2662,#3198,.T.);
#1853=EDGE_CURVE('',#2663,#2662,#3199,.F.);
#1854=EDGE_CURVE('',#2663,#2664,#3200,.T.);
#1855=EDGE_CURVE('',#2665,#2664,#24,.F.);
#1856=EDGE_CURVE('',#2665,#2657,#3201,.T.);
#1857=EDGE_CURVE('',#2659,#2640,#3202,.T.);
#1858=EDGE_CURVE('',#2666,#2667,#3203,.T.);
#1859=EDGE_CURVE('',#2667,#2668,#3204,.T.);
#1860=EDGE_CURVE('',#2668,#2669,#3205,.T.);
#1861=EDGE_CURVE('',#2670,#2669,#3206,.F.);
#1862=EDGE_CURVE('',#2670,#2671,#3207,.T.);
#1863=EDGE_CURVE('',#2671,#2646,#3208,.T.);
#1864=EDGE_CURVE('',#2656,#2666,#3209,.F.);
#1865=EDGE_CURVE('',#2672,#2673,#3210,.F.);
#1866=EDGE_CURVE('',#2674,#2673,#3211,.T.);
#1867=EDGE_CURVE('',#2674,#2675,#25,.T.);
#1868=EDGE_CURVE('',#2676,#2675,#3212,.T.);
#1869=EDGE_CURVE('',#2677,#2676,#3213,.T.);
#1870=EDGE_CURVE('',#2678,#2677,#3214,.T.);
#1871=EDGE_CURVE('',#2679,#2678,#3215,.T.);
#1872=EDGE_CURVE('',#2680,#2679,#26,.T.);
#1873=EDGE_CURVE('',#2681,#2680,#3216,.T.);
#1874=EDGE_CURVE('',#2681,#2682,#3217,.F.);
#1875=EDGE_CURVE('',#2672,#2682,#3218,.F.);
#1876=EDGE_CURVE('',#2683,#2681,#3219,.F.);
#1877=EDGE_CURVE('',#2684,#2680,#3220,.T.);
#1878=EDGE_CURVE('',#2684,#2683,#3221,.F.);
#1879=EDGE_CURVE('',#2667,#2672,#3222,.F.);
#1880=EDGE_CURVE('',#2667,#2685,#3223,.T.);
#1881=EDGE_CURVE('',#2673,#2685,#3224,.T.);
#1882=EDGE_CURVE('',#2683,#2666,#3225,.T.);
#1883=EDGE_CURVE('',#2684,#2686,#27,.T.);
#1884=EDGE_CURVE('',#2686,#2687,#3226,.F.);
#1885=EDGE_CURVE('',#2687,#2688,#3227,.T.);
#1886=EDGE_CURVE('',#2689,#2688,#3228,.F.);
#1887=EDGE_CURVE('',#2689,#2690,#3229,.T.);
#1888=EDGE_CURVE('',#2691,#2690,#28,.T.);
#1889=EDGE_CURVE('',#2691,#2685,#3230,.T.);
#1890=EDGE_CURVE('',#2691,#2674,#3231,.F.);
#1891=EDGE_CURVE('',#2690,#2675,#3232,.T.);
#1892=EDGE_CURVE('',#2689,#2676,#3233,.F.);
#1893=EDGE_CURVE('',#2688,#2677,#3234,.F.);
#1894=EDGE_CURVE('',#2687,#2678,#3235,.F.);
#1895=EDGE_CURVE('',#2686,#2679,#3236,.F.);
#1896=EDGE_CURVE('',#2692,#2693,#3237,.T.);
#1897=EDGE_CURVE('',#2692,#2694,#3238,.T.);
#1898=EDGE_CURVE('',#2694,#2695,#3239,.T.);
#1899=EDGE_CURVE('',#2696,#2695,#3240,.F.);
#1900=EDGE_CURVE('',#2697,#2696,#3241,.F.);
#1901=EDGE_CURVE('',#2698,#2697,#3242,.T.);
#1902=EDGE_CURVE('',#2699,#2698,#3243,.F.);
#1903=EDGE_CURVE('',#2699,#2700,#3244,.T.);
#1904=EDGE_CURVE('',#2700,#2701,#3245,.F.);
#1905=EDGE_CURVE('',#2701,#2693,#3246,.T.);
#1906=EDGE_CURVE('',#2702,#2703,#3247,.F.);
#1907=EDGE_CURVE('',#2702,#2704,#3248,.T.);
#1908=EDGE_CURVE('',#2705,#2704,#3249,.T.);
#1909=EDGE_CURVE('',#2705,#2703,#3250,.T.);
#1910=EDGE_CURVE('',#2706,#2707,#3251,.F.);
#1911=EDGE_CURVE('',#2707,#2708,#3252,.T.);
#1912=EDGE_CURVE('',#2709,#2708,#3253,.F.);
#1913=EDGE_CURVE('',#2706,#2709,#3254,.F.);
#1914=EDGE_CURVE('',#2710,#2711,#3255,.T.);
#1915=EDGE_CURVE('',#2712,#2710,#3256,.T.);
#1916=EDGE_CURVE('',#2713,#2712,#3257,.F.);
#1917=EDGE_CURVE('',#2713,#2714,#29,.T.);
#1918=EDGE_CURVE('',#2714,#2715,#3258,.F.);
#1919=EDGE_CURVE('',#2715,#2716,#3259,.T.);
#1920=EDGE_CURVE('',#2717,#2716,#3260,.F.);
#1921=EDGE_CURVE('',#2717,#2718,#3261,.T.);
#1922=EDGE_CURVE('',#2719,#2718,#30,.T.);
#1923=EDGE_CURVE('',#2719,#2720,#3262,.T.);
#1924=EDGE_CURVE('',#2711,#2720,#3263,.T.);
#1925=EDGE_CURVE('',#2634,#2721,#3264,.F.);
#1926=EDGE_CURVE('',#2721,#2722,#3265,.T.);
#1927=EDGE_CURVE('',#2722,#2635,#3266,.T.);
#1928=EDGE_CURVE('',#2723,#2724,#3267,.T.);
#1929=EDGE_CURVE('',#2725,#2723,#3268,.T.);
#1930=EDGE_CURVE('',#2703,#2725,#3269,.T.);
#1931=EDGE_CURVE('',#2705,#2724,#3270,.T.);
#1932=EDGE_CURVE('',#2612,#2704,#3271,.F.);
#1933=EDGE_CURVE('',#2644,#2726,#3272,.F.);
#1934=EDGE_CURVE('',#2726,#2705,#3273,.F.);
#1935=EDGE_CURVE('',#2600,#2727,#3274,.T.);
#1936=EDGE_CURVE('',#2727,#2668,#3275,.F.);
#1937=EDGE_CURVE('',#2599,#2672,#3276,.T.);
#1938=EDGE_CURVE('',#2728,#2729,#3277,.F.);
#1939=EDGE_CURVE('',#2729,#2730,#3278,.T.);
#1940=EDGE_CURVE('',#2731,#2730,#3279,.T.);
#1941=EDGE_CURVE('',#2731,#2728,#3280,.F.);
#1942=EDGE_CURVE('',#2732,#2733,#3281,.T.);
#1943=EDGE_CURVE('',#2733,#2734,#31,.T.);
#1944=EDGE_CURVE('',#2735,#2734,#3282,.F.);
#1945=EDGE_CURVE('',#2732,#2735,#32,.T.);
#1946=EDGE_CURVE('',#2637,#2736,#3283,.T.);
#1947=EDGE_CURVE('',#2737,#2736,#3284,.T.);
#1948=EDGE_CURVE('',#2638,#2737,#3285,.F.);
#1949=EDGE_CURVE('',#2738,#2698,#3286,.F.);
#1950=EDGE_CURVE('',#2739,#2738,#3287,.T.);
#1951=EDGE_CURVE('',#2739,#2699,#3288,.T.);
#1952=EDGE_CURVE('',#2740,#2741,#3289,.F.);
#1953=EDGE_CURVE('',#2740,#2742,#3290,.T.);
#1954=EDGE_CURVE('',#2743,#2742,#3291,.T.);
#1955=EDGE_CURVE('',#2741,#2743,#3292,.T.);
#1956=EDGE_CURVE('',#2744,#2745,#3293,.F.);
#1957=EDGE_CURVE('',#2745,#2746,#3294,.T.);
#1958=EDGE_CURVE('',#2747,#2746,#3295,.F.);
#1959=EDGE_CURVE('',#2744,#2747,#3296,.T.);
#1960=EDGE_CURVE('',#2605,#2748,#3297,.T.);
#1961=EDGE_CURVE('',#2748,#2749,#3298,.T.);
#1962=EDGE_CURVE('',#2606,#2749,#3299,.T.);
#1963=EDGE_CURVE('',#2702,#2745,#3300,.F.);
#1964=EDGE_CURVE('',#2609,#2744,#3301,.T.);
#1965=EDGE_CURVE('',#2750,#2751,#3302,.F.);
#1966=EDGE_CURVE('',#2751,#2752,#3303,.T.);
#1967=EDGE_CURVE('',#2753,#2752,#3304,.F.);
#1968=EDGE_CURVE('',#2753,#2750,#3305,.F.);
#1969=EDGE_CURVE('',#2725,#2745,#3306,.T.);
#1970=EDGE_CURVE('',#2655,#2659,#3307,.T.);
#1971=EDGE_CURVE('',#2658,#2654,#3308,.F.);
#1972=EDGE_CURVE('',#2648,#2665,#3309,.T.);
#1973=EDGE_CURVE('',#2649,#2664,#3310,.F.);
#1974=EDGE_CURVE('',#2663,#2650,#3311,.T.);
#1975=EDGE_CURVE('',#2651,#2662,#3312,.F.);
#1976=EDGE_CURVE('',#2652,#2661,#3313,.F.);
#1977=EDGE_CURVE('',#2653,#2660,#3314,.T.);
#1978=EDGE_CURVE('',#2754,#2616,#3315,.T.);
#1979=EDGE_CURVE('',#2636,#2754,#3316,.T.);
#1980=EDGE_CURVE('',#2755,#2748,#3317,.F.);
#1981=EDGE_CURVE('',#2756,#2624,#3318,.T.);
#1982=EDGE_CURVE('',#2757,#2756,#3319,.T.);
#1983=EDGE_CURVE('',#2758,#2757,#3320,.T.);
#1984=EDGE_CURVE('',#2759,#2758,#33,.T.);
#1985=EDGE_CURVE('',#2760,#2759,#3321,.T.);
#1986=EDGE_CURVE('',#2761,#2760,#3322,.F.);
#1987=EDGE_CURVE('',#2761,#2755,#3323,.F.);
#1988=EDGE_CURVE('',#2762,#2693,#3324,.T.);
#1989=EDGE_CURVE('',#2762,#2763,#3325,.T.);
#1990=EDGE_CURVE('',#2764,#2763,#3326,.T.);
#1991=EDGE_CURVE('',#2765,#2764,#3327,.F.);
#1992=EDGE_CURVE('',#2765,#2692,#3328,.T.);
#1993=EDGE_CURVE('',#2621,#2737,#3329,.T.);
#1994=EDGE_CURVE('',#2622,#2736,#3330,.T.);
#1995=EDGE_CURVE('',#2723,#2766,#3331,.T.);
#1996=EDGE_CURVE('',#2766,#2746,#3332,.F.);
#1997=EDGE_CURVE('',#2767,#2768,#3333,.T.);
#1998=EDGE_CURVE('',#2769,#2767,#3334,.F.);
#1999=EDGE_CURVE('',#2769,#2770,#3335,.T.);
#2000=EDGE_CURVE('',#2768,#2770,#3336,.T.);
#2001=EDGE_CURVE('',#2771,#2766,#3337,.T.);
#2002=EDGE_CURVE('',#2771,#2747,#3338,.F.);
#2003=EDGE_CURVE('',#2772,#2773,#34,.T.);
#2004=EDGE_CURVE('',#2774,#2772,#3339,.T.);
#2005=EDGE_CURVE('',#2774,#2775,#35,.T.);
#2006=EDGE_CURVE('',#2773,#2775,#3340,.F.);
#2007=EDGE_CURVE('',#2776,#2773,#3341,.F.);
#2008=EDGE_CURVE('',#2777,#2775,#3342,.T.);
#2009=EDGE_CURVE('',#2776,#2777,#3343,.F.);
#2010=EDGE_CURVE('',#2778,#2776,#3344,.F.);
#2011=EDGE_CURVE('',#2779,#2777,#3345,.T.);
#2012=EDGE_CURVE('',#2778,#2779,#3346,.F.);
#2013=EDGE_CURVE('',#2778,#2780,#3347,.T.);
#2014=EDGE_CURVE('',#2779,#2781,#3348,.T.);
#2015=EDGE_CURVE('',#2781,#2780,#3349,.T.);
#2016=EDGE_CURVE('',#2782,#2780,#36,.T.);
#2017=EDGE_CURVE('',#2783,#2781,#37,.T.);
#2018=EDGE_CURVE('',#2782,#2783,#3350,.F.);
#2019=EDGE_CURVE('',#2782,#2784,#3351,.F.);
#2020=EDGE_CURVE('',#2783,#2785,#3352,.T.);
#2021=EDGE_CURVE('',#2784,#2785,#3353,.F.);
#2022=EDGE_CURVE('',#2786,#2784,#3354,.F.);
#2023=EDGE_CURVE('',#2787,#2785,#3355,.F.);
#2024=EDGE_CURVE('',#2786,#2787,#3356,.F.);
#2025=EDGE_CURVE('',#2788,#2786,#3357,.F.);
#2026=EDGE_CURVE('',#2789,#2787,#3358,.F.);
#2027=EDGE_CURVE('',#2788,#2789,#3359,.F.);
#2028=EDGE_CURVE('',#2790,#2788,#38,.T.);
#2029=EDGE_CURVE('',#2791,#2789,#39,.T.);
#2030=EDGE_CURVE('',#2791,#2790,#3360,.T.);
#2031=EDGE_CURVE('',#2790,#2792,#3361,.T.);
#2032=EDGE_CURVE('',#2791,#2793,#3362,.T.);
#2033=EDGE_CURVE('',#2793,#2792,#3363,.T.);
#2034=EDGE_CURVE('',#2794,#2792,#40,.T.);
#2035=EDGE_CURVE('',#2795,#2793,#41,.T.);
#2036=EDGE_CURVE('',#2794,#2795,#3364,.F.);
#2037=EDGE_CURVE('',#2796,#2794,#3365,.F.);
#2038=EDGE_CURVE('',#2797,#2795,#3366,.T.);
#2039=EDGE_CURVE('',#2796,#2797,#3367,.F.);
#2040=EDGE_CURVE('',#2796,#2798,#3368,.T.);
#2041=EDGE_CURVE('',#2797,#2799,#3369,.T.);
#2042=EDGE_CURVE('',#2798,#2799,#3370,.F.);
#2043=EDGE_CURVE('',#2772,#2800,#3371,.F.);
#2044=EDGE_CURVE('',#2800,#2801,#3372,.F.);
#2045=EDGE_CURVE('',#2774,#2801,#3373,.T.);
#2046=EDGE_CURVE('',#2770,#2798,#3374,.F.);
#2047=EDGE_CURVE('',#2768,#2799,#3375,.F.);
#2048=EDGE_CURVE('',#2801,#2802,#42,.F.);
#2049=EDGE_CURVE('',#2802,#2767,#3376,.T.);
#2050=EDGE_CURVE('',#2803,#2769,#3377,.T.);
#2051=EDGE_CURVE('',#2800,#2803,#43,.F.);
#2052=EDGE_CURVE('',#2802,#2803,#3378,.T.);
#2053=EDGE_CURVE('',#2771,#2645,#3379,.T.);
#2054=EDGE_CURVE('',#2804,#2642,#3380,.F.);
#2055=EDGE_CURVE('',#2805,#2804,#3381,.T.);
#2056=EDGE_CURVE('',#2643,#2805,#3382,.T.);
#2057=EDGE_CURVE('',#2806,#2804,#3383,.F.);
#2058=EDGE_CURVE('',#2807,#2806,#3384,.T.);
#2059=EDGE_CURVE('',#2807,#2805,#3385,.T.);
#2060=EDGE_CURVE('',#2671,#2806,#3386,.T.);
#2061=EDGE_CURVE('',#2807,#2670,#3387,.F.);
#2062=EDGE_CURVE('',#2602,#2808,#3388,.T.);
#2063=EDGE_CURVE('',#2727,#2808,#3389,.T.);
#2064=EDGE_CURVE('',#2669,#2808,#3390,.T.);
#2065=EDGE_CURVE('',#2809,#2757,#3391,.F.);
#2066=EDGE_CURVE('',#2810,#2756,#3392,.F.);
#2067=EDGE_CURVE('',#2809,#2810,#3393,.T.);
#2068=EDGE_CURVE('',#2811,#2812,#3394,.T.);
#2069=EDGE_CURVE('',#2812,#2813,#44,.T.);
#2070=EDGE_CURVE('',#2814,#2813,#3395,.F.);
#2071=EDGE_CURVE('',#2811,#2814,#45,.T.);
#2072=EDGE_CURVE('',#2815,#2816,#3396,.F.);
#2073=EDGE_CURVE('',#2815,#2817,#3397,.T.);
#2074=EDGE_CURVE('',#2818,#2817,#3398,.T.);
#2075=EDGE_CURVE('',#2816,#2818,#3399,.F.);
#2076=EDGE_CURVE('',#2819,#2820,#3400,.T.);
#2077=EDGE_CURVE('',#2821,#2819,#3401,.T.);
#2078=EDGE_CURVE('',#2811,#2821,#3402,.F.);
#2079=EDGE_CURVE('',#2814,#2822,#3403,.F.);
#2080=EDGE_CURVE('',#2822,#2823,#3404,.T.);
#2081=EDGE_CURVE('',#2824,#2823,#3405,.F.);
#2082=EDGE_CURVE('',#2824,#2825,#3406,.T.);
#2083=EDGE_CURVE('',#2826,#2825,#46,.T.);
#2084=EDGE_CURVE('',#2826,#2827,#3407,.T.);
#2085=EDGE_CURVE('',#2820,#2827,#3408,.T.);
#2086=EDGE_CURVE('',#2730,#2707,#47,.T.);
#2087=EDGE_CURVE('',#2731,#2706,#48,.T.);
#2088=EDGE_CURVE('',#2765,#2828,#3409,.T.);
#2089=EDGE_CURVE('',#2764,#2724,#3410,.T.);
#2090=EDGE_CURVE('',#2829,#2726,#3411,.T.);
#2091=EDGE_CURVE('',#2829,#2830,#3412,.F.);
#2092=EDGE_CURVE('',#2830,#2831,#3413,.F.);
#2093=EDGE_CURVE('',#2832,#2831,#3414,.T.);
#2094=EDGE_CURVE('',#2828,#2832,#3415,.T.);
#2095=EDGE_CURVE('',#2607,#2833,#3416,.T.);
#2096=EDGE_CURVE('',#2763,#2834,#3417,.T.);
#2097=EDGE_CURVE('',#2832,#2834,#3418,.F.);
#2098=EDGE_CURVE('',#2835,#2831,#3419,.F.);
#2099=EDGE_CURVE('',#2835,#2836,#3420,.F.);
#2100=EDGE_CURVE('',#2837,#2836,#3421,.F.);
#2101=EDGE_CURVE('',#2837,#2838,#3422,.F.);
#2102=EDGE_CURVE('',#2839,#2838,#3423,.F.);
#2103=EDGE_CURVE('',#2840,#2839,#3424,.T.);
#2104=EDGE_CURVE('',#2833,#2840,#3425,.T.);
#2105=EDGE_CURVE('',#2841,#2697,#3426,.T.);
#2106=EDGE_CURVE('',#2738,#2841,#3427,.T.);
#2107=EDGE_CURVE('',#2752,#2620,#3428,.T.);
#2108=EDGE_CURVE('',#2708,#2751,#3429,.T.);
#2109=EDGE_CURVE('',#2842,#2729,#3430,.F.);
#2110=EDGE_CURVE('',#2842,#2638,#3431,.F.);
#2111=EDGE_CURVE('',#2843,#2844,#3432,.T.);
#2112=EDGE_CURVE('',#2843,#2845,#3433,.F.);
#2113=EDGE_CURVE('',#2845,#2846,#3434,.T.);
#2114=EDGE_CURVE('',#2844,#2846,#3435,.T.);
#2115=EDGE_CURVE('',#2701,#2847,#3436,.T.);
#2116=EDGE_CURVE('',#2848,#2700,#3437,.F.);
#2117=EDGE_CURVE('',#2847,#2848,#3438,.T.);
#2118=EDGE_CURVE('',#2630,#2849,#3439,.F.);
#2119=EDGE_CURVE('',#2849,#2850,#3440,.T.);
#2120=EDGE_CURVE('',#2631,#2850,#3441,.F.);
#2121=EDGE_CURVE('',#2601,#2754,#3442,.F.);
#2122=EDGE_CURVE('',#2615,#2851,#3443,.F.);
#2123=EDGE_CURVE('',#2851,#2743,#3444,.F.);
#2124=EDGE_CURVE('',#2852,#2742,#3445,.T.);
#2125=EDGE_CURVE('',#2852,#2853,#3446,.F.);
#2126=EDGE_CURVE('',#2853,#2854,#3447,.F.);
#2127=EDGE_CURVE('',#2854,#2855,#3448,.T.);
#2128=EDGE_CURVE('',#2856,#2855,#3449,.T.);
#2129=EDGE_CURVE('',#2856,#2857,#3450,.F.);
#2130=EDGE_CURVE('',#2857,#2858,#3451,.F.);
#2131=EDGE_CURVE('',#2858,#2859,#3452,.T.);
#2132=EDGE_CURVE('',#2860,#2859,#3453,.T.);
#2133=EDGE_CURVE('',#2860,#2861,#3454,.F.);
#2134=EDGE_CURVE('',#2861,#2862,#3455,.F.);
#2135=EDGE_CURVE('',#2862,#2863,#3456,.T.);
#2136=EDGE_CURVE('',#2864,#2863,#3457,.T.);
#2137=EDGE_CURVE('',#2864,#2865,#3458,.F.);
#2138=EDGE_CURVE('',#2865,#2866,#3459,.F.);
#2139=EDGE_CURVE('',#2866,#2867,#3460,.T.);
#2140=EDGE_CURVE('',#2868,#2867,#3461,.T.);
#2141=EDGE_CURVE('',#2868,#2869,#3462,.F.);
#2142=EDGE_CURVE('',#2869,#2870,#3463,.F.);
#2143=EDGE_CURVE('',#2870,#2871,#3464,.T.);
#2144=EDGE_CURVE('',#2872,#2871,#3465,.T.);
#2145=EDGE_CURVE('',#2872,#2873,#3466,.F.);
#2146=EDGE_CURVE('',#2873,#2874,#3467,.F.);
#2147=EDGE_CURVE('',#2874,#2875,#3468,.T.);
#2148=EDGE_CURVE('',#2876,#2875,#3469,.T.);
#2149=EDGE_CURVE('',#2876,#2877,#3470,.F.);
#2150=EDGE_CURVE('',#2877,#2878,#3471,.F.);
#2151=EDGE_CURVE('',#2878,#2879,#3472,.T.);
#2152=EDGE_CURVE('',#2880,#2879,#3473,.T.);
#2153=EDGE_CURVE('',#2880,#2881,#3474,.F.);
#2154=EDGE_CURVE('',#2881,#2882,#3475,.F.);
#2155=EDGE_CURVE('',#2882,#2883,#3476,.T.);
#2156=EDGE_CURVE('',#2883,#2884,#3477,.F.);
#2157=EDGE_CURVE('',#2885,#2884,#3478,.T.);
#2158=EDGE_CURVE('',#2885,#2886,#3479,.F.);
#2159=EDGE_CURVE('',#2886,#2829,#3480,.T.);
#2160=EDGE_CURVE('',#2887,#2759,#3481,.T.);
#2161=EDGE_CURVE('',#2888,#2758,#3482,.F.);
#2162=EDGE_CURVE('',#2887,#2888,#49,.T.);
#2163=EDGE_CURVE('',#2888,#2809,#3483,.F.);
#2164=EDGE_CURVE('',#2889,#2760,#3484,.F.);
#2165=EDGE_CURVE('',#2887,#2889,#3485,.F.);
#2166=EDGE_CURVE('',#2826,#2890,#3486,.F.);
#2167=EDGE_CURVE('',#2890,#2891,#3487,.T.);
#2168=EDGE_CURVE('',#2891,#2827,#3488,.T.);
#2169=EDGE_CURVE('',#2825,#2892,#3489,.T.);
#2170=EDGE_CURVE('',#2890,#2892,#50,.T.);
#2171=EDGE_CURVE('',#2824,#2893,#3490,.F.);
#2172=EDGE_CURVE('',#2893,#2892,#3491,.T.);
#2173=EDGE_CURVE('',#2820,#2894,#3492,.F.);
#2174=EDGE_CURVE('',#2894,#2891,#3493,.F.);
#2175=EDGE_CURVE('',#2895,#2740,#3494,.T.);
#2176=EDGE_CURVE('',#2896,#2741,#3495,.T.);
#2177=EDGE_CURVE('',#2896,#2755,#3496,.F.);
#2178=EDGE_CURVE('',#2897,#2755,#3497,.T.);
#2179=EDGE_CURVE('',#2897,#2895,#3498,.T.);
#2180=EDGE_CURVE('',#2813,#2898,#3499,.T.);
#2181=EDGE_CURVE('',#2822,#2898,#3500,.F.);
#2182=EDGE_CURVE('',#2594,#2899,#3501,.T.);
#2183=EDGE_CURVE('',#2900,#2608,#3502,.F.);
#2184=EDGE_CURVE('',#2901,#2900,#3503,.F.);
#2185=EDGE_CURVE('',#2902,#2901,#3504,.T.);
#2186=EDGE_CURVE('',#2899,#2902,#3505,.T.);
#2187=EDGE_CURVE('',#2898,#2903,#3506,.T.);
#2188=EDGE_CURVE('',#2823,#2903,#3507,.F.);
#2189=EDGE_CURVE('',#2904,#2896,#3508,.T.);
#2190=EDGE_CURVE('',#2889,#2904,#3509,.T.);
#2191=EDGE_CURVE('',#2623,#2810,#3510,.F.);
#2192=EDGE_CURVE('',#2896,#2749,#3511,.T.);
#2193=EDGE_CURVE('',#2753,#2619,#3512,.T.);
#2194=EDGE_CURVE('',#2709,#2750,#3513,.T.);
#2195=EDGE_CURVE('',#2905,#2722,#3514,.F.);
#2196=EDGE_CURVE('',#2721,#2906,#51,.T.);
#2197=EDGE_CURVE('',#2907,#2906,#3515,.T.);
#2198=EDGE_CURVE('',#2850,#2907,#3516,.T.);
#2199=EDGE_CURVE('',#2908,#2849,#3517,.T.);
#2200=EDGE_CURVE('',#2909,#2908,#52,.T.);
#2201=EDGE_CURVE('',#2910,#2909,#3518,.T.);
#2202=EDGE_CURVE('',#2911,#2910,#3519,.F.);
#2203=EDGE_CURVE('',#2911,#2905,#3520,.F.);
#2204=EDGE_CURVE('',#2853,#2897,#3521,.T.);
#2205=EDGE_CURVE('',#2852,#2895,#3522,.T.);
#2206=EDGE_CURVE('',#2851,#2639,#3523,.T.);
#2207=EDGE_CURVE('',#2842,#2904,#3524,.F.);
#2208=EDGE_CURVE('',#2912,#2637,#3525,.T.);
#2209=EDGE_CURVE('',#2728,#2912,#3526,.T.);
#2210=EDGE_CURVE('',#2682,#2912,#3527,.F.);
#2211=EDGE_CURVE('',#2821,#2913,#3528,.F.);
#2212=EDGE_CURVE('',#2913,#2812,#3529,.T.);
#2213=EDGE_CURVE('',#2914,#2915,#3530,.F.);
#2214=EDGE_CURVE('',#2915,#2916,#3531,.T.);
#2215=EDGE_CURVE('',#2917,#2916,#3532,.F.);
#2216=EDGE_CURVE('',#2914,#2917,#3533,.T.);
#2217=EDGE_CURVE('',#2918,#2919,#3534,.T.);
#2218=EDGE_CURVE('',#2919,#2920,#3535,.F.);
#2219=EDGE_CURVE('',#2820,#2920,#3536,.T.);
#2220=EDGE_CURVE('',#2921,#2894,#3537,.T.);
#2221=EDGE_CURVE('',#2921,#2918,#3538,.T.);
#2222=EDGE_CURVE('',#2919,#2855,#3539,.T.);
#2223=EDGE_CURVE('',#2920,#2854,#3540,.T.);
#2224=EDGE_CURVE('',#2922,#2923,#3541,.T.);
#2225=EDGE_CURVE('',#2923,#2924,#53,.T.);
#2226=EDGE_CURVE('',#2925,#2924,#3542,.F.);
#2227=EDGE_CURVE('',#2922,#2925,#54,.T.);
#2228=EDGE_CURVE('',#2903,#2893,#3543,.T.);
#2229=EDGE_CURVE('',#2716,#2926,#3544,.F.);
#2230=EDGE_CURVE('',#2926,#2927,#3545,.T.);
#2231=EDGE_CURVE('',#2717,#2927,#3546,.F.);
#2232=EDGE_CURVE('',#2928,#2596,#3547,.F.);
#2233=EDGE_CURVE('',#2929,#2928,#3548,.T.);
#2234=EDGE_CURVE('',#2929,#2597,#3549,.F.);
#2235=EDGE_CURVE('',#2627,#2910,#3550,.F.);
#2236=EDGE_CURVE('',#2628,#2909,#3551,.T.);
#2237=EDGE_CURVE('',#2913,#2930,#3552,.F.);
#2238=EDGE_CURVE('',#2894,#2930,#3553,.F.);
#2239=EDGE_CURVE('',#2931,#2932,#3554,.T.);
#2240=EDGE_CURVE('',#2931,#2933,#3555,.F.);
#2241=EDGE_CURVE('',#2933,#2934,#3556,.T.);
#2242=EDGE_CURVE('',#2932,#2934,#3557,.T.);
#2243=EDGE_CURVE('',#2856,#2918,#3558,.T.);
#2244=EDGE_CURVE('',#2761,#2819,#3559,.F.);
#2245=EDGE_CURVE('',#2935,#2936,#3560,.T.);
#2246=EDGE_CURVE('',#2937,#2936,#55,.T.);
#2247=EDGE_CURVE('',#2938,#2937,#3561,.F.);
#2248=EDGE_CURVE('',#2938,#2935,#56,.T.);
#2249=EDGE_CURVE('',#2713,#2939,#3562,.T.);
#2250=EDGE_CURVE('',#2939,#2940,#57,.T.);
#2251=EDGE_CURVE('',#2714,#2940,#3563,.F.);
#2252=EDGE_CURVE('',#2941,#2942,#3564,.F.);
#2253=EDGE_CURVE('',#2942,#2943,#3565,.T.);
#2254=EDGE_CURVE('',#2944,#2943,#3566,.F.);
#2255=EDGE_CURVE('',#2944,#2941,#3567,.F.);
#2256=EDGE_CURVE('',#2937,#2818,#3568,.T.);
#2257=EDGE_CURVE('',#2938,#2817,#3569,.T.);
#2258=EDGE_CURVE('',#2945,#2946,#3570,.F.);
#2259=EDGE_CURVE('',#2947,#2946,#3571,.T.);
#2260=EDGE_CURVE('',#2947,#2948,#58,.T.);
#2261=EDGE_CURVE('',#2927,#2948,#3572,.T.);
#2262=EDGE_CURVE('',#2949,#2926,#3573,.T.);
#2263=EDGE_CURVE('',#2940,#2949,#3574,.T.);
#2264=EDGE_CURVE('',#2950,#2939,#3575,.T.);
#2265=EDGE_CURVE('',#2951,#2950,#3576,.F.);
#2266=EDGE_CURVE('',#2951,#2945,#3577,.F.);
#2267=EDGE_CURVE('',#2719,#2947,#3578,.F.);
#2268=EDGE_CURVE('',#2946,#2720,#3579,.T.);
#2269=EDGE_CURVE('',#2944,#2935,#3580,.T.);
#2270=EDGE_CURVE('',#2943,#2936,#3581,.T.);
#2271=EDGE_CURVE('',#2952,#2953,#3582,.T.);
#2272=EDGE_CURVE('',#2954,#2952,#3583,.T.);
#2273=EDGE_CURVE('',#2732,#2954,#3584,.F.);
#2274=EDGE_CURVE('',#2735,#2955,#3585,.F.);
#2275=EDGE_CURVE('',#2955,#2956,#3586,.T.);
#2276=EDGE_CURVE('',#2931,#2956,#3587,.F.);
#2277=EDGE_CURVE('',#2957,#2932,#59,.T.);
#2278=EDGE_CURVE('',#2957,#2958,#3588,.T.);
#2279=EDGE_CURVE('',#2953,#2958,#3589,.T.);
#2280=EDGE_CURVE('',#2959,#2934,#60,.T.);
#2281=EDGE_CURVE('',#2957,#2959,#3590,.F.);
#2282=EDGE_CURVE('',#2956,#2960,#3591,.F.);
#2283=EDGE_CURVE('',#2960,#2933,#3592,.T.);
#2284=EDGE_CURVE('',#2632,#2907,#3593,.F.);
#2285=EDGE_CURVE('',#2961,#2846,#61,.T.);
#2286=EDGE_CURVE('',#2962,#2961,#3594,.F.);
#2287=EDGE_CURVE('',#2962,#2844,#62,.T.);
#2288=EDGE_CURVE('',#2712,#2950,#3595,.F.);
#2289=EDGE_CURVE('',#2955,#2963,#3596,.F.);
#2290=EDGE_CURVE('',#2963,#2960,#3597,.T.);
#2291=EDGE_CURVE('',#2633,#2906,#3598,.T.);
#2292=EDGE_CURVE('',#2718,#2948,#3599,.T.);
#2293=EDGE_CURVE('',#2711,#2945,#3600,.F.);
#2294=EDGE_CURVE('',#2964,#2965,#3601,.T.);
#2295=EDGE_CURVE('',#2965,#2966,#3602,.T.);
#2296=EDGE_CURVE('',#2966,#2858,#3603,.T.);
#2297=EDGE_CURVE('',#2857,#2921,#3604,.T.);
#2298=EDGE_CURVE('',#2930,#2964,#3605,.F.);
#2299=EDGE_CURVE('',#2734,#2963,#3606,.T.);
#2300=EDGE_CURVE('',#2953,#2967,#3607,.F.);
#2301=EDGE_CURVE('',#2968,#2958,#3608,.T.);
#2302=EDGE_CURVE('',#2967,#2968,#3609,.F.);
#2303=EDGE_CURVE('',#2959,#2968,#3610,.T.);
#2304=EDGE_CURVE('',#2629,#2908,#3611,.F.);
#2305=EDGE_CURVE('',#2924,#2969,#3612,.T.);
#2306=EDGE_CURVE('',#2970,#2969,#3613,.F.);
#2307=EDGE_CURVE('',#2925,#2970,#3614,.F.);
#2308=EDGE_CURVE('',#2971,#2964,#3615,.T.);
#2309=EDGE_CURVE('',#2972,#2971,#3616,.F.);
#2310=EDGE_CURVE('',#2972,#2973,#63,.T.);
#2311=EDGE_CURVE('',#2973,#2974,#3617,.F.);
#2312=EDGE_CURVE('',#2974,#2975,#3618,.T.);
#2313=EDGE_CURVE('',#2976,#2975,#3619,.F.);
#2314=EDGE_CURVE('',#2976,#2977,#3620,.T.);
#2315=EDGE_CURVE('',#2978,#2977,#64,.T.);
#2316=EDGE_CURVE('',#2978,#2979,#3621,.T.);
#2317=EDGE_CURVE('',#2965,#2979,#3622,.T.);
#2318=EDGE_CURVE('',#2980,#2981,#3623,.F.);
#2319=EDGE_CURVE('',#2982,#2981,#3624,.T.);
#2320=EDGE_CURVE('',#2982,#2983,#65,.T.);
#2321=EDGE_CURVE('',#2984,#2983,#3625,.T.);
#2322=EDGE_CURVE('',#2985,#2984,#3626,.T.);
#2323=EDGE_CURVE('',#2986,#2985,#3627,.T.);
#2324=EDGE_CURVE('',#2987,#2986,#3628,.T.);
#2325=EDGE_CURVE('',#2988,#2987,#66,.T.);
#2326=EDGE_CURVE('',#2989,#2988,#3629,.T.);
#2327=EDGE_CURVE('',#2990,#2989,#3630,.F.);
#2328=EDGE_CURVE('',#2990,#2980,#3631,.F.);
#2329=EDGE_CURVE('',#2965,#2980,#3632,.F.);
#2330=EDGE_CURVE('',#2981,#2979,#3633,.T.);
#2331=EDGE_CURVE('',#2991,#2966,#3634,.F.);
#2332=EDGE_CURVE('',#2991,#2859,#3635,.T.);
#2333=EDGE_CURVE('',#2992,#2991,#3636,.T.);
#2334=EDGE_CURVE('',#2993,#2980,#3637,.T.);
#2335=EDGE_CURVE('',#2993,#2992,#3638,.T.);
#2336=EDGE_CURVE('',#2860,#2992,#3639,.T.);
#2337=EDGE_CURVE('',#2971,#2989,#3640,.F.);
#2338=EDGE_CURVE('',#2972,#2988,#3641,.T.);
#2339=EDGE_CURVE('',#2973,#2987,#3642,.F.);
#2340=EDGE_CURVE('',#2974,#2986,#3643,.F.);
#2341=EDGE_CURVE('',#2975,#2985,#3644,.F.);
#2342=EDGE_CURVE('',#2976,#2984,#3645,.F.);
#2343=EDGE_CURVE('',#2977,#2983,#3646,.T.);
#2344=EDGE_CURVE('',#2978,#2982,#3647,.F.);
#2345=EDGE_CURVE('',#2961,#2994,#3648,.T.);
#2346=EDGE_CURVE('',#2994,#2995,#3649,.T.);
#2347=EDGE_CURVE('',#2962,#2995,#3650,.T.);
#2348=EDGE_CURVE('',#2953,#2996,#3651,.T.);
#2349=EDGE_CURVE('',#2996,#2862,#3652,.T.);
#2350=EDGE_CURVE('',#2861,#2993,#3653,.T.);
#2351=EDGE_CURVE('',#2990,#2952,#3654,.F.);
#2352=EDGE_CURVE('',#2997,#2996,#3655,.F.);
#2353=EDGE_CURVE('',#2997,#2863,#3656,.T.);
#2354=EDGE_CURVE('',#2998,#2997,#3657,.T.);
#2355=EDGE_CURVE('',#2999,#2967,#3658,.T.);
#2356=EDGE_CURVE('',#2999,#2998,#3659,.T.);
#2357=EDGE_CURVE('',#2864,#2998,#3660,.T.);
#2358=EDGE_CURVE('',#2715,#2949,#3661,.F.);
#2359=EDGE_CURVE('',#3000,#2815,#3662,.T.);
#2360=EDGE_CURVE('',#3001,#3000,#3663,.T.);
#2361=EDGE_CURVE('',#2922,#3001,#3664,.F.);
#2362=EDGE_CURVE('',#2970,#2941,#3665,.T.);
#2363=EDGE_CURVE('',#3002,#3003,#3666,.F.);
#2364=EDGE_CURVE('',#3002,#2867,#3667,.T.);
#2365=EDGE_CURVE('',#3003,#2866,#3668,.T.);
#2366=EDGE_CURVE('',#3004,#3002,#3669,.T.);
#2367=EDGE_CURVE('',#2868,#3004,#3670,.T.);
#2368=EDGE_CURVE('',#2711,#3003,#3671,.T.);
#2369=EDGE_CURVE('',#3005,#2945,#3672,.T.);
#2370=EDGE_CURVE('',#3005,#3004,#3673,.T.);
#2371=EDGE_CURVE('',#2865,#2999,#3674,.T.);
#2372=EDGE_CURVE('',#3006,#2967,#3675,.F.);
#2373=EDGE_CURVE('',#3006,#2710,#3676,.F.);
#2374=EDGE_CURVE('',#2626,#3007,#3677,.T.);
#2375=EDGE_CURVE('',#3007,#2870,#3678,.T.);
#2376=EDGE_CURVE('',#2869,#3005,#3679,.T.);
#2377=EDGE_CURVE('',#2951,#2625,#3680,.F.);
#2378=EDGE_CURVE('',#3008,#3007,#3681,.F.);
#2379=EDGE_CURVE('',#3008,#2871,#3682,.T.);
#2380=EDGE_CURVE('',#3009,#3008,#3683,.T.);
#2381=EDGE_CURVE('',#2626,#2905,#3684,.F.);
#2382=EDGE_CURVE('',#3010,#2905,#3685,.T.);
#2383=EDGE_CURVE('',#3010,#3009,#3686,.T.);
#2384=EDGE_CURVE('',#2872,#3009,#3687,.T.);
#2385=EDGE_CURVE('',#2873,#3010,#3688,.T.);
#2386=EDGE_CURVE('',#3011,#3012,#3689,.F.);
#2387=EDGE_CURVE('',#3011,#2875,#3690,.T.);
#2388=EDGE_CURVE('',#3012,#2874,#3691,.T.);
#2389=EDGE_CURVE('',#3013,#3011,#3692,.T.);
#2390=EDGE_CURVE('',#2876,#3013,#3693,.T.);
#2391=EDGE_CURVE('',#2815,#3012,#3694,.T.);
#2392=EDGE_CURVE('',#3014,#2816,#3695,.T.);
#2393=EDGE_CURVE('',#3014,#3013,#3696,.T.);
#2394=EDGE_CURVE('',#2911,#3000,#3697,.F.);
#2395=EDGE_CURVE('',#3015,#3016,#3698,.T.);
#2396=EDGE_CURVE('',#3016,#3017,#3699,.T.);
#2397=EDGE_CURVE('',#3017,#2878,#3700,.T.);
#2398=EDGE_CURVE('',#2877,#3014,#3701,.T.);
#2399=EDGE_CURVE('',#3018,#2816,#3702,.F.);
#2400=EDGE_CURVE('',#3018,#3015,#3703,.F.);
#2401=EDGE_CURVE('',#3019,#3017,#3704,.F.);
#2402=EDGE_CURVE('',#3019,#2879,#3705,.T.);
#2403=EDGE_CURVE('',#3020,#3019,#3706,.T.);
#2404=EDGE_CURVE('',#3016,#3021,#3707,.F.);
#2405=EDGE_CURVE('',#3022,#3021,#3708,.T.);
#2406=EDGE_CURVE('',#3022,#3020,#3709,.T.);
#2407=EDGE_CURVE('',#2880,#3020,#3710,.T.);
#2408=EDGE_CURVE('',#2881,#3022,#3711,.T.);
#2409=EDGE_CURVE('',#3023,#3024,#3712,.T.);
#2410=EDGE_CURVE('',#3024,#3025,#3713,.F.);
#2411=EDGE_CURVE('',#3025,#3026,#3714,.F.);
#2412=EDGE_CURVE('',#3026,#3027,#3715,.F.);
#2413=EDGE_CURVE('',#3027,#3028,#3716,.F.);
#2414=EDGE_CURVE('',#3023,#3028,#3717,.F.);
#2415=EDGE_CURVE('',#3029,#3026,#3718,.T.);
#2416=EDGE_CURVE('',#3030,#3029,#3719,.T.);
#2417=EDGE_CURVE('',#3031,#3030,#3720,.F.);
#2418=EDGE_CURVE('',#3031,#3032,#67,.T.);
#2419=EDGE_CURVE('',#3032,#3033,#3721,.F.);
#2420=EDGE_CURVE('',#3033,#3034,#3722,.T.);
#2421=EDGE_CURVE('',#3035,#3034,#3723,.F.);
#2422=EDGE_CURVE('',#3035,#3036,#3724,.T.);
#2423=EDGE_CURVE('',#3037,#3036,#68,.T.);
#2424=EDGE_CURVE('',#3037,#3038,#3725,.T.);
#2425=EDGE_CURVE('',#3026,#3038,#3726,.T.);
#2426=EDGE_CURVE('',#3039,#3038,#3727,.T.);
#2427=EDGE_CURVE('',#3027,#3039,#3728,.F.);
#2428=EDGE_CURVE('',#3040,#3039,#3729,.T.);
#2429=EDGE_CURVE('',#3040,#3041,#69,.T.);
#2430=EDGE_CURVE('',#3042,#3041,#3730,.T.);
#2431=EDGE_CURVE('',#3042,#3043,#3731,.T.);
#2432=EDGE_CURVE('',#3044,#3043,#3732,.T.);
#2433=EDGE_CURVE('',#3045,#3044,#3733,.T.);
#2434=EDGE_CURVE('',#3046,#3045,#70,.T.);
#2435=EDGE_CURVE('',#3046,#3047,#3734,.T.);
#2436=EDGE_CURVE('',#3047,#3048,#3735,.F.);
#2437=EDGE_CURVE('',#3048,#3027,#3736,.F.);
#2438=EDGE_CURVE('',#3049,#3048,#3737,.T.);
#2439=EDGE_CURVE('',#3050,#3049,#3738,.F.);
#2440=EDGE_CURVE('',#2839,#3050,#3739,.F.);
#2441=EDGE_CURVE('',#2838,#3051,#3740,.T.);
#2442=EDGE_CURVE('',#3052,#3051,#3741,.T.);
#2443=EDGE_CURVE('',#3052,#2886,#3742,.T.);
#2444=EDGE_CURVE('',#3028,#2885,#3743,.F.);
#2445=EDGE_CURVE('',#2830,#3053,#3744,.T.);
#2446=EDGE_CURVE('',#3053,#3054,#3745,.T.);
#2447=EDGE_CURVE('',#3054,#2835,#3746,.T.);
#2448=EDGE_CURVE('',#2830,#3055,#3747,.T.);
#2449=EDGE_CURVE('',#3056,#3055,#3748,.T.);
#2450=EDGE_CURVE('',#3056,#3053,#3749,.F.);
#2451=EDGE_CURVE('',#3057,#3052,#3750,.F.);
#2452=EDGE_CURVE('',#3057,#3055,#3751,.F.);
#2453=EDGE_CURVE('',#3057,#3058,#3752,.F.);
#2454=EDGE_CURVE('',#3058,#3051,#3753,.T.);
#2455=EDGE_CURVE('',#3058,#3059,#3754,.F.);
#2456=EDGE_CURVE('',#3059,#3060,#3755,.T.);
#2457=EDGE_CURVE('',#3056,#3060,#3756,.F.);
#2458=EDGE_CURVE('',#3059,#3061,#3757,.T.);
#2459=EDGE_CURVE('',#3061,#3062,#3758,.F.);
#2460=EDGE_CURVE('',#3060,#3062,#3759,.T.);
#2461=EDGE_CURVE('',#3054,#3060,#3760,.T.);
#2462=EDGE_CURVE('',#2836,#3062,#3761,.F.);
#2463=EDGE_CURVE('',#3063,#3064,#3762,.F.);
#2464=EDGE_CURVE('',#3063,#3065,#3763,.F.);
#2465=EDGE_CURVE('',#3066,#3065,#3764,.T.);
#2466=EDGE_CURVE('',#3064,#3066,#3765,.F.);
#2467=EDGE_CURVE('',#2837,#3061,#3766,.F.);
#2468=EDGE_CURVE('',#3067,#3068,#3767,.T.);
#2469=EDGE_CURVE('',#3069,#3068,#71,.T.);
#2470=EDGE_CURVE('',#3070,#3069,#3768,.T.);
#2471=EDGE_CURVE('',#3070,#3067,#72,.T.);
#2472=EDGE_CURVE('',#3071,#3072,#3769,.T.);
#2473=EDGE_CURVE('',#3072,#3068,#3770,.T.);
#2474=EDGE_CURVE('',#3071,#3067,#3771,.T.);
#2475=EDGE_CURVE('',#3073,#3074,#3772,.T.);
#2476=EDGE_CURVE('',#3074,#3072,#3773,.T.);
#2477=EDGE_CURVE('',#3073,#3071,#3774,.T.);
#2478=EDGE_CURVE('',#3075,#3076,#3775,.T.);
#2479=EDGE_CURVE('',#3074,#3076,#3776,.T.);
#2480=EDGE_CURVE('',#3073,#3075,#3777,.F.);
#2481=EDGE_CURVE('',#3077,#3078,#3778,.T.);
#2482=EDGE_CURVE('',#3078,#3076,#73,.T.);
#2483=EDGE_CURVE('',#3077,#3075,#74,.T.);
#2484=EDGE_CURVE('',#3079,#3080,#3779,.T.);
#2485=EDGE_CURVE('',#3078,#3080,#3780,.F.);
#2486=EDGE_CURVE('',#3077,#3079,#3781,.F.);
#2487=EDGE_CURVE('',#3081,#3082,#3782,.T.);
#2488=EDGE_CURVE('',#3082,#3080,#3783,.T.);
#2489=EDGE_CURVE('',#3081,#3079,#3784,.F.);
#2490=EDGE_CURVE('',#3083,#3084,#3785,.T.);
#2491=EDGE_CURVE('',#3084,#3082,#3786,.T.);
#2492=EDGE_CURVE('',#3083,#3081,#3787,.F.);
#2493=EDGE_CURVE('',#3085,#3086,#3788,.T.);
#2494=EDGE_CURVE('',#3086,#3084,#75,.T.);
#2495=EDGE_CURVE('',#3085,#3083,#76,.T.);
#2496=EDGE_CURVE('',#3087,#3088,#3789,.T.);
#2497=EDGE_CURVE('',#3086,#3088,#3790,.T.);
#2498=EDGE_CURVE('',#3085,#3087,#3791,.F.);
#2499=EDGE_CURVE('',#3089,#3090,#3792,.T.);
#2500=EDGE_CURVE('',#3090,#3088,#77,.T.);
#2501=EDGE_CURVE('',#3089,#3087,#78,.T.);
#2502=EDGE_CURVE('',#3091,#3092,#3793,.T.);
#2503=EDGE_CURVE('',#3092,#3090,#3794,.T.);
#2504=EDGE_CURVE('',#3091,#3089,#3795,.T.);
#2505=EDGE_CURVE('',#3093,#3094,#3796,.T.);
#2506=EDGE_CURVE('',#3092,#3094,#3797,.T.);
#2507=EDGE_CURVE('',#3091,#3093,#3798,.F.);
#2508=EDGE_CURVE('',#3095,#3069,#3799,.F.);
#2509=EDGE_CURVE('',#3096,#3095,#3800,.T.);
#2510=EDGE_CURVE('',#3096,#3070,#3801,.F.);
#2511=EDGE_CURVE('',#3093,#3063,#3802,.F.);
#2512=EDGE_CURVE('',#3094,#3064,#3803,.T.);
#2513=EDGE_CURVE('',#3096,#3097,#79,.T.);
#2514=EDGE_CURVE('',#3065,#3097,#3804,.F.);
#2515=EDGE_CURVE('',#3066,#3098,#3805,.F.);
#2516=EDGE_CURVE('',#3095,#3098,#80,.T.);
#2517=EDGE_CURVE('',#3097,#3098,#3806,.F.);
#2518=EDGE_CURVE('',#2969,#2942,#3807,.T.);
#2519=EDGE_CURVE('',#2847,#3099,#3808,.T.);
#2520=EDGE_CURVE('',#2739,#2848,#3809,.T.);
#2521=EDGE_CURVE('',#2841,#3100,#3810,.F.);
#2522=EDGE_CURVE('',#3100,#3101,#3811,.T.);
#2523=EDGE_CURVE('',#3102,#3101,#3812,.F.);
#2524=EDGE_CURVE('',#3103,#3102,#3813,.T.);
#2525=EDGE_CURVE('',#3099,#3103,#3814,.F.);
#2526=EDGE_CURVE('',#3104,#3099,#3815,.T.);
#2527=EDGE_CURVE('',#3103,#2828,#3816,.T.);
#2528=EDGE_CURVE('',#3104,#2834,#3817,.T.);
#2529=EDGE_CURVE('',#3102,#2694,#3818,.F.);
#2530=EDGE_CURVE('',#3101,#2695,#3819,.T.);
#2531=EDGE_CURVE('',#3100,#2696,#3820,.F.);
#2532=EDGE_CURVE('',#3105,#2733,#3821,.T.);
#2533=EDGE_CURVE('',#3006,#3105,#3822,.F.);
#2534=EDGE_CURVE('',#3104,#2762,#3823,.F.);
#2535=EDGE_CURVE('',#3001,#3106,#3824,.F.);
#2536=EDGE_CURVE('',#3106,#2923,#3825,.T.);
#2537=EDGE_CURVE('',#3107,#3050,#3826,.T.);
#2538=EDGE_CURVE('',#2901,#3107,#3827,.T.);
#2539=EDGE_CURVE('',#2840,#2901,#3828,.F.);
#2540=EDGE_CURVE('',#2900,#2833,#3829,.T.);
#2541=EDGE_CURVE('',#3108,#3107,#3830,.T.);
#2542=EDGE_CURVE('',#2902,#3108,#3831,.F.);
#2543=EDGE_CURVE('',#3049,#3108,#3832,.F.);
#2544=EDGE_CURVE('',#2929,#3049,#3833,.T.);
#2545=EDGE_CURVE('',#2928,#3109,#3834,.T.);
#2546=EDGE_CURVE('',#3109,#3110,#3835,.T.);
#2547=EDGE_CURVE('',#3110,#2614,#3836,.F.);
#2548=EDGE_CURVE('',#2614,#2899,#3837,.F.);
#2549=EDGE_CURVE('',#3025,#2882,#3838,.T.);
#2550=EDGE_CURVE('',#3021,#3111,#3839,.F.);
#2551=EDGE_CURVE('',#3111,#3029,#3840,.F.);
#2552=EDGE_CURVE('',#2884,#3023,#3841,.T.);
#2553=EDGE_CURVE('',#3024,#2883,#3842,.T.);
#2554=EDGE_CURVE('',#3018,#3106,#3843,.F.);
#2555=EDGE_CURVE('',#3030,#3047,#3844,.F.);
#2556=EDGE_CURVE('',#3112,#3111,#3845,.F.);
#2557=EDGE_CURVE('',#3113,#3112,#3846,.F.);
#2558=EDGE_CURVE('',#3113,#3015,#3847,.T.);
#2559=EDGE_CURVE('',#2954,#3105,#3848,.F.);
#2560=EDGE_CURVE('',#2916,#2845,#3849,.T.);
#2561=EDGE_CURVE('',#2843,#2917,#3850,.F.);
#2562=EDGE_CURVE('',#3109,#2595,#3851,.T.);
#2563=EDGE_CURVE('',#3114,#2591,#3852,.F.);
#2564=EDGE_CURVE('',#3114,#3110,#3853,.T.);
#2565=EDGE_CURVE('',#2613,#3114,#3854,.T.);
#2566=EDGE_CURVE('',#3031,#3046,#3855,.T.);
#2567=EDGE_CURVE('',#3032,#3045,#3856,.F.);
#2568=EDGE_CURVE('',#3033,#3044,#3857,.F.);
#2569=EDGE_CURVE('',#3034,#3043,#3858,.F.);
#2570=EDGE_CURVE('',#3035,#3042,#3859,.F.);
#2571=EDGE_CURVE('',#3036,#3041,#3860,.T.);
#2572=EDGE_CURVE('',#3037,#3040,#3861,.F.);
#2573=EDGE_CURVE('',#3021,#2994,#3862,.F.);
#2574=EDGE_CURVE('',#3115,#2915,#3863,.T.);
#2575=EDGE_CURVE('',#3116,#3115,#81,.T.);
#2576=EDGE_CURVE('',#3112,#3116,#3864,.T.);
#2577=EDGE_CURVE('',#3016,#2995,#3865,.T.);
#2578=EDGE_CURVE('',#3117,#3113,#3866,.F.);
#2579=EDGE_CURVE('',#3117,#3118,#82,.T.);
#2580=EDGE_CURVE('',#3118,#2914,#3867,.F.);
#2581=EDGE_CURVE('',#3117,#3116,#3868,.T.);
#2582=EDGE_CURVE('',#3118,#3115,#3869,.F.);
#2583=VERTEX_POINT('',#7606);
#2584=VERTEX_POINT('',#7607);
#2585=VERTEX_POINT('',#7609);
#2586=VERTEX_POINT('',#7611);
#2587=VERTEX_POINT('',#7613);
#2588=VERTEX_POINT('',#7617);
#2589=VERTEX_POINT('',#7618);
#2590=VERTEX_POINT('',#7623);
#2591=VERTEX_POINT('',#7624);
#2592=VERTEX_POINT('',#7626);
#2593=VERTEX_POINT('',#7628);
#2594=VERTEX_POINT('',#7635);
#2595=VERTEX_POINT('',#7637);
#2596=VERTEX_POINT('',#7639);
#2597=VERTEX_POINT('',#7641);
#2598=VERTEX_POINT('',#7643);
#2599=VERTEX_POINT('',#7648);
#2600=VERTEX_POINT('',#7649);
#2601=VERTEX_POINT('',#7651);
#2602=VERTEX_POINT('',#7653);
#2603=VERTEX_POINT('',#7657);
#2604=VERTEX_POINT('',#7658);
#2605=VERTEX_POINT('',#7660);
#2606=VERTEX_POINT('',#7662);
#2607=VERTEX_POINT('',#7666);
#2608=VERTEX_POINT('',#7668);
#2609=VERTEX_POINT('',#7672);
#2610=VERTEX_POINT('',#7673);
#2611=VERTEX_POINT('',#7675);
#2612=VERTEX_POINT('',#7677);
#2613=VERTEX_POINT('',#7681);
#2614=VERTEX_POINT('',#7683);
#2615=VERTEX_POINT('',#7690);
#2616=VERTEX_POINT('',#7691);
#2617=VERTEX_POINT('',#7693);
#2618=VERTEX_POINT('',#7695);
#2619=VERTEX_POINT('',#7699);
#2620=VERTEX_POINT('',#7700);
#2621=VERTEX_POINT('',#7702);
#2622=VERTEX_POINT('',#7704);
#2623=VERTEX_POINT('',#7708);
#2624=VERTEX_POINT('',#7710);
#2625=VERTEX_POINT('',#7714);
#2626=VERTEX_POINT('',#7715);
#2627=VERTEX_POINT('',#7717);
#2628=VERTEX_POINT('',#7719);
#2629=VERTEX_POINT('',#7721);
#2630=VERTEX_POINT('',#7723);
#2631=VERTEX_POINT('',#7725);
#2632=VERTEX_POINT('',#7727);
#2633=VERTEX_POINT('',#7729);
#2634=VERTEX_POINT('',#7731);
#2635=VERTEX_POINT('',#7733);
#2636=VERTEX_POINT('',#7737);
#2637=VERTEX_POINT('',#7739);
#2638=VERTEX_POINT('',#7741);
#2639=VERTEX_POINT('',#7743);
#2640=VERTEX_POINT('',#7747);
#2641=VERTEX_POINT('',#7748);
#2642=VERTEX_POINT('',#7750);
#2643=VERTEX_POINT('',#7752);
#2644=VERTEX_POINT('',#7754);
#2645=VERTEX_POINT('',#7757);
#2646=VERTEX_POINT('',#7763);
#2647=VERTEX_POINT('',#7764);
#2648=VERTEX_POINT('',#7766);
#2649=VERTEX_POINT('',#7768);
#2650=VERTEX_POINT('',#7770);
#2651=VERTEX_POINT('',#7772);
#2652=VERTEX_POINT('',#7774);
#2653=VERTEX_POINT('',#7776);
#2654=VERTEX_POINT('',#7778);
#2655=VERTEX_POINT('',#7780);
#2656=VERTEX_POINT('',#7782);
#2657=VERTEX_POINT('',#7787);
#2658=VERTEX_POINT('',#7791);
#2659=VERTEX_POINT('',#7792);
#2660=VERTEX_POINT('',#7794);
#2661=VERTEX_POINT('',#7796);
#2662=VERTEX_POINT('',#7798);
#2663=VERTEX_POINT('',#7800);
#2664=VERTEX_POINT('',#7802);
#2665=VERTEX_POINT('',#7804);
#2666=VERTEX_POINT('',#7809);
#2667=VERTEX_POINT('',#7810);
#2668=VERTEX_POINT('',#7812);
#2669=VERTEX_POINT('',#7814);
#2670=VERTEX_POINT('',#7816);
#2671=VERTEX_POINT('',#7818);
#2672=VERTEX_POINT('',#7823);
#2673=VERTEX_POINT('',#7824);
#2674=VERTEX_POINT('',#7826);
#2675=VERTEX_POINT('',#7828);
#2676=VERTEX_POINT('',#7830);
#2677=VERTEX_POINT('',#7832);
#2678=VERTEX_POINT('',#7834);
#2679=VERTEX_POINT('',#7836);
#2680=VERTEX_POINT('',#7838);
#2681=VERTEX_POINT('',#7840);
#2682=VERTEX_POINT('',#7842);
#2683=VERTEX_POINT('',#7846);
#2684=VERTEX_POINT('',#7848);
#2685=VERTEX_POINT('',#7853);
#2686=VERTEX_POINT('',#7858);
#2687=VERTEX_POINT('',#7860);
#2688=VERTEX_POINT('',#7862);
#2689=VERTEX_POINT('',#7864);
#2690=VERTEX_POINT('',#7866);
#2691=VERTEX_POINT('',#7868);
#2692=VERTEX_POINT('',#7885);
#2693=VERTEX_POINT('',#7886);
#2694=VERTEX_POINT('',#7888);
#2695=VERTEX_POINT('',#7890);
#2696=VERTEX_POINT('',#7892);
#2697=VERTEX_POINT('',#7894);
#2698=VERTEX_POINT('',#7896);
#2699=VERTEX_POINT('',#7898);
#2700=VERTEX_POINT('',#7900);
#2701=VERTEX_POINT('',#7902);
#2702=VERTEX_POINT('',#7906);
#2703=VERTEX_POINT('',#7907);
#2704=VERTEX_POINT('',#7909);
#2705=VERTEX_POINT('',#7911);
#2706=VERTEX_POINT('',#7915);
#2707=VERTEX_POINT('',#7916);
#2708=VERTEX_POINT('',#7918);
#2709=VERTEX_POINT('',#7920);
#2710=VERTEX_POINT('',#7924);
#2711=VERTEX_POINT('',#7925);
#2712=VERTEX_POINT('',#7927);
#2713=VERTEX_POINT('',#7929);
#2714=VERTEX_POINT('',#7931);
#2715=VERTEX_POINT('',#7933);
#2716=VERTEX_POINT('',#7935);
#2717=VERTEX_POINT('',#7937);
#2718=VERTEX_POINT('',#7939);
#2719=VERTEX_POINT('',#7941);
#2720=VERTEX_POINT('',#7943);
#2721=VERTEX_POINT('',#7947);
#2722=VERTEX_POINT('',#7949);
#2723=VERTEX_POINT('',#7953);
#2724=VERTEX_POINT('',#7954);
#2725=VERTEX_POINT('',#7956);
#2726=VERTEX_POINT('',#7962);
#2727=VERTEX_POINT('',#7966);
#2728=VERTEX_POINT('',#7971);
#2729=VERTEX_POINT('',#7972);
#2730=VERTEX_POINT('',#7974);
#2731=VERTEX_POINT('',#7976);
#2732=VERTEX_POINT('',#7980);
#2733=VERTEX_POINT('',#7981);
#2734=VERTEX_POINT('',#7983);
#2735=VERTEX_POINT('',#7985);
#2736=VERTEX_POINT('',#7989);
#2737=VERTEX_POINT('',#7991);
#2738=VERTEX_POINT('',#7995);
#2739=VERTEX_POINT('',#7997);
#2740=VERTEX_POINT('',#8001);
#2741=VERTEX_POINT('',#8002);
#2742=VERTEX_POINT('',#8004);
#2743=VERTEX_POINT('',#8006);
#2744=VERTEX_POINT('',#8010);
#2745=VERTEX_POINT('',#8011);
#2746=VERTEX_POINT('',#8013);
#2747=VERTEX_POINT('',#8015);
#2748=VERTEX_POINT('',#8019);
#2749=VERTEX_POINT('',#8021);
#2750=VERTEX_POINT('',#8028);
#2751=VERTEX_POINT('',#8029);
#2752=VERTEX_POINT('',#8031);
#2753=VERTEX_POINT('',#8033);
#2754=VERTEX_POINT('',#8056);
#2755=VERTEX_POINT('',#8060);
#2756=VERTEX_POINT('',#8062);
#2757=VERTEX_POINT('',#8064);
#2758=VERTEX_POINT('',#8066);
#2759=VERTEX_POINT('',#8068);
#2760=VERTEX_POINT('',#8070);
#2761=VERTEX_POINT('',#8072);
#2762=VERTEX_POINT('',#8076);
#2763=VERTEX_POINT('',#8078);
#2764=VERTEX_POINT('',#8080);
#2765=VERTEX_POINT('',#8082);
#2766=VERTEX_POINT('',#8089);
#2767=VERTEX_POINT('',#8093);
#2768=VERTEX_POINT('',#8094);
#2769=VERTEX_POINT('',#8096);
#2770=VERTEX_POINT('',#8098);
#2771=VERTEX_POINT('',#8101);
#2772=VERTEX_POINT('',#8105);
#2773=VERTEX_POINT('',#8106);
#2774=VERTEX_POINT('',#8108);
#2775=VERTEX_POINT('',#8110);
#2776=VERTEX_POINT('',#8114);
#2777=VERTEX_POINT('',#8116);
#2778=VERTEX_POINT('',#8120);
#2779=VERTEX_POINT('',#8122);
#2780=VERTEX_POINT('',#8126);
#2781=VERTEX_POINT('',#8128);
#2782=VERTEX_POINT('',#8132);
#2783=VERTEX_POINT('',#8134);
#2784=VERTEX_POINT('',#8138);
#2785=VERTEX_POINT('',#8140);
#2786=VERTEX_POINT('',#8144);
#2787=VERTEX_POINT('',#8146);
#2788=VERTEX_POINT('',#8150);
#2789=VERTEX_POINT('',#8152);
#2790=VERTEX_POINT('',#8156);
#2791=VERTEX_POINT('',#8158);
#2792=VERTEX_POINT('',#8162);
#2793=VERTEX_POINT('',#8164);
#2794=VERTEX_POINT('',#8168);
#2795=VERTEX_POINT('',#8170);
#2796=VERTEX_POINT('',#8174);
#2797=VERTEX_POINT('',#8176);
#2798=VERTEX_POINT('',#8180);
#2799=VERTEX_POINT('',#8182);
#2800=VERTEX_POINT('',#8186);
#2801=VERTEX_POINT('',#8188);
#2802=VERTEX_POINT('',#8195);
#2803=VERTEX_POINT('',#8199);
#2804=VERTEX_POINT('',#8208);
#2805=VERTEX_POINT('',#8210);
#2806=VERTEX_POINT('',#8214);
#2807=VERTEX_POINT('',#8216);
#2808=VERTEX_POINT('',#8224);
#2809=VERTEX_POINT('',#8230);
#2810=VERTEX_POINT('',#8232);
#2811=VERTEX_POINT('',#8236);
#2812=VERTEX_POINT('',#8237);
#2813=VERTEX_POINT('',#8239);
#2814=VERTEX_POINT('',#8241);
#2815=VERTEX_POINT('',#8245);
#2816=VERTEX_POINT('',#8246);
#2817=VERTEX_POINT('',#8248);
#2818=VERTEX_POINT('',#8250);
#2819=VERTEX_POINT('',#8254);
#2820=VERTEX_POINT('',#8255);
#2821=VERTEX_POINT('',#8257);
#2822=VERTEX_POINT('',#8260);
#2823=VERTEX_POINT('',#8262);
#2824=VERTEX_POINT('',#8264);
#2825=VERTEX_POINT('',#8266);
#2826=VERTEX_POINT('',#8268);
#2827=VERTEX_POINT('',#8270);
#2828=VERTEX_POINT('',#8277);
#2829=VERTEX_POINT('',#8280);
#2830=VERTEX_POINT('',#8282);
#2831=VERTEX_POINT('',#8284);
#2832=VERTEX_POINT('',#8286);
#2833=VERTEX_POINT('',#8290);
#2834=VERTEX_POINT('',#8292);
#2835=VERTEX_POINT('',#8295);
#2836=VERTEX_POINT('',#8297);
#2837=VERTEX_POINT('',#8299);
#2838=VERTEX_POINT('',#8301);
#2839=VERTEX_POINT('',#8303);
#2840=VERTEX_POINT('',#8305);
#2841=VERTEX_POINT('',#8309);
#2842=VERTEX_POINT('',#8315);
#2843=VERTEX_POINT('',#8319);
#2844=VERTEX_POINT('',#8320);
#2845=VERTEX_POINT('',#8322);
#2846=VERTEX_POINT('',#8324);
#2847=VERTEX_POINT('',#8328);
#2848=VERTEX_POINT('',#8330);
#2849=VERTEX_POINT('',#8334);
#2850=VERTEX_POINT('',#8336);
#2851=VERTEX_POINT('',#8341);
#2852=VERTEX_POINT('',#8344);
#2853=VERTEX_POINT('',#8346);
#2854=VERTEX_POINT('',#8348);
#2855=VERTEX_POINT('',#8350);
#2856=VERTEX_POINT('',#8352);
#2857=VERTEX_POINT('',#8354);
#2858=VERTEX_POINT('',#8356);
#2859=VERTEX_POINT('',#8358);
#2860=VERTEX_POINT('',#8360);
#2861=VERTEX_POINT('',#8362);
#2862=VERTEX_POINT('',#8364);
#2863=VERTEX_POINT('',#8366);
#2864=VERTEX_POINT('',#8368);
#2865=VERTEX_POINT('',#8370);
#2866=VERTEX_POINT('',#8372);
#2867=VERTEX_POINT('',#8374);
#2868=VERTEX_POINT('',#8376);
#2869=VERTEX_POINT('',#8378);
#2870=VERTEX_POINT('',#8380);
#2871=VERTEX_POINT('',#8382);
#2872=VERTEX_POINT('',#8384);
#2873=VERTEX_POINT('',#8386);
#2874=VERTEX_POINT('',#8388);
#2875=VERTEX_POINT('',#8390);
#2876=VERTEX_POINT('',#8392);
#2877=VERTEX_POINT('',#8394);
#2878=VERTEX_POINT('',#8396);
#2879=VERTEX_POINT('',#8398);
#2880=VERTEX_POINT('',#8400);
#2881=VERTEX_POINT('',#8402);
#2882=VERTEX_POINT('',#8404);
#2883=VERTEX_POINT('',#8406);
#2884=VERTEX_POINT('',#8408);
#2885=VERTEX_POINT('',#8410);
#2886=VERTEX_POINT('',#8412);
#2887=VERTEX_POINT('',#8416);
#2888=VERTEX_POINT('',#8418);
#2889=VERTEX_POINT('',#8424);
#2890=VERTEX_POINT('',#8428);
#2891=VERTEX_POINT('',#8430);
#2892=VERTEX_POINT('',#8434);
#2893=VERTEX_POINT('',#8438);
#2894=VERTEX_POINT('',#8442);
#2895=VERTEX_POINT('',#8446);
#2896=VERTEX_POINT('',#8448);
#2897=VERTEX_POINT('',#8451);
#2898=VERTEX_POINT('',#8455);
#2899=VERTEX_POINT('',#8459);
#2900=VERTEX_POINT('',#8461);
#2901=VERTEX_POINT('',#8463);
#2902=VERTEX_POINT('',#8465);
#2903=VERTEX_POINT('',#8469);
#2904=VERTEX_POINT('',#8473);
#2905=VERTEX_POINT('',#8483);
#2906=VERTEX_POINT('',#8485);
#2907=VERTEX_POINT('',#8487);
#2908=VERTEX_POINT('',#8490);
#2909=VERTEX_POINT('',#8492);
#2910=VERTEX_POINT('',#8494);
#2911=VERTEX_POINT('',#8496);
#2912=VERTEX_POINT('',#8507);
#2913=VERTEX_POINT('',#8513);
#2914=VERTEX_POINT('',#8517);
#2915=VERTEX_POINT('',#8518);
#2916=VERTEX_POINT('',#8520);
#2917=VERTEX_POINT('',#8522);
#2918=VERTEX_POINT('',#8526);
#2919=VERTEX_POINT('',#8527);
#2920=VERTEX_POINT('',#8529);
#2921=VERTEX_POINT('',#8532);
#2922=VERTEX_POINT('',#8540);
#2923=VERTEX_POINT('',#8541);
#2924=VERTEX_POINT('',#8543);
#2925=VERTEX_POINT('',#8545);
#2926=VERTEX_POINT('',#8551);
#2927=VERTEX_POINT('',#8553);
#2928=VERTEX_POINT('',#8558);
#2929=VERTEX_POINT('',#8560);
#2930=VERTEX_POINT('',#8567);
#2931=VERTEX_POINT('',#8572);
#2932=VERTEX_POINT('',#8573);
#2933=VERTEX_POINT('',#8575);
#2934=VERTEX_POINT('',#8577);
#2935=VERTEX_POINT('',#8585);
#2936=VERTEX_POINT('',#8586);
#2937=VERTEX_POINT('',#8588);
#2938=VERTEX_POINT('',#8590);
#2939=VERTEX_POINT('',#8594);
#2940=VERTEX_POINT('',#8596);
#2941=VERTEX_POINT('',#8600);
#2942=VERTEX_POINT('',#8601);
#2943=VERTEX_POINT('',#8603);
#2944=VERTEX_POINT('',#8605);
#2945=VERTEX_POINT('',#8612);
#2946=VERTEX_POINT('',#8613);
#2947=VERTEX_POINT('',#8615);
#2948=VERTEX_POINT('',#8617);
#2949=VERTEX_POINT('',#8620);
#2950=VERTEX_POINT('',#8623);
#2951=VERTEX_POINT('',#8625);
#2952=VERTEX_POINT('',#8635);
#2953=VERTEX_POINT('',#8636);
#2954=VERTEX_POINT('',#8638);
#2955=VERTEX_POINT('',#8641);
#2956=VERTEX_POINT('',#8643);
#2957=VERTEX_POINT('',#8646);
#2958=VERTEX_POINT('',#8648);
#2959=VERTEX_POINT('',#8652);
#2960=VERTEX_POINT('',#8656);
#2961=VERTEX_POINT('',#8662);
#2962=VERTEX_POINT('',#8664);
#2963=VERTEX_POINT('',#8670);
#2964=VERTEX_POINT('',#8680);
#2965=VERTEX_POINT('',#8681);
#2966=VERTEX_POINT('',#8683);
#2967=VERTEX_POINT('',#8691);
#2968=VERTEX_POINT('',#8693);
#2969=VERTEX_POINT('',#8703);
#2970=VERTEX_POINT('',#8705);
#2971=VERTEX_POINT('',#8709);
#2972=VERTEX_POINT('',#8711);
#2973=VERTEX_POINT('',#8713);
#2974=VERTEX_POINT('',#8715);
#2975=VERTEX_POINT('',#8717);
#2976=VERTEX_POINT('',#8719);
#2977=VERTEX_POINT('',#8721);
#2978=VERTEX_POINT('',#8723);
#2979=VERTEX_POINT('',#8725);
#2980=VERTEX_POINT('',#8729);
#2981=VERTEX_POINT('',#8730);
#2982=VERTEX_POINT('',#8732);
#2983=VERTEX_POINT('',#8734);
#2984=VERTEX_POINT('',#8736);
#2985=VERTEX_POINT('',#8738);
#2986=VERTEX_POINT('',#8740);
#2987=VERTEX_POINT('',#8742);
#2988=VERTEX_POINT('',#8744);
#2989=VERTEX_POINT('',#8746);
#2990=VERTEX_POINT('',#8748);
#2991=VERTEX_POINT('',#8755);
#2992=VERTEX_POINT('',#8759);
#2993=VERTEX_POINT('',#8761);
#2994=VERTEX_POINT('',#8784);
#2995=VERTEX_POINT('',#8786);
#2996=VERTEX_POINT('',#8790);
#2997=VERTEX_POINT('',#8796);
#2998=VERTEX_POINT('',#8800);
#2999=VERTEX_POINT('',#8802);
#3000=VERTEX_POINT('',#8811);
#3001=VERTEX_POINT('',#8813);
#3002=VERTEX_POINT('',#8819);
#3003=VERTEX_POINT('',#8820);
#3004=VERTEX_POINT('',#8825);
#3005=VERTEX_POINT('',#8830);
#3006=VERTEX_POINT('',#8835);
#3007=VERTEX_POINT('',#8839);
#3008=VERTEX_POINT('',#8845);
#3009=VERTEX_POINT('',#8849);
#3010=VERTEX_POINT('',#8852);
#3011=VERTEX_POINT('',#8860);
#3012=VERTEX_POINT('',#8861);
#3013=VERTEX_POINT('',#8866);
#3014=VERTEX_POINT('',#8871);
#3015=VERTEX_POINT('',#8877);
#3016=VERTEX_POINT('',#8878);
#3017=VERTEX_POINT('',#8880);
#3018=VERTEX_POINT('',#8884);
#3019=VERTEX_POINT('',#8888);
#3020=VERTEX_POINT('',#8892);
#3021=VERTEX_POINT('',#8894);
#3022=VERTEX_POINT('',#8896);
#3023=VERTEX_POINT('',#8904);
#3024=VERTEX_POINT('',#8905);
#3025=VERTEX_POINT('',#8907);
#3026=VERTEX_POINT('',#8909);
#3027=VERTEX_POINT('',#8911);
#3028=VERTEX_POINT('',#8913);
#3029=VERTEX_POINT('',#8917);
#3030=VERTEX_POINT('',#8919);
#3031=VERTEX_POINT('',#8921);
#3032=VERTEX_POINT('',#8923);
#3033=VERTEX_POINT('',#8925);
#3034=VERTEX_POINT('',#8927);
#3035=VERTEX_POINT('',#8929);
#3036=VERTEX_POINT('',#8931);
#3037=VERTEX_POINT('',#8933);
#3038=VERTEX_POINT('',#8935);
#3039=VERTEX_POINT('',#8939);
#3040=VERTEX_POINT('',#8943);
#3041=VERTEX_POINT('',#8945);
#3042=VERTEX_POINT('',#8947);
#3043=VERTEX_POINT('',#8949);
#3044=VERTEX_POINT('',#8951);
#3045=VERTEX_POINT('',#8953);
#3046=VERTEX_POINT('',#8955);
#3047=VERTEX_POINT('',#8957);
#3048=VERTEX_POINT('',#8959);
#3049=VERTEX_POINT('',#8963);
#3050=VERTEX_POINT('',#8965);
#3051=VERTEX_POINT('',#8968);
#3052=VERTEX_POINT('',#8970);
#3053=VERTEX_POINT('',#8975);
#3054=VERTEX_POINT('',#8977);
#3055=VERTEX_POINT('',#8981);
#3056=VERTEX_POINT('',#8983);
#3057=VERTEX_POINT('',#8987);
#3058=VERTEX_POINT('',#8991);
#3059=VERTEX_POINT('',#8995);
#3060=VERTEX_POINT('',#8997);
#3061=VERTEX_POINT('',#9001);
#3062=VERTEX_POINT('',#9003);
#3063=VERTEX_POINT('',#9011);
#3064=VERTEX_POINT('',#9012);
#3065=VERTEX_POINT('',#9014);
#3066=VERTEX_POINT('',#9016);
#3067=VERTEX_POINT('',#9021);
#3068=VERTEX_POINT('',#9022);
#3069=VERTEX_POINT('',#9024);
#3070=VERTEX_POINT('',#9026);
#3071=VERTEX_POINT('',#9030);
#3072=VERTEX_POINT('',#9031);
#3073=VERTEX_POINT('',#9036);
#3074=VERTEX_POINT('',#9037);
#3075=VERTEX_POINT('',#9042);
#3076=VERTEX_POINT('',#9043);
#3077=VERTEX_POINT('',#9048);
#3078=VERTEX_POINT('',#9049);
#3079=VERTEX_POINT('',#9054);
#3080=VERTEX_POINT('',#9055);
#3081=VERTEX_POINT('',#9060);
#3082=VERTEX_POINT('',#9061);
#3083=VERTEX_POINT('',#9066);
#3084=VERTEX_POINT('',#9067);
#3085=VERTEX_POINT('',#9072);
#3086=VERTEX_POINT('',#9073);
#3087=VERTEX_POINT('',#9078);
#3088=VERTEX_POINT('',#9079);
#3089=VERTEX_POINT('',#9084);
#3090=VERTEX_POINT('',#9085);
#3091=VERTEX_POINT('',#9090);
#3092=VERTEX_POINT('',#9091);
#3093=VERTEX_POINT('',#9096);
#3094=VERTEX_POINT('',#9097);
#3095=VERTEX_POINT('',#9102);
#3096=VERTEX_POINT('',#9104);
#3097=VERTEX_POINT('',#9111);
#3098=VERTEX_POINT('',#9115);
#3099=VERTEX_POINT('',#9125);
#3100=VERTEX_POINT('',#9128);
#3101=VERTEX_POINT('',#9130);
#3102=VERTEX_POINT('',#9132);
#3103=VERTEX_POINT('',#9134);
#3104=VERTEX_POINT('',#9138);
#3105=VERTEX_POINT('',#9151);
#3106=VERTEX_POINT('',#9160);
#3107=VERTEX_POINT('',#9164);
#3108=VERTEX_POINT('',#9172);
#3109=VERTEX_POINT('',#9178);
#3110=VERTEX_POINT('',#9180);
#3111=VERTEX_POINT('',#9187);
#3112=VERTEX_POINT('',#9202);
#3113=VERTEX_POINT('',#9204);
#3114=VERTEX_POINT('',#9214);
#3115=VERTEX_POINT('',#9239);
#3116=VERTEX_POINT('',#9241);
#3117=VERTEX_POINT('',#9247);
#3118=VERTEX_POINT('',#9249);
#3119=LINE('',#7605,#3870);
#3120=LINE('',#7608,#3871);
#3121=LINE('',#7610,#3872);
#3122=LINE('',#7612,#3873);
#3123=LINE('',#7614,#3874);
#3124=LINE('',#7616,#3875);
#3125=LINE('',#7619,#3876);
#3126=LINE('',#7620,#3877);
#3127=LINE('',#7622,#3878);
#3128=LINE('',#7625,#3879);
#3129=LINE('',#7627,#3880);
#3130=LINE('',#7634,#3881);
#3131=LINE('',#7636,#3882);
#3132=LINE('',#7638,#3883);
#3133=LINE('',#7640,#3884);
#3134=LINE('',#7642,#3885);
#3135=LINE('',#7644,#3886);
#3136=LINE('',#7645,#3887);
#3137=LINE('',#7647,#3888);
#3138=LINE('',#7650,#3889);
#3139=LINE('',#7652,#3890);
#3140=LINE('',#7654,#3891);
#3141=LINE('',#7656,#3892);
#3142=LINE('',#7661,#3893);
#3143=LINE('',#7665,#3894);
#3144=LINE('',#7667,#3895);
#3145=LINE('',#7669,#3896);
#3146=LINE('',#7671,#3897);
#3147=LINE('',#7674,#3898);
#3148=LINE('',#7676,#3899);
#3149=LINE('',#7678,#3900);
#3150=LINE('',#7680,#3901);
#3151=LINE('',#7682,#3902);
#3152=LINE('',#7689,#3903);
#3153=LINE('',#7692,#3904);
#3154=LINE('',#7694,#3905);
#3155=LINE('',#7696,#3906);
#3156=LINE('',#7698,#3907);
#3157=LINE('',#7703,#3908);
#3158=LINE('',#7707,#3909);
#3159=LINE('',#7709,#3910);
#3160=LINE('',#7711,#3911);
#3161=LINE('',#7713,#3912);
#3162=LINE('',#7716,#3913);
#3163=LINE('',#7718,#3914);
#3164=LINE('',#7722,#3915);
#3165=LINE('',#7724,#3916);
#3166=LINE('',#7726,#3917);
#3167=LINE('',#7728,#3918);
#3168=LINE('',#7732,#3919);
#3169=LINE('',#7734,#3920);
#3170=LINE('',#7736,#3921);
#3171=LINE('',#7738,#3922);
#3172=LINE('',#7740,#3923);
#3173=LINE('',#7742,#3924);
#3174=LINE('',#7744,#3925);
#3175=LINE('',#7746,#3926);
#3176=LINE('',#7749,#3927);
#3177=LINE('',#7751,#3928);
#3178=LINE('',#7753,#3929);
#3179=LINE('',#7755,#3930);
#3180=LINE('',#7756,#3931);
#3181=LINE('',#7758,#3932);
#3182=LINE('',#7759,#3933);
#3183=LINE('',#7760,#3934);
#3184=LINE('',#7762,#3935);
#3185=LINE('',#7765,#3936);
#3186=LINE('',#7769,#3937);
#3187=LINE('',#7771,#3938);
#3188=LINE('',#7773,#3939);
#3189=LINE('',#7775,#3940);
#3190=LINE('',#7779,#3941);
#3191=LINE('',#7781,#3942);
#3192=LINE('',#7783,#3943);
#3193=LINE('',#7785,#3944);
#3194=LINE('',#7786,#3945);
#3195=LINE('',#7788,#3946);
#3196=LINE('',#7790,#3947);
#3197=LINE('',#7795,#3948);
#3198=LINE('',#7797,#3949);
#3199=LINE('',#7799,#3950);
#3200=LINE('',#7801,#3951);
#3201=LINE('',#7805,#3952);
#3202=LINE('',#7806,#3953);
#3203=LINE('',#7808,#3954);
#3204=LINE('',#7811,#3955);
#3205=LINE('',#7813,#3956);
#3206=LINE('',#7815,#3957);
#3207=LINE('',#7817,#3958);
#3208=LINE('',#7819,#3959);
#3209=LINE('',#7820,#3960);
#3210=LINE('',#7822,#3961);
#3211=LINE('',#7825,#3962);
#3212=LINE('',#7829,#3963);
#3213=LINE('',#7831,#3964);
#3214=LINE('',#7833,#3965);
#3215=LINE('',#7835,#3966);
#3216=LINE('',#7839,#3967);
#3217=LINE('',#7841,#3968);
#3218=LINE('',#7843,#3969);
#3219=LINE('',#7845,#3970);
#3220=LINE('',#7847,#3971);
#3221=LINE('',#7849,#3972);
#3222=LINE('',#7851,#3973);
#3223=LINE('',#7852,#3974);
#3224=LINE('',#7854,#3975);
#3225=LINE('',#7856,#3976);
#3226=LINE('',#7859,#3977);
#3227=LINE('',#7861,#3978);
#3228=LINE('',#7863,#3979);
#3229=LINE('',#7865,#3980);
#3230=LINE('',#7869,#3981);
#3231=LINE('',#7871,#3982);
#3232=LINE('',#7873,#3983);
#3233=LINE('',#7875,#3984);
#3234=LINE('',#7877,#3985);
#3235=LINE('',#7879,#3986);
#3236=LINE('',#7881,#3987);
#3237=LINE('',#7884,#3988);
#3238=LINE('',#7887,#3989);
#3239=LINE('',#7889,#3990);
#3240=LINE('',#7891,#3991);
#3241=LINE('',#7893,#3992);
#3242=LINE('',#7895,#3993);
#3243=LINE('',#7897,#3994);
#3244=LINE('',#7899,#3995);
#3245=LINE('',#7901,#3996);
#3246=LINE('',#7903,#3997);
#3247=LINE('',#7905,#3998);
#3248=LINE('',#7908,#3999);
#3249=LINE('',#7910,#4000);
#3250=LINE('',#7912,#4001);
#3251=LINE('',#7914,#4002);
#3252=LINE('',#7917,#4003);
#3253=LINE('',#7919,#4004);
#3254=LINE('',#7921,#4005);
#3255=LINE('',#7923,#4006);
#3256=LINE('',#7926,#4007);
#3257=LINE('',#7928,#4008);
#3258=LINE('',#7932,#4009);
#3259=LINE('',#7934,#4010);
#3260=LINE('',#7936,#4011);
#3261=LINE('',#7938,#4012);
#3262=LINE('',#7942,#4013);
#3263=LINE('',#7944,#4014);
#3264=LINE('',#7946,#4015);
#3265=LINE('',#7948,#4016);
#3266=LINE('',#7950,#4017);
#3267=LINE('',#7952,#4018);
#3268=LINE('',#7955,#4019);
#3269=LINE('',#7957,#4020);
#3270=LINE('',#7958,#4021);
#3271=LINE('',#7960,#4022);
#3272=LINE('',#7961,#4023);
#3273=LINE('',#7963,#4024);
#3274=LINE('',#7965,#4025);
#3275=LINE('',#7967,#4026);
#3276=LINE('',#7968,#4027);
#3277=LINE('',#7970,#4028);
#3278=LINE('',#7973,#4029);
#3279=LINE('',#7975,#4030);
#3280=LINE('',#7977,#4031);
#3281=LINE('',#7979,#4032);
#3282=LINE('',#7984,#4033);
#3283=LINE('',#7988,#4034);
#3284=LINE('',#7990,#4035);
#3285=LINE('',#7992,#4036);
#3286=LINE('',#7994,#4037);
#3287=LINE('',#7996,#4038);
#3288=LINE('',#7998,#4039);
#3289=LINE('',#8000,#4040);
#3290=LINE('',#8003,#4041);
#3291=LINE('',#8005,#4042);
#3292=LINE('',#8007,#4043);
#3293=LINE('',#8009,#4044);
#3294=LINE('',#8012,#4045);
#3295=LINE('',#8014,#4046);
#3296=LINE('',#8016,#4047);
#3297=LINE('',#8018,#4048);
#3298=LINE('',#8020,#4049);
#3299=LINE('',#8022,#4050);
#3300=LINE('',#8024,#4051);
#3301=LINE('',#8025,#4052);
#3302=LINE('',#8027,#4053);
#3303=LINE('',#8030,#4054);
#3304=LINE('',#8032,#4055);
#3305=LINE('',#8034,#4056);
#3306=LINE('',#8036,#4057);
#3307=LINE('',#8038,#4058);
#3308=LINE('',#8039,#4059);
#3309=LINE('',#8042,#4060);
#3310=LINE('',#8044,#4061);
#3311=LINE('',#8046,#4062);
#3312=LINE('',#8048,#4063);
#3313=LINE('',#8050,#4064);
#3314=LINE('',#8052,#4065);
#3315=LINE('',#8055,#4066);
#3316=LINE('',#8057,#4067);
#3317=LINE('',#8059,#4068);
#3318=LINE('',#8061,#4069);
#3319=LINE('',#8063,#4070);
#3320=LINE('',#8065,#4071);
#3321=LINE('',#8069,#4072);
#3322=LINE('',#8071,#4073);
#3323=LINE('',#8073,#4074);
#3324=LINE('',#8075,#4075);
#3325=LINE('',#8077,#4076);
#3326=LINE('',#8079,#4077);
#3327=LINE('',#8081,#4078);
#3328=LINE('',#8083,#4079);
#3329=LINE('',#8085,#4080);
#3330=LINE('',#8086,#4081);
#3331=LINE('',#8088,#4082);
#3332=LINE('',#8090,#4083);
#3333=LINE('',#8092,#4084);
#3334=LINE('',#8095,#4085);
#3335=LINE('',#8097,#4086);
#3336=LINE('',#8099,#4087);
#3337=LINE('',#8100,#4088);
#3338=LINE('',#8102,#4089);
#3339=LINE('',#8107,#4090);
#3340=LINE('',#8111,#4091);
#3341=LINE('',#8113,#4092);
#3342=LINE('',#8115,#4093);
#3343=LINE('',#8117,#4094);
#3344=LINE('',#8119,#4095);
#3345=LINE('',#8121,#4096);
#3346=LINE('',#8123,#4097);
#3347=LINE('',#8125,#4098);
#3348=LINE('',#8127,#4099);
#3349=LINE('',#8129,#4100);
#3350=LINE('',#8135,#4101);
#3351=LINE('',#8137,#4102);
#3352=LINE('',#8139,#4103);
#3353=LINE('',#8141,#4104);
#3354=LINE('',#8143,#4105);
#3355=LINE('',#8145,#4106);
#3356=LINE('',#8147,#4107);
#3357=LINE('',#8149,#4108);
#3358=LINE('',#8151,#4109);
#3359=LINE('',#8153,#4110);
#3360=LINE('',#8159,#4111);
#3361=LINE('',#8161,#4112);
#3362=LINE('',#8163,#4113);
#3363=LINE('',#8165,#4114);
#3364=LINE('',#8171,#4115);
#3365=LINE('',#8173,#4116);
#3366=LINE('',#8175,#4117);
#3367=LINE('',#8177,#4118);
#3368=LINE('',#8179,#4119);
#3369=LINE('',#8181,#4120);
#3370=LINE('',#8183,#4121);
#3371=LINE('',#8185,#4122);
#3372=LINE('',#8187,#4123);
#3373=LINE('',#8189,#4124);
#3374=LINE('',#8191,#4125);
#3375=LINE('',#8192,#4126);
#3376=LINE('',#8196,#4127);
#3377=LINE('',#8198,#4128);
#3378=LINE('',#8202,#4129);
#3379=LINE('',#8205,#4130);
#3380=LINE('',#8207,#4131);
#3381=LINE('',#8209,#4132);
#3382=LINE('',#8211,#4133);
#3383=LINE('',#8213,#4134);
#3384=LINE('',#8215,#4135);
#3385=LINE('',#8217,#4136);
#3386=LINE('',#8219,#4137);
#3387=LINE('',#8220,#4138);
#3388=LINE('',#8223,#4139);
#3389=LINE('',#8225,#4140);
#3390=LINE('',#8227,#4141);
#3391=LINE('',#8229,#4142);
#3392=LINE('',#8231,#4143);
#3393=LINE('',#8233,#4144);
#3394=LINE('',#8235,#4145);
#3395=LINE('',#8240,#4146);
#3396=LINE('',#8244,#4147);
#3397=LINE('',#8247,#4148);
#3398=LINE('',#8249,#4149);
#3399=LINE('',#8251,#4150);
#3400=LINE('',#8253,#4151);
#3401=LINE('',#8256,#4152);
#3402=LINE('',#8258,#4153);
#3403=LINE('',#8259,#4154);
#3404=LINE('',#8261,#4155);
#3405=LINE('',#8263,#4156);
#3406=LINE('',#8265,#4157);
#3407=LINE('',#8269,#4158);
#3408=LINE('',#8271,#4159);
#3409=LINE('',#8276,#4160);
#3410=LINE('',#8278,#4161);
#3411=LINE('',#8279,#4162);
#3412=LINE('',#8281,#4163);
#3413=LINE('',#8283,#4164);
#3414=LINE('',#8285,#4165);
#3415=LINE('',#8287,#4166);
#3416=LINE('',#8289,#4167);
#3417=LINE('',#8291,#4168);
#3418=LINE('',#8293,#4169);
#3419=LINE('',#8294,#4170);
#3420=LINE('',#8296,#4171);
#3421=LINE('',#8298,#4172);
#3422=LINE('',#8300,#4173);
#3423=LINE('',#8302,#4174);
#3424=LINE('',#8304,#4175);
#3425=LINE('',#8306,#4176);
#3426=LINE('',#8308,#4177);
#3427=LINE('',#8310,#4178);
#3428=LINE('',#8312,#4179);
#3429=LINE('',#8313,#4180);
#3430=LINE('',#8314,#4181);
#3431=LINE('',#8316,#4182);
#3432=LINE('',#8318,#4183);
#3433=LINE('',#8321,#4184);
#3434=LINE('',#8323,#4185);
#3435=LINE('',#8325,#4186);
#3436=LINE('',#8327,#4187);
#3437=LINE('',#8329,#4188);
#3438=LINE('',#8331,#4189);
#3439=LINE('',#8333,#4190);
#3440=LINE('',#8335,#4191);
#3441=LINE('',#8337,#4192);
#3442=LINE('',#8339,#4193);
#3443=LINE('',#8340,#4194);
#3444=LINE('',#8342,#4195);
#3445=LINE('',#8343,#4196);
#3446=LINE('',#8345,#4197);
#3447=LINE('',#8347,#4198);
#3448=LINE('',#8349,#4199);
#3449=LINE('',#8351,#4200);
#3450=LINE('',#8353,#4201);
#3451=LINE('',#8355,#4202);
#3452=LINE('',#8357,#4203);
#3453=LINE('',#8359,#4204);
#3454=LINE('',#8361,#4205);
#3455=LINE('',#8363,#4206);
#3456=LINE('',#8365,#4207);
#3457=LINE('',#8367,#4208);
#3458=LINE('',#8369,#4209);
#3459=LINE('',#8371,#4210);
#3460=LINE('',#8373,#4211);
#3461=LINE('',#8375,#4212);
#3462=LINE('',#8377,#4213);
#3463=LINE('',#8379,#4214);
#3464=LINE('',#8381,#4215);
#3465=LINE('',#8383,#4216);
#3466=LINE('',#8385,#4217);
#3467=LINE('',#8387,#4218);
#3468=LINE('',#8389,#4219);
#3469=LINE('',#8391,#4220);
#3470=LINE('',#8393,#4221);
#3471=LINE('',#8395,#4222);
#3472=LINE('',#8397,#4223);
#3473=LINE('',#8399,#4224);
#3474=LINE('',#8401,#4225);
#3475=LINE('',#8403,#4226);
#3476=LINE('',#8405,#4227);
#3477=LINE('',#8407,#4228);
#3478=LINE('',#8409,#4229);
#3479=LINE('',#8411,#4230);
#3480=LINE('',#8413,#4231);
#3481=LINE('',#8415,#4232);
#3482=LINE('',#8417,#4233);
#3483=LINE('',#8421,#4234);
#3484=LINE('',#8423,#4235);
#3485=LINE('',#8425,#4236);
#3486=LINE('',#8427,#4237);
#3487=LINE('',#8429,#4238);
#3488=LINE('',#8431,#4239);
#3489=LINE('',#8433,#4240);
#3490=LINE('',#8437,#4241);
#3491=LINE('',#8439,#4242);
#3492=LINE('',#8441,#4243);
#3493=LINE('',#8443,#4244);
#3494=LINE('',#8445,#4245);
#3495=LINE('',#8447,#4246);
#3496=LINE('',#8449,#4247);
#3497=LINE('',#8450,#4248);
#3498=LINE('',#8452,#4249);
#3499=LINE('',#8454,#4250);
#3500=LINE('',#8456,#4251);
#3501=LINE('',#8458,#4252);
#3502=LINE('',#8460,#4253);
#3503=LINE('',#8462,#4254);
#3504=LINE('',#8464,#4255);
#3505=LINE('',#8466,#4256);
#3506=LINE('',#8468,#4257);
#3507=LINE('',#8470,#4258);
#3508=LINE('',#8472,#4259);
#3509=LINE('',#8474,#4260);
#3510=LINE('',#8475,#4261);
#3511=LINE('',#8476,#4262);
#3512=LINE('',#8478,#4263);
#3513=LINE('',#8480,#4264);
#3514=LINE('',#8482,#4265);
#3515=LINE('',#8486,#4266);
#3516=LINE('',#8488,#4267);
#3517=LINE('',#8489,#4268);
#3518=LINE('',#8493,#4269);
#3519=LINE('',#8495,#4270);
#3520=LINE('',#8497,#4271);
#3521=LINE('',#8499,#4272);
#3522=LINE('',#8500,#4273);
#3523=LINE('',#8503,#4274);
#3524=LINE('',#8504,#4275);
#3525=LINE('',#8506,#4276);
#3526=LINE('',#8508,#4277);
#3527=LINE('',#8510,#4278);
#3528=LINE('',#8512,#4279);
#3529=LINE('',#8514,#4280);
#3530=LINE('',#8516,#4281);
#3531=LINE('',#8519,#4282);
#3532=LINE('',#8521,#4283);
#3533=LINE('',#8523,#4284);
#3534=LINE('',#8525,#4285);
#3535=LINE('',#8528,#4286);
#3536=LINE('',#8530,#4287);
#3537=LINE('',#8531,#4288);
#3538=LINE('',#8533,#4289);
#3539=LINE('',#8535,#4290);
#3540=LINE('',#8536,#4291);
#3541=LINE('',#8539,#4292);
#3542=LINE('',#8544,#4293);
#3543=LINE('',#8548,#4294);
#3544=LINE('',#8550,#4295);
#3545=LINE('',#8552,#4296);
#3546=LINE('',#8554,#4297);
#3547=LINE('',#8557,#4298);
#3548=LINE('',#8559,#4299);
#3549=LINE('',#8561,#4300);
#3550=LINE('',#8563,#4301);
#3551=LINE('',#8564,#4302);
#3552=LINE('',#8566,#4303);
#3553=LINE('',#8568,#4304);
#3554=LINE('',#8571,#4305);
#3555=LINE('',#8574,#4306);
#3556=LINE('',#8576,#4307);
#3557=LINE('',#8578,#4308);
#3558=LINE('',#8580,#4309);
#3559=LINE('',#8582,#4310);
#3560=LINE('',#8584,#4311);
#3561=LINE('',#8589,#4312);
#3562=LINE('',#8593,#4313);
#3563=LINE('',#8597,#4314);
#3564=LINE('',#8599,#4315);
#3565=LINE('',#8602,#4316);
#3566=LINE('',#8604,#4317);
#3567=LINE('',#8606,#4318);
#3568=LINE('',#8608,#4319);
#3569=LINE('',#8609,#4320);
#3570=LINE('',#8611,#4321);
#3571=LINE('',#8614,#4322);
#3572=LINE('',#8618,#4323);
#3573=LINE('',#8619,#4324);
#3574=LINE('',#8621,#4325);
#3575=LINE('',#8622,#4326);
#3576=LINE('',#8624,#4327);
#3577=LINE('',#8626,#4328);
#3578=LINE('',#8628,#4329);
#3579=LINE('',#8629,#4330);
#3580=LINE('',#8631,#4331);
#3581=LINE('',#8632,#4332);
#3582=LINE('',#8634,#4333);
#3583=LINE('',#8637,#4334);
#3584=LINE('',#8639,#4335);
#3585=LINE('',#8640,#4336);
#3586=LINE('',#8642,#4337);
#3587=LINE('',#8644,#4338);
#3588=LINE('',#8647,#4339);
#3589=LINE('',#8649,#4340);
#3590=LINE('',#8653,#4341);
#3591=LINE('',#8655,#4342);
#3592=LINE('',#8657,#4343);
#3593=LINE('',#8659,#4344);
#3594=LINE('',#8663,#4345);
#3595=LINE('',#8667,#4346);
#3596=LINE('',#8669,#4347);
#3597=LINE('',#8671,#4348);
#3598=LINE('',#8673,#4349);
#3599=LINE('',#8675,#4350);
#3600=LINE('',#8677,#4351);
#3601=LINE('',#8679,#4352);
#3602=LINE('',#8682,#4353);
#3603=LINE('',#8684,#4354);
#3604=LINE('',#8685,#4355);
#3605=LINE('',#8686,#4356);
#3606=LINE('',#8688,#4357);
#3607=LINE('',#8690,#4358);
#3608=LINE('',#8692,#4359);
#3609=LINE('',#8694,#4360);
#3610=LINE('',#8696,#4361);
#3611=LINE('',#8698,#4362);
#3612=LINE('',#8702,#4363);
#3613=LINE('',#8704,#4364);
#3614=LINE('',#8706,#4365);
#3615=LINE('',#8708,#4366);
#3616=LINE('',#8710,#4367);
#3617=LINE('',#8714,#4368);
#3618=LINE('',#8716,#4369);
#3619=LINE('',#8718,#4370);
#3620=LINE('',#8720,#4371);
#3621=LINE('',#8724,#4372);
#3622=LINE('',#8726,#4373);
#3623=LINE('',#8728,#4374);
#3624=LINE('',#8731,#4375);
#3625=LINE('',#8735,#4376);
#3626=LINE('',#8737,#4377);
#3627=LINE('',#8739,#4378);
#3628=LINE('',#8741,#4379);
#3629=LINE('',#8745,#4380);
#3630=LINE('',#8747,#4381);
#3631=LINE('',#8749,#4382);
#3632=LINE('',#8751,#4383);
#3633=LINE('',#8752,#4384);
#3634=LINE('',#8754,#4385);
#3635=LINE('',#8756,#4386);
#3636=LINE('',#8758,#4387);
#3637=LINE('',#8760,#4388);
#3638=LINE('',#8762,#4389);
#3639=LINE('',#8764,#4390);
#3640=LINE('',#8766,#4391);
#3641=LINE('',#8767,#4392);
#3642=LINE('',#8769,#4393);
#3643=LINE('',#8771,#4394);
#3644=LINE('',#8773,#4395);
#3645=LINE('',#8775,#4396);
#3646=LINE('',#8777,#4397);
#3647=LINE('',#8779,#4398);
#3648=LINE('',#8783,#4399);
#3649=LINE('',#8785,#4400);
#3650=LINE('',#8787,#4401);
#3651=LINE('',#8789,#4402);
#3652=LINE('',#8791,#4403);
#3653=LINE('',#8792,#4404);
#3654=LINE('',#8793,#4405);
#3655=LINE('',#8795,#4406);
#3656=LINE('',#8797,#4407);
#3657=LINE('',#8799,#4408);
#3658=LINE('',#8801,#4409);
#3659=LINE('',#8803,#4410);
#3660=LINE('',#8805,#4411);
#3661=LINE('',#8807,#4412);
#3662=LINE('',#8810,#4413);
#3663=LINE('',#8812,#4414);
#3664=LINE('',#8814,#4415);
#3665=LINE('',#8815,#4416);
#3666=LINE('',#8818,#4417);
#3667=LINE('',#8821,#4418);
#3668=LINE('',#8822,#4419);
#3669=LINE('',#8824,#4420);
#3670=LINE('',#8826,#4421);
#3671=LINE('',#8828,#4422);
#3672=LINE('',#8829,#4423);
#3673=LINE('',#8831,#4424);
#3674=LINE('',#8833,#4425);
#3675=LINE('',#8834,#4426);
#3676=LINE('',#8836,#4427);
#3677=LINE('',#8838,#4428);
#3678=LINE('',#8840,#4429);
#3679=LINE('',#8841,#4430);
#3680=LINE('',#8842,#4431);
#3681=LINE('',#8844,#4432);
#3682=LINE('',#8846,#4433);
#3683=LINE('',#8848,#4434);
#3684=LINE('',#8850,#4435);
#3685=LINE('',#8851,#4436);
#3686=LINE('',#8853,#4437);
#3687=LINE('',#8855,#4438);
#3688=LINE('',#8857,#4439);
#3689=LINE('',#8859,#4440);
#3690=LINE('',#8862,#4441);
#3691=LINE('',#8863,#4442);
#3692=LINE('',#8865,#4443);
#3693=LINE('',#8867,#4444);
#3694=LINE('',#8869,#4445);
#3695=LINE('',#8870,#4446);
#3696=LINE('',#8872,#4447);
#3697=LINE('',#8874,#4448);
#3698=LINE('',#8876,#4449);
#3699=LINE('',#8879,#4450);
#3700=LINE('',#8881,#4451);
#3701=LINE('',#8882,#4452);
#3702=LINE('',#8883,#4453);
#3703=LINE('',#8885,#4454);
#3704=LINE('',#8887,#4455);
#3705=LINE('',#8889,#4456);
#3706=LINE('',#8891,#4457);
#3707=LINE('',#8893,#4458);
#3708=LINE('',#8895,#4459);
#3709=LINE('',#8897,#4460);
#3710=LINE('',#8899,#4461);
#3711=LINE('',#8901,#4462);
#3712=LINE('',#8903,#4463);
#3713=LINE('',#8906,#4464);
#3714=LINE('',#8908,#4465);
#3715=LINE('',#8910,#4466);
#3716=LINE('',#8912,#4467);
#3717=LINE('',#8914,#4468);
#3718=LINE('',#8916,#4469);
#3719=LINE('',#8918,#4470);
#3720=LINE('',#8920,#4471);
#3721=LINE('',#8924,#4472);
#3722=LINE('',#8926,#4473);
#3723=LINE('',#8928,#4474);
#3724=LINE('',#8930,#4475);
#3725=LINE('',#8934,#4476);
#3726=LINE('',#8936,#4477);
#3727=LINE('',#8938,#4478);
#3728=LINE('',#8940,#4479);
#3729=LINE('',#8942,#4480);
#3730=LINE('',#8946,#4481);
#3731=LINE('',#8948,#4482);
#3732=LINE('',#8950,#4483);
#3733=LINE('',#8952,#4484);
#3734=LINE('',#8956,#4485);
#3735=LINE('',#8958,#4486);
#3736=LINE('',#8960,#4487);
#3737=LINE('',#8962,#4488);
#3738=LINE('',#8964,#4489);
#3739=LINE('',#8966,#4490);
#3740=LINE('',#8967,#4491);
#3741=LINE('',#8969,#4492);
#3742=LINE('',#8971,#4493);
#3743=LINE('',#8972,#4494);
#3744=LINE('',#8974,#4495);
#3745=LINE('',#8976,#4496);
#3746=LINE('',#8978,#4497);
#3747=LINE('',#8980,#4498);
#3748=LINE('',#8982,#4499);
#3749=LINE('',#8984,#4500);
#3750=LINE('',#8986,#4501);
#3751=LINE('',#8988,#4502);
#3752=LINE('',#8990,#4503);
#3753=LINE('',#8992,#4504);
#3754=LINE('',#8994,#4505);
#3755=LINE('',#8996,#4506);
#3756=LINE('',#8998,#4507);
#3757=LINE('',#9000,#4508);
#3758=LINE('',#9002,#4509);
#3759=LINE('',#9004,#4510);
#3760=LINE('',#9006,#4511);
#3761=LINE('',#9008,#4512);
#3762=LINE('',#9010,#4513);
#3763=LINE('',#9013,#4514);
#3764=LINE('',#9015,#4515);
#3765=LINE('',#9017,#4516);
#3766=LINE('',#9018,#4517);
#3767=LINE('',#9020,#4518);
#3768=LINE('',#9025,#4519);
#3769=LINE('',#9029,#4520);
#3770=LINE('',#9032,#4521);
#3771=LINE('',#9033,#4522);
#3772=LINE('',#9035,#4523);
#3773=LINE('',#9038,#4524);
#3774=LINE('',#9039,#4525);
#3775=LINE('',#9041,#4526);
#3776=LINE('',#9044,#4527);
#3777=LINE('',#9045,#4528);
#3778=LINE('',#9047,#4529);
#3779=LINE('',#9053,#4530);
#3780=LINE('',#9056,#4531);
#3781=LINE('',#9057,#4532);
#3782=LINE('',#9059,#4533);
#3783=LINE('',#9062,#4534);
#3784=LINE('',#9063,#4535);
#3785=LINE('',#9065,#4536);
#3786=LINE('',#9068,#4537);
#3787=LINE('',#9069,#4538);
#3788=LINE('',#9071,#4539);
#3789=LINE('',#9077,#4540);
#3790=LINE('',#9080,#4541);
#3791=LINE('',#9081,#4542);
#3792=LINE('',#9083,#4543);
#3793=LINE('',#9089,#4544);
#3794=LINE('',#9092,#4545);
#3795=LINE('',#9093,#4546);
#3796=LINE('',#9095,#4547);
#3797=LINE('',#9098,#4548);
#3798=LINE('',#9099,#4549);
#3799=LINE('',#9101,#4550);
#3800=LINE('',#9103,#4551);
#3801=LINE('',#9105,#4552);
#3802=LINE('',#9107,#4553);
#3803=LINE('',#9108,#4554);
#3804=LINE('',#9112,#4555);
#3805=LINE('',#9114,#4556);
#3806=LINE('',#9118,#4557);
#3807=LINE('',#9122,#4558);
#3808=LINE('',#9124,#4559);
#3809=LINE('',#9126,#4560);
#3810=LINE('',#9127,#4561);
#3811=LINE('',#9129,#4562);
#3812=LINE('',#9131,#4563);
#3813=LINE('',#9133,#4564);
#3814=LINE('',#9135,#4565);
#3815=LINE('',#9137,#4566);
#3816=LINE('',#9139,#4567);
#3817=LINE('',#9140,#4568);
#3818=LINE('',#9142,#4569);
#3819=LINE('',#9144,#4570);
#3820=LINE('',#9146,#4571);
#3821=LINE('',#9150,#4572);
#3822=LINE('',#9152,#4573);
#3823=LINE('',#9156,#4574);
#3824=LINE('',#9159,#4575);
#3825=LINE('',#9161,#4576);
#3826=LINE('',#9163,#4577);
#3827=LINE('',#9165,#4578);
#3828=LINE('',#9166,#4579);
#3829=LINE('',#9168,#4580);
#3830=LINE('',#9171,#4581);
#3831=LINE('',#9173,#4582);
#3832=LINE('',#9175,#4583);
#3833=LINE('',#9176,#4584);
#3834=LINE('',#9177,#4585);
#3835=LINE('',#9179,#4586);
#3836=LINE('',#9181,#4587);
#3837=LINE('',#9182,#4588);
#3838=LINE('',#9185,#4589);
#3839=LINE('',#9186,#4590);
#3840=LINE('',#9188,#4591);
#3841=LINE('',#9190,#4592);
#3842=LINE('',#9192,#4593);
#3843=LINE('',#9195,#4594);
#3844=LINE('',#9200,#4595);
#3845=LINE('',#9201,#4596);
#3846=LINE('',#9203,#4597);
#3847=LINE('',#9205,#4598);
#3848=LINE('',#9206,#4599);
#3849=LINE('',#9208,#4600);
#3850=LINE('',#9209,#4601);
#3851=LINE('',#9211,#4602);
#3852=LINE('',#9213,#4603);
#3853=LINE('',#9215,#4604);
#3854=LINE('',#9217,#4605);
#3855=LINE('',#9222,#4606);
#3856=LINE('',#9224,#4607);
#3857=LINE('',#9226,#4608);
#3858=LINE('',#9228,#4609);
#3859=LINE('',#9230,#4610);
#3860=LINE('',#9232,#4611);
#3861=LINE('',#9234,#4612);
#3862=LINE('',#9237,#4613);
#3863=LINE('',#9238,#4614);
#3864=LINE('',#9242,#4615);
#3865=LINE('',#9244,#4616);
#3866=LINE('',#9246,#4617);
#3867=LINE('',#9250,#4618);
#3868=LINE('',#9252,#4619);
#3869=LINE('',#9254,#4620);
#3870=VECTOR('',#6140,1.);
#3871=VECTOR('',#6141,1.);
#3872=VECTOR('',#6142,1.);
#3873=VECTOR('',#6143,1.);
#3874=VECTOR('',#6144,1.);
#3875=VECTOR('',#6147,1.);
#3876=VECTOR('',#6148,1.);
#3877=VECTOR('',#6149,1.);
#3878=VECTOR('',#6152,1.);
#3879=VECTOR('',#6153,1.);
#3880=VECTOR('',#6154,1.);
#3881=VECTOR('',#6157,1.);
#3882=VECTOR('',#6158,1.);
#3883=VECTOR('',#6159,1.);
#3884=VECTOR('',#6160,1.);
#3885=VECTOR('',#6161,1.);
#3886=VECTOR('',#6162,1.);
#3887=VECTOR('',#6163,1.);
#3888=VECTOR('',#6166,1.);
#3889=VECTOR('',#6167,1.);
#3890=VECTOR('',#6168,1.);
#3891=VECTOR('',#6169,1.);
#3892=VECTOR('',#6172,1.);
#3893=VECTOR('',#6175,1.);
#3894=VECTOR('',#6180,1.);
#3895=VECTOR('',#6181,1.);
#3896=VECTOR('',#6182,1.);
#3897=VECTOR('',#6185,1.);
#3898=VECTOR('',#6186,1.);
#3899=VECTOR('',#6187,1.);
#3900=VECTOR('',#6188,1.);
#3901=VECTOR('',#6191,1.);
#3902=VECTOR('',#6192,1.);
#3903=VECTOR('',#6195,1.);
#3904=VECTOR('',#6196,1.);
#3905=VECTOR('',#6197,1.);
#3906=VECTOR('',#6198,1.);
#3907=VECTOR('',#6201,1.);
#3908=VECTOR('',#6204,1.);
#3909=VECTOR('',#6209,1.);
#3910=VECTOR('',#6210,1.);
#3911=VECTOR('',#6211,1.);
#3912=VECTOR('',#6214,1.);
#3913=VECTOR('',#6215,1.);
#3914=VECTOR('',#6216,1.);
#3915=VECTOR('',#6219,1.);
#3916=VECTOR('',#6220,1.);
#3917=VECTOR('',#6221,1.);
#3918=VECTOR('',#6222,1.);
#3919=VECTOR('',#6225,1.);
#3920=VECTOR('',#6226,1.);
#3921=VECTOR('',#6229,1.);
#3922=VECTOR('',#6230,1.);
#3923=VECTOR('',#6231,1.);
#3924=VECTOR('',#6232,1.);
#3925=VECTOR('',#6233,1.);
#3926=VECTOR('',#6236,1.);
#3927=VECTOR('',#6237,1.);
#3928=VECTOR('',#6238,1.);
#3929=VECTOR('',#6239,1.);
#3930=VECTOR('',#6240,1.);
#3931=VECTOR('',#6241,1.);
#3932=VECTOR('',#6242,1.);
#3933=VECTOR('',#6243,1.);
#3934=VECTOR('',#6244,1.);
#3935=VECTOR('',#6247,1.);
#3936=VECTOR('',#6248,1.);
#3937=VECTOR('',#6251,1.);
#3938=VECTOR('',#6252,1.);
#3939=VECTOR('',#6253,1.);
#3940=VECTOR('',#6254,1.);
#3941=VECTOR('',#6257,1.);
#3942=VECTOR('',#6258,1.);
#3943=VECTOR('',#6259,1.);
#3944=VECTOR('',#6262,1.);
#3945=VECTOR('',#6263,1.);
#3946=VECTOR('',#6264,1.);
#3947=VECTOR('',#6267,1.);
#3948=VECTOR('',#6270,1.);
#3949=VECTOR('',#6271,1.);
#3950=VECTOR('',#6272,1.);
#3951=VECTOR('',#6273,1.);
#3952=VECTOR('',#6276,1.);
#3953=VECTOR('',#6277,1.);
#3954=VECTOR('',#6280,1.);
#3955=VECTOR('',#6281,1.);
#3956=VECTOR('',#6282,1.);
#3957=VECTOR('',#6283,1.);
#3958=VECTOR('',#6284,1.);
#3959=VECTOR('',#6285,1.);
#3960=VECTOR('',#6286,1.);
#3961=VECTOR('',#6289,1.);
#3962=VECTOR('',#6290,1.);
#3963=VECTOR('',#6293,1.);
#3964=VECTOR('',#6294,1.);
#3965=VECTOR('',#6295,1.);
#3966=VECTOR('',#6296,1.);
#3967=VECTOR('',#6299,1.);
#3968=VECTOR('',#6300,1.);
#3969=VECTOR('',#6301,1.);
#3970=VECTOR('',#6304,1.);
#3971=VECTOR('',#6305,1.);
#3972=VECTOR('',#6306,1.);
#3973=VECTOR('',#6309,1.);
#3974=VECTOR('',#6310,1.);
#3975=VECTOR('',#6311,1.);
#3976=VECTOR('',#6314,1.);
#3977=VECTOR('',#6317,1.);
#3978=VECTOR('',#6318,1.);
#3979=VECTOR('',#6319,1.);
#3980=VECTOR('',#6320,1.);
#3981=VECTOR('',#6323,1.);
#3982=VECTOR('',#6326,1.);
#3983=VECTOR('',#6329,1.);
#3984=VECTOR('',#6332,1.);
#3985=VECTOR('',#6335,1.);
#3986=VECTOR('',#6338,1.);
#3987=VECTOR('',#6341,1.);
#3988=VECTOR('',#6346,1.);
#3989=VECTOR('',#6347,1.);
#3990=VECTOR('',#6348,1.);
#3991=VECTOR('',#6349,1.);
#3992=VECTOR('',#6350,1.);
#3993=VECTOR('',#6351,1.);
#3994=VECTOR('',#6352,1.);
#3995=VECTOR('',#6353,1.);
#3996=VECTOR('',#6354,1.);
#3997=VECTOR('',#6355,1.);
#3998=VECTOR('',#6358,1.);
#3999=VECTOR('',#6359,1.);
#4000=VECTOR('',#6360,1.);
#4001=VECTOR('',#6361,1.);
#4002=VECTOR('',#6364,1.);
#4003=VECTOR('',#6365,1.);
#4004=VECTOR('',#6366,1.);
#4005=VECTOR('',#6367,1.);
#4006=VECTOR('',#6370,1.);
#4007=VECTOR('',#6371,1.);
#4008=VECTOR('',#6372,1.);
#4009=VECTOR('',#6375,1.);
#4010=VECTOR('',#6376,1.);
#4011=VECTOR('',#6377,1.);
#4012=VECTOR('',#6378,1.);
#4013=VECTOR('',#6381,1.);
#4014=VECTOR('',#6382,1.);
#4015=VECTOR('',#6385,1.);
#4016=VECTOR('',#6386,1.);
#4017=VECTOR('',#6387,1.);
#4018=VECTOR('',#6390,1.);
#4019=VECTOR('',#6391,1.);
#4020=VECTOR('',#6392,1.);
#4021=VECTOR('',#6393,1.);
#4022=VECTOR('',#6396,1.);
#4023=VECTOR('',#6397,1.);
#4024=VECTOR('',#6398,1.);
#4025=VECTOR('',#6401,1.);
#4026=VECTOR('',#6402,1.);
#4027=VECTOR('',#6403,1.);
#4028=VECTOR('',#6406,1.);
#4029=VECTOR('',#6407,1.);
#4030=VECTOR('',#6408,1.);
#4031=VECTOR('',#6409,1.);
#4032=VECTOR('',#6412,1.);
#4033=VECTOR('',#6415,1.);
#4034=VECTOR('',#6420,1.);
#4035=VECTOR('',#6421,1.);
#4036=VECTOR('',#6422,1.);
#4037=VECTOR('',#6425,1.);
#4038=VECTOR('',#6426,1.);
#4039=VECTOR('',#6427,1.);
#4040=VECTOR('',#6430,1.);
#4041=VECTOR('',#6431,1.);
#4042=VECTOR('',#6432,1.);
#4043=VECTOR('',#6433,1.);
#4044=VECTOR('',#6436,1.);
#4045=VECTOR('',#6437,1.);
#4046=VECTOR('',#6438,1.);
#4047=VECTOR('',#6439,1.);
#4048=VECTOR('',#6442,1.);
#4049=VECTOR('',#6443,1.);
#4050=VECTOR('',#6444,1.);
#4051=VECTOR('',#6447,1.);
#4052=VECTOR('',#6448,1.);
#4053=VECTOR('',#6451,1.);
#4054=VECTOR('',#6452,1.);
#4055=VECTOR('',#6453,1.);
#4056=VECTOR('',#6454,1.);
#4057=VECTOR('',#6457,1.);
#4058=VECTOR('',#6460,1.);
#4059=VECTOR('',#6461,1.);
#4060=VECTOR('',#6466,1.);
#4061=VECTOR('',#6469,1.);
#4062=VECTOR('',#6472,1.);
#4063=VECTOR('',#6475,1.);
#4064=VECTOR('',#6478,1.);
#4065=VECTOR('',#6481,1.);
#4066=VECTOR('',#6486,1.);
#4067=VECTOR('',#6487,1.);
#4068=VECTOR('',#6490,1.);
#4069=VECTOR('',#6491,1.);
#4070=VECTOR('',#6492,1.);
#4071=VECTOR('',#6493,1.);
#4072=VECTOR('',#6496,1.);
#4073=VECTOR('',#6497,1.);
#4074=VECTOR('',#6498,1.);
#4075=VECTOR('',#6501,1.);
#4076=VECTOR('',#6502,1.);
#4077=VECTOR('',#6503,1.);
#4078=VECTOR('',#6504,1.);
#4079=VECTOR('',#6505,1.);
#4080=VECTOR('',#6508,1.);
#4081=VECTOR('',#6509,1.);
#4082=VECTOR('',#6512,1.);
#4083=VECTOR('',#6513,1.);
#4084=VECTOR('',#6516,1.);
#4085=VECTOR('',#6517,1.);
#4086=VECTOR('',#6518,1.);
#4087=VECTOR('',#6519,1.);
#4088=VECTOR('',#6520,1.);
#4089=VECTOR('',#6521,1.);
#4090=VECTOR('',#6526,1.);
#4091=VECTOR('',#6529,1.);
#4092=VECTOR('',#6532,1.);
#4093=VECTOR('',#6533,1.);
#4094=VECTOR('',#6534,1.);
#4095=VECTOR('',#6537,1.);
#4096=VECTOR('',#6538,1.);
#4097=VECTOR('',#6539,1.);
#4098=VECTOR('',#6542,1.);
#4099=VECTOR('',#6543,1.);
#4100=VECTOR('',#6544,1.);
#4101=VECTOR('',#6551,1.);
#4102=VECTOR('',#6554,1.);
#4103=VECTOR('',#6555,1.);
#4104=VECTOR('',#6556,1.);
#4105=VECTOR('',#6559,1.);
#4106=VECTOR('',#6560,1.);
#4107=VECTOR('',#6561,1.);
#4108=VECTOR('',#6564,1.);
#4109=VECTOR('',#6565,1.);
#4110=VECTOR('',#6566,1.);
#4111=VECTOR('',#6573,1.);
#4112=VECTOR('',#6576,1.);
#4113=VECTOR('',#6577,1.);
#4114=VECTOR('',#6578,1.);
#4115=VECTOR('',#6585,1.);
#4116=VECTOR('',#6588,1.);
#4117=VECTOR('',#6589,1.);
#4118=VECTOR('',#6590,1.);
#4119=VECTOR('',#6593,1.);
#4120=VECTOR('',#6594,1.);
#4121=VECTOR('',#6595,1.);
#4122=VECTOR('',#6598,1.);
#4123=VECTOR('',#6599,1.);
#4124=VECTOR('',#6600,1.);
#4125=VECTOR('',#6603,1.);
#4126=VECTOR('',#6604,1.);
#4127=VECTOR('',#6609,1.);
#4128=VECTOR('',#6612,1.);
#4129=VECTOR('',#6617,1.);
#4130=VECTOR('',#6622,1.);
#4131=VECTOR('',#6625,1.);
#4132=VECTOR('',#6626,1.);
#4133=VECTOR('',#6627,1.);
#4134=VECTOR('',#6630,1.);
#4135=VECTOR('',#6631,1.);
#4136=VECTOR('',#6632,1.);
#4137=VECTOR('',#6635,1.);
#4138=VECTOR('',#6636,1.);
#4139=VECTOR('',#6641,1.);
#4140=VECTOR('',#6642,1.);
#4141=VECTOR('',#6645,1.);
#4142=VECTOR('',#6648,1.);
#4143=VECTOR('',#6649,1.);
#4144=VECTOR('',#6650,1.);
#4145=VECTOR('',#6653,1.);
#4146=VECTOR('',#6656,1.);
#4147=VECTOR('',#6661,1.);
#4148=VECTOR('',#6662,1.);
#4149=VECTOR('',#6663,1.);
#4150=VECTOR('',#6664,1.);
#4151=VECTOR('',#6667,1.);
#4152=VECTOR('',#6668,1.);
#4153=VECTOR('',#6669,1.);
#4154=VECTOR('',#6670,1.);
#4155=VECTOR('',#6671,1.);
#4156=VECTOR('',#6672,1.);
#4157=VECTOR('',#6673,1.);
#4158=VECTOR('',#6676,1.);
#4159=VECTOR('',#6677,1.);
#4160=VECTOR('',#6686,1.);
#4161=VECTOR('',#6687,1.);
#4162=VECTOR('',#6688,1.);
#4163=VECTOR('',#6689,1.);
#4164=VECTOR('',#6690,1.);
#4165=VECTOR('',#6691,1.);
#4166=VECTOR('',#6692,1.);
#4167=VECTOR('',#6695,1.);
#4168=VECTOR('',#6696,1.);
#4169=VECTOR('',#6697,1.);
#4170=VECTOR('',#6698,1.);
#4171=VECTOR('',#6699,1.);
#4172=VECTOR('',#6700,1.);
#4173=VECTOR('',#6701,1.);
#4174=VECTOR('',#6702,1.);
#4175=VECTOR('',#6703,1.);
#4176=VECTOR('',#6704,1.);
#4177=VECTOR('',#6707,1.);
#4178=VECTOR('',#6708,1.);
#4179=VECTOR('',#6711,1.);
#4180=VECTOR('',#6712,1.);
#4181=VECTOR('',#6713,1.);
#4182=VECTOR('',#6714,1.);
#4183=VECTOR('',#6717,1.);
#4184=VECTOR('',#6718,1.);
#4185=VECTOR('',#6719,1.);
#4186=VECTOR('',#6720,1.);
#4187=VECTOR('',#6723,1.);
#4188=VECTOR('',#6724,1.);
#4189=VECTOR('',#6725,1.);
#4190=VECTOR('',#6728,1.);
#4191=VECTOR('',#6729,1.);
#4192=VECTOR('',#6730,1.);
#4193=VECTOR('',#6733,1.);
#4194=VECTOR('',#6734,1.);
#4195=VECTOR('',#6735,1.);
#4196=VECTOR('',#6736,1.);
#4197=VECTOR('',#6737,1.);
#4198=VECTOR('',#6738,1.);
#4199=VECTOR('',#6739,1.);
#4200=VECTOR('',#6740,1.);
#4201=VECTOR('',#6741,1.);
#4202=VECTOR('',#6742,1.);
#4203=VECTOR('',#6743,1.);
#4204=VECTOR('',#6744,1.);
#4205=VECTOR('',#6745,1.);
#4206=VECTOR('',#6746,1.);
#4207=VECTOR('',#6747,1.);
#4208=VECTOR('',#6748,1.);
#4209=VECTOR('',#6749,1.);
#4210=VECTOR('',#6750,1.);
#4211=VECTOR('',#6751,1.);
#4212=VECTOR('',#6752,1.);
#4213=VECTOR('',#6753,1.);
#4214=VECTOR('',#6754,1.);
#4215=VECTOR('',#6755,1.);
#4216=VECTOR('',#6756,1.);
#4217=VECTOR('',#6757,1.);
#4218=VECTOR('',#6758,1.);
#4219=VECTOR('',#6759,1.);
#4220=VECTOR('',#6760,1.);
#4221=VECTOR('',#6761,1.);
#4222=VECTOR('',#6762,1.);
#4223=VECTOR('',#6763,1.);
#4224=VECTOR('',#6764,1.);
#4225=VECTOR('',#6765,1.);
#4226=VECTOR('',#6766,1.);
#4227=VECTOR('',#6767,1.);
#4228=VECTOR('',#6768,1.);
#4229=VECTOR('',#6769,1.);
#4230=VECTOR('',#6770,1.);
#4231=VECTOR('',#6771,1.);
#4232=VECTOR('',#6774,1.);
#4233=VECTOR('',#6775,1.);
#4234=VECTOR('',#6780,1.);
#4235=VECTOR('',#6783,1.);
#4236=VECTOR('',#6784,1.);
#4237=VECTOR('',#6787,1.);
#4238=VECTOR('',#6788,1.);
#4239=VECTOR('',#6789,1.);
#4240=VECTOR('',#6792,1.);
#4241=VECTOR('',#6797,1.);
#4242=VECTOR('',#6798,1.);
#4243=VECTOR('',#6801,1.);
#4244=VECTOR('',#6802,1.);
#4245=VECTOR('',#6805,1.);
#4246=VECTOR('',#6806,1.);
#4247=VECTOR('',#6807,1.);
#4248=VECTOR('',#6808,1.);
#4249=VECTOR('',#6809,1.);
#4250=VECTOR('',#6812,1.);
#4251=VECTOR('',#6813,1.);
#4252=VECTOR('',#6816,1.);
#4253=VECTOR('',#6817,1.);
#4254=VECTOR('',#6818,1.);
#4255=VECTOR('',#6819,1.);
#4256=VECTOR('',#6820,1.);
#4257=VECTOR('',#6823,1.);
#4258=VECTOR('',#6824,1.);
#4259=VECTOR('',#6827,1.);
#4260=VECTOR('',#6828,1.);
#4261=VECTOR('',#6829,1.);
#4262=VECTOR('',#6830,1.);
#4263=VECTOR('',#6833,1.);
#4264=VECTOR('',#6836,1.);
#4265=VECTOR('',#6839,1.);
#4266=VECTOR('',#6842,1.);
#4267=VECTOR('',#6843,1.);
#4268=VECTOR('',#6844,1.);
#4269=VECTOR('',#6847,1.);
#4270=VECTOR('',#6848,1.);
#4271=VECTOR('',#6849,1.);
#4272=VECTOR('',#6852,1.);
#4273=VECTOR('',#6853,1.);
#4274=VECTOR('',#6858,1.);
#4275=VECTOR('',#6859,1.);
#4276=VECTOR('',#6862,1.);
#4277=VECTOR('',#6863,1.);
#4278=VECTOR('',#6866,1.);
#4279=VECTOR('',#6869,1.);
#4280=VECTOR('',#6870,1.);
#4281=VECTOR('',#6873,1.);
#4282=VECTOR('',#6874,1.);
#4283=VECTOR('',#6875,1.);
#4284=VECTOR('',#6876,1.);
#4285=VECTOR('',#6879,1.);
#4286=VECTOR('',#6880,1.);
#4287=VECTOR('',#6881,1.);
#4288=VECTOR('',#6882,1.);
#4289=VECTOR('',#6883,1.);
#4290=VECTOR('',#6886,1.);
#4291=VECTOR('',#6887,1.);
#4292=VECTOR('',#6892,1.);
#4293=VECTOR('',#6895,1.);
#4294=VECTOR('',#6900,1.);
#4295=VECTOR('',#6903,1.);
#4296=VECTOR('',#6904,1.);
#4297=VECTOR('',#6905,1.);
#4298=VECTOR('',#6910,1.);
#4299=VECTOR('',#6911,1.);
#4300=VECTOR('',#6912,1.);
#4301=VECTOR('',#6915,1.);
#4302=VECTOR('',#6916,1.);
#4303=VECTOR('',#6919,1.);
#4304=VECTOR('',#6920,1.);
#4305=VECTOR('',#6925,1.);
#4306=VECTOR('',#6926,1.);
#4307=VECTOR('',#6927,1.);
#4308=VECTOR('',#6928,1.);
#4309=VECTOR('',#6931,1.);
#4310=VECTOR('',#6934,1.);
#4311=VECTOR('',#6937,1.);
#4312=VECTOR('',#6940,1.);
#4313=VECTOR('',#6945,1.);
#4314=VECTOR('',#6948,1.);
#4315=VECTOR('',#6951,1.);
#4316=VECTOR('',#6952,1.);
#4317=VECTOR('',#6953,1.);
#4318=VECTOR('',#6954,1.);
#4319=VECTOR('',#6957,1.);
#4320=VECTOR('',#6958,1.);
#4321=VECTOR('',#6961,1.);
#4322=VECTOR('',#6962,1.);
#4323=VECTOR('',#6965,1.);
#4324=VECTOR('',#6966,1.);
#4325=VECTOR('',#6967,1.);
#4326=VECTOR('',#6968,1.);
#4327=VECTOR('',#6969,1.);
#4328=VECTOR('',#6970,1.);
#4329=VECTOR('',#6973,1.);
#4330=VECTOR('',#6974,1.);
#4331=VECTOR('',#6977,1.);
#4332=VECTOR('',#6978,1.);
#4333=VECTOR('',#6981,1.);
#4334=VECTOR('',#6982,1.);
#4335=VECTOR('',#6983,1.);
#4336=VECTOR('',#6984,1.);
#4337=VECTOR('',#6985,1.);
#4338=VECTOR('',#6986,1.);
#4339=VECTOR('',#6989,1.);
#4340=VECTOR('',#6990,1.);
#4341=VECTOR('',#6995,1.);
#4342=VECTOR('',#6998,1.);
#4343=VECTOR('',#6999,1.);
#4344=VECTOR('',#7002,1.);
#4345=VECTOR('',#7007,1.);
#4346=VECTOR('',#7012,1.);
#4347=VECTOR('',#7015,1.);
#4348=VECTOR('',#7016,1.);
#4349=VECTOR('',#7019,1.);
#4350=VECTOR('',#7022,1.);
#4351=VECTOR('',#7025,1.);
#4352=VECTOR('',#7028,1.);
#4353=VECTOR('',#7029,1.);
#4354=VECTOR('',#7030,1.);
#4355=VECTOR('',#7031,1.);
#4356=VECTOR('',#7032,1.);
#4357=VECTOR('',#7035,1.);
#4358=VECTOR('',#7038,1.);
#4359=VECTOR('',#7039,1.);
#4360=VECTOR('',#7040,1.);
#4361=VECTOR('',#7043,1.);
#4362=VECTOR('',#7046,1.);
#4363=VECTOR('',#7053,1.);
#4364=VECTOR('',#7054,1.);
#4365=VECTOR('',#7055,1.);
#4366=VECTOR('',#7058,1.);
#4367=VECTOR('',#7059,1.);
#4368=VECTOR('',#7062,1.);
#4369=VECTOR('',#7063,1.);
#4370=VECTOR('',#7064,1.);
#4371=VECTOR('',#7065,1.);
#4372=VECTOR('',#7068,1.);
#4373=VECTOR('',#7069,1.);
#4374=VECTOR('',#7072,1.);
#4375=VECTOR('',#7073,1.);
#4376=VECTOR('',#7076,1.);
#4377=VECTOR('',#7077,1.);
#4378=VECTOR('',#7078,1.);
#4379=VECTOR('',#7079,1.);
#4380=VECTOR('',#7082,1.);
#4381=VECTOR('',#7083,1.);
#4382=VECTOR('',#7084,1.);
#4383=VECTOR('',#7087,1.);
#4384=VECTOR('',#7088,1.);
#4385=VECTOR('',#7091,1.);
#4386=VECTOR('',#7092,1.);
#4387=VECTOR('',#7095,1.);
#4388=VECTOR('',#7096,1.);
#4389=VECTOR('',#7097,1.);
#4390=VECTOR('',#7100,1.);
#4391=VECTOR('',#7103,1.);
#4392=VECTOR('',#7104,1.);
#4393=VECTOR('',#7107,1.);
#4394=VECTOR('',#7110,1.);
#4395=VECTOR('',#7113,1.);
#4396=VECTOR('',#7116,1.);
#4397=VECTOR('',#7119,1.);
#4398=VECTOR('',#7122,1.);
#4399=VECTOR('',#7129,1.);
#4400=VECTOR('',#7130,1.);
#4401=VECTOR('',#7131,1.);
#4402=VECTOR('',#7134,1.);
#4403=VECTOR('',#7135,1.);
#4404=VECTOR('',#7136,1.);
#4405=VECTOR('',#7137,1.);
#4406=VECTOR('',#7140,1.);
#4407=VECTOR('',#7141,1.);
#4408=VECTOR('',#7144,1.);
#4409=VECTOR('',#7145,1.);
#4410=VECTOR('',#7146,1.);
#4411=VECTOR('',#7149,1.);
#4412=VECTOR('',#7152,1.);
#4413=VECTOR('',#7157,1.);
#4414=VECTOR('',#7158,1.);
#4415=VECTOR('',#7159,1.);
#4416=VECTOR('',#7160,1.);
#4417=VECTOR('',#7165,1.);
#4418=VECTOR('',#7166,1.);
#4419=VECTOR('',#7167,1.);
#4420=VECTOR('',#7170,1.);
#4421=VECTOR('',#7171,1.);
#4422=VECTOR('',#7174,1.);
#4423=VECTOR('',#7175,1.);
#4424=VECTOR('',#7176,1.);
#4425=VECTOR('',#7179,1.);
#4426=VECTOR('',#7180,1.);
#4427=VECTOR('',#7181,1.);
#4428=VECTOR('',#7184,1.);
#4429=VECTOR('',#7185,1.);
#4430=VECTOR('',#7186,1.);
#4431=VECTOR('',#7187,1.);
#4432=VECTOR('',#7190,1.);
#4433=VECTOR('',#7191,1.);
#4434=VECTOR('',#7194,1.);
#4435=VECTOR('',#7195,1.);
#4436=VECTOR('',#7196,1.);
#4437=VECTOR('',#7197,1.);
#4438=VECTOR('',#7200,1.);
#4439=VECTOR('',#7203,1.);
#4440=VECTOR('',#7206,1.);
#4441=VECTOR('',#7207,1.);
#4442=VECTOR('',#7208,1.);
#4443=VECTOR('',#7211,1.);
#4444=VECTOR('',#7212,1.);
#4445=VECTOR('',#7215,1.);
#4446=VECTOR('',#7216,1.);
#4447=VECTOR('',#7217,1.);
#4448=VECTOR('',#7220,1.);
#4449=VECTOR('',#7223,1.);
#4450=VECTOR('',#7224,1.);
#4451=VECTOR('',#7225,1.);
#4452=VECTOR('',#7226,1.);
#4453=VECTOR('',#7227,1.);
#4454=VECTOR('',#7228,1.);
#4455=VECTOR('',#7231,1.);
#4456=VECTOR('',#7232,1.);
#4457=VECTOR('',#7235,1.);
#4458=VECTOR('',#7236,1.);
#4459=VECTOR('',#7237,1.);
#4460=VECTOR('',#7238,1.);
#4461=VECTOR('',#7241,1.);
#4462=VECTOR('',#7244,1.);
#4463=VECTOR('',#7247,1.);
#4464=VECTOR('',#7248,1.);
#4465=VECTOR('',#7249,1.);
#4466=VECTOR('',#7250,1.);
#4467=VECTOR('',#7251,1.);
#4468=VECTOR('',#7252,1.);
#4469=VECTOR('',#7255,1.);
#4470=VECTOR('',#7256,1.);
#4471=VECTOR('',#7257,1.);
#4472=VECTOR('',#7260,1.);
#4473=VECTOR('',#7261,1.);
#4474=VECTOR('',#7262,1.);
#4475=VECTOR('',#7263,1.);
#4476=VECTOR('',#7266,1.);
#4477=VECTOR('',#7267,1.);
#4478=VECTOR('',#7270,1.);
#4479=VECTOR('',#7271,1.);
#4480=VECTOR('',#7274,1.);
#4481=VECTOR('',#7277,1.);
#4482=VECTOR('',#7278,1.);
#4483=VECTOR('',#7279,1.);
#4484=VECTOR('',#7280,1.);
#4485=VECTOR('',#7283,1.);
#4486=VECTOR('',#7284,1.);
#4487=VECTOR('',#7285,1.);
#4488=VECTOR('',#7288,1.);
#4489=VECTOR('',#7289,1.);
#4490=VECTOR('',#7290,1.);
#4491=VECTOR('',#7291,1.);
#4492=VECTOR('',#7292,1.);
#4493=VECTOR('',#7293,1.);
#4494=VECTOR('',#7294,1.);
#4495=VECTOR('',#7297,1.);
#4496=VECTOR('',#7298,1.);
#4497=VECTOR('',#7299,1.);
#4498=VECTOR('',#7302,1.);
#4499=VECTOR('',#7303,1.);
#4500=VECTOR('',#7304,1.);
#4501=VECTOR('',#7307,1.);
#4502=VECTOR('',#7308,1.);
#4503=VECTOR('',#7311,1.);
#4504=VECTOR('',#7312,1.);
#4505=VECTOR('',#7315,1.);
#4506=VECTOR('',#7316,1.);
#4507=VECTOR('',#7317,1.);
#4508=VECTOR('',#7320,1.);
#4509=VECTOR('',#7321,1.);
#4510=VECTOR('',#7322,1.);
#4511=VECTOR('',#7325,1.);
#4512=VECTOR('',#7328,1.);
#4513=VECTOR('',#7331,1.);
#4514=VECTOR('',#7332,1.);
#4515=VECTOR('',#7333,1.);
#4516=VECTOR('',#7334,1.);
#4517=VECTOR('',#7335,1.);
#4518=VECTOR('',#7338,1.);
#4519=VECTOR('',#7341,1.);
#4520=VECTOR('',#7346,1.);
#4521=VECTOR('',#7347,1.);
#4522=VECTOR('',#7348,1.);
#4523=VECTOR('',#7351,1.);
#4524=VECTOR('',#7352,1.);
#4525=VECTOR('',#7353,1.);
#4526=VECTOR('',#7356,1.);
#4527=VECTOR('',#7357,1.);
#4528=VECTOR('',#7358,1.);
#4529=VECTOR('',#7361,1.);
#4530=VECTOR('',#7368,1.);
#4531=VECTOR('',#7369,1.);
#4532=VECTOR('',#7370,1.);
#4533=VECTOR('',#7373,1.);
#4534=VECTOR('',#7374,1.);
#4535=VECTOR('',#7375,1.);
#4536=VECTOR('',#7378,1.);
#4537=VECTOR('',#7379,1.);
#4538=VECTOR('',#7380,1.);
#4539=VECTOR('',#7383,1.);
#4540=VECTOR('',#7390,1.);
#4541=VECTOR('',#7391,1.);
#4542=VECTOR('',#7392,1.);
#4543=VECTOR('',#7395,1.);
#4544=VECTOR('',#7402,1.);
#4545=VECTOR('',#7403,1.);
#4546=VECTOR('',#7404,1.);
#4547=VECTOR('',#7407,1.);
#4548=VECTOR('',#7408,1.);
#4549=VECTOR('',#7409,1.);
#4550=VECTOR('',#7412,1.);
#4551=VECTOR('',#7413,1.);
#4552=VECTOR('',#7414,1.);
#4553=VECTOR('',#7417,1.);
#4554=VECTOR('',#7418,1.);
#4555=VECTOR('',#7423,1.);
#4556=VECTOR('',#7426,1.);
#4557=VECTOR('',#7431,1.);
#4558=VECTOR('',#7438,1.);
#4559=VECTOR('',#7441,1.);
#4560=VECTOR('',#7442,1.);
#4561=VECTOR('',#7443,1.);
#4562=VECTOR('',#7444,1.);
#4563=VECTOR('',#7445,1.);
#4564=VECTOR('',#7446,1.);
#4565=VECTOR('',#7447,1.);
#4566=VECTOR('',#7450,1.);
#4567=VECTOR('',#7451,1.);
#4568=VECTOR('',#7452,1.);
#4569=VECTOR('',#7455,1.);
#4570=VECTOR('',#7458,1.);
#4571=VECTOR('',#7461,1.);
#4572=VECTOR('',#7468,1.);
#4573=VECTOR('',#7469,1.);
#4574=VECTOR('',#7476,1.);
#4575=VECTOR('',#7481,1.);
#4576=VECTOR('',#7482,1.);
#4577=VECTOR('',#7485,1.);
#4578=VECTOR('',#7486,1.);
#4579=VECTOR('',#7487,1.);
#4580=VECTOR('',#7490,1.);
#4581=VECTOR('',#7495,1.);
#4582=VECTOR('',#7496,1.);
#4583=VECTOR('',#7499,1.);
#4584=VECTOR('',#7500,1.);
#4585=VECTOR('',#7501,1.);
#4586=VECTOR('',#7502,1.);
#4587=VECTOR('',#7503,1.);
#4588=VECTOR('',#7504,1.);
#4589=VECTOR('',#7509,1.);
#4590=VECTOR('',#7510,1.);
#4591=VECTOR('',#7511,1.);
#4592=VECTOR('',#7514,1.);
#4593=VECTOR('',#7517,1.);
#4594=VECTOR('',#7522,1.);
#4595=VECTOR('',#7531,1.);
#4596=VECTOR('',#7532,1.);
#4597=VECTOR('',#7533,1.);
#4598=VECTOR('',#7534,1.);
#4599=VECTOR('',#7535,1.);
#4600=VECTOR('',#7538,1.);
#4601=VECTOR('',#7539,1.);
#4602=VECTOR('',#7542,1.);
#4603=VECTOR('',#7545,1.);
#4604=VECTOR('',#7546,1.);
#4605=VECTOR('',#7549,1.);
#4606=VECTOR('',#7558,1.);
#4607=VECTOR('',#7561,1.);
#4608=VECTOR('',#7564,1.);
#4609=VECTOR('',#7567,1.);
#4610=VECTOR('',#7570,1.);
#4611=VECTOR('',#7573,1.);
#4612=VECTOR('',#7576,1.);
#4613=VECTOR('',#7581,1.);
#4614=VECTOR('',#7582,1.);
#4615=VECTOR('',#7585,1.);
#4616=VECTOR('',#7588,1.);
#4617=VECTOR('',#7591,1.);
#4618=VECTOR('',#7594,1.);
#4619=VECTOR('',#7597,1.);
#4620=VECTOR('',#7600,1.);
#4621=EDGE_LOOP('',(#120,#121,#122,#123,#124));
#4622=EDGE_LOOP('',(#125,#126,#127,#128));
#4623=EDGE_LOOP('',(#129,#130,#131,#132));
#4624=EDGE_LOOP('',(#133,#134,#135,#136,#137,#138,#139,#140,#141));
#4625=EDGE_LOOP('',(#142,#143,#144,#145));
#4626=EDGE_LOOP('',(#146,#147,#148,#149));
#4627=EDGE_LOOP('',(#150,#151,#152,#153));
#4628=EDGE_LOOP('',(#154,#155,#156,#157));
#4629=EDGE_LOOP('',(#158,#159,#160,#161));
#4630=EDGE_LOOP('',(#162,#163,#164,#165));
#4631=EDGE_LOOP('',(#166,#167,#168,#169));
#4632=EDGE_LOOP('',(#170,#171,#172,#173));
#4633=EDGE_LOOP('',(#174,#175,#176,#177,#178,#179,#180,#181,#182,#183,#184));
#4634=EDGE_LOOP('',(#185,#186,#187,#188,#189,#190));
#4635=EDGE_LOOP('',(#191,#192,#193,#194,#195,#196,#197,#198,#199,#200,#201));
#4636=EDGE_LOOP('',(#202,#203,#204,#205,#206,#207,#208,#209,#210,#211,#212));
#4637=EDGE_LOOP('',(#213,#214,#215,#216));
#4638=EDGE_LOOP('',(#217,#218,#219,#220,#221,#222,#223,#224,#225,#226,#227));
#4639=EDGE_LOOP('',(#228,#229,#230,#231,#232,#233,#234,#235));
#4640=EDGE_LOOP('',(#236,#237,#238,#239,#240,#241,#242,#243,#244,#245,#246));
#4641=EDGE_LOOP('',(#247,#248,#249,#250));
#4642=EDGE_LOOP('',(#251,#252,#253,#254));
#4643=EDGE_LOOP('',(#255,#256,#257,#258,#259,#260,#261,#262,#263,#264,#265));
#4644=EDGE_LOOP('',(#266,#267,#268,#269));
#4645=EDGE_LOOP('',(#270,#271,#272,#273));
#4646=EDGE_LOOP('',(#274,#275,#276,#277));
#4647=EDGE_LOOP('',(#278,#279,#280,#281));
#4648=EDGE_LOOP('',(#282,#283,#284,#285));
#4649=EDGE_LOOP('',(#286,#287,#288,#289));
#4650=EDGE_LOOP('',(#290,#291,#292,#293));
#4651=EDGE_LOOP('',(#294,#295,#296,#297,#298,#299,#300,#301,#302,#303));
#4652=EDGE_LOOP('',(#304,#305,#306,#307));
#4653=EDGE_LOOP('',(#308,#309,#310,#311));
#4654=EDGE_LOOP('',(#312,#313,#314,#315,#316,#317,#318,#319,#320,#321,#322));
#4655=EDGE_LOOP('',(#323,#324,#325,#326));
#4656=EDGE_LOOP('',(#327,#328,#329,#330,#331));
#4657=EDGE_LOOP('',(#332,#333,#334,#335,#336,#337));
#4658=EDGE_LOOP('',(#338,#339,#340,#341,#342,#343));
#4659=EDGE_LOOP('',(#344,#345,#346,#347));
#4660=EDGE_LOOP('',(#348,#349,#350,#351));
#4661=EDGE_LOOP('',(#352,#353,#354,#355));
#4662=EDGE_LOOP('',(#356,#357,#358,#359));
#4663=EDGE_LOOP('',(#360,#361,#362,#363));
#4664=EDGE_LOOP('',(#364,#365,#366,#367));
#4665=EDGE_LOOP('',(#368,#369,#370,#371));
#4666=EDGE_LOOP('',(#372,#373,#374,#375,#376,#377));
#4667=EDGE_LOOP('',(#378,#379,#380,#381));
#4668=EDGE_LOOP('',(#382,#383,#384,#385));
#4669=EDGE_LOOP('',(#386,#387,#388,#389));
#4670=EDGE_LOOP('',(#390,#391,#392,#393));
#4671=EDGE_LOOP('',(#394,#395,#396,#397));
#4672=EDGE_LOOP('',(#398,#399,#400,#401));
#4673=EDGE_LOOP('',(#402,#403,#404,#405));
#4674=EDGE_LOOP('',(#406,#407,#408,#409));
#4675=EDGE_LOOP('',(#410,#411,#412,#413));
#4676=EDGE_LOOP('',(#414,#415,#416,#417));
#4677=EDGE_LOOP('',(#418,#419,#420,#421));
#4678=EDGE_LOOP('',(#422,#423,#424,#425));
#4679=EDGE_LOOP('',(#426,#427,#428,#429,#430,#431,#432,#433,#434,#435,#436));
#4680=EDGE_LOOP('',(#437,#438,#439,#440,#441,#442));
#4681=EDGE_LOOP('',(#443,#444,#445,#446));
#4682=EDGE_LOOP('',(#447,#448,#449,#450,#451));
#4683=EDGE_LOOP('',(#452,#453,#454,#455));
#4684=EDGE_LOOP('',(#456,#457,#458,#459));
#4685=EDGE_LOOP('',(#460,#461,#462,#463));
#4686=EDGE_LOOP('',(#464,#465,#466,#467));
#4687=EDGE_LOOP('',(#468,#469,#470,#471));
#4688=EDGE_LOOP('',(#472,#473,#474,#475));
#4689=EDGE_LOOP('',(#476,#477,#478,#479));
#4690=EDGE_LOOP('',(#480,#481,#482,#483));
#4691=EDGE_LOOP('',(#484,#485,#486,#487));
#4692=EDGE_LOOP('',(#488,#489,#490,#491));
#4693=EDGE_LOOP('',(#492,#493,#494,#495));
#4694=EDGE_LOOP('',(#496,#497,#498,#499));
#4695=EDGE_LOOP('',(#500,#501,#502,#503));
#4696=EDGE_LOOP('',(#504,#505,#506,#507));
#4697=EDGE_LOOP('',(#508,#509,#510,#511));
#4698=EDGE_LOOP('',(#512,#513,#514,#515));
#4699=EDGE_LOOP('',(#516,#517,#518,#519));
#4700=EDGE_LOOP('',(#520,#521,#522,#523,#524,#525,#526,#527,#528,#529,#530,
#531,#532,#533,#534,#535,#536,#537));
#4701=EDGE_LOOP('',(#538,#539,#540,#541,#542,#543,#544,#545,#546,#547,#548,
#549,#550,#551,#552,#553,#554,#555));
#4702=EDGE_LOOP('',(#556,#557,#558,#559));
#4703=EDGE_LOOP('',(#560,#561,#562,#563));
#4704=EDGE_LOOP('',(#564,#565,#566,#567,#568,#569));
#4705=EDGE_LOOP('',(#570,#571,#572,#573));
#4706=EDGE_LOOP('',(#574,#575,#576,#577));
#4707=EDGE_LOOP('',(#578,#579,#580,#581));
#4708=EDGE_LOOP('',(#582,#583,#584,#585,#586,#587));
#4709=EDGE_LOOP('',(#588,#589,#590,#591));
#4710=EDGE_LOOP('',(#592,#593,#594,#595));
#4711=EDGE_LOOP('',(#596,#597,#598,#599));
#4712=EDGE_LOOP('',(#600,#601,#602,#603));
#4713=EDGE_LOOP('',(#604,#605,#606,#607));
#4714=EDGE_LOOP('',(#608,#609,#610,#611,#612,#613,#614,#615,#616,#617,#618));
#4715=EDGE_LOOP('',(#619,#620,#621,#622));
#4716=EDGE_LOOP('',(#623,#624,#625,#626,#627,#628,#629,#630,#631,#632));
#4717=EDGE_LOOP('',(#633,#634,#635,#636,#637,#638,#639,#640,#641,#642,#643,
#644,#645,#646,#647,#648,#649,#650,#651,#652));
#4718=EDGE_LOOP('',(#653,#654,#655,#656));
#4719=EDGE_LOOP('',(#657,#658,#659,#660,#661,#662,#663,#664,#665,#666,#667));
#4720=EDGE_LOOP('',(#668,#669,#670,#671));
#4721=EDGE_LOOP('',(#672,#673,#674,#675));
#4722=EDGE_LOOP('',(#676,#677,#678,#679));
#4723=EDGE_LOOP('',(#680,#681,#682,#683,#684,#685,#686,#687,#688,#689,#690,
#691,#692,#693,#694,#695,#696,#697,#698,#699,#700,#701,#702,#703,#704,#705,
#706,#707,#708,#709,#710,#711,#712,#713,#714,#715,#716,#717,#718,#719,#720,
#721,#722,#723,#724,#725,#726,#727,#728,#729,#730,#731));
#4724=EDGE_LOOP('',(#732,#733,#734,#735));
#4725=EDGE_LOOP('',(#736,#737,#738,#739));
#4726=EDGE_LOOP('',(#740,#741,#742,#743));
#4727=EDGE_LOOP('',(#744,#745,#746,#747));
#4728=EDGE_LOOP('',(#748,#749,#750,#751));
#4729=EDGE_LOOP('',(#752,#753,#754,#755));
#4730=EDGE_LOOP('',(#756,#757,#758,#759));
#4731=EDGE_LOOP('',(#760,#761,#762,#763,#764,#765));
#4732=EDGE_LOOP('',(#766,#767,#768,#769));
#4733=EDGE_LOOP('',(#770,#771,#772,#773,#774,#775,#776,#777));
#4734=EDGE_LOOP('',(#778,#779,#780,#781));
#4735=EDGE_LOOP('',(#782,#783,#784,#785,#786,#787,#788,#789,#790,#791,#792));
#4736=EDGE_LOOP('',(#793,#794,#795,#796));
#4737=EDGE_LOOP('',(#797,#798,#799,#800));
#4738=EDGE_LOOP('',(#801,#802,#803,#804,#805,#806,#807,#808,#809,#810,#811));
#4739=EDGE_LOOP('',(#812,#813,#814,#815));
#4740=EDGE_LOOP('',(#816,#817,#818,#819));
#4741=EDGE_LOOP('',(#820,#821,#822,#823,#824,#825,#826,#827));
#4742=EDGE_LOOP('',(#828,#829,#830,#831,#832,#833,#834,#835,#836,#837,#838));
#4743=EDGE_LOOP('',(#839,#840,#841,#842,#843,#844,#845,#846));
#4744=EDGE_LOOP('',(#847,#848,#849,#850));
#4745=EDGE_LOOP('',(#851,#852,#853,#854));
#4746=EDGE_LOOP('',(#855,#856,#857,#858,#859,#860));
#4747=EDGE_LOOP('',(#861,#862,#863,#864));
#4748=EDGE_LOOP('',(#865,#866,#867,#868));
#4749=EDGE_LOOP('',(#869,#870,#871,#872));
#4750=EDGE_LOOP('',(#873,#874,#875,#876));
#4751=EDGE_LOOP('',(#877,#878,#879,#880));
#4752=EDGE_LOOP('',(#881,#882,#883,#884));
#4753=EDGE_LOOP('',(#885,#886,#887,#888));
#4754=EDGE_LOOP('',(#889,#890,#891,#892));
#4755=EDGE_LOOP('',(#893,#894,#895,#896,#897,#898,#899,#900,#901,#902,#903));
#4756=EDGE_LOOP('',(#904,#905,#906,#907));
#4757=EDGE_LOOP('',(#908,#909,#910,#911));
#4758=EDGE_LOOP('',(#912,#913,#914,#915));
#4759=EDGE_LOOP('',(#916,#917,#918,#919,#920,#921,#922,#923));
#4760=EDGE_LOOP('',(#924,#925,#926,#927));
#4761=EDGE_LOOP('',(#928,#929,#930,#931));
#4762=EDGE_LOOP('',(#932,#933,#934,#935));
#4763=EDGE_LOOP('',(#936,#937,#938,#939));
#4764=EDGE_LOOP('',(#940,#941,#942,#943,#944,#945,#946,#947,#948,#949,#950));
#4765=EDGE_LOOP('',(#951,#952,#953,#954));
#4766=EDGE_LOOP('',(#955,#956,#957,#958));
#4767=EDGE_LOOP('',(#959,#960,#961,#962,#963,#964,#965,#966,#967,#968,#969));
#4768=EDGE_LOOP('',(#970,#971,#972,#973));
#4769=EDGE_LOOP('',(#974,#975,#976,#977));
#4770=EDGE_LOOP('',(#978,#979,#980,#981));
#4771=EDGE_LOOP('',(#982,#983,#984,#985));
#4772=EDGE_LOOP('',(#986,#987,#988,#989));
#4773=EDGE_LOOP('',(#990,#991,#992,#993));
#4774=EDGE_LOOP('',(#994,#995,#996,#997));
#4775=EDGE_LOOP('',(#998,#999,#1000,#1001));
#4776=EDGE_LOOP('',(#1002,#1003,#1004,#1005));
#4777=EDGE_LOOP('',(#1006,#1007,#1008,#1009,#1010,#1011,#1012,#1013));
#4778=EDGE_LOOP('',(#1014,#1015,#1016,#1017));
#4779=EDGE_LOOP('',(#1018,#1019,#1020,#1021));
#4780=EDGE_LOOP('',(#1022,#1023,#1024,#1025));
#4781=EDGE_LOOP('',(#1026,#1027,#1028,#1029));
#4782=EDGE_LOOP('',(#1030,#1031,#1032,#1033));
#4783=EDGE_LOOP('',(#1034,#1035,#1036,#1037));
#4784=EDGE_LOOP('',(#1038,#1039,#1040,#1041));
#4785=EDGE_LOOP('',(#1042,#1043,#1044,#1045,#1046,#1047,#1048,#1049,#1050,
#1051,#1052));
#4786=EDGE_LOOP('',(#1053,#1054,#1055,#1056,#1057,#1058,#1059,#1060,#1061,
#1062,#1063));
#4787=EDGE_LOOP('',(#1064,#1065,#1066,#1067));
#4788=EDGE_LOOP('',(#1068,#1069,#1070,#1071));
#4789=EDGE_LOOP('',(#1072,#1073,#1074,#1075,#1076,#1077));
#4790=EDGE_LOOP('',(#1078,#1079,#1080,#1081));
#4791=EDGE_LOOP('',(#1082,#1083,#1084,#1085));
#4792=EDGE_LOOP('',(#1086,#1087,#1088,#1089));
#4793=EDGE_LOOP('',(#1090,#1091,#1092,#1093));
#4794=EDGE_LOOP('',(#1094,#1095,#1096,#1097));
#4795=EDGE_LOOP('',(#1098,#1099,#1100,#1101));
#4796=EDGE_LOOP('',(#1102,#1103,#1104,#1105));
#4797=EDGE_LOOP('',(#1106,#1107,#1108,#1109));
#4798=EDGE_LOOP('',(#1110,#1111,#1112,#1113));
#4799=EDGE_LOOP('',(#1114,#1115,#1116,#1117));
#4800=EDGE_LOOP('',(#1118,#1119,#1120,#1121));
#4801=EDGE_LOOP('',(#1122,#1123,#1124,#1125,#1126,#1127,#1128,#1129));
#4802=EDGE_LOOP('',(#1130,#1131,#1132,#1133));
#4803=EDGE_LOOP('',(#1134,#1135,#1136,#1137,#1138,#1139));
#4804=EDGE_LOOP('',(#1140,#1141,#1142,#1143));
#4805=EDGE_LOOP('',(#1144,#1145,#1146,#1147));
#4806=EDGE_LOOP('',(#1148,#1149,#1150,#1151));
#4807=EDGE_LOOP('',(#1152,#1153,#1154,#1155,#1156,#1157,#1158,#1159,#1160,
#1161,#1162));
#4808=EDGE_LOOP('',(#1163,#1164,#1165,#1166));
#4809=EDGE_LOOP('',(#1167,#1168,#1169,#1170));
#4810=EDGE_LOOP('',(#1171,#1172,#1173,#1174));
#4811=EDGE_LOOP('',(#1175,#1176,#1177,#1178,#1179,#1180));
#4812=EDGE_LOOP('',(#1181,#1182,#1183,#1184,#1185,#1186,#1187,#1188));
#4813=EDGE_LOOP('',(#1189,#1190,#1191,#1192,#1193,#1194,#1195,#1196));
#4814=EDGE_LOOP('',(#1197,#1198,#1199,#1200));
#4815=EDGE_LOOP('',(#1201,#1202,#1203,#1204,#1205,#1206));
#4816=EDGE_LOOP('',(#1207,#1208,#1209,#1210));
#4817=EDGE_LOOP('',(#1211,#1212,#1213,#1214));
#4818=EDGE_LOOP('',(#1215,#1216,#1217,#1218));
#4819=EDGE_LOOP('',(#1219,#1220,#1221,#1222));
#4820=EDGE_LOOP('',(#1223,#1224,#1225,#1226,#1227,#1228));
#4821=EDGE_LOOP('',(#1229,#1230,#1231,#1232,#1233,#1234,#1235,#1236));
#4822=EDGE_LOOP('',(#1237,#1238,#1239,#1240,#1241,#1242,#1243,#1244));
#4823=EDGE_LOOP('',(#1245,#1246,#1247,#1248));
#4824=EDGE_LOOP('',(#1249,#1250,#1251,#1252,#1253,#1254));
#4825=EDGE_LOOP('',(#1255,#1256,#1257,#1258));
#4826=EDGE_LOOP('',(#1259,#1260,#1261,#1262));
#4827=EDGE_LOOP('',(#1263,#1264,#1265,#1266,#1267,#1268));
#4828=EDGE_LOOP('',(#1269,#1270,#1271,#1272,#1273,#1274,#1275,#1276,#1277,
#1278,#1279));
#4829=EDGE_LOOP('',(#1280,#1281,#1282,#1283));
#4830=EDGE_LOOP('',(#1284,#1285,#1286,#1287,#1288,#1289,#1290,#1291,#1292,
#1293,#1294));
#4831=EDGE_LOOP('',(#1295,#1296,#1297,#1298,#1299,#1300,#1301,#1302,#1303,
#1304,#1305));
#4832=EDGE_LOOP('',(#1306,#1307,#1308,#1309,#1310));
#4833=EDGE_LOOP('',(#1311,#1312,#1313,#1314));
#4834=EDGE_LOOP('',(#1315,#1316,#1317,#1318,#1319,#1320));
#4835=EDGE_LOOP('',(#1321,#1322,#1323,#1324));
#4836=EDGE_LOOP('',(#1325,#1326,#1327,#1328,#1329,#1330));
#4837=EDGE_LOOP('',(#1331,#1332,#1333,#1334));
#4838=EDGE_LOOP('',(#1335,#1336,#1337,#1338));
#4839=EDGE_LOOP('',(#1339,#1340,#1341,#1342,#1343));
#4840=EDGE_LOOP('',(#1344,#1345,#1346,#1347));
#4841=EDGE_LOOP('',(#1348,#1349,#1350,#1351));
#4842=EDGE_LOOP('',(#1352,#1353,#1354,#1355));
#4843=EDGE_LOOP('',(#1356,#1357,#1358,#1359));
#4844=EDGE_LOOP('',(#1360,#1361,#1362,#1363));
#4845=EDGE_LOOP('',(#1364,#1365,#1366,#1367));
#4846=EDGE_LOOP('',(#1368,#1369,#1370,#1371));
#4847=EDGE_LOOP('',(#1372,#1373,#1374,#1375));
#4848=EDGE_LOOP('',(#1376,#1377,#1378,#1379));
#4849=EDGE_LOOP('',(#1380,#1381,#1382,#1383));
#4850=EDGE_LOOP('',(#1384,#1385,#1386,#1387));
#4851=EDGE_LOOP('',(#1388,#1389,#1390,#1391));
#4852=EDGE_LOOP('',(#1392,#1393,#1394,#1395));
#4853=EDGE_LOOP('',(#1396,#1397,#1398,#1399));
#4854=EDGE_LOOP('',(#1400,#1401,#1402,#1403));
#4855=EDGE_LOOP('',(#1404,#1405,#1406,#1407));
#4856=EDGE_LOOP('',(#1408,#1409,#1410,#1411));
#4857=EDGE_LOOP('',(#1412,#1413,#1414,#1415,#1416,#1417,#1418,#1419,#1420,
#1421,#1422,#1423,#1424,#1425,#1426,#1427,#1428,#1429));
#4858=EDGE_LOOP('',(#1430,#1431,#1432,#1433,#1434,#1435,#1436,#1437,#1438,
#1439,#1440,#1441,#1442,#1443,#1444,#1445,#1446,#1447));
#4859=EDGE_LOOP('',(#1448,#1449,#1450,#1451));
#4860=EDGE_LOOP('',(#1452,#1453,#1454,#1455));
#4861=EDGE_LOOP('',(#1456,#1457,#1458,#1459,#1460,#1461));
#4862=EDGE_LOOP('',(#1462,#1463,#1464,#1465));
#4863=EDGE_LOOP('',(#1466,#1467,#1468,#1469,#1470,#1471,#1472,#1473,#1474,
#1475));
#4864=EDGE_LOOP('',(#1476,#1477,#1478,#1479,#1480,#1481));
#4865=EDGE_LOOP('',(#1482,#1483,#1484,#1485,#1486,#1487));
#4866=EDGE_LOOP('',(#1488,#1489,#1490,#1491));
#4867=EDGE_LOOP('',(#1492,#1493,#1494,#1495));
#4868=EDGE_LOOP('',(#1496,#1497,#1498,#1499));
#4869=EDGE_LOOP('',(#1500,#1501,#1502,#1503));
#4870=EDGE_LOOP('',(#1504,#1505,#1506,#1507,#1508,#1509,#1510,#1511,#1512,
#1513,#1514));
#4871=EDGE_LOOP('',(#1515,#1516,#1517,#1518));
#4872=EDGE_LOOP('',(#1519,#1520,#1521,#1522));
#4873=EDGE_LOOP('',(#1523,#1524,#1525,#1526,#1527,#1528));
#4874=EDGE_LOOP('',(#1529,#1530,#1531,#1532));
#4875=EDGE_LOOP('',(#1533,#1534,#1535,#1536));
#4876=EDGE_LOOP('',(#1537,#1538,#1539,#1540,#1541));
#4877=EDGE_LOOP('',(#1542,#1543,#1544,#1545));
#4878=EDGE_LOOP('',(#1546,#1547,#1548,#1549));
#4879=EDGE_LOOP('',(#1550,#1551,#1552,#1553));
#4880=EDGE_LOOP('',(#1554,#1555,#1556,#1557,#1558,#1559,#1560,#1561,#1562));
#4881=EDGE_LOOP('',(#1563,#1564,#1565,#1566));
#4882=EDGE_LOOP('',(#1567,#1568,#1569,#1570,#1571,#1572,#1573,#1574));
#4883=EDGE_LOOP('',(#1575,#1576,#1577,#1578));
#4884=EDGE_LOOP('',(#1579,#1580,#1581,#1582));
#4885=EDGE_LOOP('',(#1583,#1584,#1585,#1586));
#4886=EDGE_LOOP('',(#1587,#1588,#1589,#1590,#1591,#1592,#1593,#1594,#1595,
#1596,#1597));
#4887=EDGE_LOOP('',(#1598,#1599,#1600,#1601));
#4888=EDGE_LOOP('',(#1602,#1603,#1604,#1605));
#4889=EDGE_LOOP('',(#1606,#1607,#1608,#1609));
#4890=EDGE_LOOP('',(#1610,#1611,#1612,#1613,#1614,#1615,#1616,#1617,#1618,
#1619,#1620,#1621,#1622,#1623,#1624,#1625,#1626,#1627,#1628,#1629,#1630,
#1631,#1632,#1633,#1634,#1635,#1636,#1637,#1638,#1639,#1640,#1641,#1642,
#1643,#1644,#1645,#1646,#1647,#1648,#1649,#1650,#1651,#1652,#1653,#1654,
#1655,#1656,#1657,#1658,#1659,#1660,#1661));
#4891=EDGE_LOOP('',(#1662,#1663,#1664,#1665));
#4892=EDGE_LOOP('',(#1666,#1667,#1668,#1669));
#4893=EDGE_LOOP('',(#1670,#1671,#1672,#1673,#1674,#1675));
#4894=EDGE_LOOP('',(#1676,#1677,#1678,#1679));
#4895=EDGE_LOOP('',(#1680,#1681,#1682,#1683));
#4896=EDGE_LOOP('',(#1684,#1685,#1686,#1687));
#4897=EDGE_LOOP('',(#1688,#1689,#1690,#1691));
#4898=EDGE_LOOP('',(#1692,#1693,#1694,#1695));
#4899=EDGE_LOOP('',(#1696,#1697,#1698,#1699));
#4900=EDGE_LOOP('',(#1700,#1701,#1702,#1703));
#4901=EDGE_LOOP('',(#1704,#1705,#1706,#1707));
#4902=EDGE_LOOP('',(#1708,#1709,#1710,#1711));
#4903=EDGE_LOOP('',(#1712,#1713,#1714,#1715));
#4904=EDGE_LOOP('',(#1716,#1717,#1718,#1719));
#4905=EDGE_LOOP('',(#1720,#1721,#1722,#1723));
#4906=EDGE_LOOP('',(#1724,#1725,#1726,#1727,#1728,#1729,#1730,#1731,#1732,
#1733,#1734));
#4907=EDGE_LOOP('',(#1735,#1736,#1737,#1738));
#4908=EDGE_LOOP('',(#1739,#1740,#1741,#1742,#1743,#1744,#1745,#1746,#1747,
#1748,#1749));
#4909=EDGE_LOOP('',(#1750,#1751,#1752,#1753));
#4910=EDGE_LOOP('',(#1754,#1755,#1756,#1757));
#4911=EDGE_LOOP('',(#1758,#1759,#1760,#1761));
#4912=FACE_BOUND('',#4621,.T.);
#4913=FACE_BOUND('',#4622,.T.);
#4914=FACE_BOUND('',#4623,.T.);
#4915=FACE_BOUND('',#4624,.T.);
#4916=FACE_BOUND('',#4625,.T.);
#4917=FACE_BOUND('',#4626,.T.);
#4918=FACE_BOUND('',#4627,.T.);
#4919=FACE_BOUND('',#4628,.T.);
#4920=FACE_BOUND('',#4629,.T.);
#4921=FACE_BOUND('',#4630,.T.);
#4922=FACE_BOUND('',#4631,.T.);
#4923=FACE_BOUND('',#4632,.T.);
#4924=FACE_BOUND('',#4633,.T.);
#4925=FACE_BOUND('',#4634,.T.);
#4926=FACE_BOUND('',#4635,.T.);
#4927=FACE_BOUND('',#4636,.T.);
#4928=FACE_BOUND('',#4637,.T.);
#4929=FACE_BOUND('',#4638,.T.);
#4930=FACE_BOUND('',#4639,.T.);
#4931=FACE_BOUND('',#4640,.T.);
#4932=FACE_BOUND('',#4641,.T.);
#4933=FACE_BOUND('',#4642,.T.);
#4934=FACE_BOUND('',#4643,.T.);
#4935=FACE_BOUND('',#4644,.T.);
#4936=FACE_BOUND('',#4645,.T.);
#4937=FACE_BOUND('',#4646,.T.);
#4938=FACE_BOUND('',#4647,.T.);
#4939=FACE_BOUND('',#4648,.T.);
#4940=FACE_BOUND('',#4649,.T.);
#4941=FACE_BOUND('',#4650,.T.);
#4942=FACE_BOUND('',#4651,.T.);
#4943=FACE_BOUND('',#4652,.T.);
#4944=FACE_BOUND('',#4653,.T.);
#4945=FACE_BOUND('',#4654,.T.);
#4946=FACE_BOUND('',#4655,.T.);
#4947=FACE_BOUND('',#4656,.T.);
#4948=FACE_BOUND('',#4657,.T.);
#4949=FACE_BOUND('',#4658,.T.);
#4950=FACE_BOUND('',#4659,.T.);
#4951=FACE_BOUND('',#4660,.T.);
#4952=FACE_BOUND('',#4661,.T.);
#4953=FACE_BOUND('',#4662,.T.);
#4954=FACE_BOUND('',#4663,.T.);
#4955=FACE_BOUND('',#4664,.T.);
#4956=FACE_BOUND('',#4665,.T.);
#4957=FACE_BOUND('',#4666,.T.);
#4958=FACE_BOUND('',#4667,.T.);
#4959=FACE_BOUND('',#4668,.T.);
#4960=FACE_BOUND('',#4669,.T.);
#4961=FACE_BOUND('',#4670,.T.);
#4962=FACE_BOUND('',#4671,.T.);
#4963=FACE_BOUND('',#4672,.T.);
#4964=FACE_BOUND('',#4673,.T.);
#4965=FACE_BOUND('',#4674,.T.);
#4966=FACE_BOUND('',#4675,.T.);
#4967=FACE_BOUND('',#4676,.T.);
#4968=FACE_BOUND('',#4677,.T.);
#4969=FACE_BOUND('',#4678,.T.);
#4970=FACE_BOUND('',#4679,.T.);
#4971=FACE_BOUND('',#4680,.T.);
#4972=FACE_BOUND('',#4681,.T.);
#4973=FACE_BOUND('',#4682,.T.);
#4974=FACE_BOUND('',#4683,.T.);
#4975=FACE_BOUND('',#4684,.T.);
#4976=FACE_BOUND('',#4685,.T.);
#4977=FACE_BOUND('',#4686,.T.);
#4978=FACE_BOUND('',#4687,.T.);
#4979=FACE_BOUND('',#4688,.T.);
#4980=FACE_BOUND('',#4689,.T.);
#4981=FACE_BOUND('',#4690,.T.);
#4982=FACE_BOUND('',#4691,.T.);
#4983=FACE_BOUND('',#4692,.T.);
#4984=FACE_BOUND('',#4693,.T.);
#4985=FACE_BOUND('',#4694,.T.);
#4986=FACE_BOUND('',#4695,.T.);
#4987=FACE_BOUND('',#4696,.T.);
#4988=FACE_BOUND('',#4697,.T.);
#4989=FACE_BOUND('',#4698,.T.);
#4990=FACE_BOUND('',#4699,.T.);
#4991=FACE_BOUND('',#4700,.T.);
#4992=FACE_BOUND('',#4701,.T.);
#4993=FACE_BOUND('',#4702,.T.);
#4994=FACE_BOUND('',#4703,.T.);
#4995=FACE_BOUND('',#4704,.T.);
#4996=FACE_BOUND('',#4705,.T.);
#4997=FACE_BOUND('',#4706,.T.);
#4998=FACE_BOUND('',#4707,.T.);
#4999=FACE_BOUND('',#4708,.T.);
#5000=FACE_BOUND('',#4709,.T.);
#5001=FACE_BOUND('',#4710,.T.);
#5002=FACE_BOUND('',#4711,.T.);
#5003=FACE_BOUND('',#4712,.T.);
#5004=FACE_BOUND('',#4713,.T.);
#5005=FACE_BOUND('',#4714,.T.);
#5006=FACE_BOUND('',#4715,.T.);
#5007=FACE_BOUND('',#4716,.T.);
#5008=FACE_BOUND('',#4717,.T.);
#5009=FACE_BOUND('',#4718,.T.);
#5010=FACE_BOUND('',#4719,.T.);
#5011=FACE_BOUND('',#4720,.T.);
#5012=FACE_BOUND('',#4721,.T.);
#5013=FACE_BOUND('',#4722,.T.);
#5014=FACE_BOUND('',#4723,.T.);
#5015=FACE_BOUND('',#4724,.T.);
#5016=FACE_BOUND('',#4725,.T.);
#5017=FACE_BOUND('',#4726,.T.);
#5018=FACE_BOUND('',#4727,.T.);
#5019=FACE_BOUND('',#4728,.T.);
#5020=FACE_BOUND('',#4729,.T.);
#5021=FACE_BOUND('',#4730,.T.);
#5022=FACE_BOUND('',#4731,.T.);
#5023=FACE_BOUND('',#4732,.T.);
#5024=FACE_BOUND('',#4733,.T.);
#5025=FACE_BOUND('',#4734,.T.);
#5026=FACE_BOUND('',#4735,.T.);
#5027=FACE_BOUND('',#4736,.T.);
#5028=FACE_BOUND('',#4737,.T.);
#5029=FACE_BOUND('',#4738,.T.);
#5030=FACE_BOUND('',#4739,.T.);
#5031=FACE_BOUND('',#4740,.T.);
#5032=FACE_BOUND('',#4741,.T.);
#5033=FACE_BOUND('',#4742,.T.);
#5034=FACE_BOUND('',#4743,.T.);
#5035=FACE_BOUND('',#4744,.T.);
#5036=FACE_BOUND('',#4745,.T.);
#5037=FACE_BOUND('',#4746,.T.);
#5038=FACE_BOUND('',#4747,.T.);
#5039=FACE_BOUND('',#4748,.T.);
#5040=FACE_BOUND('',#4749,.T.);
#5041=FACE_BOUND('',#4750,.T.);
#5042=FACE_BOUND('',#4751,.T.);
#5043=FACE_BOUND('',#4752,.T.);
#5044=FACE_BOUND('',#4753,.T.);
#5045=FACE_BOUND('',#4754,.T.);
#5046=FACE_BOUND('',#4755,.T.);
#5047=FACE_BOUND('',#4756,.T.);
#5048=FACE_BOUND('',#4757,.T.);
#5049=FACE_BOUND('',#4758,.T.);
#5050=FACE_BOUND('',#4759,.T.);
#5051=FACE_BOUND('',#4760,.T.);
#5052=FACE_BOUND('',#4761,.T.);
#5053=FACE_BOUND('',#4762,.T.);
#5054=FACE_BOUND('',#4763,.T.);
#5055=FACE_BOUND('',#4764,.T.);
#5056=FACE_BOUND('',#4765,.T.);
#5057=FACE_BOUND('',#4766,.T.);
#5058=FACE_BOUND('',#4767,.T.);
#5059=FACE_BOUND('',#4768,.T.);
#5060=FACE_BOUND('',#4769,.T.);
#5061=FACE_BOUND('',#4770,.T.);
#5062=FACE_BOUND('',#4771,.T.);
#5063=FACE_BOUND('',#4772,.T.);
#5064=FACE_BOUND('',#4773,.T.);
#5065=FACE_BOUND('',#4774,.T.);
#5066=FACE_BOUND('',#4775,.T.);
#5067=FACE_BOUND('',#4776,.T.);
#5068=FACE_BOUND('',#4777,.T.);
#5069=FACE_BOUND('',#4778,.T.);
#5070=FACE_BOUND('',#4779,.T.);
#5071=FACE_BOUND('',#4780,.T.);
#5072=FACE_BOUND('',#4781,.T.);
#5073=FACE_BOUND('',#4782,.T.);
#5074=FACE_BOUND('',#4783,.T.);
#5075=FACE_BOUND('',#4784,.T.);
#5076=FACE_BOUND('',#4785,.T.);
#5077=FACE_BOUND('',#4786,.T.);
#5078=FACE_BOUND('',#4787,.T.);
#5079=FACE_BOUND('',#4788,.T.);
#5080=FACE_BOUND('',#4789,.T.);
#5081=FACE_BOUND('',#4790,.T.);
#5082=FACE_BOUND('',#4791,.T.);
#5083=FACE_BOUND('',#4792,.T.);
#5084=FACE_BOUND('',#4793,.T.);
#5085=FACE_BOUND('',#4794,.T.);
#5086=FACE_BOUND('',#4795,.T.);
#5087=FACE_BOUND('',#4796,.T.);
#5088=FACE_BOUND('',#4797,.T.);
#5089=FACE_BOUND('',#4798,.T.);
#5090=FACE_BOUND('',#4799,.T.);
#5091=FACE_BOUND('',#4800,.T.);
#5092=FACE_BOUND('',#4801,.T.);
#5093=FACE_BOUND('',#4802,.T.);
#5094=FACE_BOUND('',#4803,.T.);
#5095=FACE_BOUND('',#4804,.T.);
#5096=FACE_BOUND('',#4805,.T.);
#5097=FACE_BOUND('',#4806,.T.);
#5098=FACE_BOUND('',#4807,.T.);
#5099=FACE_BOUND('',#4808,.T.);
#5100=FACE_BOUND('',#4809,.T.);
#5101=FACE_BOUND('',#4810,.T.);
#5102=FACE_BOUND('',#4811,.T.);
#5103=FACE_BOUND('',#4812,.T.);
#5104=FACE_BOUND('',#4813,.T.);
#5105=FACE_BOUND('',#4814,.T.);
#5106=FACE_BOUND('',#4815,.T.);
#5107=FACE_BOUND('',#4816,.T.);
#5108=FACE_BOUND('',#4817,.T.);
#5109=FACE_BOUND('',#4818,.T.);
#5110=FACE_BOUND('',#4819,.T.);
#5111=FACE_BOUND('',#4820,.T.);
#5112=FACE_BOUND('',#4821,.T.);
#5113=FACE_BOUND('',#4822,.T.);
#5114=FACE_BOUND('',#4823,.T.);
#5115=FACE_BOUND('',#4824,.T.);
#5116=FACE_BOUND('',#4825,.T.);
#5117=FACE_BOUND('',#4826,.T.);
#5118=FACE_BOUND('',#4827,.T.);
#5119=FACE_BOUND('',#4828,.T.);
#5120=FACE_BOUND('',#4829,.T.);
#5121=FACE_BOUND('',#4830,.T.);
#5122=FACE_BOUND('',#4831,.T.);
#5123=FACE_BOUND('',#4832,.T.);
#5124=FACE_BOUND('',#4833,.T.);
#5125=FACE_BOUND('',#4834,.T.);
#5126=FACE_BOUND('',#4835,.T.);
#5127=FACE_BOUND('',#4836,.T.);
#5128=FACE_BOUND('',#4837,.T.);
#5129=FACE_BOUND('',#4838,.T.);
#5130=FACE_BOUND('',#4839,.T.);
#5131=FACE_BOUND('',#4840,.T.);
#5132=FACE_BOUND('',#4841,.T.);
#5133=FACE_BOUND('',#4842,.T.);
#5134=FACE_BOUND('',#4843,.T.);
#5135=FACE_BOUND('',#4844,.T.);
#5136=FACE_BOUND('',#4845,.T.);
#5137=FACE_BOUND('',#4846,.T.);
#5138=FACE_BOUND('',#4847,.T.);
#5139=FACE_BOUND('',#4848,.T.);
#5140=FACE_BOUND('',#4849,.T.);
#5141=FACE_BOUND('',#4850,.T.);
#5142=FACE_BOUND('',#4851,.T.);
#5143=FACE_BOUND('',#4852,.T.);
#5144=FACE_BOUND('',#4853,.T.);
#5145=FACE_BOUND('',#4854,.T.);
#5146=FACE_BOUND('',#4855,.T.);
#5147=FACE_BOUND('',#4856,.T.);
#5148=FACE_BOUND('',#4857,.T.);
#5149=FACE_BOUND('',#4858,.T.);
#5150=FACE_BOUND('',#4859,.T.);
#5151=FACE_BOUND('',#4860,.T.);
#5152=FACE_BOUND('',#4861,.T.);
#5153=FACE_BOUND('',#4862,.T.);
#5154=FACE_BOUND('',#4863,.T.);
#5155=FACE_BOUND('',#4864,.T.);
#5156=FACE_BOUND('',#4865,.T.);
#5157=FACE_BOUND('',#4866,.T.);
#5158=FACE_BOUND('',#4867,.T.);
#5159=FACE_BOUND('',#4868,.T.);
#5160=FACE_BOUND('',#4869,.T.);
#5161=FACE_BOUND('',#4870,.T.);
#5162=FACE_BOUND('',#4871,.T.);
#5163=FACE_BOUND('',#4872,.T.);
#5164=FACE_BOUND('',#4873,.T.);
#5165=FACE_BOUND('',#4874,.T.);
#5166=FACE_BOUND('',#4875,.T.);
#5167=FACE_BOUND('',#4876,.T.);
#5168=FACE_BOUND('',#4877,.T.);
#5169=FACE_BOUND('',#4878,.T.);
#5170=FACE_BOUND('',#4879,.T.);
#5171=FACE_BOUND('',#4880,.T.);
#5172=FACE_BOUND('',#4881,.T.);
#5173=FACE_BOUND('',#4882,.T.);
#5174=FACE_BOUND('',#4883,.T.);
#5175=FACE_BOUND('',#4884,.T.);
#5176=FACE_BOUND('',#4885,.T.);
#5177=FACE_BOUND('',#4886,.T.);
#5178=FACE_BOUND('',#4887,.T.);
#5179=FACE_BOUND('',#4888,.T.);
#5180=FACE_BOUND('',#4889,.T.);
#5181=FACE_BOUND('',#4890,.T.);
#5182=FACE_BOUND('',#4891,.T.);
#5183=FACE_BOUND('',#4892,.T.);
#5184=FACE_BOUND('',#4893,.T.);
#5185=FACE_BOUND('',#4894,.T.);
#5186=FACE_BOUND('',#4895,.T.);
#5187=FACE_BOUND('',#4896,.T.);
#5188=FACE_BOUND('',#4897,.T.);
#5189=FACE_BOUND('',#4898,.T.);
#5190=FACE_BOUND('',#4899,.T.);
#5191=FACE_BOUND('',#4900,.T.);
#5192=FACE_BOUND('',#4901,.T.);
#5193=FACE_BOUND('',#4902,.T.);
#5194=FACE_BOUND('',#4903,.T.);
#5195=FACE_BOUND('',#4904,.T.);
#5196=FACE_BOUND('',#4905,.T.);
#5197=FACE_BOUND('',#4906,.T.);
#5198=FACE_BOUND('',#4907,.T.);
#5199=FACE_BOUND('',#4908,.T.);
#5200=FACE_BOUND('',#4909,.T.);
#5201=FACE_BOUND('',#4910,.T.);
#5202=FACE_BOUND('',#4911,.T.);
#5203=PLANE('',#5779);
#5204=PLANE('',#5780);
#5205=PLANE('',#5781);
#5206=PLANE('',#5782);
#5207=PLANE('',#5783);
#5208=PLANE('',#5787);
#5209=PLANE('',#5788);
#5210=PLANE('',#5790);
#5211=PLANE('',#5794);
#5212=PLANE('',#5795);
#5213=PLANE('',#5798);
#5214=PLANE('',#5799);
#5215=PLANE('',#5800);
#5216=PLANE('',#5803);
#5217=PLANE('',#5804);
#5218=PLANE('',#5807);
#5219=PLANE('',#5808);
#5220=PLANE('',#5811);
#5221=PLANE('',#5812);
#5222=PLANE('',#5813);
#5223=PLANE('',#5816);
#5224=PLANE('',#5818);
#5225=PLANE('',#5819);
#5226=PLANE('',#5820);
#5227=PLANE('',#5821);
#5228=PLANE('',#5823);
#5229=PLANE('',#5824);
#5230=PLANE('',#5825);
#5231=PLANE('',#5826);
#5232=PLANE('',#5829);
#5233=PLANE('',#5830);
#5234=PLANE('',#5831);
#5235=PLANE('',#5832);
#5236=PLANE('',#5833);
#5237=PLANE('',#5837);
#5238=PLANE('',#5838);
#5239=PLANE('',#5839);
#5240=PLANE('',#5840);
#5241=PLANE('',#5841);
#5242=PLANE('',#5842);
#5243=PLANE('',#5843);
#5244=PLANE('',#5844);
#5245=PLANE('',#5845);
#5246=PLANE('',#5846);
#5247=PLANE('',#5847);
#5248=PLANE('',#5849);
#5249=PLANE('',#5850);
#5250=PLANE('',#5851);
#5251=PLANE('',#5852);
#5252=PLANE('',#5854);
#5253=PLANE('',#5855);
#5254=PLANE('',#5857);
#5255=PLANE('',#5858);
#5256=PLANE('',#5859);
#5257=PLANE('',#5860);
#5258=PLANE('',#5864);
#5259=PLANE('',#5865);
#5260=PLANE('',#5866);
#5261=PLANE('',#5870);
#5262=PLANE('',#5871);
#5263=PLANE('',#5872);
#5264=PLANE('',#5876);
#5265=PLANE('',#5880);
#5266=PLANE('',#5881);
#5267=PLANE('',#5882);
#5268=PLANE('',#5883);
#5269=PLANE('',#5884);
#5270=PLANE('',#5886);
#5271=PLANE('',#5888);
#5272=PLANE('',#5890);
#5273=PLANE('',#5891);
#5274=PLANE('',#5892);
#5275=PLANE('',#5893);
#5276=PLANE('',#5894);
#5277=PLANE('',#5895);
#5278=PLANE('',#5896);
#5279=PLANE('',#5897);
#5280=PLANE('',#5901);
#5281=PLANE('',#5902);
#5282=PLANE('',#5907);
#5283=PLANE('',#5908);
#5284=PLANE('',#5909);
#5285=PLANE('',#5910);
#5286=PLANE('',#5911);
#5287=PLANE('',#5912);
#5288=PLANE('',#5913);
#5289=PLANE('',#5914);
#5290=PLANE('',#5917);
#5291=PLANE('',#5918);
#5292=PLANE('',#5919);
#5293=PLANE('',#5922);
#5294=PLANE('',#5923);
#5295=PLANE('',#5924);
#5296=PLANE('',#5925);
#5297=PLANE('',#5926);
#5298=PLANE('',#5927);
#5299=PLANE('',#5928);
#5300=PLANE('',#5929);
#5301=PLANE('',#5930);
#5302=PLANE('',#5931);
#5303=PLANE('',#5934);
#5304=PLANE('',#5935);
#5305=PLANE('',#5936);
#5306=PLANE('',#5937);
#5307=PLANE('',#5938);
#5308=PLANE('',#5939);
#5309=PLANE('',#5940);
#5310=PLANE('',#5941);
#5311=PLANE('',#5942);
#5312=PLANE('',#5943);
#5313=PLANE('',#5947);
#5314=PLANE('',#5948);
#5315=PLANE('',#5949);
#5316=PLANE('',#5950);
#5317=PLANE('',#5951);
#5318=PLANE('',#5952);
#5319=PLANE('',#5953);
#5320=PLANE('',#5954);
#5321=PLANE('',#5955);
#5322=PLANE('',#5956);
#5323=PLANE('',#5962);
#5324=PLANE('',#5963);
#5325=PLANE('',#5964);
#5326=PLANE('',#5966);
#5327=PLANE('',#5967);
#5328=PLANE('',#5968);
#5329=PLANE('',#5972);
#5330=PLANE('',#5973);
#5331=PLANE('',#5977);
#5332=PLANE('',#5978);
#5333=PLANE('',#5981);
#5334=PLANE('',#5982);
#5335=PLANE('',#5983);
#5336=PLANE('',#5984);
#5337=PLANE('',#5985);
#5338=PLANE('',#5987);
#5339=PLANE('',#5988);
#5340=PLANE('',#5989);
#5341=PLANE('',#5990);
#5342=PLANE('',#5993);
#5343=PLANE('',#5996);
#5344=PLANE('',#5997);
#5345=PLANE('',#5998);
#5346=PLANE('',#5999);
#5347=PLANE('',#6000);
#5348=PLANE('',#6002);
#5349=PLANE('',#6003);
#5350=PLANE('',#6004);
#5351=PLANE('',#6005);
#5352=PLANE('',#6007);
#5353=PLANE('',#6008);
#5354=PLANE('',#6009);
#5355=PLANE('',#6010);
#5356=PLANE('',#6011);
#5357=PLANE('',#6012);
#5358=PLANE('',#6013);
#5359=PLANE('',#6014);
#5360=PLANE('',#6015);
#5361=PLANE('',#6016);
#5362=PLANE('',#6017);
#5363=PLANE('',#6018);
#5364=PLANE('',#6019);
#5365=PLANE('',#6020);
#5366=PLANE('',#6021);
#5367=PLANE('',#6022);
#5368=PLANE('',#6023);
#5369=PLANE('',#6024);
#5370=PLANE('',#6025);
#5371=PLANE('',#6026);
#5372=PLANE('',#6027);
#5373=PLANE('',#6028);
#5374=PLANE('',#6029);
#5375=PLANE('',#6030);
#5376=PLANE('',#6031);
#5377=PLANE('',#6032);
#5378=PLANE('',#6033);
#5379=PLANE('',#6034);
#5380=PLANE('',#6035);
#5381=PLANE('',#6036);
#5382=PLANE('',#6037);
#5383=PLANE('',#6040);
#5384=PLANE('',#6041);
#5385=PLANE('',#6044);
#5386=PLANE('',#6045);
#5387=PLANE('',#6046);
#5388=PLANE('',#6047);
#5389=PLANE('',#6048);
#5390=PLANE('',#6049);
#5391=PLANE('',#6050);
#5392=PLANE('',#6051);
#5393=PLANE('',#6052);
#5394=PLANE('',#6053);
#5395=PLANE('',#6057);
#5396=PLANE('',#6058);
#5397=PLANE('',#6059);
#5398=PLANE('',#6063);
#5399=PLANE('',#6064);
#5400=PLANE('',#6065);
#5401=PLANE('',#6069);
#5402=PLANE('',#6073);
#5403=PLANE('',#6074);
#5404=PLANE('',#6075);
#5405=PLANE('',#6076);
#5406=PLANE('',#6077);
#5407=PLANE('',#6079);
#5408=PLANE('',#6081);
#5409=PLANE('',#6083);
#5410=PLANE('',#6084);
#5411=PLANE('',#6085);
#5412=PLANE('',#6086);
#5413=PLANE('',#6087);
#5414=PLANE('',#6088);
#5415=PLANE('',#6089);
#5416=PLANE('',#6090);
#5417=PLANE('',#6091);
#5418=PLANE('',#6092);
#5419=PLANE('',#6093);
#5420=PLANE('',#6094);
#5421=PLANE('',#6095);
#5422=PLANE('',#6096);
#5423=PLANE('',#6097);
#5424=PLANE('',#6098);
#5425=PLANE('',#6099);
#5426=PLANE('',#6100);
#5427=PLANE('',#6101);
#5428=PLANE('',#6102);
#5429=PLANE('',#6103);
#5430=PLANE('',#6104);
#5431=PLANE('',#6105);
#5432=PLANE('',#6106);
#5433=PLANE('',#6107);
#5434=PLANE('',#6108);
#5435=PLANE('',#6109);
#5436=PLANE('',#6110);
#5437=PLANE('',#6111);
#5438=PLANE('',#6112);
#5439=PLANE('',#6113);
#5440=PLANE('',#6114);
#5441=PLANE('',#6115);
#5442=PLANE('',#6116);
#5443=PLANE('',#6117);
#5444=PLANE('',#6118);
#5445=PLANE('',#6119);
#5446=PLANE('',#6120);
#5447=PLANE('',#6122);
#5448=PLANE('',#6123);
#5449=PLANE('',#6124);
#5450=PLANE('',#6125);
#5451=PLANE('',#6127);
#5452=PLANE('',#6128);
#5453=PLANE('',#6130);
#5454=PLANE('',#6131);
#5455=PLANE('',#6133);
#5456=PLANE('',#6135);
#5457=ADVANCED_FACE('',(#4912),#5203,.T.);
#5458=ADVANCED_FACE('',(#4913),#5204,.F.);
#5459=ADVANCED_FACE('',(#4914),#5205,.T.);
#5460=ADVANCED_FACE('',(#4915),#5206,.F.);
#5461=ADVANCED_FACE('',(#4916),#5207,.T.);
#5462=ADVANCED_FACE('',(#4917),#83,.T.);
#5463=ADVANCED_FACE('',(#4918),#5208,.T.);
#5464=ADVANCED_FACE('',(#4919),#5209,.T.);
#5465=ADVANCED_FACE('',(#4920),#84,.T.);
#5466=ADVANCED_FACE('',(#4921),#5210,.T.);
#5467=ADVANCED_FACE('',(#4922),#85,.T.);
#5468=ADVANCED_FACE('',(#4923),#5211,.T.);
#5469=ADVANCED_FACE('',(#4924),#5212,.F.);
#5470=ADVANCED_FACE('',(#4925),#5213,.T.);
#5471=ADVANCED_FACE('',(#4926),#5214,.T.);
#5472=ADVANCED_FACE('',(#4927),#5215,.T.);
#5473=ADVANCED_FACE('',(#4928),#5216,.F.);
#5474=ADVANCED_FACE('',(#4929),#5217,.F.);
#5475=ADVANCED_FACE('',(#4930),#5218,.T.);
#5476=ADVANCED_FACE('',(#4931),#5219,.T.);
#5477=ADVANCED_FACE('',(#4932),#5220,.T.);
#5478=ADVANCED_FACE('',(#4933),#5221,.F.);
#5479=ADVANCED_FACE('',(#4934),#5222,.F.);
#5480=ADVANCED_FACE('',(#4935),#5223,.T.);
#5481=ADVANCED_FACE('',(#4936),#86,.T.);
#5482=ADVANCED_FACE('',(#4937),#5224,.T.);
#5483=ADVANCED_FACE('',(#4938),#5225,.T.);
#5484=ADVANCED_FACE('',(#4939),#5226,.T.);
#5485=ADVANCED_FACE('',(#4940),#5227,.T.);
#5486=ADVANCED_FACE('',(#4941),#87,.F.);
#5487=ADVANCED_FACE('',(#4942),#5228,.F.);
#5488=ADVANCED_FACE('',(#4943),#5229,.F.);
#5489=ADVANCED_FACE('',(#4944),#5230,.T.);
#5490=ADVANCED_FACE('',(#4945),#5231,.F.);
#5491=ADVANCED_FACE('',(#4946),#5232,.T.);
#5492=ADVANCED_FACE('',(#4947),#5233,.F.);
#5493=ADVANCED_FACE('',(#4948),#5234,.F.);
#5494=ADVANCED_FACE('',(#4949),#5235,.T.);
#5495=ADVANCED_FACE('',(#4950),#5236,.T.);
#5496=ADVANCED_FACE('',(#4951),#88,.F.);
#5497=ADVANCED_FACE('',(#4952),#5237,.F.);
#5498=ADVANCED_FACE('',(#4953),#5238,.T.);
#5499=ADVANCED_FACE('',(#4954),#5239,.T.);
#5500=ADVANCED_FACE('',(#4955),#5240,.T.);
#5501=ADVANCED_FACE('',(#4956),#5241,.T.);
#5502=ADVANCED_FACE('',(#4957),#5242,.T.);
#5503=ADVANCED_FACE('',(#4958),#5243,.T.);
#5504=ADVANCED_FACE('',(#4959),#5244,.F.);
#5505=ADVANCED_FACE('',(#4960),#5245,.T.);
#5506=ADVANCED_FACE('',(#4961),#5246,.T.);
#5507=ADVANCED_FACE('',(#4962),#5247,.T.);
#5508=ADVANCED_FACE('',(#4963),#89,.T.);
#5509=ADVANCED_FACE('',(#4964),#5248,.F.);
#5510=ADVANCED_FACE('',(#4965),#5249,.T.);
#5511=ADVANCED_FACE('',(#4966),#5250,.F.);
#5512=ADVANCED_FACE('',(#4967),#5251,.F.);
#5513=ADVANCED_FACE('',(#4968),#90,.F.);
#5514=ADVANCED_FACE('',(#4969),#5252,.T.);
#5515=ADVANCED_FACE('',(#4970),#5253,.T.);
#5516=ADVANCED_FACE('',(#4971),#5254,.F.);
#5517=ADVANCED_FACE('',(#4972),#5255,.T.);
#5518=ADVANCED_FACE('',(#4973),#5256,.F.);
#5519=ADVANCED_FACE('',(#4974,#4975),#5257,.T.);
#5520=ADVANCED_FACE('',(#4976),#91,.T.);
#5521=ADVANCED_FACE('',(#4977),#5258,.T.);
#5522=ADVANCED_FACE('',(#4978),#5259,.T.);
#5523=ADVANCED_FACE('',(#4979),#5260,.T.);
#5524=ADVANCED_FACE('',(#4980),#92,.F.);
#5525=ADVANCED_FACE('',(#4981),#5261,.T.);
#5526=ADVANCED_FACE('',(#4982),#5262,.T.);
#5527=ADVANCED_FACE('',(#4983),#5263,.T.);
#5528=ADVANCED_FACE('',(#4984),#93,.F.);
#5529=ADVANCED_FACE('',(#4985),#5264,.T.);
#5530=ADVANCED_FACE('',(#4986),#94,.F.);
#5531=ADVANCED_FACE('',(#4987),#5265,.T.);
#5532=ADVANCED_FACE('',(#4988),#5266,.T.);
#5533=ADVANCED_FACE('',(#4989),#5267,.T.);
#5534=ADVANCED_FACE('',(#4990),#5268,.T.);
#5535=ADVANCED_FACE('',(#4991),#5269,.T.);
#5536=ADVANCED_FACE('',(#4992),#5270,.F.);
#5537=ADVANCED_FACE('',(#4993),#5271,.F.);
#5538=ADVANCED_FACE('',(#4994),#95,.F.);
#5539=ADVANCED_FACE('',(#4995),#5272,.F.);
#5540=ADVANCED_FACE('',(#4996),#5273,.T.);
#5541=ADVANCED_FACE('',(#4997),#5274,.T.);
#5542=ADVANCED_FACE('',(#4998),#5275,.T.);
#5543=ADVANCED_FACE('',(#4999),#5276,.F.);
#5544=ADVANCED_FACE('',(#5000),#5277,.T.);
#5545=ADVANCED_FACE('',(#5001),#5278,.T.);
#5546=ADVANCED_FACE('',(#5002),#5279,.T.);
#5547=ADVANCED_FACE('',(#5003),#96,.F.);
#5548=ADVANCED_FACE('',(#5004),#5280,.F.);
#5549=ADVANCED_FACE('',(#5005),#5281,.F.);
#5550=ADVANCED_FACE('',(#5006),#97,.F.);
#5551=ADVANCED_FACE('',(#5007),#5282,.T.);
#5552=ADVANCED_FACE('',(#5008),#5283,.T.);
#5553=ADVANCED_FACE('',(#5009),#5284,.T.);
#5554=ADVANCED_FACE('',(#5010),#5285,.T.);
#5555=ADVANCED_FACE('',(#5011),#5286,.T.);
#5556=ADVANCED_FACE('',(#5012),#5287,.T.);
#5557=ADVANCED_FACE('',(#5013),#5288,.T.);
#5558=ADVANCED_FACE('',(#5014),#5289,.T.);
#5559=ADVANCED_FACE('',(#5015),#98,.F.);
#5560=ADVANCED_FACE('',(#5016),#5290,.T.);
#5561=ADVANCED_FACE('',(#5017),#5291,.T.);
#5562=ADVANCED_FACE('',(#5018),#5292,.T.);
#5563=ADVANCED_FACE('',(#5019),#99,.T.);
#5564=ADVANCED_FACE('',(#5020),#5293,.T.);
#5565=ADVANCED_FACE('',(#5021),#5294,.F.);
#5566=ADVANCED_FACE('',(#5022),#5295,.T.);
#5567=ADVANCED_FACE('',(#5023),#5296,.T.);
#5568=ADVANCED_FACE('',(#5024),#5297,.T.);
#5569=ADVANCED_FACE('',(#5025),#5298,.T.);
#5570=ADVANCED_FACE('',(#5026),#5299,.F.);
#5571=ADVANCED_FACE('',(#5027),#5300,.T.);
#5572=ADVANCED_FACE('',(#5028),#5301,.T.);
#5573=ADVANCED_FACE('',(#5029),#5302,.T.);
#5574=ADVANCED_FACE('',(#5030),#5303,.T.);
#5575=ADVANCED_FACE('',(#5031),#5304,.T.);
#5576=ADVANCED_FACE('',(#5032),#5305,.T.);
#5577=ADVANCED_FACE('',(#5033),#5306,.F.);
#5578=ADVANCED_FACE('',(#5034),#5307,.T.);
#5579=ADVANCED_FACE('',(#5035),#5308,.T.);
#5580=ADVANCED_FACE('',(#5036),#5309,.T.);
#5581=ADVANCED_FACE('',(#5037),#5310,.T.);
#5582=ADVANCED_FACE('',(#5038),#5311,.T.);
#5583=ADVANCED_FACE('',(#5039),#5312,.T.);
#5584=ADVANCED_FACE('',(#5040),#100,.F.);
#5585=ADVANCED_FACE('',(#5041),#5313,.T.);
#5586=ADVANCED_FACE('',(#5042),#5314,.T.);
#5587=ADVANCED_FACE('',(#5043),#5315,.T.);
#5588=ADVANCED_FACE('',(#5044),#5316,.T.);
#5589=ADVANCED_FACE('',(#5045),#5317,.T.);
#5590=ADVANCED_FACE('',(#5046),#5318,.T.);
#5591=ADVANCED_FACE('',(#5047),#5319,.F.);
#5592=ADVANCED_FACE('',(#5048),#5320,.T.);
#5593=ADVANCED_FACE('',(#5049),#5321,.T.);
#5594=ADVANCED_FACE('',(#5050),#5322,.T.);
#5595=ADVANCED_FACE('',(#5051),#101,.T.);
#5596=ADVANCED_FACE('',(#5052),#102,.F.);
#5597=ADVANCED_FACE('',(#5053),#5323,.T.);
#5598=ADVANCED_FACE('',(#5054),#5324,.T.);
#5599=ADVANCED_FACE('',(#5055),#5325,.T.);
#5600=ADVANCED_FACE('',(#5056),#5326,.T.);
#5601=ADVANCED_FACE('',(#5057),#5327,.T.);
#5602=ADVANCED_FACE('',(#5058),#5328,.F.);
#5603=ADVANCED_FACE('',(#5059),#103,.T.);
#5604=ADVANCED_FACE('',(#5060),#5329,.T.);
#5605=ADVANCED_FACE('',(#5061),#5330,.T.);
#5606=ADVANCED_FACE('',(#5062),#104,.T.);
#5607=ADVANCED_FACE('',(#5063),#5331,.T.);
#5608=ADVANCED_FACE('',(#5064),#5332,.T.);
#5609=ADVANCED_FACE('',(#5065),#105,.T.);
#5610=ADVANCED_FACE('',(#5066),#106,.T.);
#5611=ADVANCED_FACE('',(#5067),#5333,.F.);
#5612=ADVANCED_FACE('',(#5068),#5334,.T.);
#5613=ADVANCED_FACE('',(#5069),#5335,.T.);
#5614=ADVANCED_FACE('',(#5070),#5336,.F.);
#5615=ADVANCED_FACE('',(#5071),#5337,.T.);
#5616=ADVANCED_FACE('',(#5072),#107,.F.);
#5617=ADVANCED_FACE('',(#5073),#5338,.T.);
#5618=ADVANCED_FACE('',(#5074),#5339,.T.);
#5619=ADVANCED_FACE('',(#5075),#5340,.T.);
#5620=ADVANCED_FACE('',(#5076),#5341,.F.);
#5621=ADVANCED_FACE('',(#5077),#5342,.T.);
#5622=ADVANCED_FACE('',(#5078),#5343,.F.);
#5623=ADVANCED_FACE('',(#5079),#5344,.T.);
#5624=ADVANCED_FACE('',(#5080),#5345,.T.);
#5625=ADVANCED_FACE('',(#5081),#5346,.T.);
#5626=ADVANCED_FACE('',(#5082),#5347,.T.);
#5627=ADVANCED_FACE('',(#5083),#108,.F.);
#5628=ADVANCED_FACE('',(#5084),#5348,.T.);
#5629=ADVANCED_FACE('',(#5085),#5349,.T.);
#5630=ADVANCED_FACE('',(#5086),#5350,.T.);
#5631=ADVANCED_FACE('',(#5087),#5351,.T.);
#5632=ADVANCED_FACE('',(#5088),#109,.T.);
#5633=ADVANCED_FACE('',(#5089),#5352,.T.);
#5634=ADVANCED_FACE('',(#5090),#5353,.T.);
#5635=ADVANCED_FACE('',(#5091),#5354,.T.);
#5636=ADVANCED_FACE('',(#5092),#5355,.T.);
#5637=ADVANCED_FACE('',(#5093),#5356,.T.);
#5638=ADVANCED_FACE('',(#5094),#5357,.T.);
#5639=ADVANCED_FACE('',(#5095),#5358,.T.);
#5640=ADVANCED_FACE('',(#5096),#5359,.T.);
#5641=ADVANCED_FACE('',(#5097),#5360,.T.);
#5642=ADVANCED_FACE('',(#5098),#5361,.F.);
#5643=ADVANCED_FACE('',(#5099),#5362,.T.);
#5644=ADVANCED_FACE('',(#5100),#5363,.T.);
#5645=ADVANCED_FACE('',(#5101),#5364,.T.);
#5646=ADVANCED_FACE('',(#5102),#5365,.T.);
#5647=ADVANCED_FACE('',(#5103),#5366,.T.);
#5648=ADVANCED_FACE('',(#5104),#5367,.T.);
#5649=ADVANCED_FACE('',(#5105),#5368,.T.);
#5650=ADVANCED_FACE('',(#5106),#5369,.T.);
#5651=ADVANCED_FACE('',(#5107),#5370,.T.);
#5652=ADVANCED_FACE('',(#5108),#5371,.T.);
#5653=ADVANCED_FACE('',(#5109),#5372,.T.);
#5654=ADVANCED_FACE('',(#5110),#5373,.T.);
#5655=ADVANCED_FACE('',(#5111),#5374,.T.);
#5656=ADVANCED_FACE('',(#5112),#5375,.T.);
#5657=ADVANCED_FACE('',(#5113),#5376,.T.);
#5658=ADVANCED_FACE('',(#5114),#5377,.T.);
#5659=ADVANCED_FACE('',(#5115),#5378,.T.);
#5660=ADVANCED_FACE('',(#5116),#5379,.T.);
#5661=ADVANCED_FACE('',(#5117),#5380,.T.);
#5662=ADVANCED_FACE('',(#5118),#5381,.T.);
#5663=ADVANCED_FACE('',(#5119),#5382,.F.);
#5664=ADVANCED_FACE('',(#5120),#5383,.F.);
#5665=ADVANCED_FACE('',(#5121),#5384,.T.);
#5666=ADVANCED_FACE('',(#5122),#5385,.T.);
#5667=ADVANCED_FACE('',(#5123),#5386,.T.);
#5668=ADVANCED_FACE('',(#5124),#5387,.T.);
#5669=ADVANCED_FACE('',(#5125),#5388,.T.);
#5670=ADVANCED_FACE('',(#5126),#5389,.F.);
#5671=ADVANCED_FACE('',(#5127),#5390,.F.);
#5672=ADVANCED_FACE('',(#5128),#5391,.F.);
#5673=ADVANCED_FACE('',(#5129),#5392,.T.);
#5674=ADVANCED_FACE('',(#5130),#5393,.T.);
#5675=ADVANCED_FACE('',(#5131,#5132),#5394,.F.);
#5676=ADVANCED_FACE('',(#5133),#110,.T.);
#5677=ADVANCED_FACE('',(#5134),#5395,.F.);
#5678=ADVANCED_FACE('',(#5135),#5396,.F.);
#5679=ADVANCED_FACE('',(#5136),#5397,.F.);
#5680=ADVANCED_FACE('',(#5137),#111,.F.);
#5681=ADVANCED_FACE('',(#5138),#5398,.F.);
#5682=ADVANCED_FACE('',(#5139),#5399,.F.);
#5683=ADVANCED_FACE('',(#5140),#5400,.F.);
#5684=ADVANCED_FACE('',(#5141),#112,.F.);
#5685=ADVANCED_FACE('',(#5142),#5401,.F.);
#5686=ADVANCED_FACE('',(#5143),#113,.F.);
#5687=ADVANCED_FACE('',(#5144),#5402,.F.);
#5688=ADVANCED_FACE('',(#5145),#5403,.F.);
#5689=ADVANCED_FACE('',(#5146),#5404,.F.);
#5690=ADVANCED_FACE('',(#5147),#5405,.T.);
#5691=ADVANCED_FACE('',(#5148),#5406,.T.);
#5692=ADVANCED_FACE('',(#5149),#5407,.F.);
#5693=ADVANCED_FACE('',(#5150),#5408,.T.);
#5694=ADVANCED_FACE('',(#5151),#114,.F.);
#5695=ADVANCED_FACE('',(#5152),#5409,.T.);
#5696=ADVANCED_FACE('',(#5153),#5410,.T.);
#5697=ADVANCED_FACE('',(#5154),#5411,.T.);
#5698=ADVANCED_FACE('',(#5155),#5412,.T.);
#5699=ADVANCED_FACE('',(#5156),#5413,.F.);
#5700=ADVANCED_FACE('',(#5157),#5414,.F.);
#5701=ADVANCED_FACE('',(#5158),#5415,.F.);
#5702=ADVANCED_FACE('',(#5159),#5416,.F.);
#5703=ADVANCED_FACE('',(#5160),#5417,.F.);
#5704=ADVANCED_FACE('',(#5161),#5418,.T.);
#5705=ADVANCED_FACE('',(#5162),#5419,.F.);
#5706=ADVANCED_FACE('',(#5163),#5420,.T.);
#5707=ADVANCED_FACE('',(#5164),#5421,.F.);
#5708=ADVANCED_FACE('',(#5165),#5422,.F.);
#5709=ADVANCED_FACE('',(#5166),#5423,.T.);
#5710=ADVANCED_FACE('',(#5167),#5424,.F.);
#5711=ADVANCED_FACE('',(#5168),#5425,.F.);
#5712=ADVANCED_FACE('',(#5169),#5426,.F.);
#5713=ADVANCED_FACE('',(#5170),#5427,.T.);
#5714=ADVANCED_FACE('',(#5171),#5428,.T.);
#5715=ADVANCED_FACE('',(#5172),#5429,.F.);
#5716=ADVANCED_FACE('',(#5173),#5430,.T.);
#5717=ADVANCED_FACE('',(#5174),#5431,.F.);
#5718=ADVANCED_FACE('',(#5175),#5432,.T.);
#5719=ADVANCED_FACE('',(#5176),#5433,.T.);
#5720=ADVANCED_FACE('',(#5177),#5434,.T.);
#5721=ADVANCED_FACE('',(#5178),#5435,.T.);
#5722=ADVANCED_FACE('',(#5179),#5436,.T.);
#5723=ADVANCED_FACE('',(#5180),#5437,.T.);
#5724=ADVANCED_FACE('',(#5181),#5438,.F.);
#5725=ADVANCED_FACE('',(#5182),#5439,.T.);
#5726=ADVANCED_FACE('',(#5183),#5440,.F.);
#5727=ADVANCED_FACE('',(#5184),#5441,.F.);
#5728=ADVANCED_FACE('',(#5185),#5442,.F.);
#5729=ADVANCED_FACE('',(#5186),#5443,.T.);
#5730=ADVANCED_FACE('',(#5187),#5444,.F.);
#5731=ADVANCED_FACE('',(#5188),#5445,.F.);
#5732=ADVANCED_FACE('',(#5189),#5446,.T.);
#5733=ADVANCED_FACE('',(#5190),#115,.F.);
#5734=ADVANCED_FACE('',(#5191),#5447,.T.);
#5735=ADVANCED_FACE('',(#5192),#5448,.T.);
#5736=ADVANCED_FACE('',(#5193),#5449,.T.);
#5737=ADVANCED_FACE('',(#5194),#5450,.T.);
#5738=ADVANCED_FACE('',(#5195),#116,.T.);
#5739=ADVANCED_FACE('',(#5196),#5451,.T.);
#5740=ADVANCED_FACE('',(#5197),#5452,.T.);
#5741=ADVANCED_FACE('',(#5198),#5453,.F.);
#5742=ADVANCED_FACE('',(#5199),#5454,.F.);
#5743=ADVANCED_FACE('',(#5200),#5455,.T.);
#5744=ADVANCED_FACE('',(#5201),#117,.F.);
#5745=ADVANCED_FACE('',(#5202),#5456,.T.);
#5746=CLOSED_SHELL('',(#5457,#5458,#5459,#5460,#5461,#5462,#5463,#5464,
#5465,#5466,#5467,#5468,#5469,#5470,#5471,#5472,#5473,#5474,#5475,#5476,
#5477,#5478,#5479,#5480,#5481,#5482,#5483,#5484,#5485,#5486,#5487,#5488,
#5489,#5490,#5491,#5492,#5493,#5494,#5495,#5496,#5497,#5498,#5499,#5500,
#5501,#5502,#5503,#5504,#5505,#5506,#5507,#5508,#5509,#5510,#5511,#5512,
#5513,#5514,#5515,#5516,#5517,#5518,#5519,#5520,#5521,#5522,#5523,#5524,
#5525,#5526,#5527,#5528,#5529,#5530,#5531,#5532,#5533,#5534,#5535,#5536,
#5537,#5538,#5539,#5540,#5541,#5542,#5543,#5544,#5545,#5546,#5547,#5548,
#5549,#5550,#5551,#5552,#5553,#5554,#5555,#5556,#5557,#5558,#5559,#5560,
#5561,#5562,#5563,#5564,#5565,#5566,#5567,#5568,#5569,#5570,#5571,#5572,
#5573,#5574,#5575,#5576,#5577,#5578,#5579,#5580,#5581,#5582,#5583,#5584,
#5585,#5586,#5587,#5588,#5589,#5590,#5591,#5592,#5593,#5594,#5595,#5596,
#5597,#5598,#5599,#5600,#5601,#5602,#5603,#5604,#5605,#5606,#5607,#5608,
#5609,#5610,#5611,#5612,#5613,#5614,#5615,#5616,#5617,#5618,#5619,#5620,
#5621,#5622,#5623,#5624,#5625,#5626,#5627,#5628,#5629,#5630,#5631,#5632,
#5633,#5634,#5635,#5636,#5637,#5638,#5639,#5640,#5641,#5642,#5643,#5644,
#5645,#5646,#5647,#5648,#5649,#5650,#5651,#5652,#5653,#5654,#5655,#5656,
#5657,#5658,#5659,#5660,#5661,#5662,#5663,#5664,#5665,#5666,#5667,#5668,
#5669,#5670,#5671,#5672,#5673,#5674,#5675,#5676,#5677,#5678,#5679,#5680,
#5681,#5682,#5683,#5684,#5685,#5686,#5687,#5688,#5689,#5690,#5691,#5692,
#5693,#5694,#5695,#5696,#5697,#5698,#5699,#5700,#5701,#5702,#5703,#5704,
#5705,#5706,#5707,#5708,#5709,#5710,#5711,#5712,#5713,#5714,#5715,#5716,
#5717,#5718,#5719,#5720,#5721,#5722,#5723,#5724,#5725,#5726,#5727,#5728,
#5729,#5730,#5731,#5732,#5733,#5734,#5735,#5736,#5737,#5738,#5739,#5740,
#5741,#5742,#5743,#5744,#5745));
#5747=STYLED_ITEM('',(#5748),#5775);
#5748=PRESENTATION_STYLE_ASSIGNMENT((#5752));
#5749=PRESENTATION_STYLE_ASSIGNMENT((#5753));
#5750=PRESENTATION_STYLE_ASSIGNMENT((#5754));
#5751=PRESENTATION_STYLE_ASSIGNMENT((#5755));
#5752=SURFACE_STYLE_USAGE(.BOTH.,#5756);
#5753=SURFACE_STYLE_USAGE(.BOTH.,#5757);
#5754=SURFACE_STYLE_USAGE(.BOTH.,#5758);
#5755=SURFACE_STYLE_USAGE(.BOTH.,#5759);
#5756=SURFACE_SIDE_STYLE('',(#5760));
#5757=SURFACE_SIDE_STYLE('',(#5761));
#5758=SURFACE_SIDE_STYLE('',(#5762));
#5759=SURFACE_SIDE_STYLE('',(#5763));
#5760=SURFACE_STYLE_FILL_AREA(#5764);
#5761=SURFACE_STYLE_FILL_AREA(#5765);
#5762=SURFACE_STYLE_FILL_AREA(#5766);
#5763=SURFACE_STYLE_FILL_AREA(#5767);
#5764=FILL_AREA_STYLE('',(#5768));
#5765=FILL_AREA_STYLE('',(#5769));
#5766=FILL_AREA_STYLE('',(#5770));
#5767=FILL_AREA_STYLE('',(#5771));
#5768=FILL_AREA_STYLE_COLOUR('',#5772);
#5769=FILL_AREA_STYLE_COLOUR('',#5773);
#5770=FILL_AREA_STYLE_COLOUR('',#5773);
#5771=FILL_AREA_STYLE_COLOUR('',#5774);
#5772=DRAUGHTING_PRE_DEFINED_COLOUR('cyan');
#5773=DRAUGHTING_PRE_DEFINED_COLOUR('magenta');
#5774=DRAUGHTING_PRE_DEFINED_COLOUR('white');
#5775=MANIFOLD_SOLID_BREP('FH34SRJ-12S-0.5SH',#5746);
#5776=SHAPE_DEFINITION_REPRESENTATION(#9262,#5777);
#5777=SHAPE_REPRESENTATION('FH34SRJ-12S-0.5SH',(#5778),#9257);
#5778=AXIS2_PLACEMENT_3D('',#7603,#6136,#6137);
#5779=AXIS2_PLACEMENT_3D('',#7604,#6138,#6139);
#5780=AXIS2_PLACEMENT_3D('',#7615,#6145,#6146);
#5781=AXIS2_PLACEMENT_3D('',#7621,#6150,#6151);
#5782=AXIS2_PLACEMENT_3D('',#7633,#6155,#6156);
#5783=AXIS2_PLACEMENT_3D('',#7646,#6164,#6165);
#5784=AXIS2_PLACEMENT_3D('',#7655,#6170,#6171);
#5785=AXIS2_PLACEMENT_3D('',#7659,#6173,#6174);
#5786=AXIS2_PLACEMENT_3D('',#7663,#6176,#6177);
#5787=AXIS2_PLACEMENT_3D('',#7664,#6178,#6179);
#5788=AXIS2_PLACEMENT_3D('',#7670,#6183,#6184);
#5789=AXIS2_PLACEMENT_3D('',#7679,#6189,#6190);
#5790=AXIS2_PLACEMENT_3D('',#7688,#6193,#6194);
#5791=AXIS2_PLACEMENT_3D('',#7697,#6199,#6200);
#5792=AXIS2_PLACEMENT_3D('',#7701,#6202,#6203);
#5793=AXIS2_PLACEMENT_3D('',#7705,#6205,#6206);
#5794=AXIS2_PLACEMENT_3D('',#7706,#6207,#6208);
#5795=AXIS2_PLACEMENT_3D('',#7712,#6212,#6213);
#5796=AXIS2_PLACEMENT_3D('',#7720,#6217,#6218);
#5797=AXIS2_PLACEMENT_3D('',#7730,#6223,#6224);
#5798=AXIS2_PLACEMENT_3D('',#7735,#6227,#6228);
#5799=AXIS2_PLACEMENT_3D('',#7745,#6234,#6235);
#5800=AXIS2_PLACEMENT_3D('',#7761,#6245,#6246);
#5801=AXIS2_PLACEMENT_3D('',#7767,#6249,#6250);
#5802=AXIS2_PLACEMENT_3D('',#7777,#6255,#6256);
#5803=AXIS2_PLACEMENT_3D('',#7784,#6260,#6261);
#5804=AXIS2_PLACEMENT_3D('',#7789,#6265,#6266);
#5805=AXIS2_PLACEMENT_3D('',#7793,#6268,#6269);
#5806=AXIS2_PLACEMENT_3D('',#7803,#6274,#6275);
#5807=AXIS2_PLACEMENT_3D('',#7807,#6278,#6279);
#5808=AXIS2_PLACEMENT_3D('',#7821,#6287,#6288);
#5809=AXIS2_PLACEMENT_3D('',#7827,#6291,#6292);
#5810=AXIS2_PLACEMENT_3D('',#7837,#6297,#6298);
#5811=AXIS2_PLACEMENT_3D('',#7844,#6302,#6303);
#5812=AXIS2_PLACEMENT_3D('',#7850,#6307,#6308);
#5813=AXIS2_PLACEMENT_3D('',#7855,#6312,#6313);
#5814=AXIS2_PLACEMENT_3D('',#7857,#6315,#6316);
#5815=AXIS2_PLACEMENT_3D('',#7867,#6321,#6322);
#5816=AXIS2_PLACEMENT_3D('',#7870,#6324,#6325);
#5817=AXIS2_PLACEMENT_3D('',#7872,#6327,#6328);
#5818=AXIS2_PLACEMENT_3D('',#7874,#6330,#6331);
#5819=AXIS2_PLACEMENT_3D('',#7876,#6333,#6334);
#5820=AXIS2_PLACEMENT_3D('',#7878,#6336,#6337);
#5821=AXIS2_PLACEMENT_3D('',#7880,#6339,#6340);
#5822=AXIS2_PLACEMENT_3D('',#7882,#6342,#6343);
#5823=AXIS2_PLACEMENT_3D('',#7883,#6344,#6345);
#5824=AXIS2_PLACEMENT_3D('',#7904,#6356,#6357);
#5825=AXIS2_PLACEMENT_3D('',#7913,#6362,#6363);
#5826=AXIS2_PLACEMENT_3D('',#7922,#6368,#6369);
#5827=AXIS2_PLACEMENT_3D('',#7930,#6373,#6374);
#5828=AXIS2_PLACEMENT_3D('',#7940,#6379,#6380);
#5829=AXIS2_PLACEMENT_3D('',#7945,#6383,#6384);
#5830=AXIS2_PLACEMENT_3D('',#7951,#6388,#6389);
#5831=AXIS2_PLACEMENT_3D('',#7959,#6394,#6395);
#5832=AXIS2_PLACEMENT_3D('',#7964,#6399,#6400);
#5833=AXIS2_PLACEMENT_3D('',#7969,#6404,#6405);
#5834=AXIS2_PLACEMENT_3D('',#7978,#6410,#6411);
#5835=AXIS2_PLACEMENT_3D('',#7982,#6413,#6414);
#5836=AXIS2_PLACEMENT_3D('',#7986,#6416,#6417);
#5837=AXIS2_PLACEMENT_3D('',#7987,#6418,#6419);
#5838=AXIS2_PLACEMENT_3D('',#7993,#6423,#6424);
#5839=AXIS2_PLACEMENT_3D('',#7999,#6428,#6429);
#5840=AXIS2_PLACEMENT_3D('',#8008,#6434,#6435);
#5841=AXIS2_PLACEMENT_3D('',#8017,#6440,#6441);
#5842=AXIS2_PLACEMENT_3D('',#8023,#6445,#6446);
#5843=AXIS2_PLACEMENT_3D('',#8026,#6449,#6450);
#5844=AXIS2_PLACEMENT_3D('',#8035,#6455,#6456);
#5845=AXIS2_PLACEMENT_3D('',#8037,#6458,#6459);
#5846=AXIS2_PLACEMENT_3D('',#8040,#6462,#6463);
#5847=AXIS2_PLACEMENT_3D('',#8041,#6464,#6465);
#5848=AXIS2_PLACEMENT_3D('',#8043,#6467,#6468);
#5849=AXIS2_PLACEMENT_3D('',#8045,#6470,#6471);
#5850=AXIS2_PLACEMENT_3D('',#8047,#6473,#6474);
#5851=AXIS2_PLACEMENT_3D('',#8049,#6476,#6477);
#5852=AXIS2_PLACEMENT_3D('',#8051,#6479,#6480);
#5853=AXIS2_PLACEMENT_3D('',#8053,#6482,#6483);
#5854=AXIS2_PLACEMENT_3D('',#8054,#6484,#6485);
#5855=AXIS2_PLACEMENT_3D('',#8058,#6488,#6489);
#5856=AXIS2_PLACEMENT_3D('',#8067,#6494,#6495);
#5857=AXIS2_PLACEMENT_3D('',#8074,#6499,#6500);
#5858=AXIS2_PLACEMENT_3D('',#8084,#6506,#6507);
#5859=AXIS2_PLACEMENT_3D('',#8087,#6510,#6511);
#5860=AXIS2_PLACEMENT_3D('',#8091,#6514,#6515);
#5861=AXIS2_PLACEMENT_3D('',#8103,#6522,#6523);
#5862=AXIS2_PLACEMENT_3D('',#8104,#6524,#6525);
#5863=AXIS2_PLACEMENT_3D('',#8109,#6527,#6528);
#5864=AXIS2_PLACEMENT_3D('',#8112,#6530,#6531);
#5865=AXIS2_PLACEMENT_3D('',#8118,#6535,#6536);
#5866=AXIS2_PLACEMENT_3D('',#8124,#6540,#6541);
#5867=AXIS2_PLACEMENT_3D('',#8130,#6545,#6546);
#5868=AXIS2_PLACEMENT_3D('',#8131,#6547,#6548);
#5869=AXIS2_PLACEMENT_3D('',#8133,#6549,#6550);
#5870=AXIS2_PLACEMENT_3D('',#8136,#6552,#6553);
#5871=AXIS2_PLACEMENT_3D('',#8142,#6557,#6558);
#5872=AXIS2_PLACEMENT_3D('',#8148,#6562,#6563);
#5873=AXIS2_PLACEMENT_3D('',#8154,#6567,#6568);
#5874=AXIS2_PLACEMENT_3D('',#8155,#6569,#6570);
#5875=AXIS2_PLACEMENT_3D('',#8157,#6571,#6572);
#5876=AXIS2_PLACEMENT_3D('',#8160,#6574,#6575);
#5877=AXIS2_PLACEMENT_3D('',#8166,#6579,#6580);
#5878=AXIS2_PLACEMENT_3D('',#8167,#6581,#6582);
#5879=AXIS2_PLACEMENT_3D('',#8169,#6583,#6584);
#5880=AXIS2_PLACEMENT_3D('',#8172,#6586,#6587);
#5881=AXIS2_PLACEMENT_3D('',#8178,#6591,#6592);
#5882=AXIS2_PLACEMENT_3D('',#8184,#6596,#6597);
#5883=AXIS2_PLACEMENT_3D('',#8190,#6601,#6602);
#5884=AXIS2_PLACEMENT_3D('',#8193,#6605,#6606);
#5885=AXIS2_PLACEMENT_3D('',#8194,#6607,#6608);
#5886=AXIS2_PLACEMENT_3D('',#8197,#6610,#6611);
#5887=AXIS2_PLACEMENT_3D('',#8200,#6613,#6614);
#5888=AXIS2_PLACEMENT_3D('',#8201,#6615,#6616);
#5889=AXIS2_PLACEMENT_3D('',#8203,#6618,#6619);
#5890=AXIS2_PLACEMENT_3D('',#8204,#6620,#6621);
#5891=AXIS2_PLACEMENT_3D('',#8206,#6623,#6624);
#5892=AXIS2_PLACEMENT_3D('',#8212,#6628,#6629);
#5893=AXIS2_PLACEMENT_3D('',#8218,#6633,#6634);
#5894=AXIS2_PLACEMENT_3D('',#8221,#6637,#6638);
#5895=AXIS2_PLACEMENT_3D('',#8222,#6639,#6640);
#5896=AXIS2_PLACEMENT_3D('',#8226,#6643,#6644);
#5897=AXIS2_PLACEMENT_3D('',#8228,#6646,#6647);
#5898=AXIS2_PLACEMENT_3D('',#8234,#6651,#6652);
#5899=AXIS2_PLACEMENT_3D('',#8238,#6654,#6655);
#5900=AXIS2_PLACEMENT_3D('',#8242,#6657,#6658);
#5901=AXIS2_PLACEMENT_3D('',#8243,#6659,#6660);
#5902=AXIS2_PLACEMENT_3D('',#8252,#6665,#6666);
#5903=AXIS2_PLACEMENT_3D('',#8267,#6674,#6675);
#5904=AXIS2_PLACEMENT_3D('',#8272,#6678,#6679);
#5905=AXIS2_PLACEMENT_3D('',#8273,#6680,#6681);
#5906=AXIS2_PLACEMENT_3D('',#8274,#6682,#6683);
#5907=AXIS2_PLACEMENT_3D('',#8275,#6684,#6685);
#5908=AXIS2_PLACEMENT_3D('',#8288,#6693,#6694);
#5909=AXIS2_PLACEMENT_3D('',#8307,#6705,#6706);
#5910=AXIS2_PLACEMENT_3D('',#8311,#6709,#6710);
#5911=AXIS2_PLACEMENT_3D('',#8317,#6715,#6716);
#5912=AXIS2_PLACEMENT_3D('',#8326,#6721,#6722);
#5913=AXIS2_PLACEMENT_3D('',#8332,#6726,#6727);
#5914=AXIS2_PLACEMENT_3D('',#8338,#6731,#6732);
#5915=AXIS2_PLACEMENT_3D('',#8414,#6772,#6773);
#5916=AXIS2_PLACEMENT_3D('',#8419,#6776,#6777);
#5917=AXIS2_PLACEMENT_3D('',#8420,#6778,#6779);
#5918=AXIS2_PLACEMENT_3D('',#8422,#6781,#6782);
#5919=AXIS2_PLACEMENT_3D('',#8426,#6785,#6786);
#5920=AXIS2_PLACEMENT_3D('',#8432,#6790,#6791);
#5921=AXIS2_PLACEMENT_3D('',#8435,#6793,#6794);
#5922=AXIS2_PLACEMENT_3D('',#8436,#6795,#6796);
#5923=AXIS2_PLACEMENT_3D('',#8440,#6799,#6800);
#5924=AXIS2_PLACEMENT_3D('',#8444,#6803,#6804);
#5925=AXIS2_PLACEMENT_3D('',#8453,#6810,#6811);
#5926=AXIS2_PLACEMENT_3D('',#8457,#6814,#6815);
#5927=AXIS2_PLACEMENT_3D('',#8467,#6821,#6822);
#5928=AXIS2_PLACEMENT_3D('',#8471,#6825,#6826);
#5929=AXIS2_PLACEMENT_3D('',#8477,#6831,#6832);
#5930=AXIS2_PLACEMENT_3D('',#8479,#6834,#6835);
#5931=AXIS2_PLACEMENT_3D('',#8481,#6837,#6838);
#5932=AXIS2_PLACEMENT_3D('',#8484,#6840,#6841);
#5933=AXIS2_PLACEMENT_3D('',#8491,#6845,#6846);
#5934=AXIS2_PLACEMENT_3D('',#8498,#6850,#6851);
#5935=AXIS2_PLACEMENT_3D('',#8501,#6854,#6855);
#5936=AXIS2_PLACEMENT_3D('',#8502,#6856,#6857);
#5937=AXIS2_PLACEMENT_3D('',#8505,#6860,#6861);
#5938=AXIS2_PLACEMENT_3D('',#8509,#6864,#6865);
#5939=AXIS2_PLACEMENT_3D('',#8511,#6867,#6868);
#5940=AXIS2_PLACEMENT_3D('',#8515,#6871,#6872);
#5941=AXIS2_PLACEMENT_3D('',#8524,#6877,#6878);
#5942=AXIS2_PLACEMENT_3D('',#8534,#6884,#6885);
#5943=AXIS2_PLACEMENT_3D('',#8537,#6888,#6889);
#5944=AXIS2_PLACEMENT_3D('',#8538,#6890,#6891);
#5945=AXIS2_PLACEMENT_3D('',#8542,#6893,#6894);
#5946=AXIS2_PLACEMENT_3D('',#8546,#6896,#6897);
#5947=AXIS2_PLACEMENT_3D('',#8547,#6898,#6899);
#5948=AXIS2_PLACEMENT_3D('',#8549,#6901,#6902);
#5949=AXIS2_PLACEMENT_3D('',#8555,#6906,#6907);
#5950=AXIS2_PLACEMENT_3D('',#8556,#6908,#6909);
#5951=AXIS2_PLACEMENT_3D('',#8562,#6913,#6914);
#5952=AXIS2_PLACEMENT_3D('',#8565,#6917,#6918);
#5953=AXIS2_PLACEMENT_3D('',#8569,#6921,#6922);
#5954=AXIS2_PLACEMENT_3D('',#8570,#6923,#6924);
#5955=AXIS2_PLACEMENT_3D('',#8579,#6929,#6930);
#5956=AXIS2_PLACEMENT_3D('',#8581,#6932,#6933);
#5957=AXIS2_PLACEMENT_3D('',#8583,#6935,#6936);
#5958=AXIS2_PLACEMENT_3D('',#8587,#6938,#6939);
#5959=AXIS2_PLACEMENT_3D('',#8591,#6941,#6942);
#5960=AXIS2_PLACEMENT_3D('',#8592,#6943,#6944);
#5961=AXIS2_PLACEMENT_3D('',#8595,#6946,#6947);
#5962=AXIS2_PLACEMENT_3D('',#8598,#6949,#6950);
#5963=AXIS2_PLACEMENT_3D('',#8607,#6955,#6956);
#5964=AXIS2_PLACEMENT_3D('',#8610,#6959,#6960);
#5965=AXIS2_PLACEMENT_3D('',#8616,#6963,#6964);
#5966=AXIS2_PLACEMENT_3D('',#8627,#6971,#6972);
#5967=AXIS2_PLACEMENT_3D('',#8630,#6975,#6976);
#5968=AXIS2_PLACEMENT_3D('',#8633,#6979,#6980);
#5969=AXIS2_PLACEMENT_3D('',#8645,#6987,#6988);
#5970=AXIS2_PLACEMENT_3D('',#8650,#6991,#6992);
#5971=AXIS2_PLACEMENT_3D('',#8651,#6993,#6994);
#5972=AXIS2_PLACEMENT_3D('',#8654,#6996,#6997);
#5973=AXIS2_PLACEMENT_3D('',#8658,#7000,#7001);
#5974=AXIS2_PLACEMENT_3D('',#8660,#7003,#7004);
#5975=AXIS2_PLACEMENT_3D('',#8661,#7005,#7006);
#5976=AXIS2_PLACEMENT_3D('',#8665,#7008,#7009);
#5977=AXIS2_PLACEMENT_3D('',#8666,#7010,#7011);
#5978=AXIS2_PLACEMENT_3D('',#8668,#7013,#7014);
#5979=AXIS2_PLACEMENT_3D('',#8672,#7017,#7018);
#5980=AXIS2_PLACEMENT_3D('',#8674,#7020,#7021);
#5981=AXIS2_PLACEMENT_3D('',#8676,#7023,#7024);
#5982=AXIS2_PLACEMENT_3D('',#8678,#7026,#7027);
#5983=AXIS2_PLACEMENT_3D('',#8687,#7033,#7034);
#5984=AXIS2_PLACEMENT_3D('',#8689,#7036,#7037);
#5985=AXIS2_PLACEMENT_3D('',#8695,#7041,#7042);
#5986=AXIS2_PLACEMENT_3D('',#8697,#7044,#7045);
#5987=AXIS2_PLACEMENT_3D('',#8699,#7047,#7048);
#5988=AXIS2_PLACEMENT_3D('',#8700,#7049,#7050);
#5989=AXIS2_PLACEMENT_3D('',#8701,#7051,#7052);
#5990=AXIS2_PLACEMENT_3D('',#8707,#7056,#7057);
#5991=AXIS2_PLACEMENT_3D('',#8712,#7060,#7061);
#5992=AXIS2_PLACEMENT_3D('',#8722,#7066,#7067);
#5993=AXIS2_PLACEMENT_3D('',#8727,#7070,#7071);
#5994=AXIS2_PLACEMENT_3D('',#8733,#7074,#7075);
#5995=AXIS2_PLACEMENT_3D('',#8743,#7080,#7081);
#5996=AXIS2_PLACEMENT_3D('',#8750,#7085,#7086);
#5997=AXIS2_PLACEMENT_3D('',#8753,#7089,#7090);
#5998=AXIS2_PLACEMENT_3D('',#8757,#7093,#7094);
#5999=AXIS2_PLACEMENT_3D('',#8763,#7098,#7099);
#6000=AXIS2_PLACEMENT_3D('',#8765,#7101,#7102);
#6001=AXIS2_PLACEMENT_3D('',#8768,#7105,#7106);
#6002=AXIS2_PLACEMENT_3D('',#8770,#7108,#7109);
#6003=AXIS2_PLACEMENT_3D('',#8772,#7111,#7112);
#6004=AXIS2_PLACEMENT_3D('',#8774,#7114,#7115);
#6005=AXIS2_PLACEMENT_3D('',#8776,#7117,#7118);
#6006=AXIS2_PLACEMENT_3D('',#8778,#7120,#7121);
#6007=AXIS2_PLACEMENT_3D('',#8780,#7123,#7124);
#6008=AXIS2_PLACEMENT_3D('',#8781,#7125,#7126);
#6009=AXIS2_PLACEMENT_3D('',#8782,#7127,#7128);
#6010=AXIS2_PLACEMENT_3D('',#8788,#7132,#7133);
#6011=AXIS2_PLACEMENT_3D('',#8794,#7138,#7139);
#6012=AXIS2_PLACEMENT_3D('',#8798,#7142,#7143);
#6013=AXIS2_PLACEMENT_3D('',#8804,#7147,#7148);
#6014=AXIS2_PLACEMENT_3D('',#8806,#7150,#7151);
#6015=AXIS2_PLACEMENT_3D('',#8808,#7153,#7154);
#6016=AXIS2_PLACEMENT_3D('',#8809,#7155,#7156);
#6017=AXIS2_PLACEMENT_3D('',#8816,#7161,#7162);
#6018=AXIS2_PLACEMENT_3D('',#8817,#7163,#7164);
#6019=AXIS2_PLACEMENT_3D('',#8823,#7168,#7169);
#6020=AXIS2_PLACEMENT_3D('',#8827,#7172,#7173);
#6021=AXIS2_PLACEMENT_3D('',#8832,#7177,#7178);
#6022=AXIS2_PLACEMENT_3D('',#8837,#7182,#7183);
#6023=AXIS2_PLACEMENT_3D('',#8843,#7188,#7189);
#6024=AXIS2_PLACEMENT_3D('',#8847,#7192,#7193);
#6025=AXIS2_PLACEMENT_3D('',#8854,#7198,#7199);
#6026=AXIS2_PLACEMENT_3D('',#8856,#7201,#7202);
#6027=AXIS2_PLACEMENT_3D('',#8858,#7204,#7205);
#6028=AXIS2_PLACEMENT_3D('',#8864,#7209,#7210);
#6029=AXIS2_PLACEMENT_3D('',#8868,#7213,#7214);
#6030=AXIS2_PLACEMENT_3D('',#8873,#7218,#7219);
#6031=AXIS2_PLACEMENT_3D('',#8875,#7221,#7222);
#6032=AXIS2_PLACEMENT_3D('',#8886,#7229,#7230);
#6033=AXIS2_PLACEMENT_3D('',#8890,#7233,#7234);
#6034=AXIS2_PLACEMENT_3D('',#8898,#7239,#7240);
#6035=AXIS2_PLACEMENT_3D('',#8900,#7242,#7243);
#6036=AXIS2_PLACEMENT_3D('',#8902,#7245,#7246);
#6037=AXIS2_PLACEMENT_3D('',#8915,#7253,#7254);
#6038=AXIS2_PLACEMENT_3D('',#8922,#7258,#7259);
#6039=AXIS2_PLACEMENT_3D('',#8932,#7264,#7265);
#6040=AXIS2_PLACEMENT_3D('',#8937,#7268,#7269);
#6041=AXIS2_PLACEMENT_3D('',#8941,#7272,#7273);
#6042=AXIS2_PLACEMENT_3D('',#8944,#7275,#7276);
#6043=AXIS2_PLACEMENT_3D('',#8954,#7281,#7282);
#6044=AXIS2_PLACEMENT_3D('',#8961,#7286,#7287);
#6045=AXIS2_PLACEMENT_3D('',#8973,#7295,#7296);
#6046=AXIS2_PLACEMENT_3D('',#8979,#7300,#7301);
#6047=AXIS2_PLACEMENT_3D('',#8985,#7305,#7306);
#6048=AXIS2_PLACEMENT_3D('',#8989,#7309,#7310);
#6049=AXIS2_PLACEMENT_3D('',#8993,#7313,#7314);
#6050=AXIS2_PLACEMENT_3D('',#8999,#7318,#7319);
#6051=AXIS2_PLACEMENT_3D('',#9005,#7323,#7324);
#6052=AXIS2_PLACEMENT_3D('',#9007,#7326,#7327);
#6053=AXIS2_PLACEMENT_3D('',#9009,#7329,#7330);
#6054=AXIS2_PLACEMENT_3D('',#9019,#7336,#7337);
#6055=AXIS2_PLACEMENT_3D('',#9023,#7339,#7340);
#6056=AXIS2_PLACEMENT_3D('',#9027,#7342,#7343);
#6057=AXIS2_PLACEMENT_3D('',#9028,#7344,#7345);
#6058=AXIS2_PLACEMENT_3D('',#9034,#7349,#7350);
#6059=AXIS2_PLACEMENT_3D('',#9040,#7354,#7355);
#6060=AXIS2_PLACEMENT_3D('',#9046,#7359,#7360);
#6061=AXIS2_PLACEMENT_3D('',#9050,#7362,#7363);
#6062=AXIS2_PLACEMENT_3D('',#9051,#7364,#7365);
#6063=AXIS2_PLACEMENT_3D('',#9052,#7366,#7367);
#6064=AXIS2_PLACEMENT_3D('',#9058,#7371,#7372);
#6065=AXIS2_PLACEMENT_3D('',#9064,#7376,#7377);
#6066=AXIS2_PLACEMENT_3D('',#9070,#7381,#7382);
#6067=AXIS2_PLACEMENT_3D('',#9074,#7384,#7385);
#6068=AXIS2_PLACEMENT_3D('',#9075,#7386,#7387);
#6069=AXIS2_PLACEMENT_3D('',#9076,#7388,#7389);
#6070=AXIS2_PLACEMENT_3D('',#9082,#7393,#7394);
#6071=AXIS2_PLACEMENT_3D('',#9086,#7396,#7397);
#6072=AXIS2_PLACEMENT_3D('',#9087,#7398,#7399);
#6073=AXIS2_PLACEMENT_3D('',#9088,#7400,#7401);
#6074=AXIS2_PLACEMENT_3D('',#9094,#7405,#7406);
#6075=AXIS2_PLACEMENT_3D('',#9100,#7410,#7411);
#6076=AXIS2_PLACEMENT_3D('',#9106,#7415,#7416);
#6077=AXIS2_PLACEMENT_3D('',#9109,#7419,#7420);
#6078=AXIS2_PLACEMENT_3D('',#9110,#7421,#7422);
#6079=AXIS2_PLACEMENT_3D('',#9113,#7424,#7425);
#6080=AXIS2_PLACEMENT_3D('',#9116,#7427,#7428);
#6081=AXIS2_PLACEMENT_3D('',#9117,#7429,#7430);
#6082=AXIS2_PLACEMENT_3D('',#9119,#7432,#7433);
#6083=AXIS2_PLACEMENT_3D('',#9120,#7434,#7435);
#6084=AXIS2_PLACEMENT_3D('',#9121,#7436,#7437);
#6085=AXIS2_PLACEMENT_3D('',#9123,#7439,#7440);
#6086=AXIS2_PLACEMENT_3D('',#9136,#7448,#7449);
#6087=AXIS2_PLACEMENT_3D('',#9141,#7453,#7454);
#6088=AXIS2_PLACEMENT_3D('',#9143,#7456,#7457);
#6089=AXIS2_PLACEMENT_3D('',#9145,#7459,#7460);
#6090=AXIS2_PLACEMENT_3D('',#9147,#7462,#7463);
#6091=AXIS2_PLACEMENT_3D('',#9148,#7464,#7465);
#6092=AXIS2_PLACEMENT_3D('',#9149,#7466,#7467);
#6093=AXIS2_PLACEMENT_3D('',#9153,#7470,#7471);
#6094=AXIS2_PLACEMENT_3D('',#9154,#7472,#7473);
#6095=AXIS2_PLACEMENT_3D('',#9155,#7474,#7475);
#6096=AXIS2_PLACEMENT_3D('',#9157,#7477,#7478);
#6097=AXIS2_PLACEMENT_3D('',#9158,#7479,#7480);
#6098=AXIS2_PLACEMENT_3D('',#9162,#7483,#7484);
#6099=AXIS2_PLACEMENT_3D('',#9167,#7488,#7489);
#6100=AXIS2_PLACEMENT_3D('',#9169,#7491,#7492);
#6101=AXIS2_PLACEMENT_3D('',#9170,#7493,#7494);
#6102=AXIS2_PLACEMENT_3D('',#9174,#7497,#7498);
#6103=AXIS2_PLACEMENT_3D('',#9183,#7505,#7506);
#6104=AXIS2_PLACEMENT_3D('',#9184,#7507,#7508);
#6105=AXIS2_PLACEMENT_3D('',#9189,#7512,#7513);
#6106=AXIS2_PLACEMENT_3D('',#9191,#7515,#7516);
#6107=AXIS2_PLACEMENT_3D('',#9193,#7518,#7519);
#6108=AXIS2_PLACEMENT_3D('',#9194,#7520,#7521);
#6109=AXIS2_PLACEMENT_3D('',#9196,#7523,#7524);
#6110=AXIS2_PLACEMENT_3D('',#9197,#7525,#7526);
#6111=AXIS2_PLACEMENT_3D('',#9198,#7527,#7528);
#6112=AXIS2_PLACEMENT_3D('',#9199,#7529,#7530);
#6113=AXIS2_PLACEMENT_3D('',#9207,#7536,#7537);
#6114=AXIS2_PLACEMENT_3D('',#9210,#7540,#7541);
#6115=AXIS2_PLACEMENT_3D('',#9212,#7543,#7544);
#6116=AXIS2_PLACEMENT_3D('',#9216,#7547,#7548);
#6117=AXIS2_PLACEMENT_3D('',#9218,#7550,#7551);
#6118=AXIS2_PLACEMENT_3D('',#9219,#7552,#7553);
#6119=AXIS2_PLACEMENT_3D('',#9220,#7554,#7555);
#6120=AXIS2_PLACEMENT_3D('',#9221,#7556,#7557);
#6121=AXIS2_PLACEMENT_3D('',#9223,#7559,#7560);
#6122=AXIS2_PLACEMENT_3D('',#9225,#7562,#7563);
#6123=AXIS2_PLACEMENT_3D('',#9227,#7565,#7566);
#6124=AXIS2_PLACEMENT_3D('',#9229,#7568,#7569);
#6125=AXIS2_PLACEMENT_3D('',#9231,#7571,#7572);
#6126=AXIS2_PLACEMENT_3D('',#9233,#7574,#7575);
#6127=AXIS2_PLACEMENT_3D('',#9235,#7577,#7578);
#6128=AXIS2_PLACEMENT_3D('',#9236,#7579,#7580);
#6129=AXIS2_PLACEMENT_3D('',#9240,#7583,#7584);
#6130=AXIS2_PLACEMENT_3D('',#9243,#7586,#7587);
#6131=AXIS2_PLACEMENT_3D('',#9245,#7589,#7590);
#6132=AXIS2_PLACEMENT_3D('',#9248,#7592,#7593);
#6133=AXIS2_PLACEMENT_3D('',#9251,#7595,#7596);
#6134=AXIS2_PLACEMENT_3D('',#9253,#7598,#7599);
#6135=AXIS2_PLACEMENT_3D('',#9255,#7601,#7602);
#6136=DIRECTION('',(0.,0.,1.));
#6137=DIRECTION('',(1.,0.,0.));
#6138=DIRECTION('',(0.707106781186548,0.707106781186548,-2.37238823896335E-16));
#6139=DIRECTION('',(-0.707106781186548,0.707106781186548,-1.09668811628278E-16));
#6140=DIRECTION('',(-0.707106781186554,0.707106781186541,1.53329341668335E-15));
#6141=DIRECTION('',(9.0205620750794E-17,2.45300741524845E-16,1.));
#6142=DIRECTION('',(9.0205620750794E-17,2.45300741524845E-16,1.));
#6143=DIRECTION('',(-0.707106781186548,0.707106781186548,-1.09668811628278E-16));
#6144=DIRECTION('',(-2.28983498828939E-16,-1.06522863446701E-16,-1.));
#6145=DIRECTION('',(-2.80414647586397E-32,-1.,1.06522863446701E-16));
#6146=DIRECTION('',(-1.,5.24334427359426E-32,2.28983498828939E-16));
#6147=DIRECTION('',(-2.28983498828939E-16,-1.06522863446701E-16,-1.));
#6148=DIRECTION('',(-1.,5.24334427359426E-32,2.28983498828939E-16));
#6149=DIRECTION('',(-1.,5.24334427359427E-32,2.28983498828939E-16));
#6150=DIRECTION('',(-0.707106781186548,7.53230390945708E-17,0.707106781186547));
#6151=DIRECTION('',(0.707106781186547,7.53230390945708E-17,0.707106781186548));
#6152=DIRECTION('',(7.39557098644699E-32,1.,-1.06522863446701E-16));
#6153=DIRECTION('',(0.707106781186547,7.53230390945708E-17,0.707106781186548));
#6154=DIRECTION('',(7.39557098644699E-32,1.,-1.06522863446701E-16));
#6155=DIRECTION('',(1.,-5.24334427359425E-32,-2.28983498828939E-16));
#6156=DIRECTION('',(2.80414647586396E-32,1.,-1.06522863446701E-16));
#6157=DIRECTION('',(2.28983498828939E-16,1.06522863446701E-16,1.));
#6158=DIRECTION('',(-2.28983498828939E-16,-1.06522863446701E-16,-1.));
#6159=DIRECTION('',(-1.05642163830589E-16,-0.887216801234595,-0.461352736641989));
#6160=DIRECTION('',(2.28983498828939E-16,1.06522863446701E-16,1.));
#6161=DIRECTION('',(2.80414647586396E-32,1.,-1.06522863446701E-16));
#6162=DIRECTION('',(2.80414647586396E-32,1.,-1.06522863446701E-16));
#6163=DIRECTION('',(0.,1.,-2.28983498828939E-16));
#6164=DIRECTION('',(-0.707106781186543,-7.53230390945712E-17,-0.707106781186552));
#6165=DIRECTION('',(0.707106781186552,6.23130444540118E-16,-0.707106781186543));
#6166=DIRECTION('',(0.,-1.,2.28983498828939E-16));
#6167=DIRECTION('',(-0.707106781186535,0.,0.70710678118656));
#6168=DIRECTION('',(-2.80414647586397E-32,-1.,1.06522863446701E-16));
#6169=DIRECTION('',(-0.21637116120396,0.952033109297414,0.216371161203957));
#6170=DIRECTION('',(1.,-5.24334427359425E-32,-2.28983498828939E-16));
#6171=DIRECTION('',(-2.08005240798215E-46,1.,-2.28983498828939E-16));
#6172=DIRECTION('',(1.,-5.24334427359425E-32,-2.28983498828939E-16));
#6173=DIRECTION('',(1.,-5.24334427359425E-32,-2.28983498828939E-16));
#6174=DIRECTION('',(-2.28983498828939E-16,0.,-1.));
#6175=DIRECTION('',(-1.,1.84889274661175E-32,2.28983498828938E-16));
#6176=DIRECTION('',(1.,-5.24334427359425E-32,-2.28983498828939E-16));
#6177=DIRECTION('',(-2.28983498828939E-16,0.,-1.));
#6178=DIRECTION('',(1.,-5.24334427359425E-32,-2.28983498828939E-16));
#6179=DIRECTION('',(2.80414647586396E-32,1.,-1.06522863446701E-16));
#6180=DIRECTION('',(0.,-1.,2.28983498828939E-16));
#6181=DIRECTION('',(-2.28983498828939E-16,-1.06522863446701E-16,-1.));
#6182=DIRECTION('',(0.,1.,-2.28983498828939E-16));
#6183=DIRECTION('',(-2.28983498828939E-16,-1.06522863446701E-16,-1.));
#6184=DIRECTION('',(-2.80414647586397E-32,-1.,1.06522863446701E-16));
#6185=DIRECTION('',(-2.80414647586397E-32,-1.,1.06522863446701E-16));
#6186=DIRECTION('',(-1.,5.24334427359426E-32,2.28983498828939E-16));
#6187=DIRECTION('',(2.80414647586396E-32,1.,-1.06522863446701E-16));
#6188=DIRECTION('',(-1.,5.24334427359426E-32,2.28983498828939E-16));
#6189=DIRECTION('',(-1.,5.24334427359425E-32,2.28983498828939E-16));
#6190=DIRECTION('',(2.80414647586396E-32,1.,-1.06522863446701E-16));
#6191=DIRECTION('',(-1.,5.24334427359425E-32,2.28983498828939E-16));
#6192=DIRECTION('',(1.,-5.24334427359426E-32,-2.28983498828939E-16));
#6193=DIRECTION('',(-2.23289333142183E-16,0.221621103588969,-0.97513285579146));
#6194=DIRECTION('',(-5.07475757141327E-17,-0.97513285579146,-0.221621103588969));
#6195=DIRECTION('',(-1.,2.46519032881566E-32,2.28983498828938E-16));
#6196=DIRECTION('',(-0.216371161203959,-0.952033109297414,-0.216371161203956));
#6197=DIRECTION('',(-1.,5.24334427359427E-32,2.28983498828939E-16));
#6198=DIRECTION('',(-0.21637116120396,0.952033109297413,0.216371161203957));
#6199=DIRECTION('',(1.,-5.24334427359425E-32,-2.28983498828939E-16));
#6200=DIRECTION('',(-2.08005240798215E-46,1.,-2.28983498828939E-16));
#6201=DIRECTION('',(1.,-5.24334427359425E-32,-2.28983498828939E-16));
#6202=DIRECTION('',(1.,-5.24334427359425E-32,-2.28983498828939E-16));
#6203=DIRECTION('',(-2.28983498828939E-16,0.,-1.));
#6204=DIRECTION('',(-1.,1.84889274661175E-32,2.28983498828938E-16));
#6205=DIRECTION('',(1.,-5.24334427359425E-32,-2.28983498828939E-16));
#6206=DIRECTION('',(-2.28983498828939E-16,0.,-1.));
#6207=DIRECTION('',(0.,-1.,2.28983498828939E-16));
#6208=DIRECTION('',(2.28983498828939E-16,2.28983498828939E-16,1.));
#6209=DIRECTION('',(2.28983498828939E-16,-1.20063931733229E-47,1.));
#6210=DIRECTION('',(-1.,5.24334427359427E-32,2.28983498828939E-16));
#6211=DIRECTION('',(2.28983498828939E-16,2.28983498828939E-16,1.));
#6212=DIRECTION('',(1.,-5.24334427359425E-32,-2.28983498828939E-16));
#6213=DIRECTION('',(5.24334427359425E-32,1.,0.));
#6214=DIRECTION('',(-2.28983498828939E-16,-1.06522863446701E-16,-1.));
#6215=DIRECTION('',(-2.80414647586396E-32,-1.,1.06522863446701E-16));
#6216=DIRECTION('',(-2.28983498828939E-16,-2.28983498828939E-16,-1.));
#6217=DIRECTION('',(1.,-5.24334427359425E-32,-2.28983498828939E-16));
#6218=DIRECTION('',(-2.28983498828939E-16,0.,-1.));
#6219=DIRECTION('',(2.28983498828939E-16,-1.20063931733229E-47,1.));
#6220=DIRECTION('',(0.,-0.707106781186544,-0.707106781186551));
#6221=DIRECTION('',(0.,-1.,2.28983498828939E-16));
#6222=DIRECTION('',(2.28983498828939E-16,-1.20063931733229E-47,1.));
#6223=DIRECTION('',(1.,-5.24334427359425E-32,-2.28983498828939E-16));
#6224=DIRECTION('',(-2.28983498828939E-16,0.,-1.));
#6225=DIRECTION('',(0.,0.973868596229248,0.227112212966353));
#6226=DIRECTION('',(-2.28983498828939E-16,-1.06522863446701E-16,-1.));
#6227=DIRECTION('',(-2.28983498828939E-16,-2.28983498828939E-16,-1.));
#6228=DIRECTION('',(0.,-1.,2.28983498828939E-16));
#6229=DIRECTION('',(0.,-1.,2.28983498828939E-16));
#6230=DIRECTION('',(-1.,5.24334427359426E-32,2.28983498828939E-16));
#6231=DIRECTION('',(-1.,5.24334427359427E-32,2.28983498828939E-16));
#6232=DIRECTION('',(-1.,5.24334427359426E-32,2.28983498828939E-16));
#6233=DIRECTION('',(0.,-1.,2.28983498828939E-16));
#6234=DIRECTION('',(2.80414647586397E-32,1.,-1.06522863446701E-16));
#6235=DIRECTION('',(-2.28983498828939E-16,-1.06522863446701E-16,-1.));
#6236=DIRECTION('',(-2.28983498828939E-16,-1.06522863446701E-16,-1.));
#6237=DIRECTION('',(-1.,5.24334427359426E-32,2.28983498828939E-16));
#6238=DIRECTION('',(-0.707106781186565,0.,-0.707106781186531));
#6239=DIRECTION('',(-1.,5.24334427359426E-32,2.28983498828939E-16));
#6240=DIRECTION('',(-2.28983498828939E-16,-1.06522863446701E-16,-1.));
#6241=DIRECTION('',(2.28983498828939E-16,1.06522863446701E-16,1.));
#6242=DIRECTION('',(1.,-5.24334427359427E-32,-2.28983498828939E-16));
#6243=DIRECTION('',(-1.,5.24334427359426E-32,2.28983498828939E-16));
#6244=DIRECTION('',(-1.,5.24334427359426E-32,2.28983498828939E-16));
#6245=DIRECTION('',(1.,-5.24334427359425E-32,-2.28983498828939E-16));
#6246=DIRECTION('',(5.24334427359425E-32,1.,0.));
#6247=DIRECTION('',(2.28983498828939E-16,-1.20063931733229E-47,1.));
#6248=DIRECTION('',(5.20049491518193E-17,0.973868596229247,0.227112212966356));
#6249=DIRECTION('',(-1.,5.24334427359425E-32,2.28983498828939E-16));
#6250=DIRECTION('',(2.28983498828939E-16,0.,1.));
#6251=DIRECTION('',(2.28983498828939E-16,2.28983498828939E-16,1.));
#6252=DIRECTION('',(5.24334427359425E-32,1.,0.));
#6253=DIRECTION('',(-1.61915784801753E-16,-0.707106781186598,-0.707106781186497));
#6254=DIRECTION('',(-2.28983498828939E-16,-2.28983498828939E-16,-1.));
#6255=DIRECTION('',(-1.,5.24334427359425E-32,2.28983498828939E-16));
#6256=DIRECTION('',(2.28983498828939E-16,0.,1.));
#6257=DIRECTION('',(2.28983498828939E-16,-1.20063931733229E-47,1.));
#6258=DIRECTION('',(5.24334427359425E-32,1.,0.));
#6259=DIRECTION('',(2.28983498828939E-16,-1.20063931733229E-47,1.));
#6260=DIRECTION('',(2.80414647586397E-32,1.,-1.06522863446701E-16));
#6261=DIRECTION('',(-2.28983498828939E-16,-1.06522863446701E-16,-1.));
#6262=DIRECTION('',(-1.,5.24334427359426E-32,2.28983498828939E-16));
#6263=DIRECTION('',(-2.28983498828939E-16,-1.06522863446701E-16,-1.));
#6264=DIRECTION('',(-1.,1.84889274661175E-32,2.28983498828938E-16));
#6265=DIRECTION('',(1.,-5.24334427359425E-32,-2.28983498828939E-16));
#6266=DIRECTION('',(-2.08005240798215E-46,1.,-2.28983498828939E-16));
#6267=DIRECTION('',(-2.28983498828939E-16,-2.28983498828939E-16,-1.));
#6268=DIRECTION('',(-1.,5.24334427359425E-32,2.28983498828939E-16));
#6269=DIRECTION('',(2.28983498828939E-16,0.,1.));
#6270=DIRECTION('',(2.28983498828939E-16,2.28983498828939E-16,1.));
#6271=DIRECTION('',(0.,-0.707106781186545,-0.70710678118655));
#6272=DIRECTION('',(0.,-1.,2.28983498828939E-16));
#6273=DIRECTION('',(2.28983498828939E-16,2.28983498828939E-16,1.));
#6274=DIRECTION('',(-1.,5.24334427359425E-32,2.28983498828939E-16));
#6275=DIRECTION('',(2.28983498828939E-16,0.,1.));
#6276=DIRECTION('',(0.,0.973868596229246,0.22711221296636));
#6277=DIRECTION('',(-2.80414647586396E-32,-1.,1.06522863446701E-16));
#6278=DIRECTION('',(2.80414647586397E-32,1.,-1.06522863446701E-16));
#6279=DIRECTION('',(-2.28983498828939E-16,-1.06522863446701E-16,-1.));
#6280=DIRECTION('',(-2.28983498828939E-16,-1.06522863446701E-16,-1.));
#6281=DIRECTION('',(-1.,5.24334427359426E-32,2.28983498828939E-16));
#6282=DIRECTION('',(-0.70710678118656,0.,-0.707106781186535));
#6283=DIRECTION('',(-1.,5.24334427359426E-32,2.28983498828939E-16));
#6284=DIRECTION('',(-0.707106781186522,0.,0.707106781186574));
#6285=DIRECTION('',(-1.,5.24334427359426E-32,2.28983498828939E-16));
#6286=DIRECTION('',(-1.,5.24334427359426E-32,2.28983498828939E-16));
#6287=DIRECTION('',(1.,-5.24334427359425E-32,-2.28983498828939E-16));
#6288=DIRECTION('',(-2.08005240798215E-46,1.,-2.28983498828939E-16));
#6289=DIRECTION('',(2.28983498828939E-16,2.28983498828939E-16,1.));
#6290=DIRECTION('',(5.20049491518193E-17,0.973868596229247,0.227112212966356));
#6291=DIRECTION('',(1.,-5.24334427359425E-32,-2.28983498828939E-16));
#6292=DIRECTION('',(-2.28983498828939E-16,0.,-1.));
#6293=DIRECTION('',(2.28983498828939E-16,2.28983498828939E-16,1.));
#6294=DIRECTION('',(0.,-1.,2.28983498828939E-16));
#6295=DIRECTION('',(-1.61915784801753E-16,-0.707106781186598,-0.707106781186497));
#6296=DIRECTION('',(-2.28983498828939E-16,-2.28983498828939E-16,-1.));
#6297=DIRECTION('',(1.,-5.24334427359425E-32,-2.28983498828939E-16));
#6298=DIRECTION('',(-2.28983498828939E-16,0.,-1.));
#6299=DIRECTION('',(-2.28983498828939E-16,-2.28983498828939E-16,-1.));
#6300=DIRECTION('',(-2.08005240798215E-46,1.,-2.28983498828939E-16));
#6301=DIRECTION('',(-2.28983498828939E-16,-1.06522863446701E-16,-1.));
#6302=DIRECTION('',(0.,1.,-2.28983498828939E-16));
#6303=DIRECTION('',(-2.28983498828939E-16,-2.28983498828939E-16,-1.));
#6304=DIRECTION('',(-1.,5.24334427359427E-32,2.28983498828939E-16));
#6305=DIRECTION('',(1.,-5.24334427359425E-32,-2.28983498828939E-16));
#6306=DIRECTION('',(-2.28983498828939E-16,-2.28983498828939E-16,-1.));
#6307=DIRECTION('',(2.80414647586397E-32,1.,-1.06522863446701E-16));
#6308=DIRECTION('',(-2.28983498828939E-16,-1.06522863446701E-16,-1.));
#6309=DIRECTION('',(-1.,5.24334427359427E-32,2.28983498828939E-16));
#6310=DIRECTION('',(-2.28983498828939E-16,-1.06522863446701E-16,-1.));
#6311=DIRECTION('',(-1.,1.84889274661175E-32,2.28983498828938E-16));
#6312=DIRECTION('',(1.,-5.24334427359425E-32,-2.28983498828939E-16));
#6313=DIRECTION('',(5.24334427359425E-32,1.,0.));
#6314=DIRECTION('',(-2.80414647586396E-32,-1.,1.06522863446701E-16));
#6315=DIRECTION('',(1.,-5.24334427359425E-32,-2.28983498828939E-16));
#6316=DIRECTION('',(-2.28983498828939E-16,0.,-1.));
#6317=DIRECTION('',(2.28983498828939E-16,-1.20063931733229E-47,1.));
#6318=DIRECTION('',(0.,-0.707106781186544,-0.707106781186551));
#6319=DIRECTION('',(0.,-1.,2.28983498828939E-16));
#6320=DIRECTION('',(2.28983498828939E-16,-1.20063931733229E-47,1.));
#6321=DIRECTION('',(1.,-5.24334427359425E-32,-2.28983498828939E-16));
#6322=DIRECTION('',(-2.28983498828939E-16,0.,-1.));
#6323=DIRECTION('',(0.,0.973868596229247,0.227112212966357));
#6324=DIRECTION('',(2.229998385642E-16,-0.227112212966356,0.973868596229247));
#6325=DIRECTION('',(5.20049491518193E-17,0.973868596229247,0.227112212966356));
#6326=DIRECTION('',(-1.,1.84889274661175E-32,2.28983498828938E-16));
#6327=DIRECTION('',(1.,-5.24334427359425E-32,-2.28983498828939E-16));
#6328=DIRECTION('',(-2.08005240798215E-46,1.,-2.28983498828939E-16));
#6329=DIRECTION('',(1.,-5.24334427359425E-32,-2.28983498828939E-16));
#6330=DIRECTION('',(0.,-1.,2.28983498828939E-16));
#6331=DIRECTION('',(2.28983498828939E-16,2.28983498828939E-16,1.));
#6332=DIRECTION('',(-1.,5.24334427359427E-32,2.28983498828939E-16));
#6333=DIRECTION('',(-2.28983498828939E-16,-2.28983498828939E-16,-1.));
#6334=DIRECTION('',(0.,-1.,2.28983498828939E-16));
#6335=DIRECTION('',(-1.,5.24334427359427E-32,2.28983498828939E-16));
#6336=DIRECTION('',(-1.61915784801776E-16,0.707106781186497,-0.707106781186598));
#6337=DIRECTION('',(-1.61915784801753E-16,-0.707106781186598,-0.707106781186497));
#6338=DIRECTION('',(-1.,1.4791141972894E-31,2.28983498828939E-16));
#6339=DIRECTION('',(0.,1.,-2.28983498828939E-16));
#6340=DIRECTION('',(-2.28983498828939E-16,-2.28983498828939E-16,-1.));
#6341=DIRECTION('',(-1.,5.24334427359427E-32,2.28983498828939E-16));
#6342=DIRECTION('',(1.,-5.24334427359425E-32,-2.28983498828939E-16));
#6343=DIRECTION('',(-2.08005240798215E-46,1.,-2.28983498828939E-16));
#6344=DIRECTION('',(-1.,5.24334427359425E-32,2.28983498828939E-16));
#6345=DIRECTION('',(-2.08005240798215E-46,1.,-2.28983498828939E-16));
#6346=DIRECTION('',(2.28983498828939E-16,2.28983498828939E-16,1.));
#6347=DIRECTION('',(0.,0.803557193344738,0.595227550625748));
#6348=DIRECTION('',(-2.08005240798215E-46,1.,-2.28983498828939E-16));
#6349=DIRECTION('',(1.37143462837653E-17,0.998204845465779,0.0598922907279467));
#6350=DIRECTION('',(2.80414647586396E-32,1.,-1.06522863446701E-16));
#6351=DIRECTION('',(-2.28983498828939E-16,-1.06522863446701E-16,-1.));
#6352=DIRECTION('',(-3.75748179833565E-32,-1.,6.48895000232574E-17));
#6353=DIRECTION('',(0.,-0.997199309888456,0.0747899482416351));
#6354=DIRECTION('',(-2.08005240798215E-46,1.,-2.28983498828939E-16));
#6355=DIRECTION('',(0.,-0.6,0.8));
#6356=DIRECTION('',(0.707106781186548,7.53230390945706E-17,0.707106781186548));
#6357=DIRECTION('',(0.707106781186548,-7.53230390945709E-17,-0.707106781186548));
#6358=DIRECTION('',(2.80414647586396E-32,1.,-1.06522863446701E-16));
#6359=DIRECTION('',(0.707106781186548,-7.53230390945709E-17,-0.707106781186548));
#6360=DIRECTION('',(2.80414647586396E-32,1.,-1.06522863446701E-16));
#6361=DIRECTION('',(-0.577350269189612,0.57735026918965,0.577350269189615));
#6362=DIRECTION('',(0.,1.,-2.28983498828939E-16));
#6363=DIRECTION('',(-2.28983498828939E-16,-2.28983498828939E-16,-1.));
#6364=DIRECTION('',(-1.,5.24334427359427E-32,2.28983498828939E-16));
#6365=DIRECTION('',(-2.28983498828939E-16,-2.28983498828939E-16,-1.));
#6366=DIRECTION('',(-1.,1.4791141972894E-31,2.28983498828939E-16));
#6367=DIRECTION('',(2.28983498828939E-16,-1.20063931733229E-47,1.));
#6368=DIRECTION('',(1.,-5.24334427359425E-32,-2.28983498828939E-16));
#6369=DIRECTION('',(5.24334427359425E-32,1.,0.));
#6370=DIRECTION('',(-2.28983498828939E-16,-1.06522863446701E-16,-1.));
#6371=DIRECTION('',(-2.80414647586396E-32,-1.,1.06522863446701E-16));
#6372=DIRECTION('',(-2.28983498828939E-16,-2.28983498828939E-16,-1.));
#6373=DIRECTION('',(1.,-5.24334427359425E-32,-2.28983498828939E-16));
#6374=DIRECTION('',(-2.28983498828939E-16,0.,-1.));
#6375=DIRECTION('',(2.28983498828939E-16,-1.20063931733229E-47,1.));
#6376=DIRECTION('',(0.,-0.707106781186544,-0.707106781186551));
#6377=DIRECTION('',(0.,-1.,2.28983498828939E-16));
#6378=DIRECTION('',(2.28983498828939E-16,-1.20063931733229E-47,1.));
#6379=DIRECTION('',(1.,-5.24334427359425E-32,-2.28983498828939E-16));
#6380=DIRECTION('',(-2.28983498828939E-16,0.,-1.));
#6381=DIRECTION('',(0.,0.973868596229249,0.227112212966351));
#6382=DIRECTION('',(-2.28983498828939E-16,-1.06522863446701E-16,-1.));
#6383=DIRECTION('',(2.229998385642E-16,-0.227112212966356,0.973868596229247));
#6384=DIRECTION('',(5.20049491518193E-17,0.973868596229247,0.227112212966356));
#6385=DIRECTION('',(-1.,1.84889274661175E-32,2.28983498828938E-16));
#6386=DIRECTION('',(5.20049491518193E-17,0.973868596229247,0.227112212966356));
#6387=DIRECTION('',(-1.,1.84889274661175E-32,2.28983498828938E-16));
#6388=DIRECTION('',(0.707106781186551,0.707106781186544,-3.23831569603529E-16));
#6389=DIRECTION('',(-0.707106781186544,0.707106781186551,-1.45446229400124E-30));
#6390=DIRECTION('',(0.707106781186558,-0.707106781186537,0.));
#6391=DIRECTION('',(2.28983498828939E-16,1.06522863446701E-16,1.));
#6392=DIRECTION('',(-0.707106781186548,0.707106781186547,0.));
#6393=DIRECTION('',(2.28983498828939E-16,2.28983498828939E-16,1.));
#6394=DIRECTION('',(1.,-5.24334427359425E-32,-2.28983498828939E-16));
#6395=DIRECTION('',(-2.28983498828939E-16,-1.06522863446701E-16,-1.));
#6396=DIRECTION('',(-2.28983498828939E-16,-1.06522863446701E-16,-1.));
#6397=DIRECTION('',(2.80414647586396E-32,1.,-1.06522863446701E-16));
#6398=DIRECTION('',(-2.28983498828939E-16,-1.06522863446701E-16,-1.));
#6399=DIRECTION('',(-2.28983498828939E-16,-2.28983498828939E-16,-1.));
#6400=DIRECTION('',(0.,-1.,2.28983498828939E-16));
#6401=DIRECTION('',(-1.,5.24334427359427E-32,2.28983498828939E-16));
#6402=DIRECTION('',(0.,-1.,2.28983498828939E-16));
#6403=DIRECTION('',(-1.,5.24334427359426E-32,2.28983498828939E-16));
#6404=DIRECTION('',(0.,1.,-2.28983498828939E-16));
#6405=DIRECTION('',(-2.28983498828939E-16,-2.28983498828939E-16,-1.));
#6406=DIRECTION('',(-1.,5.24334427359427E-32,2.28983498828939E-16));
#6407=DIRECTION('',(-2.28983498828939E-16,-2.28983498828939E-16,-1.));
#6408=DIRECTION('',(1.,-5.24334427359425E-32,-2.28983498828939E-16));
#6409=DIRECTION('',(-2.28983498828939E-16,-2.28983498828939E-16,-1.));
#6410=DIRECTION('',(1.,-5.24334427359425E-32,-2.28983498828939E-16));
#6411=DIRECTION('',(-2.08005240798215E-46,1.,-2.28983498828939E-16));
#6412=DIRECTION('',(1.,-5.24334427359425E-32,-2.28983498828939E-16));
#6413=DIRECTION('',(1.,-5.24334427359425E-32,-2.28983498828939E-16));
#6414=DIRECTION('',(-2.28983498828939E-16,0.,-1.));
#6415=DIRECTION('',(-1.,5.24334427359427E-32,2.28983498828939E-16));
#6416=DIRECTION('',(1.,-5.24334427359425E-32,-2.28983498828939E-16));
#6417=DIRECTION('',(-2.28983498828939E-16,0.,-1.));
#6418=DIRECTION('',(2.80414647586397E-32,1.,-1.06522863446701E-16));
#6419=DIRECTION('',(-2.28983498828939E-16,-1.06522863446701E-16,-1.));
#6420=DIRECTION('',(-2.28983498828939E-16,-1.06522863446701E-16,-1.));
#6421=DIRECTION('',(-1.,1.84889274661175E-32,2.28983498828938E-16));
#6422=DIRECTION('',(2.28983498828939E-16,-1.20063931733229E-47,1.));
#6423=DIRECTION('',(-2.28983498828939E-16,-6.48895000232574E-17,-1.));
#6424=DIRECTION('',(-3.75748179833565E-32,-1.,6.48895000232574E-17));
#6425=DIRECTION('',(1.,-5.24334427359426E-32,-2.28983498828939E-16));
#6426=DIRECTION('',(-2.08005240798215E-46,1.,-2.28983498828939E-16));
#6427=DIRECTION('',(-1.,5.24334427359425E-32,2.28983498828939E-16));
#6428=DIRECTION('',(0.707106781186543,-7.53230390945714E-17,-0.707106781186552));
#6429=DIRECTION('',(-0.707106781186552,6.23130444540118E-16,-0.707106781186543));
#6430=DIRECTION('',(0.,-1.,2.28983498828939E-16));
#6431=DIRECTION('',(-0.21637116120396,-0.952033109297413,-0.216371161203957));
#6432=DIRECTION('',(-2.80414647586397E-32,-1.,1.06522863446701E-16));
#6433=DIRECTION('',(-0.707106781186562,0.,-0.707106781186533));
#6434=DIRECTION('',(-1.83186799063151E-16,-0.6,-0.8));
#6435=DIRECTION('',(1.37390099297363E-16,-0.8,0.6));
#6436=DIRECTION('',(-1.,2.09541177949331E-31,2.28983498828938E-16));
#6437=DIRECTION('',(1.37390099297363E-16,-0.8,0.6));
#6438=DIRECTION('',(-1.,5.24334427359426E-32,2.28983498828939E-16));
#6439=DIRECTION('',(0.,-0.8,0.6));
#6440=DIRECTION('',(2.229998385642E-16,-0.227112212966356,0.973868596229247));
#6441=DIRECTION('',(5.20049491518193E-17,0.973868596229247,0.227112212966356));
#6442=DIRECTION('',(5.20049491518193E-17,0.973868596229247,0.227112212966356));
#6443=DIRECTION('',(-1.,1.84889274661175E-32,2.28983498828938E-16));
#6444=DIRECTION('',(0.,0.973868596229247,0.227112212966357));
#6445=DIRECTION('',(-2.80414647586397E-32,-1.,1.06522863446701E-16));
#6446=DIRECTION('',(-2.28983498828939E-16,-1.06522863446701E-16,-1.));
#6447=DIRECTION('',(1.,-5.24334427359426E-32,-2.28983498828939E-16));
#6448=DIRECTION('',(2.28983498828939E-16,1.06522863446701E-16,1.));
#6449=DIRECTION('',(-2.28983498828939E-16,-2.28983498828939E-16,-1.));
#6450=DIRECTION('',(0.,-1.,2.28983498828939E-16));
#6451=DIRECTION('',(-1.,5.24334427359427E-32,2.28983498828939E-16));
#6452=DIRECTION('',(0.,-1.,2.28983498828939E-16));
#6453=DIRECTION('',(-1.,5.24334427359427E-32,2.28983498828939E-16));
#6454=DIRECTION('',(0.,-1.,2.28983498828939E-16));
#6455=DIRECTION('',(2.28983498828939E-16,1.06522863446701E-16,1.));
#6456=DIRECTION('',(1.,-5.24334427359425E-32,-2.28983498828939E-16));
#6457=DIRECTION('',(2.80414647586396E-32,1.,-1.06522863446701E-16));
#6458=DIRECTION('',(0.,1.,-2.28983498828939E-16));
#6459=DIRECTION('',(-2.28983498828939E-16,-2.28983498828939E-16,-1.));
#6460=DIRECTION('',(-1.,5.24334427359425E-32,2.28983498828939E-16));
#6461=DIRECTION('',(-1.,5.24334427359425E-32,2.28983498828939E-16));
#6462=DIRECTION('',(2.28983498828939E-16,1.06522863446701E-16,1.));
#6463=DIRECTION('',(2.80414647586397E-32,1.,-1.06522863446701E-16));
#6464=DIRECTION('',(2.229998385642E-16,-0.227112212966356,0.973868596229247));
#6465=DIRECTION('',(5.20049491518193E-17,0.973868596229247,0.227112212966356));
#6466=DIRECTION('',(-1.,5.24334427359425E-32,2.28983498828939E-16));
#6467=DIRECTION('',(-1.,5.24334427359425E-32,2.28983498828939E-16));
#6468=DIRECTION('',(-2.08005240798215E-46,1.,-2.28983498828939E-16));
#6469=DIRECTION('',(1.,-5.24334427359427E-32,-2.28983498828939E-16));
#6470=DIRECTION('',(0.,1.,-2.28983498828939E-16));
#6471=DIRECTION('',(2.28983498828939E-16,2.28983498828939E-16,1.));
#6472=DIRECTION('',(1.,-5.24334427359427E-32,-2.28983498828939E-16));
#6473=DIRECTION('',(-2.28983498828939E-16,-2.28983498828939E-16,-1.));
#6474=DIRECTION('',(0.,-1.,2.28983498828939E-16));
#6475=DIRECTION('',(1.,-1.4791141972894E-31,-2.28983498828939E-16));
#6476=DIRECTION('',(1.61915784801776E-16,-0.707106781186497,0.707106781186598));
#6477=DIRECTION('',(-1.61915784801753E-16,-0.707106781186598,-0.707106781186497));
#6478=DIRECTION('',(1.,-5.24334427359427E-32,-2.28983498828939E-16));
#6479=DIRECTION('',(0.,-1.,2.28983498828939E-16));
#6480=DIRECTION('',(-2.28983498828939E-16,-2.28983498828939E-16,-1.));
#6481=DIRECTION('',(-1.,5.24334427359425E-32,2.28983498828939E-16));
#6482=DIRECTION('',(-1.,5.24334427359425E-32,2.28983498828939E-16));
#6483=DIRECTION('',(-2.08005240798215E-46,1.,-2.28983498828939E-16));
#6484=DIRECTION('',(0.707106781186543,-7.53230390945714E-17,-0.707106781186552));
#6485=DIRECTION('',(-0.707106781186552,6.23130444540118E-16,-0.707106781186543));
#6486=DIRECTION('',(-2.80414647586397E-32,-1.,1.06522863446701E-16));
#6487=DIRECTION('',(-0.707106781186562,0.,-0.707106781186533));
#6488=DIRECTION('',(1.,-5.24334427359425E-32,-2.28983498828939E-16));
#6489=DIRECTION('',(5.24334427359425E-32,1.,0.));
#6490=DIRECTION('',(2.28983498828939E-16,-1.20063931733229E-47,1.));
#6491=DIRECTION('',(0.,-1.,2.28983498828939E-16));
#6492=DIRECTION('',(-1.61915784801753E-16,-0.707106781186598,-0.707106781186497));
#6493=DIRECTION('',(-2.28983498828939E-16,-2.28983498828939E-16,-1.));
#6494=DIRECTION('',(1.,-5.24334427359425E-32,-2.28983498828939E-16));
#6495=DIRECTION('',(-2.28983498828939E-16,0.,-1.));
#6496=DIRECTION('',(-2.28983498828939E-16,-2.28983498828939E-16,-1.));
#6497=DIRECTION('',(-2.80414647586396E-32,-1.,1.06522863446701E-16));
#6498=DIRECTION('',(2.28983498828939E-16,-1.20063931733229E-47,1.));
#6499=DIRECTION('',(-0.707106781186549,0.707106781186546,6.90253292068385E-31));
#6500=DIRECTION('',(-0.707106781186546,-0.707106781186549,3.23831569603529E-16));
#6501=DIRECTION('',(0.514495755427526,0.514495755427526,-0.685994340570036));
#6502=DIRECTION('',(2.28983498828939E-16,2.28983498828939E-16,1.));
#6503=DIRECTION('',(0.707106781186485,0.70710678118661,0.));
#6504=DIRECTION('',(-2.28983498828939E-16,-2.28983498828939E-16,-1.));
#6505=DIRECTION('',(0.62638436564135,0.626384365641354,0.46398841899358));
#6506=DIRECTION('',(2.229998385642E-16,-0.227112212966356,0.973868596229247));
#6507=DIRECTION('',(5.20049491518193E-17,0.973868596229247,0.227112212966356));
#6508=DIRECTION('',(5.20049491518193E-17,0.973868596229247,0.227112212966356));
#6509=DIRECTION('',(0.,0.973868596229247,0.227112212966357));
#6510=DIRECTION('',(1.,-5.24334427359425E-32,-2.28983498828939E-16));
#6511=DIRECTION('',(2.80414647586396E-32,1.,-1.06522863446701E-16));
#6512=DIRECTION('',(2.80414647586396E-32,1.,-1.06522863446701E-16));
#6513=DIRECTION('',(2.28983498828939E-16,1.06522863446701E-16,1.));
#6514=DIRECTION('',(-2.80414647586397E-32,-1.,1.06522863446701E-16));
#6515=DIRECTION('',(2.28983498828939E-16,1.06522863446701E-16,1.));
#6516=DIRECTION('',(2.28983498828939E-16,-1.20063931733229E-47,1.));
#6517=DIRECTION('',(-1.,5.24334427359427E-32,2.28983498828939E-16));
#6518=DIRECTION('',(2.28983498828939E-16,1.06522863446701E-16,1.));
#6519=DIRECTION('',(-1.,5.24334427359425E-32,2.28983498828939E-16));
#6520=DIRECTION('',(1.,-5.24334427359427E-32,-2.28983498828939E-16));
#6521=DIRECTION('',(2.28983498828939E-16,1.06522863446701E-16,1.));
#6522=DIRECTION('',(-1.,5.24334427359425E-32,2.28983498828939E-16));
#6523=DIRECTION('',(-5.24334427359425E-32,-1.,0.));
#6524=DIRECTION('',(-1.,5.24334427359425E-32,2.28983498828939E-16));
#6525=DIRECTION('',(2.28983498828939E-16,0.,1.));
#6526=DIRECTION('',(-1.,5.24334427359425E-32,2.28983498828939E-16));
#6527=DIRECTION('',(-1.,5.24334427359425E-32,2.28983498828939E-16));
#6528=DIRECTION('',(2.28983498828939E-16,0.,1.));
#6529=DIRECTION('',(-1.,1.23259516440783E-32,2.28983498828939E-16));
#6530=DIRECTION('',(-2.28757676783049E-16,0.0444006136207234,-0.999013806466209));
#6531=DIRECTION('',(-1.01670078570251E-17,-0.999013806466209,-0.0444006136207234));
#6532=DIRECTION('',(-1.01670078570251E-17,-0.999013806466209,-0.0444006136207234));
#6533=DIRECTION('',(0.,0.999013806466209,0.0444006136207181));
#6534=DIRECTION('',(-1.,4.68386162474976E-31,2.28983498828939E-16));
#6535=DIRECTION('',(-1.61915784801759E-16,-0.707106781186573,-0.707106781186522));
#6536=DIRECTION('',(1.6191578480177E-16,-0.707106781186522,0.707106781186573));
#6537=DIRECTION('',(1.6191578480177E-16,-0.707106781186522,0.707106781186573));
#6538=DIRECTION('',(0.,0.707106781186542,-0.707106781186553));
#6539=DIRECTION('',(-1.,5.24334427359425E-32,2.28983498828939E-16));
#6540=DIRECTION('',(-5.24334427359425E-32,-1.,1.20063931733229E-47));
#6541=DIRECTION('',(2.28983498828939E-16,-2.91703841149741E-62,1.));
#6542=DIRECTION('',(2.28983498828939E-16,-1.20063931733229E-47,1.));
#6543=DIRECTION('',(2.28983498828939E-16,-2.91703841149741E-62,1.));
#6544=DIRECTION('',(-1.,5.24334427359425E-32,2.28983498828939E-16));
#6545=DIRECTION('',(-1.,5.24334427359425E-32,2.28983498828939E-16));
#6546=DIRECTION('',(-5.24334427359425E-32,-1.,0.));
#6547=DIRECTION('',(-1.,5.24334427359425E-32,2.28983498828939E-16));
#6548=DIRECTION('',(2.28983498828939E-16,0.,1.));
#6549=DIRECTION('',(-1.,5.24334427359425E-32,2.28983498828939E-16));
#6550=DIRECTION('',(2.28983498828939E-16,0.,1.));
#6551=DIRECTION('',(-1.,5.24334427359425E-32,2.28983498828939E-16));
#6552=DIRECTION('',(-2.28983498828939E-16,1.20063931733229E-47,-1.));
#6553=DIRECTION('',(-5.24334427359425E-32,-1.,2.91703841149741E-62));
#6554=DIRECTION('',(5.24334427359425E-32,1.,0.));
#6555=DIRECTION('',(-5.24334427359425E-32,-1.,2.91703841149741E-62));
#6556=DIRECTION('',(-1.,5.24334427359425E-32,2.28983498828939E-16));
#6557=DIRECTION('',(-5.24334427359425E-32,-1.,1.20063931733229E-47));
#6558=DIRECTION('',(2.28983498828939E-16,-2.91703841149741E-62,1.));
#6559=DIRECTION('',(2.28983498828939E-16,-2.91703841149741E-62,1.));
#6560=DIRECTION('',(2.28983498828939E-16,-1.20063931733229E-47,1.));
#6561=DIRECTION('',(-1.,5.24334427359425E-32,2.28983498828939E-16));
#6562=DIRECTION('',(2.28983498828939E-16,-1.20063931733229E-47,1.));
#6563=DIRECTION('',(5.24334427359425E-32,1.,-2.91703841149741E-62));
#6564=DIRECTION('',(5.24334427359425E-32,1.,-2.91703841149741E-62));
#6565=DIRECTION('',(5.24334427359425E-32,1.,0.));
#6566=DIRECTION('',(-1.,5.24334427359425E-32,2.28983498828939E-16));
#6567=DIRECTION('',(-1.,5.24334427359425E-32,2.28983498828939E-16));
#6568=DIRECTION('',(-5.24334427359425E-32,-1.,0.));
#6569=DIRECTION('',(-1.,5.24334427359425E-32,2.28983498828939E-16));
#6570=DIRECTION('',(2.28983498828939E-16,0.,1.));
#6571=DIRECTION('',(-1.,5.24334427359425E-32,2.28983498828939E-16));
#6572=DIRECTION('',(2.28983498828939E-16,0.,1.));
#6573=DIRECTION('',(-1.,5.24334427359425E-32,2.28983498828939E-16));
#6574=DIRECTION('',(-5.24334427359425E-32,-1.,1.20063931733229E-47));
#6575=DIRECTION('',(2.28983498828939E-16,-2.91703841149741E-62,1.));
#6576=DIRECTION('',(2.28983498828939E-16,-1.20063931733229E-47,1.));
#6577=DIRECTION('',(2.28983498828939E-16,-2.91703841149741E-62,1.));
#6578=DIRECTION('',(-1.,5.24334427359425E-32,2.28983498828939E-16));
#6579=DIRECTION('',(-1.,5.24334427359425E-32,2.28983498828939E-16));
#6580=DIRECTION('',(-5.24334427359425E-32,-1.,0.));
#6581=DIRECTION('',(-1.,5.24334427359425E-32,2.28983498828939E-16));
#6582=DIRECTION('',(2.28983498828939E-16,0.,1.));
#6583=DIRECTION('',(-1.,5.24334427359425E-32,2.28983498828939E-16));
#6584=DIRECTION('',(2.28983498828939E-16,0.,1.));
#6585=DIRECTION('',(-1.,5.24334427359425E-32,2.28983498828939E-16));
#6586=DIRECTION('',(-2.28983498828939E-16,1.20063931733229E-47,-1.));
#6587=DIRECTION('',(-5.24334427359425E-32,-1.,2.91703841149741E-62));
#6588=DIRECTION('',(-5.24334427359425E-32,-1.,2.91703841149741E-62));
#6589=DIRECTION('',(5.24334427359425E-32,1.,0.));
#6590=DIRECTION('',(-1.,5.24334427359425E-32,2.28983498828939E-16));
#6591=DIRECTION('',(-5.24334427359425E-32,-1.,1.20063931733229E-47));
#6592=DIRECTION('',(2.28983498828939E-16,-2.91703841149741E-62,1.));
#6593=DIRECTION('',(2.28983498828939E-16,-1.20063931733229E-47,1.));
#6594=DIRECTION('',(2.28983498828939E-16,-2.91703841149741E-62,1.));
#6595=DIRECTION('',(-1.,5.24334427359425E-32,2.28983498828939E-16));
#6596=DIRECTION('',(5.24334427359425E-32,1.,-1.20063931733229E-47));
#6597=DIRECTION('',(-2.28983498828939E-16,2.91703841149741E-62,-1.));
#6598=DIRECTION('',(-2.28983498828939E-16,2.91703841149741E-62,-1.));
#6599=DIRECTION('',(-1.,5.24334427359425E-32,2.28983498828939E-16));
#6600=DIRECTION('',(2.28983498828939E-16,-1.20063931733229E-47,1.));
#6601=DIRECTION('',(2.28983498828939E-16,-1.20063931733229E-47,1.));
#6602=DIRECTION('',(5.24334427359425E-32,1.,-2.91703841149741E-62));
#6603=DIRECTION('',(5.24334427359425E-32,1.,-2.91703841149741E-62));
#6604=DIRECTION('',(5.24334427359425E-32,1.,0.));
#6605=DIRECTION('',(1.,-5.24334427359425E-32,-2.28983498828939E-16));
#6606=DIRECTION('',(5.24334427359425E-32,1.,0.));
#6607=DIRECTION('',(1.,-5.24334427359425E-32,-2.28983498828939E-16));
#6608=DIRECTION('',(-2.28983498828939E-16,0.,-1.));
#6609=DIRECTION('',(5.24334427359425E-32,1.,0.));
#6610=DIRECTION('',(1.,-5.24334427359425E-32,-2.28983498828939E-16));
#6611=DIRECTION('',(5.24334427359425E-32,1.,0.));
#6612=DIRECTION('',(0.,1.,-2.28983498828939E-16));
#6613=DIRECTION('',(1.,-5.24334427359425E-32,-2.28983498828939E-16));
#6614=DIRECTION('',(-2.28983498828939E-16,0.,-1.));
#6615=DIRECTION('',(2.28983498828939E-16,2.28983498828939E-16,1.));
#6616=DIRECTION('',(0.,1.,-2.28983498828939E-16));
#6617=DIRECTION('',(-1.,5.24334427359427E-32,2.28983498828939E-16));
#6618=DIRECTION('',(1.,-5.24334427359425E-32,-2.28983498828939E-16));
#6619=DIRECTION('',(-2.08005240798215E-46,1.,-2.28983498828939E-16));
#6620=DIRECTION('',(1.,-5.24334427359425E-32,-2.28983498828939E-16));
#6621=DIRECTION('',(2.80414647586396E-32,1.,-1.06522863446701E-16));
#6622=DIRECTION('',(2.80414647586396E-32,1.,-1.06522863446701E-16));
#6623=DIRECTION('',(0.707106781186543,-7.53230390945713E-17,-0.707106781186552));
#6624=DIRECTION('',(0.707106781186552,1.61915784801763E-16,0.707106781186543));
#6625=DIRECTION('',(0.,-1.,2.28983498828939E-16));
#6626=DIRECTION('',(0.216371161203958,0.952033109297414,0.216371161203958));
#6627=DIRECTION('',(-2.80414647586397E-32,-1.,1.06522863446701E-16));
#6628=DIRECTION('',(-2.23289333142183E-16,0.221621103588969,-0.97513285579146));
#6629=DIRECTION('',(-5.07475757141327E-17,-0.97513285579146,-0.221621103588969));
#6630=DIRECTION('',(1.,-5.24334427359427E-32,-2.28983498828939E-16));
#6631=DIRECTION('',(-0.216371161203961,0.952033109297413,0.216371161203958));
#6632=DIRECTION('',(-1.,2.46519032881566E-32,2.28983498828938E-16));
#6633=DIRECTION('',(-0.707106781186543,-7.53230390945712E-17,-0.707106781186552));
#6634=DIRECTION('',(0.707106781186552,6.23130444540118E-16,-0.707106781186543));
#6635=DIRECTION('',(0.,-1.,2.28983498828939E-16));
#6636=DIRECTION('',(-2.80414647586397E-32,-1.,1.06522863446701E-16));
#6637=DIRECTION('',(2.28983498828939E-16,2.28983498828939E-16,1.));
#6638=DIRECTION('',(0.,-1.,2.28983498828939E-16));
#6639=DIRECTION('',(-2.23289333142183E-16,0.221621103588969,-0.97513285579146));
#6640=DIRECTION('',(-5.07475757141327E-17,-0.97513285579146,-0.221621103588969));
#6641=DIRECTION('',(-1.,2.46519032881566E-32,2.28983498828938E-16));
#6642=DIRECTION('',(-0.216371161203961,-0.952033109297413,-0.216371161203958));
#6643=DIRECTION('',(0.707106781186543,-7.53230390945714E-17,-0.707106781186552));
#6644=DIRECTION('',(-0.707106781186552,6.23130444540118E-16,-0.707106781186543));
#6645=DIRECTION('',(-2.80414647586397E-32,-1.,1.06522863446701E-16));
#6646=DIRECTION('',(-1.61915784801776E-16,0.707106781186497,-0.707106781186598));
#6647=DIRECTION('',(-1.61915784801753E-16,-0.707106781186598,-0.707106781186497));
#6648=DIRECTION('',(-1.,1.4791141972894E-31,2.28983498828939E-16));
#6649=DIRECTION('',(-1.,5.24334427359427E-32,2.28983498828939E-16));
#6650=DIRECTION('',(0.,-0.707106781186544,-0.707106781186551));
#6651=DIRECTION('',(1.,-5.24334427359425E-32,-2.28983498828939E-16));
#6652=DIRECTION('',(-2.08005240798215E-46,1.,-2.28983498828939E-16));
#6653=DIRECTION('',(1.,-5.24334427359425E-32,-2.28983498828939E-16));
#6654=DIRECTION('',(1.,-5.24334427359425E-32,-2.28983498828939E-16));
#6655=DIRECTION('',(-2.28983498828939E-16,0.,-1.));
#6656=DIRECTION('',(-1.,5.24334427359427E-32,2.28983498828939E-16));
#6657=DIRECTION('',(1.,-5.24334427359425E-32,-2.28983498828939E-16));
#6658=DIRECTION('',(-2.28983498828939E-16,0.,-1.));
#6659=DIRECTION('',(2.80414647586397E-32,1.,-1.06522863446701E-16));
#6660=DIRECTION('',(-2.28983498828939E-16,-1.06522863446701E-16,-1.));
#6661=DIRECTION('',(-1.,5.24334427359427E-32,2.28983498828939E-16));
#6662=DIRECTION('',(-2.28983498828939E-16,-1.06522863446701E-16,-1.));
#6663=DIRECTION('',(-1.,1.84889274661175E-32,2.28983498828938E-16));
#6664=DIRECTION('',(2.28983498828939E-16,-1.20063931733229E-47,1.));
#6665=DIRECTION('',(1.,-5.24334427359425E-32,-2.28983498828939E-16));
#6666=DIRECTION('',(5.24334427359425E-32,1.,0.));
#6667=DIRECTION('',(-2.28983498828939E-16,-1.06522863446701E-16,-1.));
#6668=DIRECTION('',(-2.80414647586396E-32,-1.,1.06522863446701E-16));
#6669=DIRECTION('',(-2.28983498828939E-16,-2.28983498828939E-16,-1.));
#6670=DIRECTION('',(2.28983498828939E-16,-1.20063931733229E-47,1.));
#6671=DIRECTION('',(0.,-0.707106781186544,-0.707106781186551));
#6672=DIRECTION('',(0.,-1.,2.28983498828939E-16));
#6673=DIRECTION('',(2.28983498828939E-16,-1.20063931733229E-47,1.));
#6674=DIRECTION('',(1.,-5.24334427359425E-32,-2.28983498828939E-16));
#6675=DIRECTION('',(-2.28983498828939E-16,0.,-1.));
#6676=DIRECTION('',(0.,0.973868596229247,0.227112212966357));
#6677=DIRECTION('',(-2.28983498828939E-16,-1.06522863446701E-16,-1.));
#6678=DIRECTION('',(1.,-5.24334427359425E-32,-2.28983498828939E-16));
#6679=DIRECTION('',(-2.08005240798215E-46,1.,-2.28983498828939E-16));
#6680=DIRECTION('',(1.,-5.24334427359425E-32,-2.28983498828939E-16));
#6681=DIRECTION('',(-2.28983498828939E-16,0.,-1.));
#6682=DIRECTION('',(1.,-5.24334427359425E-32,-2.28983498828939E-16));
#6683=DIRECTION('',(-2.28983498828939E-16,0.,-1.));
#6684=DIRECTION('',(0.,-1.,2.28983498828939E-16));
#6685=DIRECTION('',(-1.,5.24334427359427E-32,2.28983498828939E-16));
#6686=DIRECTION('',(1.,4.93038065763132E-31,-2.28983498828938E-16));
#6687=DIRECTION('',(-1.,5.24334427359427E-32,2.28983498828939E-16));
#6688=DIRECTION('',(-1.,5.24334427359426E-32,2.28983498828939E-16));
#6689=DIRECTION('',(-2.28983498828939E-16,-2.28983498828939E-16,-1.));
#6690=DIRECTION('',(-2.28983498828939E-16,-2.28983498828939E-16,-1.));
#6691=DIRECTION('',(1.,-5.24334427359427E-32,-2.28983498828939E-16));
#6692=DIRECTION('',(2.28983498828939E-16,2.28983498828939E-16,1.));
#6693=DIRECTION('',(2.28983498828939E-16,2.28983498828939E-16,1.));
#6694=DIRECTION('',(0.,-1.,2.28983498828939E-16));
#6695=DIRECTION('',(1.,-5.24334427359426E-32,-2.28983498828939E-16));
#6696=DIRECTION('',(1.,-5.24334427359427E-32,-2.28983498828939E-16));
#6697=DIRECTION('',(0.707106781186546,-0.707106781186549,6.90253292068385E-31));
#6698=DIRECTION('',(0.707106781186544,0.707106781186551,-3.23831569603529E-16));
#6699=DIRECTION('',(0.,-1.,2.28983498828939E-16));
#6700=DIRECTION('',(1.,-5.24334427359426E-32,-2.28983498828939E-16));
#6701=DIRECTION('',(0.,-1.,2.28983498828939E-16));
#6702=DIRECTION('',(-1.,5.24334427359426E-32,2.28983498828939E-16));
#6703=DIRECTION('',(0.707106781186548,0.707106781186548,-4.33500381231808E-16));
#6704=DIRECTION('',(2.80414647586396E-32,1.,-1.06522863446701E-16));
#6705=DIRECTION('',(-2.80414647586397E-32,-1.,1.06522863446701E-16));
#6706=DIRECTION('',(-2.28983498828939E-16,-1.06522863446701E-16,-1.));
#6707=DIRECTION('',(-1.,5.24334427359425E-32,2.28983498828939E-16));
#6708=DIRECTION('',(-2.28983498828939E-16,-2.28983498828939E-16,-1.));
#6709=DIRECTION('',(1.,-5.24334427359425E-32,-2.28983498828939E-16));
#6710=DIRECTION('',(5.24334427359425E-32,1.,0.));
#6711=DIRECTION('',(2.28983498828939E-16,2.28983498828939E-16,1.));
#6712=DIRECTION('',(-1.61915784801753E-16,-0.707106781186598,-0.707106781186497));
#6713=DIRECTION('',(-2.80414647586396E-32,-1.,1.06522863446701E-16));
#6714=DIRECTION('',(2.28983498828939E-16,-1.20063931733229E-47,1.));
#6715=DIRECTION('',(0.,-1.,2.28983498828939E-16));
#6716=DIRECTION('',(2.28983498828939E-16,2.28983498828939E-16,1.));
#6717=DIRECTION('',(2.28983498828939E-16,-1.20063931733229E-47,1.));
#6718=DIRECTION('',(-1.,5.24334427359427E-32,2.28983498828939E-16));
#6719=DIRECTION('',(2.28983498828939E-16,2.28983498828939E-16,1.));
#6720=DIRECTION('',(1.,-5.24334427359425E-32,-2.28983498828939E-16));
#6721=DIRECTION('',(-2.28983498828939E-16,-1.06522863446701E-16,-1.));
#6722=DIRECTION('',(-2.80414647586397E-32,-1.,1.06522863446701E-16));
#6723=DIRECTION('',(1.,2.09541177949331E-31,-2.28983498828938E-16));
#6724=DIRECTION('',(1.,-7.08742219534503E-32,-2.28983498828939E-16));
#6725=DIRECTION('',(-2.08005240798215E-46,1.,-2.28983498828939E-16));
#6726=DIRECTION('',(-1.61915784801776E-16,0.707106781186497,-0.707106781186598));
#6727=DIRECTION('',(-1.61915784801753E-16,-0.707106781186598,-0.707106781186497));
#6728=DIRECTION('',(-1.,1.4791141972894E-31,2.28983498828939E-16));
#6729=DIRECTION('',(-1.61915784801753E-16,-0.707106781186598,-0.707106781186497));
#6730=DIRECTION('',(-1.,5.24334427359427E-32,2.28983498828939E-16));
#6731=DIRECTION('',(-2.28983498828939E-16,-1.06522863446701E-16,-1.));
#6732=DIRECTION('',(-2.80414647586397E-32,-1.,1.06522863446701E-16));
#6733=DIRECTION('',(-1.,5.24334427359426E-32,2.28983498828939E-16));
#6734=DIRECTION('',(-2.80414647586397E-32,-1.,1.06522863446701E-16));
#6735=DIRECTION('',(-1.,5.24334427359426E-32,2.28983498828939E-16));
#6736=DIRECTION('',(-1.,2.46519032881566E-32,2.28983498828938E-16));
#6737=DIRECTION('',(-2.80414647586397E-32,-1.,1.06522863446701E-16));
#6738=DIRECTION('',(-1.,5.24334427359426E-32,2.28983498828939E-16));
#6739=DIRECTION('',(-2.80414647586397E-32,-1.,1.06522863446701E-16));
#6740=DIRECTION('',(-1.,2.46519032881566E-32,2.28983498828938E-16));
#6741=DIRECTION('',(-2.80414647586397E-32,-1.,1.06522863446701E-16));
#6742=DIRECTION('',(-1.,5.24334427359426E-32,2.28983498828939E-16));
#6743=DIRECTION('',(-2.80414647586397E-32,-1.,1.06522863446701E-16));
#6744=DIRECTION('',(-1.,2.46519032881566E-32,2.28983498828938E-16));
#6745=DIRECTION('',(-2.80414647586397E-32,-1.,1.06522863446701E-16));
#6746=DIRECTION('',(-1.,5.24334427359426E-32,2.28983498828939E-16));
#6747=DIRECTION('',(-2.80414647586397E-32,-1.,1.06522863446701E-16));
#6748=DIRECTION('',(-1.,2.46519032881566E-32,2.28983498828938E-16));
#6749=DIRECTION('',(-2.80414647586397E-32,-1.,1.06522863446701E-16));
#6750=DIRECTION('',(-1.,5.24334427359426E-32,2.28983498828939E-16));
#6751=DIRECTION('',(-2.80414647586397E-32,-1.,1.06522863446701E-16));
#6752=DIRECTION('',(-1.,2.46519032881566E-32,2.28983498828938E-16));
#6753=DIRECTION('',(-2.80414647586397E-32,-1.,1.06522863446701E-16));
#6754=DIRECTION('',(-1.,5.24334427359426E-32,2.28983498828939E-16));
#6755=DIRECTION('',(-2.80414647586397E-32,-1.,1.06522863446701E-16));
#6756=DIRECTION('',(-1.,2.46519032881566E-32,2.28983498828938E-16));
#6757=DIRECTION('',(-2.80414647586397E-32,-1.,1.06522863446701E-16));
#6758=DIRECTION('',(-1.,5.24334427359426E-32,2.28983498828939E-16));
#6759=DIRECTION('',(-2.80414647586397E-32,-1.,1.06522863446701E-16));
#6760=DIRECTION('',(-1.,2.46519032881566E-32,2.28983498828938E-16));
#6761=DIRECTION('',(-2.80414647586397E-32,-1.,1.06522863446701E-16));
#6762=DIRECTION('',(-1.,5.24334427359426E-32,2.28983498828939E-16));
#6763=DIRECTION('',(-2.80414647586397E-32,-1.,1.06522863446701E-16));
#6764=DIRECTION('',(-1.,2.46519032881566E-32,2.28983498828938E-16));
#6765=DIRECTION('',(-2.80414647586397E-32,-1.,1.06522863446701E-16));
#6766=DIRECTION('',(-1.,5.24334427359426E-32,2.28983498828939E-16));
#6767=DIRECTION('',(-2.80414647586397E-32,-1.,1.06522863446701E-16));
#6768=DIRECTION('',(-1.,5.24334427359426E-32,2.28983498828939E-16));
#6769=DIRECTION('',(-6.12303176911187E-17,-1.,1.67753181137818E-16));
#6770=DIRECTION('',(-1.,5.24334427359426E-32,2.28983498828939E-16));
#6771=DIRECTION('',(-2.80414647586397E-32,-1.,1.06522863446701E-16));
#6772=DIRECTION('',(1.,-5.24334427359425E-32,-2.28983498828939E-16));
#6773=DIRECTION('',(-2.08005240798215E-46,1.,-2.28983498828939E-16));
#6774=DIRECTION('',(1.,-5.24334427359425E-32,-2.28983498828939E-16));
#6775=DIRECTION('',(-1.,5.24334427359427E-32,2.28983498828939E-16));
#6776=DIRECTION('',(1.,-5.24334427359425E-32,-2.28983498828939E-16));
#6777=DIRECTION('',(-2.28983498828939E-16,0.,-1.));
#6778=DIRECTION('',(0.,1.,-2.28983498828939E-16));
#6779=DIRECTION('',(-2.28983498828939E-16,-2.28983498828939E-16,-1.));
#6780=DIRECTION('',(2.28983498828939E-16,-1.20063931733229E-47,1.));
#6781=DIRECTION('',(0.,1.,-2.28983498828939E-16));
#6782=DIRECTION('',(-2.28983498828939E-16,-2.28983498828939E-16,-1.));
#6783=DIRECTION('',(-1.,5.24334427359427E-32,2.28983498828939E-16));
#6784=DIRECTION('',(-2.28983498828939E-16,-2.28983498828939E-16,-1.));
#6785=DIRECTION('',(2.229998385642E-16,-0.227112212966356,0.973868596229247));
#6786=DIRECTION('',(5.20049491518193E-17,0.973868596229247,0.227112212966356));
#6787=DIRECTION('',(-1.,1.84889274661175E-32,2.28983498828938E-16));
#6788=DIRECTION('',(5.20049491518193E-17,0.973868596229247,0.227112212966356));
#6789=DIRECTION('',(-1.,1.84889274661175E-32,2.28983498828938E-16));
#6790=DIRECTION('',(1.,-5.24334427359425E-32,-2.28983498828939E-16));
#6791=DIRECTION('',(-2.08005240798215E-46,1.,-2.28983498828939E-16));
#6792=DIRECTION('',(1.,-5.24334427359425E-32,-2.28983498828939E-16));
#6793=DIRECTION('',(1.,-5.24334427359425E-32,-2.28983498828939E-16));
#6794=DIRECTION('',(-2.28983498828939E-16,0.,-1.));
#6795=DIRECTION('',(0.,-1.,2.28983498828939E-16));
#6796=DIRECTION('',(2.28983498828939E-16,2.28983498828939E-16,1.));
#6797=DIRECTION('',(-1.,5.24334427359427E-32,2.28983498828939E-16));
#6798=DIRECTION('',(2.28983498828939E-16,2.28983498828939E-16,1.));
#6799=DIRECTION('',(2.80414647586397E-32,1.,-1.06522863446701E-16));
#6800=DIRECTION('',(-2.28983498828939E-16,-1.06522863446701E-16,-1.));
#6801=DIRECTION('',(-1.,5.24334427359427E-32,2.28983498828939E-16));
#6802=DIRECTION('',(2.28983498828939E-16,-1.20063931733229E-47,1.));
#6803=DIRECTION('',(-2.28983498828939E-16,-2.28983498828939E-16,-1.));
#6804=DIRECTION('',(0.,-1.,2.28983498828939E-16));
#6805=DIRECTION('',(-1.,5.24334427359427E-32,2.28983498828939E-16));
#6806=DIRECTION('',(-1.,5.24334427359426E-32,2.28983498828939E-16));
#6807=DIRECTION('',(-1.,5.24334427359427E-32,2.28983498828939E-16));
#6808=DIRECTION('',(-1.,5.24334427359426E-32,2.28983498828939E-16));
#6809=DIRECTION('',(0.,-1.,2.28983498828939E-16));
#6810=DIRECTION('',(0.,1.,-2.28983498828939E-16));
#6811=DIRECTION('',(-2.28983498828939E-16,-2.28983498828939E-16,-1.));
#6812=DIRECTION('',(-2.28983498828939E-16,-2.28983498828939E-16,-1.));
#6813=DIRECTION('',(-1.,1.4791141972894E-31,2.28983498828939E-16));
#6814=DIRECTION('',(2.28983498828939E-16,2.28983498828939E-16,1.));
#6815=DIRECTION('',(0.,1.,-2.28983498828939E-16));
#6816=DIRECTION('',(1.,-5.24334427359426E-32,-2.28983498828939E-16));
#6817=DIRECTION('',(1.,-5.24334427359426E-32,-2.28983498828939E-16));
#6818=DIRECTION('',(2.80414647586396E-32,1.,-1.06522863446701E-16));
#6819=DIRECTION('',(1.,-5.24334427359426E-32,-2.28983498828939E-16));
#6820=DIRECTION('',(2.80414647586396E-32,1.,-1.06522863446701E-16));
#6821=DIRECTION('',(-1.61915784801776E-16,0.707106781186497,-0.707106781186598));
#6822=DIRECTION('',(-1.61915784801753E-16,-0.707106781186598,-0.707106781186497));
#6823=DIRECTION('',(-1.61915784801753E-16,-0.707106781186598,-0.707106781186497));
#6824=DIRECTION('',(-1.,5.24334427359427E-32,2.28983498828939E-16));
#6825=DIRECTION('',(1.,-5.24334427359425E-32,-2.28983498828939E-16));
#6826=DIRECTION('',(5.24334427359425E-32,1.,0.));
#6827=DIRECTION('',(-2.28983498828939E-16,-1.06522863446701E-16,-1.));
#6828=DIRECTION('',(-2.80414647586396E-32,-1.,1.06522863446701E-16));
#6829=DIRECTION('',(0.,-1.,2.28983498828939E-16));
#6830=DIRECTION('',(-2.28983498828939E-16,-1.06522863446701E-16,-1.));
#6831=DIRECTION('',(0.,-1.,2.28983498828939E-16));
#6832=DIRECTION('',(2.28983498828939E-16,2.28983498828939E-16,1.));
#6833=DIRECTION('',(2.28983498828939E-16,-1.20063931733229E-47,1.));
#6834=DIRECTION('',(-1.61915784801776E-16,0.707106781186497,-0.707106781186598));
#6835=DIRECTION('',(-1.61915784801753E-16,-0.707106781186598,-0.707106781186497));
#6836=DIRECTION('',(0.,-0.707106781186545,-0.70710678118655));
#6837=DIRECTION('',(1.,-5.24334427359425E-32,-2.28983498828939E-16));
#6838=DIRECTION('',(5.24334427359425E-32,1.,0.));
#6839=DIRECTION('',(2.28983498828939E-16,-1.20063931733229E-47,1.));
#6840=DIRECTION('',(1.,-5.24334427359425E-32,-2.28983498828939E-16));
#6841=DIRECTION('',(-2.28983498828939E-16,0.,-1.));
#6842=DIRECTION('',(2.28983498828939E-16,2.28983498828939E-16,1.));
#6843=DIRECTION('',(0.,-1.,2.28983498828939E-16));
#6844=DIRECTION('',(-2.28983498828939E-16,-2.28983498828939E-16,-1.));
#6845=DIRECTION('',(1.,-5.24334427359425E-32,-2.28983498828939E-16));
#6846=DIRECTION('',(-2.28983498828939E-16,0.,-1.));
#6847=DIRECTION('',(-2.28983498828939E-16,-2.28983498828939E-16,-1.));
#6848=DIRECTION('',(-2.80414647586396E-32,-1.,1.06522863446701E-16));
#6849=DIRECTION('',(2.28983498828939E-16,-1.20063931733229E-47,1.));
#6850=DIRECTION('',(-0.707106781186543,-7.53230390945712E-17,-0.707106781186552));
#6851=DIRECTION('',(0.707106781186552,6.23130444540118E-16,-0.707106781186543));
#6852=DIRECTION('',(-0.707106781186535,0.,0.70710678118656));
#6853=DIRECTION('',(-0.216371161203959,0.952033109297414,0.216371161203957));
#6854=DIRECTION('',(-2.28983498828939E-16,-2.28983498828939E-16,-1.));
#6855=DIRECTION('',(0.,-1.,2.28983498828939E-16));
#6856=DIRECTION('',(2.80414647586397E-32,1.,-1.06522863446701E-16));
#6857=DIRECTION('',(-2.28983498828939E-16,-1.06522863446701E-16,-1.));
#6858=DIRECTION('',(-0.707106781186535,0.,0.70710678118656));
#6859=DIRECTION('',(-1.,5.24334427359426E-32,2.28983498828939E-16));
#6860=DIRECTION('',(1.,-5.24334427359425E-32,-2.28983498828939E-16));
#6861=DIRECTION('',(5.24334427359425E-32,1.,0.));
#6862=DIRECTION('',(-2.28983498828939E-16,-1.06522863446701E-16,-1.));
#6863=DIRECTION('',(-2.80414647586396E-32,-1.,1.06522863446701E-16));
#6864=DIRECTION('',(2.80414647586397E-32,1.,-1.06522863446701E-16));
#6865=DIRECTION('',(-2.28983498828939E-16,-1.06522863446701E-16,-1.));
#6866=DIRECTION('',(-1.,5.24334427359426E-32,2.28983498828939E-16));
#6867=DIRECTION('',(0.,1.,-2.28983498828939E-16));
#6868=DIRECTION('',(-2.28983498828939E-16,-2.28983498828939E-16,-1.));
#6869=DIRECTION('',(-1.,5.24334427359427E-32,2.28983498828939E-16));
#6870=DIRECTION('',(-2.28983498828939E-16,-2.28983498828939E-16,-1.));
#6871=DIRECTION('',(-1.61915784801776E-16,0.707106781186497,-0.707106781186598));
#6872=DIRECTION('',(-1.61915784801753E-16,-0.707106781186598,-0.707106781186497));
#6873=DIRECTION('',(-1.,1.4791141972894E-31,2.28983498828939E-16));
#6874=DIRECTION('',(-1.61915784801753E-16,-0.707106781186598,-0.707106781186497));
#6875=DIRECTION('',(-1.,5.24334427359427E-32,2.28983498828939E-16));
#6876=DIRECTION('',(0.,-0.707106781186545,-0.70710678118655));
#6877=DIRECTION('',(-2.28983498828939E-16,-2.28983498828939E-16,-1.));
#6878=DIRECTION('',(0.,-1.,2.28983498828939E-16));
#6879=DIRECTION('',(-1.,5.24334427359427E-32,2.28983498828939E-16));
#6880=DIRECTION('',(0.,-1.,2.28983498828939E-16));
#6881=DIRECTION('',(-1.,5.24334427359426E-32,2.28983498828939E-16));
#6882=DIRECTION('',(-1.,5.24334427359426E-32,2.28983498828939E-16));
#6883=DIRECTION('',(0.,-1.,2.28983498828939E-16));
#6884=DIRECTION('',(0.707106781186543,-7.53230390945714E-17,-0.707106781186552));
#6885=DIRECTION('',(-0.707106781186552,6.23130444540118E-16,-0.707106781186543));
#6886=DIRECTION('',(-0.216371161203968,-0.95203310929741,-0.216371161203965));
#6887=DIRECTION('',(-0.707106781186547,0.,-0.707106781186548));
#6888=DIRECTION('',(-0.707106781186543,-7.53230390945712E-17,-0.707106781186552));
#6889=DIRECTION('',(0.707106781186552,6.23130444540118E-16,-0.707106781186543));
#6890=DIRECTION('',(1.,-5.24334427359425E-32,-2.28983498828939E-16));
#6891=DIRECTION('',(-2.08005240798215E-46,1.,-2.28983498828939E-16));
#6892=DIRECTION('',(1.,-5.24334427359425E-32,-2.28983498828939E-16));
#6893=DIRECTION('',(1.,-5.24334427359425E-32,-2.28983498828939E-16));
#6894=DIRECTION('',(-2.28983498828939E-16,0.,-1.));
#6895=DIRECTION('',(-1.,5.24334427359427E-32,2.28983498828939E-16));
#6896=DIRECTION('',(1.,-5.24334427359425E-32,-2.28983498828939E-16));
#6897=DIRECTION('',(-2.28983498828939E-16,0.,-1.));
#6898=DIRECTION('',(-2.28983498828939E-16,-2.28983498828939E-16,-1.));
#6899=DIRECTION('',(0.,-1.,2.28983498828939E-16));
#6900=DIRECTION('',(0.,-1.,2.28983498828939E-16));
#6901=DIRECTION('',(-2.28983498828939E-16,-2.28983498828939E-16,-1.));
#6902=DIRECTION('',(0.,-1.,2.28983498828939E-16));
#6903=DIRECTION('',(-1.,5.24334427359427E-32,2.28983498828939E-16));
#6904=DIRECTION('',(0.,-1.,2.28983498828939E-16));
#6905=DIRECTION('',(-1.,5.24334427359427E-32,2.28983498828939E-16));
#6906=DIRECTION('',(-2.23289333142183E-16,0.221621103588969,-0.97513285579146));
#6907=DIRECTION('',(-5.07475757141327E-17,-0.97513285579146,-0.221621103588969));
#6908=DIRECTION('',(2.80414647586397E-32,1.,-1.06522863446701E-16));
#6909=DIRECTION('',(2.28983498828939E-16,1.06522863446701E-16,1.));
#6910=DIRECTION('',(1.,-1.84889274661174E-31,-2.28983498828939E-16));
#6911=DIRECTION('',(2.28983498828939E-16,1.06522863446701E-16,1.));
#6912=DIRECTION('',(1.,-5.24334427359426E-32,-2.28983498828939E-16));
#6913=DIRECTION('',(0.,1.,-2.28983498828939E-16));
#6914=DIRECTION('',(-2.28983498828939E-16,-2.28983498828939E-16,-1.));
#6915=DIRECTION('',(-1.,5.24334427359427E-32,2.28983498828939E-16));
#6916=DIRECTION('',(1.,-5.24334427359425E-32,-2.28983498828939E-16));
#6917=DIRECTION('',(1.,-5.24334427359425E-32,-2.28983498828939E-16));
#6918=DIRECTION('',(5.24334427359425E-32,1.,0.));
#6919=DIRECTION('',(5.24334427359425E-32,1.,0.));
#6920=DIRECTION('',(-2.28983498828939E-16,-1.06522863446701E-16,-1.));
#6921=DIRECTION('',(2.80414647586397E-32,1.,-1.06522863446701E-16));
#6922=DIRECTION('',(-2.28983498828939E-16,-1.06522863446701E-16,-1.));
#6923=DIRECTION('',(0.,-1.,2.28983498828939E-16));
#6924=DIRECTION('',(2.28983498828939E-16,2.28983498828939E-16,1.));
#6925=DIRECTION('',(2.28983498828939E-16,-1.20063931733229E-47,1.));
#6926=DIRECTION('',(-1.,5.24334427359427E-32,2.28983498828939E-16));
#6927=DIRECTION('',(2.28983498828939E-16,2.28983498828939E-16,1.));
#6928=DIRECTION('',(1.,-5.24334427359425E-32,-2.28983498828939E-16));
#6929=DIRECTION('',(-2.23289333142183E-16,0.221621103588969,-0.97513285579146));
#6930=DIRECTION('',(-5.07475757141327E-17,-0.97513285579146,-0.221621103588969));
#6931=DIRECTION('',(-0.216371161203961,0.952033109297413,0.216371161203958));
#6932=DIRECTION('',(2.80414647586397E-32,1.,-1.06522863446701E-16));
#6933=DIRECTION('',(-2.28983498828939E-16,-1.06522863446701E-16,-1.));
#6934=DIRECTION('',(-1.,5.24334427359426E-32,2.28983498828939E-16));
#6935=DIRECTION('',(1.,-5.24334427359425E-32,-2.28983498828939E-16));
#6936=DIRECTION('',(-2.08005240798215E-46,1.,-2.28983498828939E-16));
#6937=DIRECTION('',(1.,-5.24334427359425E-32,-2.28983498828939E-16));
#6938=DIRECTION('',(1.,-5.24334427359425E-32,-2.28983498828939E-16));
#6939=DIRECTION('',(-2.28983498828939E-16,0.,-1.));
#6940=DIRECTION('',(-1.,1.84889274661175E-32,2.28983498828938E-16));
#6941=DIRECTION('',(1.,-5.24334427359425E-32,-2.28983498828939E-16));
#6942=DIRECTION('',(-2.28983498828939E-16,0.,-1.));
#6943=DIRECTION('',(1.,-5.24334427359425E-32,-2.28983498828939E-16));
#6944=DIRECTION('',(-2.08005240798215E-46,1.,-2.28983498828939E-16));
#6945=DIRECTION('',(1.,-5.24334427359425E-32,-2.28983498828939E-16));
#6946=DIRECTION('',(1.,-5.24334427359425E-32,-2.28983498828939E-16));
#6947=DIRECTION('',(-2.28983498828939E-16,0.,-1.));
#6948=DIRECTION('',(-1.,5.24334427359427E-32,2.28983498828939E-16));
#6949=DIRECTION('',(-2.28983498828939E-16,-2.28983498828939E-16,-1.));
#6950=DIRECTION('',(0.,-1.,2.28983498828939E-16));
#6951=DIRECTION('',(-1.,5.24334427359427E-32,2.28983498828939E-16));
#6952=DIRECTION('',(0.,-1.,2.28983498828939E-16));
#6953=DIRECTION('',(-1.,5.24334427359427E-32,2.28983498828939E-16));
#6954=DIRECTION('',(0.,-1.,2.28983498828939E-16));
#6955=DIRECTION('',(2.229998385642E-16,-0.227112212966356,0.973868596229247));
#6956=DIRECTION('',(5.20049491518193E-17,0.973868596229247,0.227112212966356));
#6957=DIRECTION('',(5.20049491518193E-17,0.973868596229247,0.227112212966356));
#6958=DIRECTION('',(0.,0.973868596229248,0.227112212966352));
#6959=DIRECTION('',(1.,-5.24334427359425E-32,-2.28983498828939E-16));
#6960=DIRECTION('',(5.24334427359425E-32,1.,0.));
#6961=DIRECTION('',(2.28983498828939E-16,-1.20063931733229E-47,1.));
#6962=DIRECTION('',(5.20049491518193E-17,0.973868596229247,0.227112212966356));
#6963=DIRECTION('',(1.,-5.24334427359425E-32,-2.28983498828939E-16));
#6964=DIRECTION('',(-2.28983498828939E-16,0.,-1.));
#6965=DIRECTION('',(2.28983498828939E-16,2.28983498828939E-16,1.));
#6966=DIRECTION('',(-1.61915784801753E-16,-0.707106781186598,-0.707106781186497));
#6967=DIRECTION('',(-2.28983498828939E-16,-2.28983498828939E-16,-1.));
#6968=DIRECTION('',(-2.28983498828939E-16,-2.28983498828939E-16,-1.));
#6969=DIRECTION('',(-2.80414647586396E-32,-1.,1.06522863446701E-16));
#6970=DIRECTION('',(2.28983498828939E-16,-1.20063931733229E-47,1.));
#6971=DIRECTION('',(2.229998385642E-16,-0.227112212966356,0.973868596229247));
#6972=DIRECTION('',(5.20049491518193E-17,0.973868596229247,0.227112212966356));
#6973=DIRECTION('',(-1.,1.84889274661175E-32,2.28983498828938E-16));
#6974=DIRECTION('',(-1.,1.84889274661175E-32,2.28983498828938E-16));
#6975=DIRECTION('',(0.,-1.,2.28983498828939E-16));
#6976=DIRECTION('',(2.28983498828939E-16,2.28983498828939E-16,1.));
#6977=DIRECTION('',(2.28983498828939E-16,-1.20063931733229E-47,1.));
#6978=DIRECTION('',(2.28983498828939E-16,2.28983498828939E-16,1.));
#6979=DIRECTION('',(1.,-5.24334427359425E-32,-2.28983498828939E-16));
#6980=DIRECTION('',(5.24334427359425E-32,1.,0.));
#6981=DIRECTION('',(-2.28983498828939E-16,-1.06522863446701E-16,-1.));
#6982=DIRECTION('',(-2.80414647586396E-32,-1.,1.06522863446701E-16));
#6983=DIRECTION('',(-2.28983498828939E-16,-2.28983498828939E-16,-1.));
#6984=DIRECTION('',(2.28983498828939E-16,-1.20063931733229E-47,1.));
#6985=DIRECTION('',(0.,-0.707106781186544,-0.707106781186551));
#6986=DIRECTION('',(0.,-1.,2.28983498828939E-16));
#6987=DIRECTION('',(1.,-5.24334427359425E-32,-2.28983498828939E-16));
#6988=DIRECTION('',(-2.28983498828939E-16,0.,-1.));
#6989=DIRECTION('',(0.,0.973868596229247,0.227112212966357));
#6990=DIRECTION('',(-2.28983498828939E-16,-1.06522863446701E-16,-1.));
#6991=DIRECTION('',(1.,-5.24334427359425E-32,-2.28983498828939E-16));
#6992=DIRECTION('',(-2.08005240798215E-46,1.,-2.28983498828939E-16));
#6993=DIRECTION('',(1.,-5.24334427359425E-32,-2.28983498828939E-16));
#6994=DIRECTION('',(-2.28983498828939E-16,0.,-1.));
#6995=DIRECTION('',(-1.,1.84889274661175E-32,2.28983498828938E-16));
#6996=DIRECTION('',(-2.28983498828939E-16,-2.28983498828939E-16,-1.));
#6997=DIRECTION('',(0.,-1.,2.28983498828939E-16));
#6998=DIRECTION('',(-1.,5.24334427359427E-32,2.28983498828939E-16));
#6999=DIRECTION('',(0.,-1.,2.28983498828939E-16));
#7000=DIRECTION('',(-2.28983498828939E-16,-2.28983498828939E-16,-1.));
#7001=DIRECTION('',(0.,-1.,2.28983498828939E-16));
#7002=DIRECTION('',(-1.,5.24334427359427E-32,2.28983498828939E-16));
#7003=DIRECTION('',(1.,-5.24334427359425E-32,-2.28983498828939E-16));
#7004=DIRECTION('',(-2.08005240798215E-46,1.,-2.28983498828939E-16));
#7005=DIRECTION('',(1.,-5.24334427359425E-32,-2.28983498828939E-16));
#7006=DIRECTION('',(-2.28983498828939E-16,0.,-1.));
#7007=DIRECTION('',(-1.,1.84889274661175E-32,2.28983498828938E-16));
#7008=DIRECTION('',(1.,-5.24334427359425E-32,-2.28983498828939E-16));
#7009=DIRECTION('',(-2.28983498828939E-16,0.,-1.));
#7010=DIRECTION('',(0.,1.,-2.28983498828939E-16));
#7011=DIRECTION('',(-2.28983498828939E-16,-2.28983498828939E-16,-1.));
#7012=DIRECTION('',(-1.,5.24334427359427E-32,2.28983498828939E-16));
#7013=DIRECTION('',(-1.61915784801776E-16,0.707106781186497,-0.707106781186598));
#7014=DIRECTION('',(-1.61915784801753E-16,-0.707106781186598,-0.707106781186497));
#7015=DIRECTION('',(-1.,1.4791141972894E-31,2.28983498828939E-16));
#7016=DIRECTION('',(-1.61915784801753E-16,-0.707106781186598,-0.707106781186497));
#7017=DIRECTION('',(1.,-5.24334427359425E-32,-2.28983498828939E-16));
#7018=DIRECTION('',(-2.08005240798215E-46,1.,-2.28983498828939E-16));
#7019=DIRECTION('',(1.,-5.24334427359425E-32,-2.28983498828939E-16));
#7020=DIRECTION('',(1.,-5.24334427359425E-32,-2.28983498828939E-16));
#7021=DIRECTION('',(-2.08005240798215E-46,1.,-2.28983498828939E-16));
#7022=DIRECTION('',(1.,-5.24334427359425E-32,-2.28983498828939E-16));
#7023=DIRECTION('',(2.80414647586397E-32,1.,-1.06522863446701E-16));
#7024=DIRECTION('',(-2.28983498828939E-16,-1.06522863446701E-16,-1.));
#7025=DIRECTION('',(-1.,5.24334427359427E-32,2.28983498828939E-16));
#7026=DIRECTION('',(2.80414647586397E-32,1.,-1.06522863446701E-16));
#7027=DIRECTION('',(-2.28983498828939E-16,-1.06522863446701E-16,-1.));
#7028=DIRECTION('',(-2.28983498828939E-16,-1.06522863446701E-16,-1.));
#7029=DIRECTION('',(-1.,5.24334427359426E-32,2.28983498828939E-16));
#7030=DIRECTION('',(-0.707106781186557,0.,-0.707106781186539));
#7031=DIRECTION('',(-0.70710678118655,0.,0.707106781186545));
#7032=DIRECTION('',(-1.,5.24334427359426E-32,2.28983498828939E-16));
#7033=DIRECTION('',(0.,1.,-2.28983498828939E-16));
#7034=DIRECTION('',(-2.28983498828939E-16,-2.28983498828939E-16,-1.));
#7035=DIRECTION('',(-2.28983498828939E-16,-2.28983498828939E-16,-1.));
#7036=DIRECTION('',(2.80414647586397E-32,1.,-1.06522863446701E-16));
#7037=DIRECTION('',(-2.28983498828939E-16,-1.06522863446701E-16,-1.));
#7038=DIRECTION('',(-1.,5.24334427359427E-32,2.28983498828939E-16));
#7039=DIRECTION('',(-1.,1.84889274661175E-32,2.28983498828938E-16));
#7040=DIRECTION('',(2.28983498828939E-16,-1.20063931733229E-47,1.));
#7041=DIRECTION('',(2.229998385642E-16,-0.227112212966356,0.973868596229247));
#7042=DIRECTION('',(5.20049491518193E-17,0.973868596229247,0.227112212966356));
#7043=DIRECTION('',(5.20049491518193E-17,0.973868596229247,0.227112212966356));
#7044=DIRECTION('',(1.,-5.24334427359425E-32,-2.28983498828939E-16));
#7045=DIRECTION('',(-2.08005240798215E-46,1.,-2.28983498828939E-16));
#7046=DIRECTION('',(-1.,5.24334427359427E-32,2.28983498828939E-16));
#7047=DIRECTION('',(0.,-1.,2.28983498828939E-16));
#7048=DIRECTION('',(2.28983498828939E-16,2.28983498828939E-16,1.));
#7049=DIRECTION('',(0.,1.,-2.28983498828939E-16));
#7050=DIRECTION('',(-2.28983498828939E-16,-2.28983498828939E-16,-1.));
#7051=DIRECTION('',(0.,1.,-2.28983498828939E-16));
#7052=DIRECTION('',(-2.28983498828939E-16,-2.28983498828939E-16,-1.));
#7053=DIRECTION('',(-2.28983498828939E-16,-2.28983498828939E-16,-1.));
#7054=DIRECTION('',(-1.,1.4791141972894E-31,2.28983498828939E-16));
#7055=DIRECTION('',(2.28983498828939E-16,-1.20063931733229E-47,1.));
#7056=DIRECTION('',(1.,-5.24334427359425E-32,-2.28983498828939E-16));
#7057=DIRECTION('',(5.24334427359425E-32,1.,0.));
#7058=DIRECTION('',(-2.80414647586396E-32,-1.,1.06522863446701E-16));
#7059=DIRECTION('',(-2.28983498828939E-16,-2.28983498828939E-16,-1.));
#7060=DIRECTION('',(1.,-5.24334427359425E-32,-2.28983498828939E-16));
#7061=DIRECTION('',(-2.28983498828939E-16,0.,-1.));
#7062=DIRECTION('',(2.28983498828939E-16,-1.20063931733229E-47,1.));
#7063=DIRECTION('',(0.,-0.707106781186544,-0.707106781186551));
#7064=DIRECTION('',(0.,-1.,2.28983498828939E-16));
#7065=DIRECTION('',(2.28983498828939E-16,-1.20063931733229E-47,1.));
#7066=DIRECTION('',(1.,-5.24334427359425E-32,-2.28983498828939E-16));
#7067=DIRECTION('',(-2.28983498828939E-16,0.,-1.));
#7068=DIRECTION('',(0.,0.973868596229248,0.227112212966353));
#7069=DIRECTION('',(-2.28983498828939E-16,-1.06522863446701E-16,-1.));
#7070=DIRECTION('',(1.,-5.24334427359425E-32,-2.28983498828939E-16));
#7071=DIRECTION('',(5.24334427359425E-32,1.,0.));
#7072=DIRECTION('',(2.28983498828939E-16,-1.20063931733229E-47,1.));
#7073=DIRECTION('',(5.20049491518193E-17,0.973868596229247,0.227112212966356));
#7074=DIRECTION('',(1.,-5.24334427359425E-32,-2.28983498828939E-16));
#7075=DIRECTION('',(-2.28983498828939E-16,0.,-1.));
#7076=DIRECTION('',(2.28983498828939E-16,2.28983498828939E-16,1.));
#7077=DIRECTION('',(0.,-1.,2.28983498828939E-16));
#7078=DIRECTION('',(-1.61915784801753E-16,-0.707106781186598,-0.707106781186497));
#7079=DIRECTION('',(-2.28983498828939E-16,-2.28983498828939E-16,-1.));
#7080=DIRECTION('',(1.,-5.24334427359425E-32,-2.28983498828939E-16));
#7081=DIRECTION('',(-2.28983498828939E-16,0.,-1.));
#7082=DIRECTION('',(-2.28983498828939E-16,-2.28983498828939E-16,-1.));
#7083=DIRECTION('',(-2.80414647586396E-32,-1.,1.06522863446701E-16));
#7084=DIRECTION('',(2.28983498828939E-16,-1.20063931733229E-47,1.));
#7085=DIRECTION('',(2.80414647586397E-32,1.,-1.06522863446701E-16));
#7086=DIRECTION('',(-2.28983498828939E-16,-1.06522863446701E-16,-1.));
#7087=DIRECTION('',(-1.,5.24334427359427E-32,2.28983498828939E-16));
#7088=DIRECTION('',(-1.,1.84889274661175E-32,2.28983498828938E-16));
#7089=DIRECTION('',(0.707106781186543,-7.53230390945714E-17,-0.707106781186552));
#7090=DIRECTION('',(-0.707106781186552,6.23130444540118E-16,-0.707106781186543));
#7091=DIRECTION('',(0.,-1.,2.28983498828939E-16));
#7092=DIRECTION('',(-0.216371161203968,-0.95203310929741,-0.216371161203965));
#7093=DIRECTION('',(-2.28983498828939E-16,-2.28983498828939E-16,-1.));
#7094=DIRECTION('',(0.,-1.,2.28983498828939E-16));
#7095=DIRECTION('',(-1.,5.24334427359427E-32,2.28983498828939E-16));
#7096=DIRECTION('',(-1.,5.24334427359426E-32,2.28983498828939E-16));
#7097=DIRECTION('',(0.,-1.,2.28983498828939E-16));
#7098=DIRECTION('',(-2.23289333142183E-16,0.221621103588969,-0.97513285579146));
#7099=DIRECTION('',(-5.07475757141327E-17,-0.97513285579146,-0.221621103588969));
#7100=DIRECTION('',(-0.216371161203961,0.952033109297413,0.216371161203958));
#7101=DIRECTION('',(0.,1.,-2.28983498828939E-16));
#7102=DIRECTION('',(-2.28983498828939E-16,-2.28983498828939E-16,-1.));
#7103=DIRECTION('',(-1.,5.24334427359427E-32,2.28983498828939E-16));
#7104=DIRECTION('',(1.,-5.24334427359425E-32,-2.28983498828939E-16));
#7105=DIRECTION('',(1.,-5.24334427359425E-32,-2.28983498828939E-16));
#7106=DIRECTION('',(-2.08005240798215E-46,1.,-2.28983498828939E-16));
#7107=DIRECTION('',(-1.,5.24334427359427E-32,2.28983498828939E-16));
#7108=DIRECTION('',(0.,1.,-2.28983498828939E-16));
#7109=DIRECTION('',(-2.28983498828939E-16,-2.28983498828939E-16,-1.));
#7110=DIRECTION('',(-1.,1.4791141972894E-31,2.28983498828939E-16));
#7111=DIRECTION('',(-1.61915784801776E-16,0.707106781186497,-0.707106781186598));
#7112=DIRECTION('',(-1.61915784801753E-16,-0.707106781186598,-0.707106781186497));
#7113=DIRECTION('',(-1.,5.24334427359427E-32,2.28983498828939E-16));
#7114=DIRECTION('',(-2.28983498828939E-16,-2.28983498828939E-16,-1.));
#7115=DIRECTION('',(0.,-1.,2.28983498828939E-16));
#7116=DIRECTION('',(-1.,5.24334427359427E-32,2.28983498828939E-16));
#7117=DIRECTION('',(0.,-1.,2.28983498828939E-16));
#7118=DIRECTION('',(2.28983498828939E-16,2.28983498828939E-16,1.));
#7119=DIRECTION('',(1.,-5.24334427359425E-32,-2.28983498828939E-16));
#7120=DIRECTION('',(1.,-5.24334427359425E-32,-2.28983498828939E-16));
#7121=DIRECTION('',(-2.08005240798215E-46,1.,-2.28983498828939E-16));
#7122=DIRECTION('',(-1.,1.84889274661175E-32,2.28983498828938E-16));
#7123=DIRECTION('',(2.229998385642E-16,-0.227112212966356,0.973868596229247));
#7124=DIRECTION('',(5.20049491518193E-17,0.973868596229247,0.227112212966356));
#7125=DIRECTION('',(-0.707106781186543,-7.53230390945712E-17,-0.707106781186552));
#7126=DIRECTION('',(0.707106781186552,6.23130444540118E-16,-0.707106781186543));
#7127=DIRECTION('',(2.229998385642E-16,-0.227112212966356,0.973868596229247));
#7128=DIRECTION('',(5.20049491518193E-17,0.973868596229247,0.227112212966356));
#7129=DIRECTION('',(5.20049491518193E-17,0.973868596229247,0.227112212966356));
#7130=DIRECTION('',(-1.,1.84889274661175E-32,2.28983498828938E-16));
#7131=DIRECTION('',(0.,0.973868596229247,0.227112212966357));
#7132=DIRECTION('',(2.80414647586397E-32,1.,-1.06522863446701E-16));
#7133=DIRECTION('',(-2.28983498828939E-16,-1.06522863446701E-16,-1.));
#7134=DIRECTION('',(-1.,5.24334427359426E-32,2.28983498828939E-16));
#7135=DIRECTION('',(-0.707106781186557,0.,-0.707106781186539));
#7136=DIRECTION('',(-0.70710678118655,0.,0.707106781186545));
#7137=DIRECTION('',(-1.,5.24334427359426E-32,2.28983498828939E-16));
#7138=DIRECTION('',(0.707106781186543,-7.53230390945714E-17,-0.707106781186552));
#7139=DIRECTION('',(-0.707106781186552,6.23130444540118E-16,-0.707106781186543));
#7140=DIRECTION('',(0.,-1.,2.28983498828939E-16));
#7141=DIRECTION('',(-0.216371161203968,-0.95203310929741,-0.216371161203965));
#7142=DIRECTION('',(-2.28983498828939E-16,-2.28983498828939E-16,-1.));
#7143=DIRECTION('',(0.,-1.,2.28983498828939E-16));
#7144=DIRECTION('',(-1.,5.24334427359427E-32,2.28983498828939E-16));
#7145=DIRECTION('',(-1.,5.24334427359426E-32,2.28983498828939E-16));
#7146=DIRECTION('',(0.,-1.,2.28983498828939E-16));
#7147=DIRECTION('',(-2.23289333142183E-16,0.221621103588969,-0.97513285579146));
#7148=DIRECTION('',(-5.07475757141327E-17,-0.97513285579146,-0.221621103588969));
#7149=DIRECTION('',(-0.216371161203961,0.952033109297413,0.216371161203958));
#7150=DIRECTION('',(0.,1.,-2.28983498828939E-16));
#7151=DIRECTION('',(-2.28983498828939E-16,-2.28983498828939E-16,-1.));
#7152=DIRECTION('',(-1.,1.4791141972894E-31,2.28983498828939E-16));
#7153=DIRECTION('',(0.,-1.,2.28983498828939E-16));
#7154=DIRECTION('',(2.28983498828939E-16,2.28983498828939E-16,1.));
#7155=DIRECTION('',(1.,-5.24334427359425E-32,-2.28983498828939E-16));
#7156=DIRECTION('',(5.24334427359425E-32,1.,0.));
#7157=DIRECTION('',(-2.28983498828939E-16,-1.06522863446701E-16,-1.));
#7158=DIRECTION('',(-2.80414647586396E-32,-1.,1.06522863446701E-16));
#7159=DIRECTION('',(-2.28983498828939E-16,-2.28983498828939E-16,-1.));
#7160=DIRECTION('',(0.,-0.707106781186544,-0.707106781186551));
#7161=DIRECTION('',(-0.707106781186543,-7.53230390945712E-17,-0.707106781186552));
#7162=DIRECTION('',(0.707106781186552,6.23130444540118E-16,-0.707106781186543));
#7163=DIRECTION('',(0.707106781186543,-7.53230390945714E-17,-0.707106781186552));
#7164=DIRECTION('',(-0.707106781186552,6.23130444540118E-16,-0.707106781186543));
#7165=DIRECTION('',(0.,-1.,2.28983498828939E-16));
#7166=DIRECTION('',(-0.216371161203968,-0.95203310929741,-0.216371161203965));
#7167=DIRECTION('',(-0.707106781186548,0.,-0.707106781186547));
#7168=DIRECTION('',(-2.23289333142183E-16,0.221621103588969,-0.97513285579146));
#7169=DIRECTION('',(-5.07475757141327E-17,-0.97513285579146,-0.221621103588969));
#7170=DIRECTION('',(-1.,5.24334427359427E-32,2.28983498828939E-16));
#7171=DIRECTION('',(-0.216371161203961,0.952033109297413,0.216371161203958));
#7172=DIRECTION('',(-2.28983498828939E-16,-2.28983498828939E-16,-1.));
#7173=DIRECTION('',(0.,-1.,2.28983498828939E-16));
#7174=DIRECTION('',(-1.,5.24334427359426E-32,2.28983498828939E-16));
#7175=DIRECTION('',(-1.,5.24334427359426E-32,2.28983498828939E-16));
#7176=DIRECTION('',(0.,-1.,2.28983498828939E-16));
#7177=DIRECTION('',(2.80414647586397E-32,1.,-1.06522863446701E-16));
#7178=DIRECTION('',(-2.28983498828939E-16,-1.06522863446701E-16,-1.));
#7179=DIRECTION('',(-0.707106781186551,0.,0.707106781186544));
#7180=DIRECTION('',(2.28983498828939E-16,-1.20063931733229E-47,1.));
#7181=DIRECTION('',(-1.,5.24334427359426E-32,2.28983498828939E-16));
#7182=DIRECTION('',(2.80414647586397E-32,1.,-1.06522863446701E-16));
#7183=DIRECTION('',(-2.28983498828939E-16,-1.06522863446701E-16,-1.));
#7184=DIRECTION('',(-1.,5.24334427359426E-32,2.28983498828939E-16));
#7185=DIRECTION('',(-0.707106781186563,0.,-0.707106781186532));
#7186=DIRECTION('',(-0.70710678118655,0.,0.707106781186545));
#7187=DIRECTION('',(-1.,5.24334427359426E-32,2.28983498828939E-16));
#7188=DIRECTION('',(0.707106781186543,-7.53230390945714E-17,-0.707106781186552));
#7189=DIRECTION('',(-0.707106781186552,6.23130444540118E-16,-0.707106781186543));
#7190=DIRECTION('',(0.,-1.,2.28983498828939E-16));
#7191=DIRECTION('',(-0.216371161203959,-0.952033109297414,-0.216371161203956));
#7192=DIRECTION('',(-2.28983498828939E-16,-2.28983498828939E-16,-1.));
#7193=DIRECTION('',(0.,-1.,2.28983498828939E-16));
#7194=DIRECTION('',(-1.,5.24334427359427E-32,2.28983498828939E-16));
#7195=DIRECTION('',(-1.,5.24334427359427E-32,2.28983498828939E-16));
#7196=DIRECTION('',(-1.,5.24334427359426E-32,2.28983498828939E-16));
#7197=DIRECTION('',(0.,-1.,2.28983498828939E-16));
#7198=DIRECTION('',(-2.23289333142183E-16,0.221621103588969,-0.97513285579146));
#7199=DIRECTION('',(-5.07475757141327E-17,-0.97513285579146,-0.221621103588969));
#7200=DIRECTION('',(-0.216371161203959,0.952033109297414,0.216371161203956));
#7201=DIRECTION('',(-0.707106781186543,-7.53230390945712E-17,-0.707106781186552));
#7202=DIRECTION('',(0.707106781186552,6.23130444540118E-16,-0.707106781186543));
#7203=DIRECTION('',(-0.707106781186535,0.,0.70710678118656));
#7204=DIRECTION('',(0.707106781186543,-7.53230390945714E-17,-0.707106781186552));
#7205=DIRECTION('',(-0.707106781186552,6.23130444540118E-16,-0.707106781186543));
#7206=DIRECTION('',(0.,-1.,2.28983498828939E-16));
#7207=DIRECTION('',(-0.216371161203959,-0.952033109297414,-0.216371161203956));
#7208=DIRECTION('',(-0.707106781186564,0.,-0.707106781186532));
#7209=DIRECTION('',(-2.23289333142183E-16,0.221621103588969,-0.97513285579146));
#7210=DIRECTION('',(-5.07475757141327E-17,-0.97513285579146,-0.221621103588969));
#7211=DIRECTION('',(-1.,5.24334427359427E-32,2.28983498828939E-16));
#7212=DIRECTION('',(-0.216371161203959,0.952033109297414,0.216371161203956));
#7213=DIRECTION('',(-2.28983498828939E-16,-2.28983498828939E-16,-1.));
#7214=DIRECTION('',(0.,-1.,2.28983498828939E-16));
#7215=DIRECTION('',(-1.,5.24334427359426E-32,2.28983498828939E-16));
#7216=DIRECTION('',(-1.,5.24334427359426E-32,2.28983498828939E-16));
#7217=DIRECTION('',(0.,-1.,2.28983498828939E-16));
#7218=DIRECTION('',(2.80414647586397E-32,1.,-1.06522863446701E-16));
#7219=DIRECTION('',(-2.28983498828939E-16,-1.06522863446701E-16,-1.));
#7220=DIRECTION('',(-1.,5.24334427359426E-32,2.28983498828939E-16));
#7221=DIRECTION('',(2.80414647586397E-32,1.,-1.06522863446701E-16));
#7222=DIRECTION('',(-2.28983498828939E-16,-1.06522863446701E-16,-1.));
#7223=DIRECTION('',(-2.28983498828939E-16,-1.06522863446701E-16,-1.));
#7224=DIRECTION('',(-1.,5.24334427359426E-32,2.28983498828939E-16));
#7225=DIRECTION('',(-0.707106781186562,0.,-0.707106781186533));
#7226=DIRECTION('',(-0.707106781186535,0.,0.70710678118656));
#7227=DIRECTION('',(2.28983498828939E-16,-1.20063931733229E-47,1.));
#7228=DIRECTION('',(-1.,5.24334427359426E-32,2.28983498828939E-16));
#7229=DIRECTION('',(0.707106781186543,-7.53230390945714E-17,-0.707106781186552));
#7230=DIRECTION('',(-0.707106781186552,6.23130444540118E-16,-0.707106781186543));
#7231=DIRECTION('',(0.,-1.,2.28983498828939E-16));
#7232=DIRECTION('',(-0.21637116120396,-0.952033109297414,-0.216371161203957));
#7233=DIRECTION('',(-2.28983498828939E-16,-2.28983498828939E-16,-1.));
#7234=DIRECTION('',(0.,-1.,2.28983498828939E-16));
#7235=DIRECTION('',(-1.,5.24334427359427E-32,2.28983498828939E-16));
#7236=DIRECTION('',(-1.,5.24334427359427E-32,2.28983498828939E-16));
#7237=DIRECTION('',(-1.,5.24334427359426E-32,2.28983498828939E-16));
#7238=DIRECTION('',(0.,-1.,2.28983498828939E-16));
#7239=DIRECTION('',(-2.23289333142183E-16,0.221621103588969,-0.97513285579146));
#7240=DIRECTION('',(-5.07475757141327E-17,-0.97513285579146,-0.221621103588969));
#7241=DIRECTION('',(-0.216371161203961,0.952033109297413,0.216371161203958));
#7242=DIRECTION('',(-0.707106781186543,-7.53230390945712E-17,-0.707106781186552));
#7243=DIRECTION('',(0.707106781186552,6.23130444540118E-16,-0.707106781186543));
#7244=DIRECTION('',(-0.707106781186534,0.,0.707106781186562));
#7245=DIRECTION('',(-2.28983498828939E-16,-2.28983498828939E-16,-1.));
#7246=DIRECTION('',(0.,-1.,2.28983498828939E-16));
#7247=DIRECTION('',(-1.,5.24334427359427E-32,2.28983498828939E-16));
#7248=DIRECTION('',(0.,-1.,2.28983498828939E-16));
#7249=DIRECTION('',(-1.,5.24334427359427E-32,2.28983498828939E-16));
#7250=DIRECTION('',(-1.,5.24334427359427E-32,2.28983498828939E-16));
#7251=DIRECTION('',(-1.,5.24334427359427E-32,2.28983498828939E-16));
#7252=DIRECTION('',(-6.12303176911187E-17,-1.,1.67753181137818E-16));
#7253=DIRECTION('',(1.,-5.24334427359425E-32,-2.28983498828939E-16));
#7254=DIRECTION('',(5.24334427359425E-32,1.,0.));
#7255=DIRECTION('',(-2.28983498828939E-16,-1.06522863446701E-16,-1.));
#7256=DIRECTION('',(-2.80414647586396E-32,-1.,1.06522863446701E-16));
#7257=DIRECTION('',(-2.28983498828939E-16,-2.28983498828939E-16,-1.));
#7258=DIRECTION('',(1.,-5.24334427359425E-32,-2.28983498828939E-16));
#7259=DIRECTION('',(-2.28983498828939E-16,0.,-1.));
#7260=DIRECTION('',(2.28983498828939E-16,-1.20063931733229E-47,1.));
#7261=DIRECTION('',(0.,-0.707106781186544,-0.707106781186551));
#7262=DIRECTION('',(0.,-1.,2.28983498828939E-16));
#7263=DIRECTION('',(2.28983498828939E-16,-1.20063931733229E-47,1.));
#7264=DIRECTION('',(1.,-5.24334427359425E-32,-2.28983498828939E-16));
#7265=DIRECTION('',(-2.28983498828939E-16,0.,-1.));
#7266=DIRECTION('',(0.,0.973868596229247,0.227112212966357));
#7267=DIRECTION('',(-2.28983498828939E-16,-1.06522863446701E-16,-1.));
#7268=DIRECTION('',(2.80414647586397E-32,1.,-1.06522863446701E-16));
#7269=DIRECTION('',(-2.28983498828939E-16,-1.06522863446701E-16,-1.));
#7270=DIRECTION('',(-1.,1.84889274661175E-32,2.28983498828938E-16));
#7271=DIRECTION('',(2.28983498828939E-16,-1.20063931733229E-47,1.));
#7272=DIRECTION('',(1.,-5.24334427359425E-32,-2.28983498828939E-16));
#7273=DIRECTION('',(5.24334427359425E-32,1.,0.));
#7274=DIRECTION('',(5.20049491518193E-17,0.973868596229247,0.227112212966356));
#7275=DIRECTION('',(1.,-5.24334427359425E-32,-2.28983498828939E-16));
#7276=DIRECTION('',(-2.28983498828939E-16,0.,-1.));
#7277=DIRECTION('',(2.28983498828939E-16,2.28983498828939E-16,1.));
#7278=DIRECTION('',(5.24334427359425E-32,1.,0.));
#7279=DIRECTION('',(-1.61915784801753E-16,-0.707106781186598,-0.707106781186497));
#7280=DIRECTION('',(-2.28983498828939E-16,-2.28983498828939E-16,-1.));
#7281=DIRECTION('',(1.,-5.24334427359425E-32,-2.28983498828939E-16));
#7282=DIRECTION('',(-2.28983498828939E-16,0.,-1.));
#7283=DIRECTION('',(2.28983498828939E-16,-1.20063931733229E-47,1.));
#7284=DIRECTION('',(5.24334427359425E-32,1.,0.));
#7285=DIRECTION('',(2.28983498828939E-16,-1.20063931733229E-47,1.));
#7286=DIRECTION('',(2.80414647586397E-32,1.,-1.06522863446701E-16));
#7287=DIRECTION('',(-2.28983498828939E-16,-1.06522863446701E-16,-1.));
#7288=DIRECTION('',(-1.,5.24334427359425E-32,2.28983498828939E-16));
#7289=DIRECTION('',(1.,-5.24334427359426E-32,-2.28983498828939E-16));
#7290=DIRECTION('',(3.67761376907083E-16,2.45300741524845E-16,1.));
#7291=DIRECTION('',(-2.28983498828939E-16,-1.06522863446701E-16,-1.));
#7292=DIRECTION('',(1.,-5.24334427359426E-32,-2.28983498828939E-16));
#7293=DIRECTION('',(-2.28983498828939E-16,-1.06522863446701E-16,-1.));
#7294=DIRECTION('',(-0.707106781186552,1.61915784801763E-16,0.707106781186543));
#7295=DIRECTION('',(0.707106781186551,-0.707106781186544,-1.45446229400124E-30));
#7296=DIRECTION('',(0.707106781186544,0.707106781186551,-3.23831569603529E-16));
#7297=DIRECTION('',(0.577350269189634,0.577350269189641,0.577350269189602));
#7298=DIRECTION('',(0.707106781186544,0.707106781186551,-3.23831569603529E-16));
#7299=DIRECTION('',(2.28983498828939E-16,2.28983498828939E-16,1.));
#7300=DIRECTION('',(0.707106781186547,-7.53230390945708E-17,-0.707106781186548));
#7301=DIRECTION('',(-0.707106781186548,-7.53230390945707E-17,-0.707106781186547));
#7302=DIRECTION('',(-6.16297582203916E-33,1.,-1.06522863446701E-16));
#7303=DIRECTION('',(-0.707106781186556,0.,-0.707106781186539));
#7304=DIRECTION('',(-6.16297582203916E-33,1.,-1.06522863446701E-16));
#7305=DIRECTION('',(1.,-5.24334427359425E-32,-2.28983498828939E-16));
#7306=DIRECTION('',(-2.28983498828939E-16,-1.06522863446701E-16,-1.));
#7307=DIRECTION('',(-2.80414647586397E-32,-1.,1.06522863446701E-16));
#7308=DIRECTION('',(-2.28983498828939E-16,-1.06522863446701E-16,-1.));
#7309=DIRECTION('',(2.28983498828939E-16,1.06522863446701E-16,1.));
#7310=DIRECTION('',(-2.80414647586397E-32,-1.,1.06522863446701E-16));
#7311=DIRECTION('',(-1.,5.24334427359426E-32,2.28983498828939E-16));
#7312=DIRECTION('',(2.80414647586396E-32,1.,-1.06522863446701E-16));
#7313=DIRECTION('',(2.80414647586397E-32,1.,-1.06522863446701E-16));
#7314=DIRECTION('',(-2.28983498828939E-16,-1.06522863446701E-16,-1.));
#7315=DIRECTION('',(-2.28983498828939E-16,-1.06522863446701E-16,-1.));
#7316=DIRECTION('',(-1.,5.24334427359426E-32,2.28983498828939E-16));
#7317=DIRECTION('',(-1.,5.24334427359425E-32,2.28983498828939E-16));
#7318=DIRECTION('',(1.83186799063151E-16,0.6,0.8));
#7319=DIRECTION('',(1.37390099297363E-16,-0.8,0.6));
#7320=DIRECTION('',(1.37390099297363E-16,-0.8,0.6));
#7321=DIRECTION('',(1.,-2.09541177949331E-31,-2.28983498828938E-16));
#7322=DIRECTION('',(0.,-0.8,0.6));
#7323=DIRECTION('',(-2.28983498828939E-16,-1.06522863446701E-16,-1.));
#7324=DIRECTION('',(-1.,5.24334427359425E-32,2.28983498828939E-16));
#7325=DIRECTION('',(2.80414647586396E-32,1.,-1.06522863446701E-16));
#7326=DIRECTION('',(1.,-5.24334427359425E-32,-2.28983498828939E-16));
#7327=DIRECTION('',(2.80414647586396E-32,1.,-1.06522863446701E-16));
#7328=DIRECTION('',(2.28983498828939E-16,1.06522863446701E-16,1.));
#7329=DIRECTION('',(2.80414647586397E-32,1.,-1.06522863446701E-16));
#7330=DIRECTION('',(2.28983498828939E-16,1.06522863446701E-16,1.));
#7331=DIRECTION('',(1.,-5.24334427359427E-32,-2.28983498828939E-16));
#7332=DIRECTION('',(2.28983498828939E-16,1.06522863446701E-16,1.));
#7333=DIRECTION('',(1.,-5.24334427359427E-32,-2.28983498828939E-16));
#7334=DIRECTION('',(2.28983498828939E-16,-1.20063931733229E-47,1.));
#7335=DIRECTION('',(2.28983498828939E-16,1.06522863446701E-16,1.));
#7336=DIRECTION('',(-1.,5.24334427359425E-32,2.28983498828939E-16));
#7337=DIRECTION('',(-5.24334427359425E-32,-1.,0.));
#7338=DIRECTION('',(-1.,5.24334427359425E-32,2.28983498828939E-16));
#7339=DIRECTION('',(-1.,5.24334427359425E-32,2.28983498828939E-16));
#7340=DIRECTION('',(2.28983498828939E-16,0.,1.));
#7341=DIRECTION('',(-1.,5.24334427359425E-32,2.28983498828939E-16));
#7342=DIRECTION('',(-1.,5.24334427359425E-32,2.28983498828939E-16));
#7343=DIRECTION('',(2.28983498828939E-16,0.,1.));
#7344=DIRECTION('',(2.28757676783049E-16,-0.0444006136207234,0.999013806466209));
#7345=DIRECTION('',(1.01670078570251E-17,0.999013806466209,0.0444006136207234));
#7346=DIRECTION('',(-1.,1.23259516440783E-32,2.28983498828939E-16));
#7347=DIRECTION('',(1.01670078570251E-17,0.999013806466209,0.0444006136207234));
#7348=DIRECTION('',(0.,0.999013806466209,0.0444006136207188));
#7349=DIRECTION('',(1.61915784801759E-16,0.707106781186573,0.707106781186522));
#7350=DIRECTION('',(-1.6191578480177E-16,0.707106781186522,-0.707106781186573));
#7351=DIRECTION('',(-1.,4.68386162474976E-31,2.28983498828939E-16));
#7352=DIRECTION('',(-1.6191578480177E-16,0.707106781186522,-0.707106781186573));
#7353=DIRECTION('',(0.,0.707106781186541,-0.707106781186554));
#7354=DIRECTION('',(5.24334427359425E-32,1.,-1.20063931733229E-47));
#7355=DIRECTION('',(-2.28983498828939E-16,2.91703841149741E-62,-1.));
#7356=DIRECTION('',(-1.,5.24334427359425E-32,2.28983498828939E-16));
#7357=DIRECTION('',(2.28983498828939E-16,-1.20063931733229E-47,1.));
#7358=DIRECTION('',(-2.28983498828939E-16,2.91703841149741E-62,-1.));
#7359=DIRECTION('',(-1.,5.24334427359425E-32,2.28983498828939E-16));
#7360=DIRECTION('',(-5.24334427359425E-32,-1.,0.));
#7361=DIRECTION('',(-1.,5.24334427359425E-32,2.28983498828939E-16));
#7362=DIRECTION('',(-1.,5.24334427359425E-32,2.28983498828939E-16));
#7363=DIRECTION('',(2.28983498828939E-16,0.,1.));
#7364=DIRECTION('',(-1.,5.24334427359425E-32,2.28983498828939E-16));
#7365=DIRECTION('',(2.28983498828939E-16,0.,1.));
#7366=DIRECTION('',(2.28983498828939E-16,-1.20063931733229E-47,1.));
#7367=DIRECTION('',(5.24334427359425E-32,1.,-2.91703841149741E-62));
#7368=DIRECTION('',(-1.,5.24334427359425E-32,2.28983498828939E-16));
#7369=DIRECTION('',(5.24334427359425E-32,1.,0.));
#7370=DIRECTION('',(5.24334427359425E-32,1.,-2.91703841149741E-62));
#7371=DIRECTION('',(5.24334427359425E-32,1.,-1.20063931733229E-47));
#7372=DIRECTION('',(-2.28983498828939E-16,2.91703841149741E-62,-1.));
#7373=DIRECTION('',(-1.,5.24334427359425E-32,2.28983498828939E-16));
#7374=DIRECTION('',(-2.28983498828939E-16,2.91703841149741E-62,-1.));
#7375=DIRECTION('',(2.28983498828939E-16,2.28983498828939E-16,1.));
#7376=DIRECTION('',(-2.28983498828939E-16,1.20063931733229E-47,-1.));
#7377=DIRECTION('',(-5.24334427359425E-32,-1.,2.91703841149741E-62));
#7378=DIRECTION('',(-1.,5.24334427359425E-32,2.28983498828939E-16));
#7379=DIRECTION('',(-5.24334427359425E-32,-1.,2.91703841149741E-62));
#7380=DIRECTION('',(-2.08005240798215E-46,1.,-2.28983498828939E-16));
#7381=DIRECTION('',(-1.,5.24334427359425E-32,2.28983498828939E-16));
#7382=DIRECTION('',(-5.24334427359425E-32,-1.,0.));
#7383=DIRECTION('',(-1.,5.24334427359425E-32,2.28983498828939E-16));
#7384=DIRECTION('',(-1.,5.24334427359425E-32,2.28983498828939E-16));
#7385=DIRECTION('',(2.28983498828939E-16,0.,1.));
#7386=DIRECTION('',(-1.,5.24334427359425E-32,2.28983498828939E-16));
#7387=DIRECTION('',(2.28983498828939E-16,0.,1.));
#7388=DIRECTION('',(5.24334427359425E-32,1.,-1.20063931733229E-47));
#7389=DIRECTION('',(-2.28983498828939E-16,2.91703841149741E-62,-1.));
#7390=DIRECTION('',(-1.,5.24334427359425E-32,2.28983498828939E-16));
#7391=DIRECTION('',(2.28983498828939E-16,-1.20063931733229E-47,1.));
#7392=DIRECTION('',(-2.28983498828939E-16,2.91703841149741E-62,-1.));
#7393=DIRECTION('',(-1.,5.24334427359425E-32,2.28983498828939E-16));
#7394=DIRECTION('',(-5.24334427359425E-32,-1.,0.));
#7395=DIRECTION('',(-1.,5.24334427359425E-32,2.28983498828939E-16));
#7396=DIRECTION('',(-1.,5.24334427359425E-32,2.28983498828939E-16));
#7397=DIRECTION('',(2.28983498828939E-16,0.,1.));
#7398=DIRECTION('',(-1.,5.24334427359425E-32,2.28983498828939E-16));
#7399=DIRECTION('',(2.28983498828939E-16,0.,1.));
#7400=DIRECTION('',(2.28983498828939E-16,-1.20063931733229E-47,1.));
#7401=DIRECTION('',(5.24334427359425E-32,1.,-2.91703841149741E-62));
#7402=DIRECTION('',(-1.,5.24334427359425E-32,2.28983498828939E-16));
#7403=DIRECTION('',(5.24334427359425E-32,1.,-2.91703841149741E-62));
#7404=DIRECTION('',(-2.08005240798215E-46,1.,-2.28983498828939E-16));
#7405=DIRECTION('',(5.24334427359425E-32,1.,-1.20063931733229E-47));
#7406=DIRECTION('',(-2.28983498828939E-16,2.91703841149741E-62,-1.));
#7407=DIRECTION('',(-1.,5.24334427359425E-32,2.28983498828939E-16));
#7408=DIRECTION('',(2.28983498828939E-16,-1.20063931733229E-47,1.));
#7409=DIRECTION('',(-2.28983498828939E-16,2.91703841149741E-62,-1.));
#7410=DIRECTION('',(-5.24334427359425E-32,-1.,1.20063931733229E-47));
#7411=DIRECTION('',(2.28983498828939E-16,-2.91703841149741E-62,1.));
#7412=DIRECTION('',(2.28983498828939E-16,-1.20063931733229E-47,1.));
#7413=DIRECTION('',(-1.,5.24334427359425E-32,2.28983498828939E-16));
#7414=DIRECTION('',(2.28983498828939E-16,-2.91703841149741E-62,1.));
#7415=DIRECTION('',(2.28983498828939E-16,2.28983498828939E-16,1.));
#7416=DIRECTION('',(0.,-1.,2.28983498828939E-16));
#7417=DIRECTION('',(0.,-1.,2.28983498828939E-16));
#7418=DIRECTION('',(5.24334427359425E-32,1.,0.));
#7419=DIRECTION('',(1.,-5.24334427359425E-32,-2.28983498828939E-16));
#7420=DIRECTION('',(-2.08005240798215E-46,1.,-2.28983498828939E-16));
#7421=DIRECTION('',(-1.,5.24334427359425E-32,2.28983498828939E-16));
#7422=DIRECTION('',(2.28983498828939E-16,0.,1.));
#7423=DIRECTION('',(0.,1.,-2.28983498828939E-16));
#7424=DIRECTION('',(1.,-5.24334427359425E-32,-2.28983498828939E-16));
#7425=DIRECTION('',(5.24334427359425E-32,1.,0.));
#7426=DIRECTION('',(5.24334427359425E-32,1.,0.));
#7427=DIRECTION('',(-1.,5.24334427359425E-32,2.28983498828939E-16));
#7428=DIRECTION('',(2.28983498828939E-16,0.,1.));
#7429=DIRECTION('',(-2.28983498828939E-16,-2.28983498828939E-16,-1.));
#7430=DIRECTION('',(0.,1.,-2.28983498828939E-16));
#7431=DIRECTION('',(1.,-5.24334427359427E-32,-2.28983498828939E-16));
#7432=DIRECTION('',(-1.,5.24334427359425E-32,2.28983498828939E-16));
#7433=DIRECTION('',(-2.08005240798215E-46,1.,-2.28983498828939E-16));
#7434=DIRECTION('',(1.,-5.24334427359425E-32,-2.28983498828939E-16));
#7435=DIRECTION('',(2.80414647586396E-32,1.,-1.06522863446701E-16));
#7436=DIRECTION('',(-1.61915784801776E-16,0.707106781186497,-0.707106781186598));
#7437=DIRECTION('',(-1.61915784801753E-16,-0.707106781186598,-0.707106781186497));
#7438=DIRECTION('',(-1.61915784801753E-16,-0.707106781186598,-0.707106781186497));
#7439=DIRECTION('',(-1.,5.24334427359425E-32,2.28983498828939E-16));
#7440=DIRECTION('',(-2.08005240798215E-46,1.,-2.28983498828939E-16));
#7441=DIRECTION('',(1.83186799063151E-16,-0.6,0.8));
#7442=DIRECTION('',(1.71256640256046E-17,-0.997199309888457,0.0747899482416343));
#7443=DIRECTION('',(-2.08005240798215E-46,1.,-2.28983498828939E-16));
#7444=DIRECTION('',(0.,-0.998204845465779,-0.0598922907279473));
#7445=DIRECTION('',(0.,-1.,2.28983498828939E-16));
#7446=DIRECTION('',(1.3629728714166E-16,0.803557193344746,0.595227550625737));
#7447=DIRECTION('',(2.28983498828939E-16,2.28983498828939E-16,1.));
#7448=DIRECTION('',(-0.707106781186549,-0.707106781186546,3.23831569603529E-16));
#7449=DIRECTION('',(0.707106781186546,-0.707106781186549,6.90253292068385E-31));
#7450=DIRECTION('',(-0.514495755427516,0.514495755427516,-0.685994340570051));
#7451=DIRECTION('',(0.626384365641346,-0.626384365641351,-0.46398841899359));
#7452=DIRECTION('',(2.28983498828939E-16,1.06522863446701E-16,1.));
#7453=DIRECTION('',(-1.84001337641242E-16,0.595227550625737,-0.803557193344746));
#7454=DIRECTION('',(1.3629728714166E-16,0.803557193344746,0.595227550625737));
#7455=DIRECTION('',(1.,4.93038065763132E-31,-2.28983498828938E-16));
#7456=DIRECTION('',(-2.28983498828939E-16,-2.28983498828939E-16,-1.));
#7457=DIRECTION('',(0.,-1.,2.28983498828939E-16));
#7458=DIRECTION('',(-1.,5.24334427359427E-32,2.28983498828939E-16));
#7459=DIRECTION('',(-2.28572438062754E-16,0.0598922907279467,-0.998204845465779));
#7460=DIRECTION('',(1.37143462837653E-17,0.998204845465779,0.0598922907279467));
#7461=DIRECTION('',(1.,-7.08742219534503E-32,-2.28983498828938E-16));
#7462=DIRECTION('',(-2.28983498828939E-16,-1.06522863446701E-16,-1.));
#7463=DIRECTION('',(-1.,5.24334427359425E-32,2.28983498828939E-16));
#7464=DIRECTION('',(2.80414647586397E-32,1.,-1.06522863446701E-16));
#7465=DIRECTION('',(-2.28983498828939E-16,-1.06522863446701E-16,-1.));
#7466=DIRECTION('',(1.,-5.24334427359425E-32,-2.28983498828939E-16));
#7467=DIRECTION('',(5.24334427359425E-32,1.,0.));
#7468=DIRECTION('',(-2.28983498828939E-16,-2.28983498828939E-16,-1.));
#7469=DIRECTION('',(-2.80414647586396E-32,-1.,1.06522863446701E-16));
#7470=DIRECTION('',(2.28342187008062E-16,0.0747899482416343,0.997199309888457));
#7471=DIRECTION('',(1.71256640256046E-17,-0.997199309888457,0.0747899482416343));
#7472=DIRECTION('',(-1.61915784801776E-16,0.707106781186497,-0.707106781186598));
#7473=DIRECTION('',(-1.61915784801753E-16,-0.707106781186598,-0.707106781186497));
#7474=DIRECTION('',(1.37390099297363E-16,0.8,0.6));
#7475=DIRECTION('',(1.83186799063151E-16,-0.6,0.8));
#7476=DIRECTION('',(1.,2.09541177949331E-31,-2.28983498828938E-16));
#7477=DIRECTION('',(2.80414647586397E-32,1.,-1.06522863446701E-16));
#7478=DIRECTION('',(2.28983498828939E-16,1.06522863446701E-16,1.));
#7479=DIRECTION('',(0.,1.,-2.28983498828939E-16));
#7480=DIRECTION('',(-2.28983498828939E-16,-2.28983498828939E-16,-1.));
#7481=DIRECTION('',(-1.,5.24334427359427E-32,2.28983498828939E-16));
#7482=DIRECTION('',(-2.28983498828939E-16,-2.28983498828939E-16,-1.));
#7483=DIRECTION('',(0.707106781186548,-0.707106781186548,-8.65927457071935E-17));
#7484=DIRECTION('',(0.707106781186548,0.707106781186548,-4.33500381231808E-16));
#7485=DIRECTION('',(0.707106781186543,0.707106781186552,0.));
#7486=DIRECTION('',(-2.28983498828939E-16,-1.06522863446701E-16,-1.));
#7487=DIRECTION('',(2.28983498828939E-16,1.06522863446701E-16,1.));
#7488=DIRECTION('',(1.,-5.24334427359425E-32,-2.28983498828939E-16));
#7489=DIRECTION('',(2.80414647586396E-32,1.,-1.06522863446701E-16));
#7490=DIRECTION('',(2.28983498828939E-16,1.06522863446701E-16,1.));
#7491=DIRECTION('',(-2.80414647586397E-32,-1.,1.06522863446701E-16));
#7492=DIRECTION('',(-2.28983498828939E-16,-1.06522863446701E-16,-1.));
#7493=DIRECTION('',(2.80414647586397E-32,1.,-1.06522863446701E-16));
#7494=DIRECTION('',(1.,-5.24334427359426E-32,-2.28983498828939E-16));
#7495=DIRECTION('',(1.,-5.24334427359426E-32,-2.28983498828939E-16));
#7496=DIRECTION('',(2.28983498828939E-16,1.06522863446701E-16,1.));
#7497=DIRECTION('',(1.,-5.24334427359425E-32,-2.28983498828939E-16));
#7498=DIRECTION('',(2.80414647586396E-32,1.,-1.06522863446701E-16));
#7499=DIRECTION('',(2.80414647586397E-32,1.,-1.06522863446701E-16));
#7500=DIRECTION('',(-2.80414647586396E-32,-1.,1.06522863446701E-16));
#7501=DIRECTION('',(0.,0.887216801234597,0.461352736641986));
#7502=DIRECTION('',(2.28983498828939E-16,1.06522863446701E-16,1.));
#7503=DIRECTION('',(2.80414647586396E-32,1.,-1.06522863446701E-16));
#7504=DIRECTION('',(2.28983498828939E-16,1.06522863446701E-16,1.));
#7505=DIRECTION('',(-2.28983498828939E-16,-1.06522863446701E-16,-1.));
#7506=DIRECTION('',(2.80414647586397E-32,1.,-1.06522863446701E-16));
#7507=DIRECTION('',(2.80414647586397E-32,1.,-1.06522863446701E-16));
#7508=DIRECTION('',(-2.28983498828939E-16,-1.06522863446701E-16,-1.));
#7509=DIRECTION('',(-0.707106781186568,0.,-0.707106781186527));
#7510=DIRECTION('',(-2.28983498828939E-16,-1.06522863446701E-16,-1.));
#7511=DIRECTION('',(-1.,5.24334427359426E-32,2.28983498828939E-16));
#7512=DIRECTION('',(0.707106781186543,7.53230390945712E-17,0.707106781186552));
#7513=DIRECTION('',(-0.707106781186552,1.61915784801763E-16,0.707106781186543));
#7514=DIRECTION('',(-0.216371161203961,0.952033109297413,0.216371161203958));
#7515=DIRECTION('',(0.707106781186543,-7.53230390945714E-17,-0.707106781186552));
#7516=DIRECTION('',(-0.707106781186552,6.23130444540118E-16,-0.707106781186543));
#7517=DIRECTION('',(-0.216371161203961,-0.952033109297413,-0.216371161203958));
#7518=DIRECTION('',(-2.23289333142183E-16,0.221621103588969,-0.97513285579146));
#7519=DIRECTION('',(-5.07475757141327E-17,-0.97513285579146,-0.221621103588969));
#7520=DIRECTION('',(1.,-5.24334427359425E-32,-2.28983498828939E-16));
#7521=DIRECTION('',(5.24334427359425E-32,1.,0.));
#7522=DIRECTION('',(-2.80414647586396E-32,-1.,1.06522863446701E-16));
#7523=DIRECTION('',(-0.707106781186543,-7.53230390945712E-17,-0.707106781186552));
#7524=DIRECTION('',(0.707106781186552,6.23130444540118E-16,-0.707106781186543));
#7525=DIRECTION('',(-0.707106781186543,-7.53230390945712E-17,-0.707106781186552));
#7526=DIRECTION('',(0.707106781186552,6.23130444540118E-16,-0.707106781186543));
#7527=DIRECTION('',(-0.707106781186543,-7.53230390945712E-17,-0.707106781186552));
#7528=DIRECTION('',(0.707106781186552,6.23130444540118E-16,-0.707106781186543));
#7529=DIRECTION('',(2.28983498828939E-16,1.06522863446701E-16,1.));
#7530=DIRECTION('',(-1.,5.24334427359425E-32,2.28983498828939E-16));
#7531=DIRECTION('',(-1.,5.24334427359427E-32,2.28983498828939E-16));
#7532=DIRECTION('',(5.24334427359425E-32,1.,0.));
#7533=DIRECTION('',(-1.,5.24334427359427E-32,2.28983498828939E-16));
#7534=DIRECTION('',(-2.80414647586396E-32,-1.,1.06522863446701E-16));
#7535=DIRECTION('',(-1.,5.24334427359427E-32,2.28983498828939E-16));
#7536=DIRECTION('',(-2.28983498828939E-16,-2.28983498828939E-16,-1.));
#7537=DIRECTION('',(0.,-1.,2.28983498828939E-16));
#7538=DIRECTION('',(0.,-1.,2.28983498828939E-16));
#7539=DIRECTION('',(0.,-1.,2.28983498828939E-16));
#7540=DIRECTION('',(2.03158007366517E-16,-0.461352736641989,0.887216801234595));
#7541=DIRECTION('',(-1.05642163830589E-16,-0.887216801234595,-0.461352736641989));
#7542=DIRECTION('',(-1.,-6.75318141499482E-18,2.28983498828939E-16));
#7543=DIRECTION('',(6.75318141499484E-18,-1.,1.06522863446701E-16));
#7544=DIRECTION('',(-1.,-6.75318141499482E-18,2.28983498828939E-16));
#7545=DIRECTION('',(1.,-5.24334427359427E-32,-2.28983498828939E-16));
#7546=DIRECTION('',(0.707106781186556,0.,-0.707106781186539));
#7547=DIRECTION('',(-0.707106781186548,-7.53230390945707E-17,-0.707106781186547));
#7548=DIRECTION('',(-0.707106781186547,7.53230390945708E-17,0.707106781186548));
#7549=DIRECTION('',(0.,1.,-2.28983498828939E-16));
#7550=DIRECTION('',(0.,1.,-2.28983498828939E-16));
#7551=DIRECTION('',(-2.28983498828939E-16,-2.28983498828939E-16,-1.));
#7552=DIRECTION('',(2.80414647586397E-32,1.,-1.06522863446701E-16));
#7553=DIRECTION('',(2.28983498828939E-16,1.06522863446701E-16,1.));
#7554=DIRECTION('',(-2.28983498828939E-16,-2.28983498828939E-16,-1.));
#7555=DIRECTION('',(0.,1.,-2.28983498828939E-16));
#7556=DIRECTION('',(0.,1.,-2.28983498828939E-16));
#7557=DIRECTION('',(-2.28983498828939E-16,-2.28983498828939E-16,-1.));
#7558=DIRECTION('',(1.,-5.24334427359425E-32,-2.28983498828939E-16));
#7559=DIRECTION('',(1.,-5.24334427359425E-32,-2.28983498828939E-16));
#7560=DIRECTION('',(-2.08005240798215E-46,1.,-2.28983498828939E-16));
#7561=DIRECTION('',(-1.,5.24334427359427E-32,2.28983498828939E-16));
#7562=DIRECTION('',(0.,1.,-2.28983498828939E-16));
#7563=DIRECTION('',(-2.28983498828939E-16,-2.28983498828939E-16,-1.));
#7564=DIRECTION('',(-1.,1.4791141972894E-31,2.28983498828939E-16));
#7565=DIRECTION('',(-1.61915784801776E-16,0.707106781186497,-0.707106781186598));
#7566=DIRECTION('',(-1.61915784801753E-16,-0.707106781186598,-0.707106781186497));
#7567=DIRECTION('',(-1.,5.24334427359427E-32,2.28983498828939E-16));
#7568=DIRECTION('',(-2.28983498828939E-16,-2.28983498828939E-16,-1.));
#7569=DIRECTION('',(0.,-1.,2.28983498828939E-16));
#7570=DIRECTION('',(-1.,5.24334427359427E-32,2.28983498828939E-16));
#7571=DIRECTION('',(0.,-1.,2.28983498828939E-16));
#7572=DIRECTION('',(2.28983498828939E-16,2.28983498828939E-16,1.));
#7573=DIRECTION('',(1.,-5.24334427359425E-32,-2.28983498828939E-16));
#7574=DIRECTION('',(1.,-5.24334427359425E-32,-2.28983498828939E-16));
#7575=DIRECTION('',(-2.08005240798215E-46,1.,-2.28983498828939E-16));
#7576=DIRECTION('',(-1.,1.84889274661175E-32,2.28983498828938E-16));
#7577=DIRECTION('',(2.229998385642E-16,-0.227112212966356,0.973868596229247));
#7578=DIRECTION('',(5.20049491518193E-17,0.973868596229247,0.227112212966356));
#7579=DIRECTION('',(1.,-5.24334427359425E-32,-2.28983498828939E-16));
#7580=DIRECTION('',(5.24334427359425E-32,1.,0.));
#7581=DIRECTION('',(2.28983498828939E-16,-1.20063931733229E-47,1.));
#7582=DIRECTION('',(-2.28983498828939E-16,-2.28983498828939E-16,-1.));
#7583=DIRECTION('',(1.,-5.24334427359425E-32,-2.28983498828939E-16));
#7584=DIRECTION('',(-2.28983498828939E-16,0.,-1.));
#7585=DIRECTION('',(-2.28983498828939E-16,-2.28983498828939E-16,-1.));
#7586=DIRECTION('',(2.80414647586397E-32,1.,-1.06522863446701E-16));
#7587=DIRECTION('',(-2.28983498828939E-16,-1.06522863446701E-16,-1.));
#7588=DIRECTION('',(-2.28983498828939E-16,-1.06522863446701E-16,-1.));
#7589=DIRECTION('',(1.,-5.24334427359425E-32,-2.28983498828939E-16));
#7590=DIRECTION('',(5.24334427359425E-32,1.,0.));
#7591=DIRECTION('',(-2.28983498828939E-16,-2.28983498828939E-16,-1.));
#7592=DIRECTION('',(1.,-5.24334427359425E-32,-2.28983498828939E-16));
#7593=DIRECTION('',(-2.28983498828939E-16,0.,-1.));
#7594=DIRECTION('',(2.28983498828939E-16,-1.20063931733229E-47,1.));
#7595=DIRECTION('',(0.,1.,-2.28983498828939E-16));
#7596=DIRECTION('',(-2.28983498828939E-16,-2.28983498828939E-16,-1.));
#7597=DIRECTION('',(1.,-5.24334427359425E-32,-2.28983498828939E-16));
#7598=DIRECTION('',(1.,-5.24334427359425E-32,-2.28983498828939E-16));
#7599=DIRECTION('',(-2.08005240798215E-46,1.,-2.28983498828939E-16));
#7600=DIRECTION('',(-1.,5.24334427359427E-32,2.28983498828939E-16));
#7601=DIRECTION('',(0.,1.,-2.28983498828939E-16));
#7602=DIRECTION('',(-2.28983498828939E-16,-2.28983498828939E-16,-1.));
#7603=CARTESIAN_POINT('',(0.,0.,0.));
#7604=CARTESIAN_POINT('',(-0.00385,0.00095,0.000675));
#7605=CARTESIAN_POINT('',(-0.0038,0.0009,0.001));
#7606=CARTESIAN_POINT('',(-0.0038,0.0009,0.001));
#7607=CARTESIAN_POINT('',(-0.0039,0.001,0.001));
#7608=CARTESIAN_POINT('',(-0.0038,0.0009,0.000675));
#7609=CARTESIAN_POINT('',(-0.0038,0.0009,0.00084));
#7610=CARTESIAN_POINT('',(-0.0038,0.0009,0.000675));
#7611=CARTESIAN_POINT('',(-0.0038,0.0009,0.00031));
#7612=CARTESIAN_POINT('',(-0.00385,0.00095,0.00031));
#7613=CARTESIAN_POINT('',(-0.0039,0.001,0.00031));
#7614=CARTESIAN_POINT('',(-0.0039,0.001,0.00031));
#7615=CARTESIAN_POINT('',(-0.00275,0.0009,0.00029));
#7616=CARTESIAN_POINT('',(-0.00377,0.0009,0.00029));
#7617=CARTESIAN_POINT('',(-0.00377,0.0009,0.000840000000000011));
#7618=CARTESIAN_POINT('',(-0.00377,0.0009,0.00031));
#7619=CARTESIAN_POINT('',(-0.00275,0.0009,0.00031));
#7620=CARTESIAN_POINT('',(-0.004825,0.0009,0.000840000000000011));
#7621=CARTESIAN_POINT('',(-0.003745,0.00160372431776126,0.000915));
#7622=CARTESIAN_POINT('',(-0.00372,0.00160372431776126,0.00094));
#7623=CARTESIAN_POINT('',(-0.00372,0.00051,0.00094));
#7624=CARTESIAN_POINT('',(-0.00372,0.0019,0.00094));
#7625=CARTESIAN_POINT('',(-0.003745,0.0019,0.000915));
#7626=CARTESIAN_POINT('',(-0.00377,0.0019,0.00089));
#7627=CARTESIAN_POINT('',(-0.00377,0.00160372431776126,0.00089));
#7628=CARTESIAN_POINT('',(-0.00377,0.00046,0.00089));
#7629=CARTESIAN_POINT('',(-0.00377,0.00046,0.00089));
#7630=CARTESIAN_POINT('',(-0.00374448777117566,0.000460000000000001,0.00091551222882434));
#7631=CARTESIAN_POINT('',(-0.00372,0.000484487771175661,0.00094));
#7632=CARTESIAN_POINT('',(-0.00372,0.00051,0.00094));
#7633=CARTESIAN_POINT('',(-0.00377,0.00104560231776126,-0.000794708));
#7634=CARTESIAN_POINT('',(-0.00377,0.00046,0.00089));
#7635=CARTESIAN_POINT('',(-0.00377,0.00046,0.00084000000000001));
#7636=CARTESIAN_POINT('',(-0.00377,0.0019,0.00094));
#7637=CARTESIAN_POINT('',(-0.00377,0.0019,0.0006));
#7638=CARTESIAN_POINT('',(-0.00377,0.0019,0.0006));
#7639=CARTESIAN_POINT('',(-0.00377,0.00165,0.00047));
#7640=CARTESIAN_POINT('',(-0.00377,0.00165,0.00047));
#7641=CARTESIAN_POINT('',(-0.00377,0.00165,0.00031));
#7642=CARTESIAN_POINT('',(-0.00377,0.00104560231776126,0.00031));
#7643=CARTESIAN_POINT('',(-0.00377,0.001,0.00031));
#7644=CARTESIAN_POINT('',(-0.00377,0.00104560231776126,0.00031));
#7645=CARTESIAN_POINT('',(-0.00377,-6.99999999997938E-5,0.000840000000000011));
#7646=CARTESIAN_POINT('',(-0.002075,0.00085,5.49999999999994E-5));
#7647=CARTESIAN_POINT('',(-0.0021,0.001,8.E-5));
#7648=CARTESIAN_POINT('',(-0.0021,0.001,8.E-5));
#7649=CARTESIAN_POINT('',(-0.0021,0.00092,8.E-5));
#7650=CARTESIAN_POINT('',(-0.00205,0.001,2.99999999999978E-5));
#7651=CARTESIAN_POINT('',(-0.00205,0.001,3.0000000000003E-5));
#7652=CARTESIAN_POINT('',(-0.00205,0.001,2.99999999999992E-5));
#7653=CARTESIAN_POINT('',(-0.00205,0.0007,2.99999999999988E-5));
#7654=CARTESIAN_POINT('',(-0.00205,0.0007,2.99999999999994E-5));
#7655=CARTESIAN_POINT('',(-0.001325,0.000949999999999987,3.61954891124612E-5));
#7656=CARTESIAN_POINT('',(-0.001325,0.000919999999999987,3.61954891124612E-5));
#7657=CARTESIAN_POINT('',(-0.001325,0.000919999999999987,3.61954891124612E-5));
#7658=CARTESIAN_POINT('',(-0.001175,0.000919999999999987,3.61954891124612E-5));
#7659=CARTESIAN_POINT('',(-0.001175,0.000949999999999987,3.61954891124611E-5));
#7660=CARTESIAN_POINT('',(-0.001175,0.000943186633610997,6.54115469993385E-5));
#7661=CARTESIAN_POINT('',(-0.001325,0.000943186633610997,6.54115469993386E-5));
#7662=CARTESIAN_POINT('',(-0.001325,0.000943186633610997,6.54115469993385E-5));
#7663=CARTESIAN_POINT('',(-0.001325,0.000949999999999987,3.61954891124612E-5));
#7664=CARTESIAN_POINT('',(-0.0038,0.000694863,0.000841614));
#7665=CARTESIAN_POINT('',(-0.0038,-0.00149386726829363,0.001));
#7666=CARTESIAN_POINT('',(-0.0038,-2.00000000000009E-5,0.001));
#7667=CARTESIAN_POINT('',(-0.0038,-2.00000000000009E-5,0.00105));
#7668=CARTESIAN_POINT('',(-0.0038,-2.0000000000001E-5,0.00084000000000001));
#7669=CARTESIAN_POINT('',(-0.0038,-6.99999999997938E-5,0.000840000000000011));
#7670=CARTESIAN_POINT('',(-0.004,0.001,8.E-5));
#7671=CARTESIAN_POINT('',(-0.004,0.001,8.E-5));
#7672=CARTESIAN_POINT('',(-0.004,-0.0008,8.E-5));
#7673=CARTESIAN_POINT('',(-0.004,0.001,8.E-5));
#7674=CARTESIAN_POINT('',(0.002325,0.001,7.99999999999982E-5));
#7675=CARTESIAN_POINT('',(-0.0034525,0.001,8.E-5));
#7676=CARTESIAN_POINT('',(-0.0034525,-0.0019,8.E-5));
#7677=CARTESIAN_POINT('',(-0.0034525,-0.0008,8.E-5));
#7678=CARTESIAN_POINT('',(-0.004,-0.0008,8.E-5));
#7679=CARTESIAN_POINT('',(0.00125,0.00051,0.00089));
#7680=CARTESIAN_POINT('',(0.00125,0.00051,0.00094));
#7681=CARTESIAN_POINT('',(0.00372,0.00051,0.00094));
#7682=CARTESIAN_POINT('',(0.00625,0.00046,0.00089));
#7683=CARTESIAN_POINT('',(0.00377,0.00046,0.00089));
#7684=CARTESIAN_POINT('',(0.00372,0.00051,0.00094));
#7685=CARTESIAN_POINT('',(0.00372,0.000486429773960448,0.00094));
#7686=CARTESIAN_POINT('',(0.00374642977396045,0.00046,0.000913570226039551));
#7687=CARTESIAN_POINT('',(0.00377,0.00046,0.00089));
#7688=CARTESIAN_POINT('',(-0.0018375,0.00092,8.E-5));
#7689=CARTESIAN_POINT('',(-0.0018375,0.0007,2.99999999999994E-5));
#7690=CARTESIAN_POINT('',(-0.00155,0.0007,2.99999999999988E-5));
#7691=CARTESIAN_POINT('',(-0.00195,0.0007,2.99999999999995E-5));
#7692=CARTESIAN_POINT('',(-0.0019,0.00092,8.E-5));
#7693=CARTESIAN_POINT('',(-0.0019,0.00092,8.E-5));
#7694=CARTESIAN_POINT('',(-0.0018375,0.00092,8.E-5));
#7695=CARTESIAN_POINT('',(-0.0016,0.00092,8.E-5));
#7696=CARTESIAN_POINT('',(-0.00155,0.0007,2.99999999999994E-5));
#7697=CARTESIAN_POINT('',(-0.001825,0.000949999999999987,3.61954891124613E-5));
#7698=CARTESIAN_POINT('',(-0.001825,0.000919999999999987,3.61954891124613E-5));
#7699=CARTESIAN_POINT('',(-0.001825,0.000919999999999987,3.61954891124613E-5));
#7700=CARTESIAN_POINT('',(-0.001675,0.000919999999999987,3.61954891124612E-5));
#7701=CARTESIAN_POINT('',(-0.001675,0.000949999999999987,3.61954891124612E-5));
#7702=CARTESIAN_POINT('',(-0.001675,0.000943186633610997,6.54115469993386E-5));
#7703=CARTESIAN_POINT('',(-0.001825,0.000943186633610997,6.54115469993387E-5));
#7704=CARTESIAN_POINT('',(-0.001825,0.000943186633610997,6.54115469993386E-5));
#7705=CARTESIAN_POINT('',(-0.001825,0.000949999999999987,3.61954891124613E-5));
#7706=CARTESIAN_POINT('',(-0.001325,0.000919999999999986,-5.55111512312578E-19));
#7707=CARTESIAN_POINT('',(-0.001325,0.000919999999999986,0.000170500231015465));
#7708=CARTESIAN_POINT('',(-0.001325,0.000919999999999986,-5.60723342757363E-19));
#7709=CARTESIAN_POINT('',(-0.001325,0.000919999999999986,-5.55111512312578E-19));
#7710=CARTESIAN_POINT('',(-0.001175,0.000919999999999986,-6.07187911061401E-19));
#7711=CARTESIAN_POINT('',(-0.001175,0.000919999999999986,-5.89459037136919E-19));
#7712=CARTESIAN_POINT('',(0.001175,0.00124577907539775,0.000170500231015465));
#7713=CARTESIAN_POINT('',(0.001175,0.001,0.00031));
#7714=CARTESIAN_POINT('',(0.001175,0.001,0.00031));
#7715=CARTESIAN_POINT('',(0.001175,0.001,7.99999999999986E-5));
#7716=CARTESIAN_POINT('',(0.001175,0.00167372431776126,0.00031));
#7717=CARTESIAN_POINT('',(0.001175,0.00135,0.00031));
#7718=CARTESIAN_POINT('',(0.001175,0.00135,0.00031));
#7719=CARTESIAN_POINT('',(0.001175,0.00135,0.00016));
#7720=CARTESIAN_POINT('',(0.001175,0.00135,0.000109999999999998));
#7721=CARTESIAN_POINT('',(0.001175,0.0013,0.000109999999999998));
#7722=CARTESIAN_POINT('',(0.001175,0.0013,0.000170500231015465));
#7723=CARTESIAN_POINT('',(0.001175,0.0013,5.00000000000017E-5));
#7724=CARTESIAN_POINT('',(0.001175,0.0013,4.99999999999994E-5));
#7725=CARTESIAN_POINT('',(0.001175,0.00125,-1.18698453843713E-18));
#7726=CARTESIAN_POINT('',(0.001175,0.00125,-1.22124532708767E-18));
#7727=CARTESIAN_POINT('',(0.001175,0.000919999999999985,-1.13499921267079E-18));
#7728=CARTESIAN_POINT('',(0.001175,0.000919999999999985,0.000170500231015465));
#7729=CARTESIAN_POINT('',(0.001175,0.000919999999999985,3.61954891124606E-5));
#7730=CARTESIAN_POINT('',(0.001175,0.000949999999999986,3.61954891124606E-5));
#7731=CARTESIAN_POINT('',(0.001175,0.000943186633610996,6.5411546999338E-5));
#7732=CARTESIAN_POINT('',(0.001175,0.000943186633610996,6.5411546999338E-5));
#7733=CARTESIAN_POINT('',(0.001175,0.001,7.86607773540638E-5));
#7734=CARTESIAN_POINT('',(0.001175,0.001,7.86607773540636E-5));
#7735=CARTESIAN_POINT('',(-0.0018375,0.001,8.E-5));
#7736=CARTESIAN_POINT('',(-0.0019,0.001,8.E-5));
#7737=CARTESIAN_POINT('',(-0.0019,0.001,8.E-5));
#7738=CARTESIAN_POINT('',(0.001825,0.001,7.99999999999985E-5));
#7739=CARTESIAN_POINT('',(-0.001825,0.001,8.E-5));
#7740=CARTESIAN_POINT('',(-0.0018375,0.001,8.E-5));
#7741=CARTESIAN_POINT('',(-0.001675,0.001,8.E-5));
#7742=CARTESIAN_POINT('',(0.002325,0.001,7.99999999999983E-5));
#7743=CARTESIAN_POINT('',(-0.0016,0.001,7.99999999999991E-5));
#7744=CARTESIAN_POINT('',(-0.0016,0.001,8.E-5));
#7745=CARTESIAN_POINT('',(0.002325,0.001,0.00031));
#7746=CARTESIAN_POINT('',(-0.002825,0.001,0.00031));
#7747=CARTESIAN_POINT('',(-0.002825,0.001,0.00031));
#7748=CARTESIAN_POINT('',(-0.002825,0.001,8.E-5));
#7749=CARTESIAN_POINT('',(0.002325,0.001,7.99999999999983E-5));
#7750=CARTESIAN_POINT('',(-0.0029,0.001,8.E-5));
#7751=CARTESIAN_POINT('',(-0.0029,0.001,7.99999999999961E-5));
#7752=CARTESIAN_POINT('',(-0.00295,0.001,2.99999999999986E-5));
#7753=CARTESIAN_POINT('',(0.002325,0.001,2.99999999999967E-5));
#7754=CARTESIAN_POINT('',(-0.0034525,0.001,2.99999999999988E-5));
#7755=CARTESIAN_POINT('',(-0.0034525,0.001,2.99999999999995E-5));
#7756=CARTESIAN_POINT('',(-0.004,0.001,0.000841614));
#7757=CARTESIAN_POINT('',(-0.004,0.001,0.001));
#7758=CARTESIAN_POINT('',(-0.0421766243888419,0.001,0.001));
#7759=CARTESIAN_POINT('',(0.002325,0.001,0.00031));
#7760=CARTESIAN_POINT('',(0.002325,0.001,0.00031));
#7761=CARTESIAN_POINT('',(-0.002675,0.00124577907539775,0.000170500231015465));
#7762=CARTESIAN_POINT('',(-0.002675,0.001,0.000170500231015465));
#7763=CARTESIAN_POINT('',(-0.002675,0.001,8.E-5));
#7764=CARTESIAN_POINT('',(-0.002675,0.001,7.86607773540646E-5));
#7765=CARTESIAN_POINT('',(-0.002675,0.000943186633610997,6.54115469993389E-5));
#7766=CARTESIAN_POINT('',(-0.002675,0.000943186633610997,6.54115469993388E-5));
#7767=CARTESIAN_POINT('',(-0.002675,0.000949999999999987,3.61954891124615E-5));
#7768=CARTESIAN_POINT('',(-0.002675,0.000919999999999986,3.61954891124615E-5));
#7769=CARTESIAN_POINT('',(-0.002675,0.000919999999999986,-2.22044604925031E-19));
#7770=CARTESIAN_POINT('',(-0.002675,0.000919999999999986,-2.23063754967167E-19));
#7771=CARTESIAN_POINT('',(-0.002675,0.00124577907539775,-1.89735380184964E-19));
#7772=CARTESIAN_POINT('',(-0.002675,0.00124999999999998,1.68220743324704E-18));
#7773=CARTESIAN_POINT('',(-0.002675,0.0013,5.E-5));
#7774=CARTESIAN_POINT('',(-0.002675,0.0013,5.E-5));
#7775=CARTESIAN_POINT('',(-0.002675,0.0013,0.00011));
#7776=CARTESIAN_POINT('',(-0.002675,0.0013,0.00011));
#7777=CARTESIAN_POINT('',(-0.002675,0.00135,0.00011));
#7778=CARTESIAN_POINT('',(-0.002675,0.00135,0.00016));
#7779=CARTESIAN_POINT('',(-0.002675,0.00135,0.000170500231015465));
#7780=CARTESIAN_POINT('',(-0.002675,0.00135,0.00031));
#7781=CARTESIAN_POINT('',(-0.002675,0.00124577907539775,0.00031));
#7782=CARTESIAN_POINT('',(-0.002675,0.001,0.00031));
#7783=CARTESIAN_POINT('',(-0.002675,0.001,0.000170500231015465));
#7784=CARTESIAN_POINT('',(-0.002675,0.001,7.86607773540646E-5));
#7785=CARTESIAN_POINT('',(-0.002675,0.001,8.E-5));
#7786=CARTESIAN_POINT('',(-0.002825,0.001,7.86607773540646E-5));
#7787=CARTESIAN_POINT('',(-0.002825,0.001,7.86607773540647E-5));
#7788=CARTESIAN_POINT('',(-0.002825,0.001,7.86607773540646E-5));
#7789=CARTESIAN_POINT('',(-0.002825,0.00362470223605639,-0.000833697738615907));
#7790=CARTESIAN_POINT('',(-0.002825,0.00135,0.00031));
#7791=CARTESIAN_POINT('',(-0.002825,0.00135,0.00016));
#7792=CARTESIAN_POINT('',(-0.002825,0.00135,0.00031));
#7793=CARTESIAN_POINT('',(-0.002825,0.00135,0.00011));
#7794=CARTESIAN_POINT('',(-0.002825,0.0013,0.00011));
#7795=CARTESIAN_POINT('',(-0.002825,0.0013,-0.000833697738615906));
#7796=CARTESIAN_POINT('',(-0.002825,0.0013,5.00000000000031E-5));
#7797=CARTESIAN_POINT('',(-0.002825,0.0013,5.00000000000006E-5));
#7798=CARTESIAN_POINT('',(-0.002825,0.00124999999999999,6.5520505687644E-19));
#7799=CARTESIAN_POINT('',(-0.002825,0.00125,-3.33066907387547E-19));
#7800=CARTESIAN_POINT('',(-0.002825,0.000919999999999986,-2.2960799928029E-19));
#7801=CARTESIAN_POINT('',(-0.002825,0.000919999999999986,-0.000833697738615906));
#7802=CARTESIAN_POINT('',(-0.002825,0.000919999999999986,3.61954891124615E-5));
#7803=CARTESIAN_POINT('',(-0.002825,0.000949999999999987,3.61954891124615E-5));
#7804=CARTESIAN_POINT('',(-0.002825,0.000943186633610997,6.54115469993388E-5));
#7805=CARTESIAN_POINT('',(-0.002825,0.000943186633610998,6.5411546999339E-5));
#7806=CARTESIAN_POINT('',(-0.002825,0.00167372431776126,0.00031));
#7807=CARTESIAN_POINT('',(0.002325,0.001,0.00031));
#7808=CARTESIAN_POINT('',(-0.002325,0.001,0.00031));
#7809=CARTESIAN_POINT('',(-0.002325,0.001,0.00031));
#7810=CARTESIAN_POINT('',(-0.002325,0.001,8.E-5));
#7811=CARTESIAN_POINT('',(0.002325,0.001,7.99999999999983E-5));
#7812=CARTESIAN_POINT('',(-0.0024,0.001,8.E-5));
#7813=CARTESIAN_POINT('',(-0.0024,0.001,8.E-5));
#7814=CARTESIAN_POINT('',(-0.00245,0.001,3.00000000000048E-5));
#7815=CARTESIAN_POINT('',(-0.0476025,0.001,3.00000000000097E-5));
#7816=CARTESIAN_POINT('',(-0.00255,0.001,2.99999999999986E-5));
#7817=CARTESIAN_POINT('',(-0.00255,0.001,2.99999999999961E-5));
#7818=CARTESIAN_POINT('',(-0.0026,0.001,8.E-5));
#7819=CARTESIAN_POINT('',(0.002325,0.001,7.99999999999984E-5));
#7820=CARTESIAN_POINT('',(0.002325,0.001,0.00031));
#7821=CARTESIAN_POINT('',(-0.002175,0.00362470223605639,-0.000833697738615907));
#7822=CARTESIAN_POINT('',(-0.002175,0.001,-0.000833697738615906));
#7823=CARTESIAN_POINT('',(-0.002175,0.001,8.E-5));
#7824=CARTESIAN_POINT('',(-0.002175,0.001,7.86607773540645E-5));
#7825=CARTESIAN_POINT('',(-0.002175,0.000943186633610997,6.54115469993388E-5));
#7826=CARTESIAN_POINT('',(-0.002175,0.000943186633610997,6.54115469993387E-5));
#7827=CARTESIAN_POINT('',(-0.002175,0.000949999999999987,3.61954891124613E-5));
#7828=CARTESIAN_POINT('',(-0.002175,0.000919999999999987,3.61954891124614E-5));
#7829=CARTESIAN_POINT('',(-0.002175,0.000919999999999986,-3.67414432211888E-19));
#7830=CARTESIAN_POINT('',(-0.002175,0.000919999999999986,-3.8514330613637E-19));
#7831=CARTESIAN_POINT('',(-0.002175,0.00125,-4.78436734674404E-19));
#7832=CARTESIAN_POINT('',(-0.002175,0.00124999999999999,-4.77412163621405E-19));
#7833=CARTESIAN_POINT('',(-0.002175,0.0013,5.E-5));
#7834=CARTESIAN_POINT('',(-0.002175,0.0013,5.E-5));
#7835=CARTESIAN_POINT('',(-0.002175,0.0013,0.00011));
#7836=CARTESIAN_POINT('',(-0.002175,0.0013,0.00011));
#7837=CARTESIAN_POINT('',(-0.002175,0.00135,0.00011));
#7838=CARTESIAN_POINT('',(-0.002175,0.00135,0.00016));
#7839=CARTESIAN_POINT('',(-0.002175,0.00135,0.00031));
#7840=CARTESIAN_POINT('',(-0.002175,0.00135,0.00031));
#7841=CARTESIAN_POINT('',(-0.002175,0.00362470223605639,0.00031));
#7842=CARTESIAN_POINT('',(-0.002175,0.001,0.00031));
#7843=CARTESIAN_POINT('',(-0.002175,0.001,0.00031));
#7844=CARTESIAN_POINT('',(-0.002325,0.00135,0.00031));
#7845=CARTESIAN_POINT('',(-0.002325,0.00135,0.00031));
#7846=CARTESIAN_POINT('',(-0.002325,0.00135,0.00031));
#7847=CARTESIAN_POINT('',(-0.002325,0.00135,0.00016));
#7848=CARTESIAN_POINT('',(-0.002325,0.00135,0.00016));
#7849=CARTESIAN_POINT('',(-0.002325,0.00135,0.00031));
#7850=CARTESIAN_POINT('',(-0.002175,0.001,7.86607773540645E-5));
#7851=CARTESIAN_POINT('',(-0.0023375,0.001,8.E-5));
#7852=CARTESIAN_POINT('',(-0.002325,0.001,7.86607773540645E-5));
#7853=CARTESIAN_POINT('',(-0.002325,0.001,7.86607773540645E-5));
#7854=CARTESIAN_POINT('',(-0.002325,0.001,7.86607773540645E-5));
#7855=CARTESIAN_POINT('',(-0.002325,0.00124577907539775,0.000170500231015465));
#7856=CARTESIAN_POINT('',(-0.002325,0.00167372431776126,0.00031));
#7857=CARTESIAN_POINT('',(-0.002325,0.00135,0.00011));
#7858=CARTESIAN_POINT('',(-0.002325,0.0013,0.00011));
#7859=CARTESIAN_POINT('',(-0.002325,0.0013,0.000170500231015465));
#7860=CARTESIAN_POINT('',(-0.002325,0.0013,5.00000000000051E-5));
#7861=CARTESIAN_POINT('',(-0.002325,0.0013,5.E-5));
#7862=CARTESIAN_POINT('',(-0.002325,0.00125,-4.12688004429451E-19));
#7863=CARTESIAN_POINT('',(-0.002325,0.00125,-4.44089209850063E-19));
#7864=CARTESIAN_POINT('',(-0.002325,0.000919999999999986,-3.39979780439314E-19));
#7865=CARTESIAN_POINT('',(-0.002325,0.000919999999999986,0.000170500231015465));
#7866=CARTESIAN_POINT('',(-0.002325,0.000919999999999987,3.61954891124614E-5));
#7867=CARTESIAN_POINT('',(-0.002325,0.000949999999999987,3.61954891124614E-5));
#7868=CARTESIAN_POINT('',(-0.002325,0.000943186633610997,6.54115469993387E-5));
#7869=CARTESIAN_POINT('',(-0.002325,0.000943186633610997,6.54115469993388E-5));
#7870=CARTESIAN_POINT('',(-0.002325,0.000943186633610997,6.54115469993388E-5));
#7871=CARTESIAN_POINT('',(-0.002325,0.000943186633610997,6.54115469993388E-5));
#7872=CARTESIAN_POINT('',(-0.002325,0.000949999999999987,3.61954891124614E-5));
#7873=CARTESIAN_POINT('',(-0.002325,0.000919999999999987,3.61954891124614E-5));
#7874=CARTESIAN_POINT('',(-0.002325,0.000919999999999986,-3.33066907387547E-19));
#7875=CARTESIAN_POINT('',(-0.002325,0.000919999999999986,-3.33066907387547E-19));
#7876=CARTESIAN_POINT('',(-0.002325,0.00125,-4.44089209850063E-19));
#7877=CARTESIAN_POINT('',(-0.002325,0.00125,-4.44089209850063E-19));
#7878=CARTESIAN_POINT('',(-0.002325,0.0013,5.E-5));
#7879=CARTESIAN_POINT('',(-0.002325,0.0013,5.E-5));
#7880=CARTESIAN_POINT('',(-0.002325,0.0013,0.00011));
#7881=CARTESIAN_POINT('',(-0.002325,0.0013,0.00011));
#7882=CARTESIAN_POINT('',(-0.002325,0.00135,0.00011));
#7883=CARTESIAN_POINT('',(-0.003265,-0.0018,0.00105));
#7884=CARTESIAN_POINT('',(-0.003265,-0.00178,0.000575));
#7885=CARTESIAN_POINT('',(-0.003265,-0.00178,0.000188888888888886));
#7886=CARTESIAN_POINT('',(-0.003265,-0.00178,0.000893333333333334));
#7887=CARTESIAN_POINT('',(-0.003265,-0.00178,0.000188888888888886));
#7888=CARTESIAN_POINT('',(-0.003265,-0.00163,0.0003));
#7889=CARTESIAN_POINT('',(-0.003265,-0.0018,0.0003));
#7890=CARTESIAN_POINT('',(-0.003265,-0.0012,0.0003));
#7891=CARTESIAN_POINT('',(-0.003265,-0.0012,0.0003));
#7892=CARTESIAN_POINT('',(-0.003265,-0.0007,0.00033));
#7893=CARTESIAN_POINT('',(-0.003265,-0.0006,0.00033));
#7894=CARTESIAN_POINT('',(-0.003265,-0.0006,0.00033));
#7895=CARTESIAN_POINT('',(-0.003265,-0.0006,0.000487455497580429));
#7896=CARTESIAN_POINT('',(-0.003265,-0.0006,0.00069));
#7897=CARTESIAN_POINT('',(-0.003265,-0.0006,0.00069));
#7898=CARTESIAN_POINT('',(-0.003265,-0.0007,0.00069));
#7899=CARTESIAN_POINT('',(-0.003265,-0.0007,0.00069));
#7900=CARTESIAN_POINT('',(-0.003265,-0.00110000000000002,0.00072));
#7901=CARTESIAN_POINT('',(-0.003265,-0.0018,0.00072));
#7902=CARTESIAN_POINT('',(-0.003265,-0.00165,0.00072));
#7903=CARTESIAN_POINT('',(-0.003265,-0.00165,0.00072));
#7904=CARTESIAN_POINT('',(-0.0034775,-0.00135,0.000155));
#7905=CARTESIAN_POINT('',(-0.0035025,-0.0019,0.00018));
#7906=CARTESIAN_POINT('',(-0.0035025,-0.0008,0.00018));
#7907=CARTESIAN_POINT('',(-0.0035025,-0.00185,0.00018));
#7908=CARTESIAN_POINT('',(-0.0034775,-0.0008,0.000155));
#7909=CARTESIAN_POINT('',(-0.0034525,-0.0008,0.000130000000000003));
#7910=CARTESIAN_POINT('',(-0.0034525,-0.0019,0.000130000000000006));
#7911=CARTESIAN_POINT('',(-0.0034525,-0.0019,0.000130000000000004));
#7912=CARTESIAN_POINT('',(-0.0034525,-0.0019,0.000130000000000003));
#7913=CARTESIAN_POINT('',(-0.001825,0.0013,0.00011));
#7914=CARTESIAN_POINT('',(-0.001825,0.0013,0.00011));
#7915=CARTESIAN_POINT('',(-0.001825,0.0013,0.00011));
#7916=CARTESIAN_POINT('',(-0.001675,0.0013,0.00011));
#7917=CARTESIAN_POINT('',(-0.001675,0.0013,0.00011));
#7918=CARTESIAN_POINT('',(-0.001675,0.0013,5.E-5));
#7919=CARTESIAN_POINT('',(-0.001825,0.0013,5.E-5));
#7920=CARTESIAN_POINT('',(-0.001825,0.0013,5.00000000000023E-5));
#7921=CARTESIAN_POINT('',(-0.001825,0.0013,0.000170500231015465));
#7922=CARTESIAN_POINT('',(0.000675,0.00124577907539775,0.000170500231015465));
#7923=CARTESIAN_POINT('',(0.000675,0.001,0.00031));
#7924=CARTESIAN_POINT('',(0.000675,0.001,0.00031));
#7925=CARTESIAN_POINT('',(0.000675,0.001,7.99999999999987E-5));
#7926=CARTESIAN_POINT('',(0.000675,0.00167372431776126,0.00031));
#7927=CARTESIAN_POINT('',(0.000675,0.00135,0.00031));
#7928=CARTESIAN_POINT('',(0.000675,0.00135,0.00031));
#7929=CARTESIAN_POINT('',(0.000675,0.00135,0.00016));
#7930=CARTESIAN_POINT('',(0.000675,0.00135,0.000109999999999998));
#7931=CARTESIAN_POINT('',(0.000675,0.0013,0.000109999999999998));
#7932=CARTESIAN_POINT('',(0.000675,0.0013,0.000170500231015465));
#7933=CARTESIAN_POINT('',(0.000675,0.0013,5.00000000000018E-5));
#7934=CARTESIAN_POINT('',(0.000675,0.0013,5.E-5));
#7935=CARTESIAN_POINT('',(0.000675,0.00125,-1.07661275727811E-18));
#7936=CARTESIAN_POINT('',(0.000675,0.00125,-1.11022302462516E-18));
#7937=CARTESIAN_POINT('',(0.000675,0.000919999999999985,-1.02462743151177E-18));
#7938=CARTESIAN_POINT('',(0.000675,0.000919999999999985,0.000170500231015465));
#7939=CARTESIAN_POINT('',(0.000675,0.000919999999999985,3.61954891124607E-5));
#7940=CARTESIAN_POINT('',(0.000675,0.000949999999999986,3.61954891124607E-5));
#7941=CARTESIAN_POINT('',(0.000675,0.000943186633610996,6.54115469993382E-5));
#7942=CARTESIAN_POINT('',(0.000675,0.000943186633610996,6.54115469993382E-5));
#7943=CARTESIAN_POINT('',(0.000675,0.001,7.8660777354064E-5));
#7944=CARTESIAN_POINT('',(0.000675,0.001,7.86607773540637E-5));
#7945=CARTESIAN_POINT('',(0.001175,0.000943186633610996,6.5411546999338E-5));
#7946=CARTESIAN_POINT('',(0.001175,0.000943186633610996,6.5411546999338E-5));
#7947=CARTESIAN_POINT('',(0.001325,0.000943186633610996,6.54115469993379E-5));
#7948=CARTESIAN_POINT('',(0.001325,0.000943186633610996,6.5411546999338E-5));
#7949=CARTESIAN_POINT('',(0.001325,0.001,7.86607773540639E-5));
#7950=CARTESIAN_POINT('',(0.001175,0.001,7.86607773540639E-5));
#7951=CARTESIAN_POINT('',(-0.0035275,-0.001825,0.000615));
#7952=CARTESIAN_POINT('',(-0.0036025,-0.00175,0.001));
#7953=CARTESIAN_POINT('',(-0.0036025,-0.00175,0.001));
#7954=CARTESIAN_POINT('',(-0.0034525,-0.0019,0.001));
#7955=CARTESIAN_POINT('',(-0.0036025,-0.00175,0.000402847335292079));
#7956=CARTESIAN_POINT('',(-0.0036025,-0.00175,0.00018));
#7957=CARTESIAN_POINT('',(-0.0035025,-0.00185,0.00018));
#7958=CARTESIAN_POINT('',(-0.0034525,-0.0019,0.000615));
#7959=CARTESIAN_POINT('',(-0.0034525,-0.0019,3.E-5));
#7960=CARTESIAN_POINT('',(-0.0034525,-0.0008,0.000556369515364618));
#7961=CARTESIAN_POINT('',(-0.0034525,-0.0019,3.E-5));
#7962=CARTESIAN_POINT('',(-0.0034525,-0.0019,3.E-5));
#7963=CARTESIAN_POINT('',(-0.0034525,-0.0019,3.E-5));
#7964=CARTESIAN_POINT('',(-0.0023375,0.001,8.E-5));
#7965=CARTESIAN_POINT('',(-0.0023375,0.00092,8.E-5));
#7966=CARTESIAN_POINT('',(-0.0024,0.00092,8.E-5));
#7967=CARTESIAN_POINT('',(-0.0024,0.001,8.E-5));
#7968=CARTESIAN_POINT('',(0.001825,0.001,7.99999999999984E-5));
#7969=CARTESIAN_POINT('',(-0.001825,0.00135,0.00031));
#7970=CARTESIAN_POINT('',(-0.001825,0.00135,0.00031));
#7971=CARTESIAN_POINT('',(-0.001825,0.00135,0.00031));
#7972=CARTESIAN_POINT('',(-0.001675,0.00135,0.00031));
#7973=CARTESIAN_POINT('',(-0.001675,0.00135,0.00031));
#7974=CARTESIAN_POINT('',(-0.001675,0.00135,0.00016));
#7975=CARTESIAN_POINT('',(-0.001825,0.00135,0.00016));
#7976=CARTESIAN_POINT('',(-0.001825,0.00135,0.00016));
#7977=CARTESIAN_POINT('',(-0.001825,0.00135,0.00031));
#7978=CARTESIAN_POINT('',(0.000175,0.00135,0.000109999999999998));
#7979=CARTESIAN_POINT('',(0.000175,0.00135,0.00016));
#7980=CARTESIAN_POINT('',(0.000175,0.00135,0.00016));
#7981=CARTESIAN_POINT('',(0.000325,0.00135,0.00016));
#7982=CARTESIAN_POINT('',(0.000325,0.00135,0.000109999999999998));
#7983=CARTESIAN_POINT('',(0.000325,0.0013,0.000109999999999998));
#7984=CARTESIAN_POINT('',(0.000175,0.0013,0.000109999999999998));
#7985=CARTESIAN_POINT('',(0.000175,0.0013,0.000109999999999998));
#7986=CARTESIAN_POINT('',(0.000175,0.00135,0.000109999999999998));
#7987=CARTESIAN_POINT('',(-0.001675,0.001,7.86607773540644E-5));
#7988=CARTESIAN_POINT('',(-0.001825,0.001,7.86607773540644E-5));
#7989=CARTESIAN_POINT('',(-0.001825,0.001,7.86607773540644E-5));
#7990=CARTESIAN_POINT('',(-0.001825,0.001,7.86607773540644E-5));
#7991=CARTESIAN_POINT('',(-0.001675,0.001,7.86607773540644E-5));
#7992=CARTESIAN_POINT('',(-0.001675,0.001,0.000170500231015465));
#7993=CARTESIAN_POINT('',(-0.007285,-0.0006,0.00069));
#7994=CARTESIAN_POINT('',(-0.0191207195148812,-0.0006,0.00069));
#7995=CARTESIAN_POINT('',(0.003265,-0.0006,0.00069));
#7996=CARTESIAN_POINT('',(0.003265,-0.0018,0.00069));
#7997=CARTESIAN_POINT('',(0.003265,-0.0007,0.00069));
#7998=CARTESIAN_POINT('',(-0.007285,-0.0007,0.00069));
#7999=CARTESIAN_POINT('',(-0.001425,0.00085,5.49999999999993E-5));
#8000=CARTESIAN_POINT('',(-0.0014,0.001,8.E-5));
#8001=CARTESIAN_POINT('',(-0.0014,0.00092,8.E-5));
#8002=CARTESIAN_POINT('',(-0.0014,0.001,8.E-5));
#8003=CARTESIAN_POINT('',(-0.0014,0.00092,8.E-5));
#8004=CARTESIAN_POINT('',(-0.00145,0.0007,2.99999999999992E-5));
#8005=CARTESIAN_POINT('',(-0.00145,0.001,2.99999999999992E-5));
#8006=CARTESIAN_POINT('',(-0.00145,0.001,2.99999999999982E-5));
#8007=CARTESIAN_POINT('',(-0.0014,0.001,8.E-5));
#8008=CARTESIAN_POINT('',(-0.0038,-0.0008,0.00018));
#8009=CARTESIAN_POINT('',(-0.0038,-0.0008,0.00018));
#8010=CARTESIAN_POINT('',(-0.004,-0.0008,0.00018));
#8011=CARTESIAN_POINT('',(-0.0036025,-0.0008,0.00018));
#8012=CARTESIAN_POINT('',(-0.0036025,-0.0008,0.00018));
#8013=CARTESIAN_POINT('',(-0.0036025,-0.001,0.00033));
#8014=CARTESIAN_POINT('',(-0.0038,-0.001,0.00033));
#8015=CARTESIAN_POINT('',(-0.004,-0.001,0.00033));
#8016=CARTESIAN_POINT('',(-0.004,-0.0008,0.00018));
#8017=CARTESIAN_POINT('',(-0.001325,0.000943186633610997,6.54115469993386E-5));
#8018=CARTESIAN_POINT('',(-0.001175,0.000943186633610997,6.54115469993386E-5));
#8019=CARTESIAN_POINT('',(-0.001175,0.001,7.86607773540643E-5));
#8020=CARTESIAN_POINT('',(-0.001325,0.001,7.86607773540643E-5));
#8021=CARTESIAN_POINT('',(-0.001325,0.001,7.86607773540643E-5));
#8022=CARTESIAN_POINT('',(-0.001325,0.000943186633610997,6.54115469993386E-5));
#8023=CARTESIAN_POINT('',(-0.00343367832868971,-0.0008,0.000556369515364618));
#8024=CARTESIAN_POINT('',(-0.00343367832868971,-0.0008,0.00018));
#8025=CARTESIAN_POINT('',(-0.004,-0.0008,0.000841614));
#8026=CARTESIAN_POINT('',(-0.001825,0.00125,-5.55111512312578E-19));
#8027=CARTESIAN_POINT('',(-0.001825,0.00125,-5.55111512312578E-19));
#8028=CARTESIAN_POINT('',(-0.001825,0.00125,-5.19671653799458E-19));
#8029=CARTESIAN_POINT('',(-0.001675,0.00124999999999999,-5.89478010674937E-19));
#8030=CARTESIAN_POINT('',(-0.001675,0.00125,-5.89459037136919E-19));
#8031=CARTESIAN_POINT('',(-0.001675,0.000919999999999986,-4.96165608598886E-19));
#8032=CARTESIAN_POINT('',(-0.001825,0.000919999999999986,-4.44089209850063E-19));
#8033=CARTESIAN_POINT('',(-0.001825,0.000919999999999986,-4.50351561598339E-19));
#8034=CARTESIAN_POINT('',(-0.001825,0.00125,-5.55111512312578E-19));
#8035=CARTESIAN_POINT('',(-0.0034525,-0.0019,0.00018));
#8036=CARTESIAN_POINT('',(-0.0036025,-0.0019,0.00018));
#8037=CARTESIAN_POINT('',(-0.002825,0.00135,0.00031));
#8038=CARTESIAN_POINT('',(0.00085,0.00135,0.00031));
#8039=CARTESIAN_POINT('',(-0.002675,0.00135,0.00016));
#8040=CARTESIAN_POINT('',(-0.0038,0.00029,0.00031));
#8041=CARTESIAN_POINT('',(-0.002825,0.000943186633610997,6.54115469993389E-5));
#8042=CARTESIAN_POINT('',(-0.002675,0.000943186633610997,6.5411546999339E-5));
#8043=CARTESIAN_POINT('',(-0.002675,0.000949999999999987,3.61954891124615E-5));
#8044=CARTESIAN_POINT('',(-0.002675,0.000919999999999986,3.61954891124615E-5));
#8045=CARTESIAN_POINT('',(-0.002675,0.000919999999999986,-2.22044604925031E-19));
#8046=CARTESIAN_POINT('',(-0.002675,0.000919999999999986,-2.56392129749372E-19));
#8047=CARTESIAN_POINT('',(-0.002825,0.00125,-3.33066907387547E-19));
#8048=CARTESIAN_POINT('',(-0.002675,0.00124999999999999,3.57109090562413E-18));
#8049=CARTESIAN_POINT('',(-0.002675,0.0013,5.E-5));
#8050=CARTESIAN_POINT('',(-0.002675,0.0013,5.E-5));
#8051=CARTESIAN_POINT('',(-0.002675,0.0013,0.00011));
#8052=CARTESIAN_POINT('',(-0.002675,0.0013,0.00011));
#8053=CARTESIAN_POINT('',(-0.002675,0.00135,0.00011));
#8054=CARTESIAN_POINT('',(-0.001925,0.00085,5.49999999999994E-5));
#8055=CARTESIAN_POINT('',(-0.00195,0.001,2.99999999999992E-5));
#8056=CARTESIAN_POINT('',(-0.00195,0.001,2.99999999999983E-5));
#8057=CARTESIAN_POINT('',(-0.0019,0.001,8.E-5));
#8058=CARTESIAN_POINT('',(-0.001175,0.00124577907539775,0.000170500231015465));
#8059=CARTESIAN_POINT('',(-0.001175,0.001,0.000170500231015465));
#8060=CARTESIAN_POINT('',(-0.001175,0.001,8.E-5));
#8061=CARTESIAN_POINT('',(-0.001175,0.00125,-7.00481339599435E-19));
#8062=CARTESIAN_POINT('',(-0.001175,0.00124999999999999,-6.99849791833962E-19));
#8063=CARTESIAN_POINT('',(-0.001175,0.0013,5.E-5));
#8064=CARTESIAN_POINT('',(-0.001175,0.0013,5.E-5));
#8065=CARTESIAN_POINT('',(-0.001175,0.0013,0.00011));
#8066=CARTESIAN_POINT('',(-0.001175,0.0013,0.00011));
#8067=CARTESIAN_POINT('',(-0.001175,0.00135,0.00011));
#8068=CARTESIAN_POINT('',(-0.001175,0.00135,0.00016));
#8069=CARTESIAN_POINT('',(-0.001175,0.00135,0.00031));
#8070=CARTESIAN_POINT('',(-0.001175,0.00135,0.00031));
#8071=CARTESIAN_POINT('',(-0.001175,0.00167372431776126,0.00031));
#8072=CARTESIAN_POINT('',(-0.001175,0.001,0.00031));
#8073=CARTESIAN_POINT('',(-0.001175,0.001,0.000170500231015465));
#8074=CARTESIAN_POINT('',(-0.003335,-0.00185,0.000575));
#8075=CARTESIAN_POINT('',(-0.003285,-0.0018,0.00092));
#8076=CARTESIAN_POINT('',(-0.003285,-0.0018,0.00092));
#8077=CARTESIAN_POINT('',(-0.003285,-0.0018,0.000575));
#8078=CARTESIAN_POINT('',(-0.003285,-0.0018,0.001));
#8079=CARTESIAN_POINT('',(-0.003385,-0.0019,0.001));
#8080=CARTESIAN_POINT('',(-0.003385,-0.0019,0.001));
#8081=CARTESIAN_POINT('',(-0.003385,-0.0019,0.00105));
#8082=CARTESIAN_POINT('',(-0.003385,-0.0019,0.0001));
#8083=CARTESIAN_POINT('',(-0.003385,-0.0019,0.0001));
#8084=CARTESIAN_POINT('',(-0.001825,0.000943186633610997,6.54115469993387E-5));
#8085=CARTESIAN_POINT('',(-0.001675,0.000943186633610997,6.54115469993387E-5));
#8086=CARTESIAN_POINT('',(-0.001825,0.000943186633610997,6.54115469993387E-5));
#8087=CARTESIAN_POINT('',(-0.0036025,7.49362304206367E-5,0.000402847335292079));
#8088=CARTESIAN_POINT('',(-0.0036025,7.49362304206368E-5,0.001));
#8089=CARTESIAN_POINT('',(-0.0036025,-0.001,0.001));
#8090=CARTESIAN_POINT('',(-0.0036025,-0.001,0.000402847335292079));
#8091=CARTESIAN_POINT('',(-0.0038,-0.001,0.00033));
#8092=CARTESIAN_POINT('',(-0.003615,-0.001,0.000375201));
#8093=CARTESIAN_POINT('',(-0.003615,-0.001,0.00051));
#8094=CARTESIAN_POINT('',(-0.003615,-0.001,0.00082));
#8095=CARTESIAN_POINT('',(-0.003765,-0.001,0.00051));
#8096=CARTESIAN_POINT('',(-0.003765,-0.001,0.00051));
#8097=CARTESIAN_POINT('',(-0.003765,-0.001,0.00033));
#8098=CARTESIAN_POINT('',(-0.003765,-0.001,0.00082));
#8099=CARTESIAN_POINT('',(-0.003765,-0.001,0.00082));
#8100=CARTESIAN_POINT('',(-0.0421766243888419,-0.001,0.001));
#8101=CARTESIAN_POINT('',(-0.004,-0.001,0.001));
#8102=CARTESIAN_POINT('',(-0.004,-0.001,0.00033));
#8103=CARTESIAN_POINT('',(-0.003765,-0.00115,6.78271361313577E-5));
#8104=CARTESIAN_POINT('',(-0.003765,-0.00115,6.78271361313577E-5));
#8105=CARTESIAN_POINT('',(-0.003765,-0.0011,6.78271361313572E-5));
#8106=CARTESIAN_POINT('',(-0.003765,-0.00114777996931896,1.78764458080472E-5));
#8107=CARTESIAN_POINT('',(-0.003765,-0.0011,6.78271361313567E-5));
#8108=CARTESIAN_POINT('',(-0.003615,-0.0011,6.78271361313572E-5));
#8109=CARTESIAN_POINT('',(-0.003615,-0.00115,6.78271361313577E-5));
#8110=CARTESIAN_POINT('',(-0.003615,-0.00114777996931896,1.78764458080456E-5));
#8111=CARTESIAN_POINT('',(-0.003765,-0.00114777996931896,1.78764458080473E-5));
#8112=CARTESIAN_POINT('',(-0.003765,-0.00114777996931896,1.78764458080473E-5));
#8113=CARTESIAN_POINT('',(-0.003765,-0.00114777996931896,1.78764458080473E-5));
#8114=CARTESIAN_POINT('',(-0.003765,-0.00155,-1.99567738636691E-19));
#8115=CARTESIAN_POINT('',(-0.003615,-0.00155,-1.19262238973405E-18));
#8116=CARTESIAN_POINT('',(-0.003615,-0.00155,-8.70476737929488E-19));
#8117=CARTESIAN_POINT('',(-0.003765,-0.00155,-2.22044604925031E-19));
#8118=CARTESIAN_POINT('',(-0.003765,-0.00155,-2.22044604925031E-19));
#8119=CARTESIAN_POINT('',(-0.003765,-0.00155,-2.22044604925031E-19));
#8120=CARTESIAN_POINT('',(-0.003765,-0.0016,5.0000000000002E-5));
#8121=CARTESIAN_POINT('',(-0.003615,-0.0016,5.E-5));
#8122=CARTESIAN_POINT('',(-0.003615,-0.0016,5.E-5));
#8123=CARTESIAN_POINT('',(-0.003765,-0.0016,5.E-5));
#8124=CARTESIAN_POINT('',(-0.003765,-0.0016,5.E-5));
#8125=CARTESIAN_POINT('',(-0.003765,-0.0016,0.000375201));
#8126=CARTESIAN_POINT('',(-0.003765,-0.0016,0.00012));
#8127=CARTESIAN_POINT('',(-0.003615,-0.0016,5.E-5));
#8128=CARTESIAN_POINT('',(-0.003615,-0.0016,0.00012));
#8129=CARTESIAN_POINT('',(-0.003765,-0.0016,0.00012));
#8130=CARTESIAN_POINT('',(-0.003765,-0.00165,0.00012));
#8131=CARTESIAN_POINT('',(-0.003765,-0.00165,0.00012));
#8132=CARTESIAN_POINT('',(-0.003765,-0.00165,0.00017));
#8133=CARTESIAN_POINT('',(-0.003615,-0.00165,0.00012));
#8134=CARTESIAN_POINT('',(-0.003615,-0.00165,0.00017));
#8135=CARTESIAN_POINT('',(-0.003765,-0.00165,0.00017));
#8136=CARTESIAN_POINT('',(-0.003765,-0.00165,0.00017));
#8137=CARTESIAN_POINT('',(-0.003765,-0.001464196,0.00017));
#8138=CARTESIAN_POINT('',(-0.003765,-0.001825,0.00017));
#8139=CARTESIAN_POINT('',(-0.003615,-0.00165,0.00017));
#8140=CARTESIAN_POINT('',(-0.003615,-0.001825,0.00017));
#8141=CARTESIAN_POINT('',(-0.003765,-0.001825,0.00017));
#8142=CARTESIAN_POINT('',(-0.003765,-0.001825,0.00017));
#8143=CARTESIAN_POINT('',(-0.003765,-0.001825,0.00017));
#8144=CARTESIAN_POINT('',(-0.003765,-0.001825,0.00037));
#8145=CARTESIAN_POINT('',(-0.003615,-0.001825,0.000375201));
#8146=CARTESIAN_POINT('',(-0.003615,-0.001825,0.00037));
#8147=CARTESIAN_POINT('',(-0.003765,-0.001825,0.00037));
#8148=CARTESIAN_POINT('',(-0.003765,-0.001825,0.00037));
#8149=CARTESIAN_POINT('',(-0.003765,-0.001825,0.00037));
#8150=CARTESIAN_POINT('',(-0.003765,-0.0018,0.00037));
#8151=CARTESIAN_POINT('',(-0.003615,-0.001464196,0.00037));
#8152=CARTESIAN_POINT('',(-0.003615,-0.0018,0.00037));
#8153=CARTESIAN_POINT('',(-0.003765,-0.0018,0.00037));
#8154=CARTESIAN_POINT('',(-0.003765,-0.0018,0.00042));
#8155=CARTESIAN_POINT('',(-0.003765,-0.0018,0.00042));
#8156=CARTESIAN_POINT('',(-0.003765,-0.00175,0.00042));
#8157=CARTESIAN_POINT('',(-0.003615,-0.0018,0.00042));
#8158=CARTESIAN_POINT('',(-0.003615,-0.00175,0.00042));
#8159=CARTESIAN_POINT('',(-0.003765,-0.00175,0.00042));
#8160=CARTESIAN_POINT('',(-0.003765,-0.00175,0.00042));
#8161=CARTESIAN_POINT('',(-0.003765,-0.00175,0.000375201));
#8162=CARTESIAN_POINT('',(-0.003765,-0.00175,0.00047));
#8163=CARTESIAN_POINT('',(-0.003615,-0.00175,0.00042));
#8164=CARTESIAN_POINT('',(-0.003615,-0.00175,0.00047));
#8165=CARTESIAN_POINT('',(-0.003765,-0.00175,0.00047));
#8166=CARTESIAN_POINT('',(-0.003765,-0.0018,0.00047));
#8167=CARTESIAN_POINT('',(-0.003765,-0.0018,0.00047));
#8168=CARTESIAN_POINT('',(-0.003765,-0.0018,0.00052));
#8169=CARTESIAN_POINT('',(-0.003615,-0.0018,0.00047));
#8170=CARTESIAN_POINT('',(-0.003615,-0.0018,0.00052));
#8171=CARTESIAN_POINT('',(-0.003765,-0.0018,0.00052));
#8172=CARTESIAN_POINT('',(-0.003765,-0.0018,0.00052));
#8173=CARTESIAN_POINT('',(-0.003765,-0.0018,0.00052));
#8174=CARTESIAN_POINT('',(-0.003765,-0.0019,0.00052));
#8175=CARTESIAN_POINT('',(-0.003615,-0.001464196,0.00052));
#8176=CARTESIAN_POINT('',(-0.003615,-0.0019,0.00052));
#8177=CARTESIAN_POINT('',(-0.003765,-0.0019,0.00052));
#8178=CARTESIAN_POINT('',(-0.003765,-0.0019,0.00052));
#8179=CARTESIAN_POINT('',(-0.003765,-0.0019,0.000375201));
#8180=CARTESIAN_POINT('',(-0.003765,-0.0019,0.00082));
#8181=CARTESIAN_POINT('',(-0.003615,-0.0019,0.00052));
#8182=CARTESIAN_POINT('',(-0.003615,-0.0019,0.00082));
#8183=CARTESIAN_POINT('',(-0.003765,-0.0019,0.00082));
#8184=CARTESIAN_POINT('',(-0.003765,-0.0011,0.00046));
#8185=CARTESIAN_POINT('',(-0.003765,-0.0011,0.00046));
#8186=CARTESIAN_POINT('',(-0.003765,-0.0011,0.00046));
#8187=CARTESIAN_POINT('',(-0.003765,-0.0011,0.00046));
#8188=CARTESIAN_POINT('',(-0.003615,-0.0011,0.00046));
#8189=CARTESIAN_POINT('',(-0.003615,-0.0011,0.000375201));
#8190=CARTESIAN_POINT('',(-0.003765,-0.0019,0.00082));
#8191=CARTESIAN_POINT('',(-0.003765,-0.0019,0.00082));
#8192=CARTESIAN_POINT('',(-0.003615,-0.001464196,0.00082));
#8193=CARTESIAN_POINT('',(-0.003615,-0.001464196,0.000375201));
#8194=CARTESIAN_POINT('',(-0.003615,-0.00105,0.00046));
#8195=CARTESIAN_POINT('',(-0.003615,-0.00105,0.00051));
#8196=CARTESIAN_POINT('',(-0.003615,-0.001464196,0.00051));
#8197=CARTESIAN_POINT('',(-0.003765,-0.001464196,0.000375201));
#8198=CARTESIAN_POINT('',(-0.003765,-0.0011,0.00051));
#8199=CARTESIAN_POINT('',(-0.003765,-0.00105,0.00051));
#8200=CARTESIAN_POINT('',(-0.003765,-0.00105,0.00046));
#8201=CARTESIAN_POINT('',(-0.003765,-0.0011,0.00051));
#8202=CARTESIAN_POINT('',(-0.003765,-0.00105,0.00051));
#8203=CARTESIAN_POINT('',(-0.003765,-0.00105,0.00046));
#8204=CARTESIAN_POINT('',(-0.004,0.000694863,0.000841614));
#8205=CARTESIAN_POINT('',(-0.004,0.000694863,0.001));
#8206=CARTESIAN_POINT('',(-0.002925,0.00085,5.5E-5));
#8207=CARTESIAN_POINT('',(-0.0029,0.001,8.E-5));
#8208=CARTESIAN_POINT('',(-0.0029,0.00092,8.E-5));
#8209=CARTESIAN_POINT('',(-0.00295,0.0007,2.99999999999994E-5));
#8210=CARTESIAN_POINT('',(-0.00295,0.0007,2.99999999999994E-5));
#8211=CARTESIAN_POINT('',(-0.00295,0.001,2.99999999999995E-5));
#8212=CARTESIAN_POINT('',(-0.0028375,0.00092,8.E-5));
#8213=CARTESIAN_POINT('',(-0.0026625,0.00092,8.E-5));
#8214=CARTESIAN_POINT('',(-0.0026,0.00092,8.E-5));
#8215=CARTESIAN_POINT('',(-0.00255,0.0007,2.99999999999995E-5));
#8216=CARTESIAN_POINT('',(-0.00255,0.0007,2.99999999999991E-5));
#8217=CARTESIAN_POINT('',(-0.0028375,0.0007,2.99999999999996E-5));
#8218=CARTESIAN_POINT('',(-0.002575,0.00085,5.5E-5));
#8219=CARTESIAN_POINT('',(-0.0026,0.001,8.E-5));
#8220=CARTESIAN_POINT('',(-0.00255,0.001,2.99999999999994E-5));
#8221=CARTESIAN_POINT('',(-0.0026625,0.001,8.E-5));
#8222=CARTESIAN_POINT('',(-0.0023375,0.00092,8.E-5));
#8223=CARTESIAN_POINT('',(-0.0023375,0.0007,2.99999999999993E-5));
#8224=CARTESIAN_POINT('',(-0.00245,0.0007,2.99999999999993E-5));
#8225=CARTESIAN_POINT('',(-0.0024,0.00092,8.E-5));
#8226=CARTESIAN_POINT('',(-0.002425,0.00085,5.5E-5));
#8227=CARTESIAN_POINT('',(-0.00245,0.001,2.99999999999994E-5));
#8228=CARTESIAN_POINT('',(-0.001325,0.0013,5.E-5));
#8229=CARTESIAN_POINT('',(-0.001325,0.0013,5.E-5));
#8230=CARTESIAN_POINT('',(-0.001325,0.0013,5.00000000000048E-5));
#8231=CARTESIAN_POINT('',(-0.001325,0.00125,-6.66133814775094E-19));
#8232=CARTESIAN_POINT('',(-0.001325,0.00125,-6.49857229660655E-19));
#8233=CARTESIAN_POINT('',(-0.001325,0.0013,5.E-5));
#8234=CARTESIAN_POINT('',(-0.000825,0.00135,0.00011));
#8235=CARTESIAN_POINT('',(-0.000825,0.00135,0.00016));
#8236=CARTESIAN_POINT('',(-0.000825,0.00135,0.00016));
#8237=CARTESIAN_POINT('',(-0.000675,0.00135,0.00016));
#8238=CARTESIAN_POINT('',(-0.000675,0.00135,0.00011));
#8239=CARTESIAN_POINT('',(-0.000675,0.0013,0.00011));
#8240=CARTESIAN_POINT('',(-0.000825,0.0013,0.00011));
#8241=CARTESIAN_POINT('',(-0.000825,0.0013,0.00011));
#8242=CARTESIAN_POINT('',(-0.000825,0.00135,0.00011));
#8243=CARTESIAN_POINT('',(0.001825,0.001,7.86607773540635E-5));
#8244=CARTESIAN_POINT('',(0.0016625,0.001,7.99999999999985E-5));
#8245=CARTESIAN_POINT('',(0.001675,0.001,7.99999999999985E-5));
#8246=CARTESIAN_POINT('',(0.001825,0.001,7.99999999999984E-5));
#8247=CARTESIAN_POINT('',(0.001675,0.001,7.86607773540636E-5));
#8248=CARTESIAN_POINT('',(0.001675,0.001,7.86607773540637E-5));
#8249=CARTESIAN_POINT('',(0.001675,0.001,7.86607773540638E-5));
#8250=CARTESIAN_POINT('',(0.001825,0.001,7.86607773540638E-5));
#8251=CARTESIAN_POINT('',(0.001825,0.001,0.000170500231015464));
#8252=CARTESIAN_POINT('',(-0.000825,0.00124577907539775,0.000170500231015465));
#8253=CARTESIAN_POINT('',(-0.000825,0.001,0.00031));
#8254=CARTESIAN_POINT('',(-0.000825,0.001,0.00031));
#8255=CARTESIAN_POINT('',(-0.000825,0.001,7.99999999999991E-5));
#8256=CARTESIAN_POINT('',(-0.000825,0.00167372431776126,0.00031));
#8257=CARTESIAN_POINT('',(-0.000825,0.00135,0.00031));
#8258=CARTESIAN_POINT('',(-0.000825,0.00135,0.00031));
#8259=CARTESIAN_POINT('',(-0.000825,0.0013,0.000170500231015465));
#8260=CARTESIAN_POINT('',(-0.000825,0.0013,5.00000000000021E-5));
#8261=CARTESIAN_POINT('',(-0.000825,0.0013,5.E-5));
#8262=CARTESIAN_POINT('',(-0.000825,0.00125,-7.4602596236012E-19));
#8263=CARTESIAN_POINT('',(-0.000825,0.00125,-7.7715611723761E-19));
#8264=CARTESIAN_POINT('',(-0.000825,0.000919999999999986,-6.93512088034698E-19));
#8265=CARTESIAN_POINT('',(-0.000825,0.000919999999999986,0.000170500231015465));
#8266=CARTESIAN_POINT('',(-0.000825,0.000919999999999987,3.61954891124611E-5));
#8267=CARTESIAN_POINT('',(-0.000825,0.000949999999999987,3.61954891124611E-5));
#8268=CARTESIAN_POINT('',(-0.000825,0.000943186633610997,6.54115469993384E-5));
#8269=CARTESIAN_POINT('',(-0.000825,0.000943186633610997,6.54115469993385E-5));
#8270=CARTESIAN_POINT('',(-0.000825,0.001,7.86607773540642E-5));
#8271=CARTESIAN_POINT('',(-0.000825,0.001,7.86607773540641E-5));
#8272=CARTESIAN_POINT('',(-0.001825,0.00135,0.00011));
#8273=CARTESIAN_POINT('',(-0.001675,0.00135,0.00011));
#8274=CARTESIAN_POINT('',(-0.001825,0.00135,0.00011));
#8275=CARTESIAN_POINT('',(-0.023385,-0.0019,0.00105));
#8276=CARTESIAN_POINT('',(0.007265,-0.0019,9.99999999999973E-5));
#8277=CARTESIAN_POINT('',(0.003385,-0.0019,9.99999999999983E-5));
#8278=CARTESIAN_POINT('',(-0.023385,-0.0019,0.001));
#8279=CARTESIAN_POINT('',(-0.0476025,-0.0019,3.000000000001E-5));
#8280=CARTESIAN_POINT('',(0.0034525,-0.0019,2.99999999999984E-5));
#8281=CARTESIAN_POINT('',(0.0034525,-0.0019,0.00105));
#8282=CARTESIAN_POINT('',(0.0034525,-0.0019,0.00013));
#8283=CARTESIAN_POINT('',(0.0034525,-0.0019,0.00105));
#8284=CARTESIAN_POINT('',(0.0034525,-0.0019,0.001));
#8285=CARTESIAN_POINT('',(-0.0421766243888419,-0.0019,0.001));
#8286=CARTESIAN_POINT('',(0.003385,-0.0019,0.001));
#8287=CARTESIAN_POINT('',(0.003385,-0.0019,0.000575));
#8288=CARTESIAN_POINT('',(-0.0421766243888419,-0.00149386726829363,0.001));
#8289=CARTESIAN_POINT('',(0.0078,-2.00000000000009E-5,0.001));
#8290=CARTESIAN_POINT('',(0.0038,-2.00000000000009E-5,0.001));
#8291=CARTESIAN_POINT('',(-0.0421766243888419,-0.0018,0.001));
#8292=CARTESIAN_POINT('',(0.003285,-0.0018,0.001));
#8293=CARTESIAN_POINT('',(0.003335,-0.00185,0.001));
#8294=CARTESIAN_POINT('',(0.0035275,-0.001825,0.001));
#8295=CARTESIAN_POINT('',(0.0036025,-0.00175,0.001));
#8296=CARTESIAN_POINT('',(0.0036025,-0.00149386726829363,0.001));
#8297=CARTESIAN_POINT('',(0.0036025,-0.001,0.001));
#8298=CARTESIAN_POINT('',(0.0038,-0.001,0.001));
#8299=CARTESIAN_POINT('',(0.004,-0.001,0.001));
#8300=CARTESIAN_POINT('',(0.004,-0.00149386726829363,0.000999999999999989));
#8301=CARTESIAN_POINT('',(0.004,0.001,0.001));
#8302=CARTESIAN_POINT('',(0.002825,0.001,0.001));
#8303=CARTESIAN_POINT('',(0.0039,0.001,0.001));
#8304=CARTESIAN_POINT('',(0.00385,0.00095,0.001));
#8305=CARTESIAN_POINT('',(0.0038,0.0009,0.001));
#8306=CARTESIAN_POINT('',(0.0038,0.000694863,0.001));
#8307=CARTESIAN_POINT('',(-0.0191207195148812,-0.0006,0.000487455497580433));
#8308=CARTESIAN_POINT('',(0.007085,-0.0006,0.00033));
#8309=CARTESIAN_POINT('',(0.003265,-0.0006,0.00033));
#8310=CARTESIAN_POINT('',(0.003265,-0.0006,0.00105));
#8311=CARTESIAN_POINT('',(-0.001675,0.00124577907539775,0.000170500231015465));
#8312=CARTESIAN_POINT('',(-0.001675,0.000919999999999986,-4.78436734674404E-19));
#8313=CARTESIAN_POINT('',(-0.001675,0.0013,5.E-5));
#8314=CARTESIAN_POINT('',(-0.001675,0.00167372431776126,0.00031));
#8315=CARTESIAN_POINT('',(-0.001675,0.001,0.00031));
#8316=CARTESIAN_POINT('',(-0.001675,0.001,0.000170500231015465));
#8317=CARTESIAN_POINT('',(0.002175,0.000919999999999986,-1.4432899320127E-18));
#8318=CARTESIAN_POINT('',(0.002175,0.000919999999999986,0.000170500231015464));
#8319=CARTESIAN_POINT('',(0.002175,0.000919999999999986,-1.4728908197259E-18));
#8320=CARTESIAN_POINT('',(0.002175,0.000919999999999987,3.61954891124603E-5));
#8321=CARTESIAN_POINT('',(0.002175,0.000919999999999986,-1.4432899320127E-18));
#8322=CARTESIAN_POINT('',(0.002325,0.000919999999999986,-1.49536633076152E-18));
#8323=CARTESIAN_POINT('',(0.002325,0.000919999999999986,-1.47763745683704E-18));
#8324=CARTESIAN_POINT('',(0.002325,0.000919999999999987,3.61954891124603E-5));
#8325=CARTESIAN_POINT('',(0.002175,0.000919999999999987,3.61954891124603E-5));
#8326=CARTESIAN_POINT('',(-0.007285,-0.0012,0.00072));
#8327=CARTESIAN_POINT('',(0.007285,-0.00165,0.00072));
#8328=CARTESIAN_POINT('',(0.003265,-0.00165,0.00072));
#8329=CARTESIAN_POINT('',(0.007265,-0.0011,0.00072));
#8330=CARTESIAN_POINT('',(0.003265,-0.0011,0.00072));
#8331=CARTESIAN_POINT('',(0.003265,-0.0018,0.00072));
#8332=CARTESIAN_POINT('',(0.001175,0.0013,5.E-5));
#8333=CARTESIAN_POINT('',(0.001175,0.0013,4.99999999999994E-5));
#8334=CARTESIAN_POINT('',(0.001325,0.0013,5.E-5));
#8335=CARTESIAN_POINT('',(0.001325,0.0013,5.E-5));
#8336=CARTESIAN_POINT('',(0.001325,0.00124999999999999,-1.27034342246868E-18));
#8337=CARTESIAN_POINT('',(0.001175,0.00125,-1.22124532708767E-18));
#8338=CARTESIAN_POINT('',(-0.0476025,0.001,3.00000000000097E-5));
#8339=CARTESIAN_POINT('',(-0.0476025,0.001,3.00000000000097E-5));
#8340=CARTESIAN_POINT('',(-0.00155,0.001,2.99999999999992E-5));
#8341=CARTESIAN_POINT('',(-0.00155,0.001,3.00000000000013E-5));
#8342=CARTESIAN_POINT('',(-0.0476025,0.001,3.00000000000097E-5));
#8343=CARTESIAN_POINT('',(-0.0013375,0.0007,2.99999999999991E-5));
#8344=CARTESIAN_POINT('',(-0.00105,0.0007,2.99999999999995E-5));
#8345=CARTESIAN_POINT('',(-0.00105,0.001,2.9999999999999E-5));
#8346=CARTESIAN_POINT('',(-0.00105000000000001,0.001,3.00000000000027E-5));
#8347=CARTESIAN_POINT('',(-0.0476025,0.001,3.00000000000097E-5));
#8348=CARTESIAN_POINT('',(-0.00095,0.001,2.99999999999984E-5));
#8349=CARTESIAN_POINT('',(-0.00095,0.001,2.9999999999999E-5));
#8350=CARTESIAN_POINT('',(-0.00095,0.0007,2.9999999999999E-5));
#8351=CARTESIAN_POINT('',(-0.0008375,0.0007,2.9999999999999E-5));
#8352=CARTESIAN_POINT('',(-0.00055,0.0007,2.99999999999996E-5));
#8353=CARTESIAN_POINT('',(-0.00055,0.001,2.9999999999999E-5));
#8354=CARTESIAN_POINT('',(-0.00055,0.001,3.00000000000014E-5));
#8355=CARTESIAN_POINT('',(-0.0476025,0.001,3.00000000000097E-5));
#8356=CARTESIAN_POINT('',(-0.00045,0.001,2.9999999999998E-5));
#8357=CARTESIAN_POINT('',(-0.00045,0.001,2.99999999999989E-5));
#8358=CARTESIAN_POINT('',(-0.00045,0.0007,2.99999999999989E-5));
#8359=CARTESIAN_POINT('',(-0.0003375,0.0007,2.9999999999999E-5));
#8360=CARTESIAN_POINT('',(-5.E-5,0.0007,2.99999999999994E-5));
#8361=CARTESIAN_POINT('',(-5.00000000000014E-5,0.001,2.99999999999988E-5));
#8362=CARTESIAN_POINT('',(-5.00000000000006E-5,0.001,2.99999999999984E-5));
#8363=CARTESIAN_POINT('',(-0.0476025,0.001,3.00000000000097E-5));
#8364=CARTESIAN_POINT('',(4.99999999999979E-5,0.001,2.99999999999979E-5));
#8365=CARTESIAN_POINT('',(5.00000000000014E-5,0.001,2.99999999999988E-5));
#8366=CARTESIAN_POINT('',(5.E-5,0.0007,2.99999999999988E-5));
#8367=CARTESIAN_POINT('',(0.0001625,0.0007,2.99999999999988E-5));
#8368=CARTESIAN_POINT('',(0.00045,0.0007,2.99999999999992E-5));
#8369=CARTESIAN_POINT('',(0.00045,0.001,2.99999999999987E-5));
#8370=CARTESIAN_POINT('',(0.00045,0.001,2.99999999999984E-5));
#8371=CARTESIAN_POINT('',(-0.0476025,0.001,3.00000000000097E-5));
#8372=CARTESIAN_POINT('',(0.00055,0.001,2.9999999999998E-5));
#8373=CARTESIAN_POINT('',(0.00055,0.001,2.99999999999987E-5));
#8374=CARTESIAN_POINT('',(0.00055,0.0007,2.99999999999989E-5));
#8375=CARTESIAN_POINT('',(0.0006625,0.0007,2.99999999999989E-5));
#8376=CARTESIAN_POINT('',(0.00095,0.0007,2.99999999999992E-5));
#8377=CARTESIAN_POINT('',(0.00095,0.001,2.99999999999986E-5));
#8378=CARTESIAN_POINT('',(0.00095,0.001,2.99999999999982E-5));
#8379=CARTESIAN_POINT('',(-0.0476025,0.001,3.00000000000097E-5));
#8380=CARTESIAN_POINT('',(0.00105,0.001,3.E-5));
#8381=CARTESIAN_POINT('',(0.00105,0.001,2.99999999999986E-5));
#8382=CARTESIAN_POINT('',(0.00105,0.000699999999999986,2.99999999999973E-5));
#8383=CARTESIAN_POINT('',(0.0011625,0.0007,2.99999999999988E-5));
#8384=CARTESIAN_POINT('',(0.00145,0.0007,2.99999999999987E-5));
#8385=CARTESIAN_POINT('',(0.00145,0.001,2.99999999999984E-5));
#8386=CARTESIAN_POINT('',(0.00145,0.001,2.99999999999972E-5));
#8387=CARTESIAN_POINT('',(-0.0476025,0.001,3.00000000000097E-5));
#8388=CARTESIAN_POINT('',(0.00155,0.001,3.00000000000024E-5));
#8389=CARTESIAN_POINT('',(0.00155,0.001,2.99999999999984E-5));
#8390=CARTESIAN_POINT('',(0.00155,0.000699999999999986,2.99999999999972E-5));
#8391=CARTESIAN_POINT('',(0.0016625,0.0007,2.99999999999986E-5));
#8392=CARTESIAN_POINT('',(0.00195,0.0007,2.99999999999984E-5));
#8393=CARTESIAN_POINT('',(0.00195,0.001,2.99999999999984E-5));
#8394=CARTESIAN_POINT('',(0.00195,0.001,2.99999999999978E-5));
#8395=CARTESIAN_POINT('',(-0.0476025,0.001,3.00000000000097E-5));
#8396=CARTESIAN_POINT('',(0.00205,0.001,3.0000000000003E-5));
#8397=CARTESIAN_POINT('',(0.00205,0.001,2.99999999999984E-5));
#8398=CARTESIAN_POINT('',(0.00205,0.0007,2.99999999999989E-5));
#8399=CARTESIAN_POINT('',(0.0021625,0.0007,2.99999999999984E-5));
#8400=CARTESIAN_POINT('',(0.00245,0.0007,2.99999999999981E-5));
#8401=CARTESIAN_POINT('',(0.00245,0.001,2.99999999999982E-5));
#8402=CARTESIAN_POINT('',(0.00245,0.001,2.99999999999978E-5));
#8403=CARTESIAN_POINT('',(-0.0476025,0.001,3.00000000000097E-5));
#8404=CARTESIAN_POINT('',(0.00255,0.001,2.99999999999994E-5));
#8405=CARTESIAN_POINT('',(0.00255,0.001,2.99999999999982E-5));
#8406=CARTESIAN_POINT('',(0.00255,0.0007,2.99999999999986E-5));
#8407=CARTESIAN_POINT('',(-0.0476025,0.0007,3.00000000000098E-5));
#8408=CARTESIAN_POINT('',(0.00295,0.0007,2.99999999999976E-5));
#8409=CARTESIAN_POINT('',(0.00295,0.00085,2.99999999999974E-5));
#8410=CARTESIAN_POINT('',(0.00295,0.001,2.99999999999986E-5));
#8411=CARTESIAN_POINT('',(-0.0476025,0.001,3.00000000000097E-5));
#8412=CARTESIAN_POINT('',(0.0034525,0.001,2.9999999999998E-5));
#8413=CARTESIAN_POINT('',(0.0034525,0.001,2.9999999999998E-5));
#8414=CARTESIAN_POINT('',(-0.001325,0.00135,0.00011));
#8415=CARTESIAN_POINT('',(-0.001325,0.00135,0.00016));
#8416=CARTESIAN_POINT('',(-0.001325,0.00135,0.00016));
#8417=CARTESIAN_POINT('',(-0.001325,0.0013,0.00011));
#8418=CARTESIAN_POINT('',(-0.001325,0.0013,0.00011));
#8419=CARTESIAN_POINT('',(-0.001325,0.00135,0.00011));
#8420=CARTESIAN_POINT('',(-0.001325,0.0013,0.00011));
#8421=CARTESIAN_POINT('',(-0.001325,0.0013,0.000170500231015465));
#8422=CARTESIAN_POINT('',(-0.001325,0.00135,0.00031));
#8423=CARTESIAN_POINT('',(-0.001325,0.00135,0.00031));
#8424=CARTESIAN_POINT('',(-0.001325,0.00135,0.00031));
#8425=CARTESIAN_POINT('',(-0.001325,0.00135,0.00031));
#8426=CARTESIAN_POINT('',(-0.000825,0.000943186633610997,6.54115469993385E-5));
#8427=CARTESIAN_POINT('',(-0.000825,0.000943186633610997,6.54115469993385E-5));
#8428=CARTESIAN_POINT('',(-0.000675,0.000943186633610997,6.54115469993384E-5));
#8429=CARTESIAN_POINT('',(-0.000675,0.000943186633610997,6.54115469993385E-5));
#8430=CARTESIAN_POINT('',(-0.000675,0.001,7.86607773540642E-5));
#8431=CARTESIAN_POINT('',(-0.000825,0.001,7.86607773540642E-5));
#8432=CARTESIAN_POINT('',(-0.000825,0.000949999999999987,3.61954891124611E-5));
#8433=CARTESIAN_POINT('',(-0.000825,0.000919999999999987,3.61954891124611E-5));
#8434=CARTESIAN_POINT('',(-0.000675,0.000919999999999987,3.61954891124611E-5));
#8435=CARTESIAN_POINT('',(-0.000675,0.000949999999999987,3.6195489112461E-5));
#8436=CARTESIAN_POINT('',(-0.000825,0.000919999999999986,-6.66133814775094E-19));
#8437=CARTESIAN_POINT('',(-0.000825,0.000919999999999986,-6.66133814775094E-19));
#8438=CARTESIAN_POINT('',(-0.000675,0.000919999999999986,-7.18210213523917E-19));
#8439=CARTESIAN_POINT('',(-0.000675,0.000919999999999986,-7.00481339599435E-19));
#8440=CARTESIAN_POINT('',(-0.000675,0.001,7.86607773540641E-5));
#8441=CARTESIAN_POINT('',(-0.0008375,0.001,7.99999999999991E-5));
#8442=CARTESIAN_POINT('',(-0.000675,0.001,7.9999999999999E-5));
#8443=CARTESIAN_POINT('',(-0.000675,0.001,0.000170500231015465));
#8444=CARTESIAN_POINT('',(-0.0013375,0.001,8.E-5));
#8445=CARTESIAN_POINT('',(-0.0013375,0.00092,8.E-5));
#8446=CARTESIAN_POINT('',(-0.0011,0.00092,7.99999999999991E-5));
#8447=CARTESIAN_POINT('',(0.002325,0.001,7.99999999999983E-5));
#8448=CARTESIAN_POINT('',(-0.001325,0.001,7.99999999999991E-5));
#8449=CARTESIAN_POINT('',(-0.0013375,0.001,8.E-5));
#8450=CARTESIAN_POINT('',(0.002825,0.001,7.99999999999982E-5));
#8451=CARTESIAN_POINT('',(-0.0011,0.001,7.9999999999999E-5));
#8452=CARTESIAN_POINT('',(-0.0011,0.001,7.99999999999991E-5));
#8453=CARTESIAN_POINT('',(-0.000825,0.0013,0.00011));
#8454=CARTESIAN_POINT('',(-0.000675,0.0013,0.00011));
#8455=CARTESIAN_POINT('',(-0.000675,0.0013,5.E-5));
#8456=CARTESIAN_POINT('',(-0.000825,0.0013,5.E-5));
#8457=CARTESIAN_POINT('',(-0.004825,-6.99999999997938E-5,0.000840000000000011));
#8458=CARTESIAN_POINT('',(0.00625,0.00046,0.00084));
#8459=CARTESIAN_POINT('',(0.00377,0.00046,0.00084));
#8460=CARTESIAN_POINT('',(0.0078,-2.0000000000001E-5,0.00084));
#8461=CARTESIAN_POINT('',(0.0038,-2.00000000000009E-5,0.00084));
#8462=CARTESIAN_POINT('',(0.0038,0.000694863,0.00084));
#8463=CARTESIAN_POINT('',(0.0038,0.0009,0.00084));
#8464=CARTESIAN_POINT('',(0.00275,0.0009,0.00084));
#8465=CARTESIAN_POINT('',(0.00377,0.0009,0.00084));
#8466=CARTESIAN_POINT('',(0.00377,0.00104560231776126,0.00084));
#8467=CARTESIAN_POINT('',(-0.000825,0.0013,5.E-5));
#8468=CARTESIAN_POINT('',(-0.000675,0.0013,5.E-5));
#8469=CARTESIAN_POINT('',(-0.000675,0.00124999999999999,-8.30550363727089E-19));
#8470=CARTESIAN_POINT('',(-0.000825,0.00125,-7.7715611723761E-19));
#8471=CARTESIAN_POINT('',(-0.001325,0.00124577907539775,0.000170500231015465));
#8472=CARTESIAN_POINT('',(-0.001325,0.001,0.00031));
#8473=CARTESIAN_POINT('',(-0.001325,0.001,0.00031));
#8474=CARTESIAN_POINT('',(-0.001325,0.00167372431776126,0.00031));
#8475=CARTESIAN_POINT('',(-0.001325,0.00125,-6.66133814775094E-19));
#8476=CARTESIAN_POINT('',(-0.001325,0.001,7.86607773540644E-5));
#8477=CARTESIAN_POINT('',(-0.001825,0.000919999999999986,-4.44089209850063E-19));
#8478=CARTESIAN_POINT('',(-0.001825,0.000919999999999986,0.000170500231015465));
#8479=CARTESIAN_POINT('',(-0.001825,0.0013,5.E-5));
#8480=CARTESIAN_POINT('',(-0.001825,0.0013,5.E-5));
#8481=CARTESIAN_POINT('',(0.001325,0.00124577907539775,0.000170500231015465));
#8482=CARTESIAN_POINT('',(0.001325,0.001,0.000170500231015465));
#8483=CARTESIAN_POINT('',(0.001325,0.001,7.99999999999985E-5));
#8484=CARTESIAN_POINT('',(0.001325,0.000949999999999986,3.61954891124606E-5));
#8485=CARTESIAN_POINT('',(0.001325,0.000919999999999986,3.61954891124606E-5));
#8486=CARTESIAN_POINT('',(0.001325,0.000919999999999985,-1.1445705494495E-18));
#8487=CARTESIAN_POINT('',(0.001325,0.000919999999999985,-1.16229942337398E-18));
#8488=CARTESIAN_POINT('',(0.001325,0.00125,-1.25559285191201E-18));
#8489=CARTESIAN_POINT('',(0.001325,0.0013,0.000109999999999998));
#8490=CARTESIAN_POINT('',(0.001325,0.0013,0.000109999999999998));
#8491=CARTESIAN_POINT('',(0.001325,0.00135,0.000109999999999998));
#8492=CARTESIAN_POINT('',(0.001325,0.00135,0.00016));
#8493=CARTESIAN_POINT('',(0.001325,0.00135,0.00031));
#8494=CARTESIAN_POINT('',(0.001325,0.00135,0.00031));
#8495=CARTESIAN_POINT('',(0.001325,0.00167372431776126,0.00031));
#8496=CARTESIAN_POINT('',(0.001325,0.001,0.00031));
#8497=CARTESIAN_POINT('',(0.001325,0.001,0.000170500231015465));
#8498=CARTESIAN_POINT('',(-0.001075,0.00085,5.49999999999992E-5));
#8499=CARTESIAN_POINT('',(-0.00105,0.001,2.99999999999976E-5));
#8500=CARTESIAN_POINT('',(-0.00105,0.0007,2.99999999999994E-5));
#8501=CARTESIAN_POINT('',(-0.001325,0.00125,-6.66133814775094E-19));
#8502=CARTESIAN_POINT('',(0.002325,0.001,0.00031));
#8503=CARTESIAN_POINT('',(-0.00155,0.001,2.99999999999977E-5));
#8504=CARTESIAN_POINT('',(0.002325,0.001,0.00031));
#8505=CARTESIAN_POINT('',(-0.001825,0.00124577907539775,0.000170500231015465));
#8506=CARTESIAN_POINT('',(-0.001825,0.001,0.00031));
#8507=CARTESIAN_POINT('',(-0.001825,0.001,0.00031));
#8508=CARTESIAN_POINT('',(-0.001825,0.00167372431776126,0.00031));
#8509=CARTESIAN_POINT('',(0.001825,0.001,0.00031));
#8510=CARTESIAN_POINT('',(0.001825,0.001,0.00031));
#8511=CARTESIAN_POINT('',(-0.000825,0.00135,0.00031));
#8512=CARTESIAN_POINT('',(-0.000825,0.00135,0.00031));
#8513=CARTESIAN_POINT('',(-0.000675,0.00135,0.00031));
#8514=CARTESIAN_POINT('',(-0.000675,0.00135,0.00031));
#8515=CARTESIAN_POINT('',(0.002175,0.0013,4.99999999999992E-5));
#8516=CARTESIAN_POINT('',(0.002175,0.0013,4.99999999999991E-5));
#8517=CARTESIAN_POINT('',(0.002175,0.0013,5.00000000000013E-5));
#8518=CARTESIAN_POINT('',(0.002325,0.0013,4.99999999999991E-5));
#8519=CARTESIAN_POINT('',(0.002325,0.0013,4.99999999999992E-5));
#8520=CARTESIAN_POINT('',(0.002325,0.00124999999999999,-1.59637656826223E-18));
#8521=CARTESIAN_POINT('',(0.002175,0.00125,-1.55431223447522E-18));
#8522=CARTESIAN_POINT('',(0.002175,0.00125,-1.51640581601969E-18));
#8523=CARTESIAN_POINT('',(0.002175,0.0013,4.9999999999999E-5));
#8524=CARTESIAN_POINT('',(-0.0008375,0.001,7.99999999999991E-5));
#8525=CARTESIAN_POINT('',(-0.0008375,0.00092,7.99999999999991E-5));
#8526=CARTESIAN_POINT('',(-0.0006,0.00092,7.99999999999991E-5));
#8527=CARTESIAN_POINT('',(-0.0009,0.00092,8.E-5));
#8528=CARTESIAN_POINT('',(-0.0009,0.001,7.99999999999991E-5));
#8529=CARTESIAN_POINT('',(-0.0009,0.001,8.E-5));
#8530=CARTESIAN_POINT('',(0.002825,0.001,7.99999999999983E-5));
#8531=CARTESIAN_POINT('',(0.003325,0.001,7.9999999999998E-5));
#8532=CARTESIAN_POINT('',(-0.0006,0.001,7.9999999999999E-5));
#8533=CARTESIAN_POINT('',(-0.0006,0.001,7.9999999999999E-5));
#8534=CARTESIAN_POINT('',(-0.000925,0.00085,5.49999999999992E-5));
#8535=CARTESIAN_POINT('',(-0.0009,0.00092,8.E-5));
#8536=CARTESIAN_POINT('',(-0.0009,0.001,8.E-5));
#8537=CARTESIAN_POINT('',(-0.001575,0.00085,5.49999999999993E-5));
#8538=CARTESIAN_POINT('',(0.001675,0.00135,0.000109999999999998));
#8539=CARTESIAN_POINT('',(0.001675,0.00135,0.00016));
#8540=CARTESIAN_POINT('',(0.001675,0.00135,0.00016));
#8541=CARTESIAN_POINT('',(0.001825,0.00135,0.00016));
#8542=CARTESIAN_POINT('',(0.001825,0.00135,0.000109999999999998));
#8543=CARTESIAN_POINT('',(0.001825,0.0013,0.000109999999999998));
#8544=CARTESIAN_POINT('',(0.001675,0.0013,0.000109999999999998));
#8545=CARTESIAN_POINT('',(0.001675,0.0013,0.000109999999999998));
#8546=CARTESIAN_POINT('',(0.001675,0.00135,0.000109999999999998));
#8547=CARTESIAN_POINT('',(-0.000825,0.00125,-7.7715611723761E-19));
#8548=CARTESIAN_POINT('',(-0.000675,0.00125,-8.11503642061951E-19));
#8549=CARTESIAN_POINT('',(0.000675,0.00125,-1.11022302462516E-18));
#8550=CARTESIAN_POINT('',(0.000675,0.00125,-1.11022302462516E-18));
#8551=CARTESIAN_POINT('',(0.000825,0.00124999999999999,-1.14472504825908E-18));
#8552=CARTESIAN_POINT('',(0.000825,0.00125,-1.1445705494495E-18));
#8553=CARTESIAN_POINT('',(0.000825,0.000919999999999985,-1.05127712091147E-18));
#8554=CARTESIAN_POINT('',(0.000675,0.000919999999999985,-9.99200722162641E-19));
#8555=CARTESIAN_POINT('',(-0.0013375,0.00092,8.E-5));
#8556=CARTESIAN_POINT('',(-0.00175,0.00165,0.00047));
#8557=CARTESIAN_POINT('',(-0.00715,0.00165,0.00047));
#8558=CARTESIAN_POINT('',(0.00377,0.00165,0.00047));
#8559=CARTESIAN_POINT('',(0.00377,0.00165,-0.000794708));
#8560=CARTESIAN_POINT('',(0.00377,0.00165,0.00031));
#8561=CARTESIAN_POINT('',(-0.00175,0.00165,0.00031));
#8562=CARTESIAN_POINT('',(0.001175,0.00135,0.00031));
#8563=CARTESIAN_POINT('',(0.001175,0.00135,0.00031));
#8564=CARTESIAN_POINT('',(0.001175,0.00135,0.00016));
#8565=CARTESIAN_POINT('',(-0.000675,0.00124577907539775,0.000170500231015465));
#8566=CARTESIAN_POINT('',(-0.000675,0.00124577907539775,0.00031));
#8567=CARTESIAN_POINT('',(-0.000675,0.001,0.00031));
#8568=CARTESIAN_POINT('',(-0.000675,0.001,0.00031));
#8569=CARTESIAN_POINT('',(-0.001175,0.001,7.86607773540643E-5));
#8570=CARTESIAN_POINT('',(0.000175,0.000919999999999986,-8.88178419700125E-19));
#8571=CARTESIAN_POINT('',(0.000175,0.000919999999999986,0.000170500231015465));
#8572=CARTESIAN_POINT('',(0.000175,0.000919999999999986,-9.14255650352746E-19));
#8573=CARTESIAN_POINT('',(0.000175,0.000919999999999987,3.61954891124608E-5));
#8574=CARTESIAN_POINT('',(0.000175,0.000919999999999986,-8.88178419700125E-19));
#8575=CARTESIAN_POINT('',(0.000325,0.000919999999999986,-9.40254818448948E-19));
#8576=CARTESIAN_POINT('',(0.000325,0.000919999999999986,-9.22525944524466E-19));
#8577=CARTESIAN_POINT('',(0.000325,0.000919999999999987,3.61954891124608E-5));
#8578=CARTESIAN_POINT('',(0.000175,0.000919999999999987,3.61954891124609E-5));
#8579=CARTESIAN_POINT('',(-0.0008375,0.00092,8.E-5));
#8580=CARTESIAN_POINT('',(-0.00055,0.0007,2.99999999999991E-5));
#8581=CARTESIAN_POINT('',(0.002825,0.001,0.00031));
#8582=CARTESIAN_POINT('',(0.002825,0.001,0.00031));
#8583=CARTESIAN_POINT('',(0.001675,0.000949999999999986,3.61954891124605E-5));
#8584=CARTESIAN_POINT('',(0.001675,0.000919999999999986,3.61954891124605E-5));
#8585=CARTESIAN_POINT('',(0.001675,0.000919999999999985,3.61954891124605E-5));
#8586=CARTESIAN_POINT('',(0.001825,0.000919999999999986,3.61954891124604E-5));
#8587=CARTESIAN_POINT('',(0.001825,0.000949999999999986,3.61954891124604E-5));
#8588=CARTESIAN_POINT('',(0.001825,0.000943186633610996,6.54115469993378E-5));
#8589=CARTESIAN_POINT('',(0.001675,0.000943186633610996,6.54115469993379E-5));
#8590=CARTESIAN_POINT('',(0.001675,0.000943186633610996,6.54115469993379E-5));
#8591=CARTESIAN_POINT('',(0.001675,0.000949999999999986,3.61954891124605E-5));
#8592=CARTESIAN_POINT('',(0.000675,0.00135,0.000109999999999998));
#8593=CARTESIAN_POINT('',(0.000675,0.00135,0.00016));
#8594=CARTESIAN_POINT('',(0.000825,0.00135,0.00016));
#8595=CARTESIAN_POINT('',(0.000825,0.00135,0.000109999999999998));
#8596=CARTESIAN_POINT('',(0.000825,0.0013,0.000109999999999998));
#8597=CARTESIAN_POINT('',(0.000675,0.0013,0.000109999999999998));
#8598=CARTESIAN_POINT('',(0.001675,0.00125,-1.33226762955019E-18));
#8599=CARTESIAN_POINT('',(0.001675,0.00125,-1.33226762955019E-18));
#8600=CARTESIAN_POINT('',(0.001675,0.00125,-1.30243851727968E-18));
#8601=CARTESIAN_POINT('',(0.001825,0.00124999999999999,-1.37902113773319E-18));
#8602=CARTESIAN_POINT('',(0.001825,0.00125,-1.36661515437453E-18));
#8603=CARTESIAN_POINT('',(0.001825,0.000919999999999985,-1.27332172583649E-18));
#8604=CARTESIAN_POINT('',(0.001675,0.000919999999999985,-1.22124532708767E-18));
#8605=CARTESIAN_POINT('',(0.001675,0.000919999999999985,-1.24537099382982E-18));
#8606=CARTESIAN_POINT('',(0.001675,0.00125,-1.33226762955019E-18));
#8607=CARTESIAN_POINT('',(0.001675,0.000943186633610996,6.54115469993379E-5));
#8608=CARTESIAN_POINT('',(0.001825,0.000943186633610996,6.54115469993379E-5));
#8609=CARTESIAN_POINT('',(0.001675,0.000943186633610996,6.54115469993379E-5));
#8610=CARTESIAN_POINT('',(0.000825,0.00124577907539775,0.000170500231015465));
#8611=CARTESIAN_POINT('',(0.000825,0.001,0.000170500231015465));
#8612=CARTESIAN_POINT('',(0.000825,0.001,7.99999999999986E-5));
#8613=CARTESIAN_POINT('',(0.000825,0.001,7.86607773540641E-5));
#8614=CARTESIAN_POINT('',(0.000825,0.000943186633610996,6.54115469993382E-5));
#8615=CARTESIAN_POINT('',(0.000825,0.000943186633610996,6.54115469993381E-5));
#8616=CARTESIAN_POINT('',(0.000825,0.000949999999999986,3.61954891124606E-5));
#8617=CARTESIAN_POINT('',(0.000825,0.000919999999999986,3.61954891124606E-5));
#8618=CARTESIAN_POINT('',(0.000825,0.000919999999999985,-1.03354824698698E-18));
#8619=CARTESIAN_POINT('',(0.000825,0.0013,5.E-5));
#8620=CARTESIAN_POINT('',(0.000825,0.0013,5.E-5));
#8621=CARTESIAN_POINT('',(0.000825,0.0013,0.000109999999999998));
#8622=CARTESIAN_POINT('',(0.000825,0.00135,0.00031));
#8623=CARTESIAN_POINT('',(0.000825,0.00135,0.00031));
#8624=CARTESIAN_POINT('',(0.000825,0.00167372431776126,0.00031));
#8625=CARTESIAN_POINT('',(0.000825,0.001,0.00031));
#8626=CARTESIAN_POINT('',(0.000825,0.001,0.000170500231015465));
#8627=CARTESIAN_POINT('',(0.000675,0.000943186633610996,6.54115469993382E-5));
#8628=CARTESIAN_POINT('',(0.000675,0.000943186633610996,6.54115469993382E-5));
#8629=CARTESIAN_POINT('',(0.000675,0.001,7.86607773540641E-5));
#8630=CARTESIAN_POINT('',(0.001675,0.000919999999999985,-1.22124532708767E-18));
#8631=CARTESIAN_POINT('',(0.001675,0.000919999999999985,0.000170500231015465));
#8632=CARTESIAN_POINT('',(0.001825,0.000919999999999985,-1.25559285191201E-18));
#8633=CARTESIAN_POINT('',(0.000175,0.00124577907539775,0.000170500231015465));
#8634=CARTESIAN_POINT('',(0.000175,0.001,0.00031));
#8635=CARTESIAN_POINT('',(0.000175,0.001,0.00031));
#8636=CARTESIAN_POINT('',(0.000175,0.001,7.99999999999989E-5));
#8637=CARTESIAN_POINT('',(0.000175,0.00167372431776126,0.00031));
#8638=CARTESIAN_POINT('',(0.000175,0.00135,0.00031));
#8639=CARTESIAN_POINT('',(0.000175,0.00135,0.00031));
#8640=CARTESIAN_POINT('',(0.000175,0.0013,0.000170500231015465));
#8641=CARTESIAN_POINT('',(0.000175,0.0013,5.00000000000019E-5));
#8642=CARTESIAN_POINT('',(0.000175,0.0013,5.E-5));
#8643=CARTESIAN_POINT('',(0.000175,0.00125,-9.73017239697116E-19));
#8644=CARTESIAN_POINT('',(0.000175,0.00125,-9.99200722162641E-19));
#8645=CARTESIAN_POINT('',(0.000175,0.000949999999999987,3.61954891124608E-5));
#8646=CARTESIAN_POINT('',(0.000175,0.000943186633610997,6.54115469993382E-5));
#8647=CARTESIAN_POINT('',(0.000175,0.000943186633610997,6.54115469993383E-5));
#8648=CARTESIAN_POINT('',(0.000175,0.001,7.8660777354064E-5));
#8649=CARTESIAN_POINT('',(0.000175,0.001,7.86607773540638E-5));
#8650=CARTESIAN_POINT('',(0.000175,0.000949999999999987,3.61954891124608E-5));
#8651=CARTESIAN_POINT('',(0.000325,0.000949999999999987,3.61954891124607E-5));
#8652=CARTESIAN_POINT('',(0.000325,0.000943186633610997,6.54115469993382E-5));
#8653=CARTESIAN_POINT('',(0.000175,0.000943186633610997,6.54115469993383E-5));
#8654=CARTESIAN_POINT('',(0.000175,0.00125,-9.99200722162641E-19));
#8655=CARTESIAN_POINT('',(0.000175,0.00125,-9.99200722162641E-19));
#8656=CARTESIAN_POINT('',(0.000325,0.00124999999999999,-1.04959986015063E-18));
#8657=CARTESIAN_POINT('',(0.000325,0.00125,-1.03354824698698E-18));
#8658=CARTESIAN_POINT('',(0.001175,0.00125,-1.22124532708767E-18));
#8659=CARTESIAN_POINT('',(0.001175,0.000919999999999985,-1.11022302462516E-18));
#8660=CARTESIAN_POINT('',(0.002175,0.000949999999999987,3.61954891124603E-5));
#8661=CARTESIAN_POINT('',(0.002325,0.000949999999999987,3.61954891124602E-5));
#8662=CARTESIAN_POINT('',(0.002325,0.000943186633610997,6.54115469993376E-5));
#8663=CARTESIAN_POINT('',(0.002175,0.000943186633610997,6.54115469993377E-5));
#8664=CARTESIAN_POINT('',(0.002175,0.000943186633610997,6.54115469993376E-5));
#8665=CARTESIAN_POINT('',(0.002175,0.000949999999999987,3.61954891124603E-5));
#8666=CARTESIAN_POINT('',(0.000675,0.00135,0.00031));
#8667=CARTESIAN_POINT('',(0.000675,0.00135,0.00031));
#8668=CARTESIAN_POINT('',(0.000175,0.0013,5.E-5));
#8669=CARTESIAN_POINT('',(0.000175,0.0013,5.E-5));
#8670=CARTESIAN_POINT('',(0.000325,0.0013,5.E-5));
#8671=CARTESIAN_POINT('',(0.000325,0.0013,5.E-5));
#8672=CARTESIAN_POINT('',(0.001175,0.000949999999999986,3.61954891124606E-5));
#8673=CARTESIAN_POINT('',(0.001175,0.000919999999999986,3.61954891124606E-5));
#8674=CARTESIAN_POINT('',(0.000675,0.000949999999999986,3.61954891124607E-5));
#8675=CARTESIAN_POINT('',(0.000675,0.000919999999999986,3.61954891124607E-5));
#8676=CARTESIAN_POINT('',(0.000825,0.001,7.86607773540637E-5));
#8677=CARTESIAN_POINT('',(0.0006625,0.001,7.99999999999987E-5));
#8678=CARTESIAN_POINT('',(0.003325,0.001,0.00031));
#8679=CARTESIAN_POINT('',(-0.000325,0.001,0.00031));
#8680=CARTESIAN_POINT('',(-0.000325,0.001,0.00031));
#8681=CARTESIAN_POINT('',(-0.000325,0.001,7.99999999999989E-5));
#8682=CARTESIAN_POINT('',(0.003325,0.001,7.99999999999981E-5));
#8683=CARTESIAN_POINT('',(-0.0004,0.001,7.99999999999988E-5));
#8684=CARTESIAN_POINT('',(-0.0004,0.001,8.E-5));
#8685=CARTESIAN_POINT('',(-0.00055,0.001,2.99999999999974E-5));
#8686=CARTESIAN_POINT('',(0.003325,0.001,0.00031));
#8687=CARTESIAN_POINT('',(0.000175,0.0013,0.000109999999999998));
#8688=CARTESIAN_POINT('',(0.000325,0.0013,0.000109999999999998));
#8689=CARTESIAN_POINT('',(0.000325,0.001,7.86607773540638E-5));
#8690=CARTESIAN_POINT('',(0.0001625,0.001,7.99999999999989E-5));
#8691=CARTESIAN_POINT('',(0.000325,0.001,7.99999999999987E-5));
#8692=CARTESIAN_POINT('',(0.000175,0.001,7.8660777354064E-5));
#8693=CARTESIAN_POINT('',(0.000325,0.001,7.8660777354064E-5));
#8694=CARTESIAN_POINT('',(0.000325,0.001,0.000170500231015465));
#8695=CARTESIAN_POINT('',(0.000175,0.000943186633610997,6.54115469993383E-5));
#8696=CARTESIAN_POINT('',(0.000325,0.000943186633610997,6.54115469993383E-5));
#8697=CARTESIAN_POINT('',(0.001175,0.00135,0.000109999999999998));
#8698=CARTESIAN_POINT('',(0.001175,0.0013,0.000109999999999998));
#8699=CARTESIAN_POINT('',(0.001175,0.000919999999999985,-1.11022302462516E-18));
#8700=CARTESIAN_POINT('',(0.001175,0.0013,0.000109999999999998));
#8701=CARTESIAN_POINT('',(0.001675,0.0013,0.000109999999999998));
#8702=CARTESIAN_POINT('',(0.001825,0.0013,0.000109999999999998));
#8703=CARTESIAN_POINT('',(0.001825,0.0013,4.99999999999993E-5));
#8704=CARTESIAN_POINT('',(0.001675,0.0013,4.99999999999994E-5));
#8705=CARTESIAN_POINT('',(0.001675,0.0013,5.00000000000016E-5));
#8706=CARTESIAN_POINT('',(0.001675,0.0013,0.000170500231015465));
#8707=CARTESIAN_POINT('',(-0.000325,0.00124577907539775,0.000170500231015465));
#8708=CARTESIAN_POINT('',(-0.000325,0.00167372431776126,0.00031));
#8709=CARTESIAN_POINT('',(-0.000325,0.00135,0.00031));
#8710=CARTESIAN_POINT('',(-0.000325,0.00135,0.00031));
#8711=CARTESIAN_POINT('',(-0.000325,0.00135,0.00016));
#8712=CARTESIAN_POINT('',(-0.000325,0.00135,0.000109999999999998));
#8713=CARTESIAN_POINT('',(-0.000325,0.0013,0.000109999999999998));
#8714=CARTESIAN_POINT('',(-0.000325,0.0013,0.000170500231015465));
#8715=CARTESIAN_POINT('',(-0.000325,0.0013,5.00000000000019E-5));
#8716=CARTESIAN_POINT('',(-0.000325,0.0013,5.E-5));
#8717=CARTESIAN_POINT('',(-0.000325,0.00125,-9.73017239697116E-19));
#8718=CARTESIAN_POINT('',(-0.000325,0.00125,-9.99200722162641E-19));
#8719=CARTESIAN_POINT('',(-0.000325,0.000919999999999985,-9.14255650352746E-19));
#8720=CARTESIAN_POINT('',(-0.000325,0.000919999999999985,0.000170500231015465));
#8721=CARTESIAN_POINT('',(-0.000325,0.000919999999999985,3.61954891124608E-5));
#8722=CARTESIAN_POINT('',(-0.000325,0.000949999999999986,3.61954891124608E-5));
#8723=CARTESIAN_POINT('',(-0.000325,0.000943186633610996,6.54115469993383E-5));
#8724=CARTESIAN_POINT('',(-0.000325,0.000943186633610996,6.54115469993383E-5));
#8725=CARTESIAN_POINT('',(-0.000325,0.001,7.86607773540642E-5));
#8726=CARTESIAN_POINT('',(-0.000325,0.001,7.86607773540638E-5));
#8727=CARTESIAN_POINT('',(-0.000175,0.00124577907539775,0.000170500231015465));
#8728=CARTESIAN_POINT('',(-0.000175,0.001,0.000170500231015465));
#8729=CARTESIAN_POINT('',(-0.000175,0.001,7.99999999999989E-5));
#8730=CARTESIAN_POINT('',(-0.000175,0.001,7.86607773540642E-5));
#8731=CARTESIAN_POINT('',(-0.000175,0.000943186633610996,6.54115469993383E-5));
#8732=CARTESIAN_POINT('',(-0.000175,0.000943186633610996,6.54115469993382E-5));
#8733=CARTESIAN_POINT('',(-0.000175,0.000949999999999986,3.61954891124607E-5));
#8734=CARTESIAN_POINT('',(-0.000175,0.000919999999999986,3.61954891124608E-5));
#8735=CARTESIAN_POINT('',(-0.000175,0.000919999999999985,-9.22525944524466E-19));
#8736=CARTESIAN_POINT('',(-0.000175,0.000919999999999985,-9.40254818448948E-19));
#8737=CARTESIAN_POINT('',(-0.000175,0.00125,-1.03354824698698E-18));
#8738=CARTESIAN_POINT('',(-0.000175,0.00124999999999999,-1.03604733299456E-18));
#8739=CARTESIAN_POINT('',(-0.000175,0.0013,5.E-5));
#8740=CARTESIAN_POINT('',(-0.000175,0.0013,5.E-5));
#8741=CARTESIAN_POINT('',(-0.000175,0.0013,0.000109999999999998));
#8742=CARTESIAN_POINT('',(-0.000175,0.0013,0.000109999999999998));
#8743=CARTESIAN_POINT('',(-0.000175,0.00135,0.000109999999999998));
#8744=CARTESIAN_POINT('',(-0.000175,0.00135,0.00016));
#8745=CARTESIAN_POINT('',(-0.000175,0.00135,0.00031));
#8746=CARTESIAN_POINT('',(-0.000175,0.00135,0.00031));
#8747=CARTESIAN_POINT('',(-0.000175,0.00167372431776126,0.00031));
#8748=CARTESIAN_POINT('',(-0.000175,0.001,0.00031));
#8749=CARTESIAN_POINT('',(-0.000175,0.001,0.000170500231015465));
#8750=CARTESIAN_POINT('',(-0.000175,0.001,7.86607773540638E-5));
#8751=CARTESIAN_POINT('',(-0.0003375,0.001,7.99999999999989E-5));
#8752=CARTESIAN_POINT('',(-0.000325,0.001,7.86607773540642E-5));
#8753=CARTESIAN_POINT('',(-0.000425,0.00085,5.49999999999989E-5));
#8754=CARTESIAN_POINT('',(-0.0004,0.001,7.99999999999989E-5));
#8755=CARTESIAN_POINT('',(-0.0004,0.00092,8.E-5));
#8756=CARTESIAN_POINT('',(-0.0004,0.00092,8.E-5));
#8757=CARTESIAN_POINT('',(-0.0003375,0.001,7.99999999999989E-5));
#8758=CARTESIAN_POINT('',(-0.0003375,0.00092,7.99999999999989E-5));
#8759=CARTESIAN_POINT('',(-0.0001,0.00092,7.99999999999989E-5));
#8760=CARTESIAN_POINT('',(0.003825,0.001,7.9999999999998E-5));
#8761=CARTESIAN_POINT('',(-0.0001,0.001,7.99999999999989E-5));
#8762=CARTESIAN_POINT('',(-0.0001,0.001,7.99999999999989E-5));
#8763=CARTESIAN_POINT('',(-0.0003375,0.00092,7.9999999999999E-5));
#8764=CARTESIAN_POINT('',(-4.99999999999983E-5,0.0007,2.9999999999999E-5));
#8765=CARTESIAN_POINT('',(-0.000325,0.00135,0.00031));
#8766=CARTESIAN_POINT('',(-0.000325,0.00135,0.00031));
#8767=CARTESIAN_POINT('',(-0.000325,0.00135,0.00016));
#8768=CARTESIAN_POINT('',(-0.000325,0.00135,0.000109999999999998));
#8769=CARTESIAN_POINT('',(-0.000325,0.0013,0.000109999999999998));
#8770=CARTESIAN_POINT('',(-0.000325,0.0013,0.000109999999999998));
#8771=CARTESIAN_POINT('',(-0.000325,0.0013,5.E-5));
#8772=CARTESIAN_POINT('',(-0.000325,0.0013,5.E-5));
#8773=CARTESIAN_POINT('',(-0.000325,0.00125,-9.99200722162641E-19));
#8774=CARTESIAN_POINT('',(-0.000325,0.00125,-9.99200722162641E-19));
#8775=CARTESIAN_POINT('',(-0.000325,0.000919999999999985,-8.88178419700125E-19));
#8776=CARTESIAN_POINT('',(-0.000325,0.000919999999999985,-8.88178419700125E-19));
#8777=CARTESIAN_POINT('',(-0.000325,0.000919999999999986,3.61954891124609E-5));
#8778=CARTESIAN_POINT('',(-0.000325,0.000949999999999986,3.61954891124608E-5));
#8779=CARTESIAN_POINT('',(-0.000325,0.000943186633610996,6.54115469993383E-5));
#8780=CARTESIAN_POINT('',(-0.000325,0.000943186633610996,6.54115469993383E-5));
#8781=CARTESIAN_POINT('',(-0.000575,0.00085,5.49999999999989E-5));
#8782=CARTESIAN_POINT('',(0.002175,0.000943186633610997,6.54115469993377E-5));
#8783=CARTESIAN_POINT('',(0.002325,0.000943186633610997,6.54115469993377E-5));
#8784=CARTESIAN_POINT('',(0.002325,0.001,7.86607773540634E-5));
#8785=CARTESIAN_POINT('',(0.002175,0.001,7.86607773540634E-5));
#8786=CARTESIAN_POINT('',(0.002175,0.001,7.86607773540634E-5));
#8787=CARTESIAN_POINT('',(0.002175,0.000943186633610997,6.54115469993377E-5));
#8788=CARTESIAN_POINT('',(0.003825,0.001,0.00031));
#8789=CARTESIAN_POINT('',(0.003825,0.001,7.99999999999981E-5));
#8790=CARTESIAN_POINT('',(0.0001,0.001,7.99999999999988E-5));
#8791=CARTESIAN_POINT('',(0.0001,0.001,8.E-5));
#8792=CARTESIAN_POINT('',(-4.9999999999998E-5,0.001,2.99999999999974E-5));
#8793=CARTESIAN_POINT('',(0.003825,0.001,0.00031));
#8794=CARTESIAN_POINT('',(7.5E-5,0.00085,5.49999999999989E-5));
#8795=CARTESIAN_POINT('',(0.000100000000000002,0.001,7.99999999999989E-5));
#8796=CARTESIAN_POINT('',(0.000100000000000002,0.00092,7.99999999999991E-5));
#8797=CARTESIAN_POINT('',(0.000100000000000001,0.00092,8.E-5));
#8798=CARTESIAN_POINT('',(0.0001625,0.001,7.99999999999989E-5));
#8799=CARTESIAN_POINT('',(0.0001625,0.00092,7.99999999999989E-5));
#8800=CARTESIAN_POINT('',(0.0004,0.00092,7.99999999999989E-5));
#8801=CARTESIAN_POINT('',(0.004325,0.001,7.99999999999978E-5));
#8802=CARTESIAN_POINT('',(0.0004,0.001,7.99999999999986E-5));
#8803=CARTESIAN_POINT('',(0.0004,0.001,7.99999999999989E-5));
#8804=CARTESIAN_POINT('',(0.0001625,0.00092,7.9999999999999E-5));
#8805=CARTESIAN_POINT('',(0.00045,0.0007,2.9999999999999E-5));
#8806=CARTESIAN_POINT('',(0.000675,0.0013,0.000109999999999998));
#8807=CARTESIAN_POINT('',(0.000675,0.0013,5.E-5));
#8808=CARTESIAN_POINT('',(0.000675,0.000919999999999985,-9.99200722162641E-19));
#8809=CARTESIAN_POINT('',(0.001675,0.00124577907539775,0.000170500231015465));
#8810=CARTESIAN_POINT('',(0.001675,0.001,0.00031));
#8811=CARTESIAN_POINT('',(0.001675,0.001,0.00031));
#8812=CARTESIAN_POINT('',(0.001675,0.00167372431776126,0.00031));
#8813=CARTESIAN_POINT('',(0.001675,0.00135,0.00031));
#8814=CARTESIAN_POINT('',(0.001675,0.00135,0.00031));
#8815=CARTESIAN_POINT('',(0.001675,0.0013,4.99999999999993E-5));
#8816=CARTESIAN_POINT('',(-7.49999999999986E-5,0.00085,5.49999999999989E-5));
#8817=CARTESIAN_POINT('',(0.000575,0.00085,5.49999999999988E-5));
#8818=CARTESIAN_POINT('',(0.0006,0.001,7.99999999999987E-5));
#8819=CARTESIAN_POINT('',(0.0006,0.00092,7.9999999999999E-5));
#8820=CARTESIAN_POINT('',(0.0006,0.001,7.99999999999988E-5));
#8821=CARTESIAN_POINT('',(0.0006,0.00092,8.E-5));
#8822=CARTESIAN_POINT('',(0.0006,0.001,8.E-5));
#8823=CARTESIAN_POINT('',(0.0006625,0.00092,7.99999999999989E-5));
#8824=CARTESIAN_POINT('',(0.0006625,0.00092,7.99999999999987E-5));
#8825=CARTESIAN_POINT('',(0.0009,0.00092,7.99999999999988E-5));
#8826=CARTESIAN_POINT('',(0.00095,0.0007,2.99999999999989E-5));
#8827=CARTESIAN_POINT('',(0.0006625,0.001,7.99999999999987E-5));
#8828=CARTESIAN_POINT('',(0.004325,0.001,7.9999999999998E-5));
#8829=CARTESIAN_POINT('',(0.004825,0.001,7.99999999999977E-5));
#8830=CARTESIAN_POINT('',(0.0009,0.001,7.99999999999986E-5));
#8831=CARTESIAN_POINT('',(0.0009,0.001,7.99999999999987E-5));
#8832=CARTESIAN_POINT('',(0.004325,0.001,0.00031));
#8833=CARTESIAN_POINT('',(0.00045,0.001,2.99999999999973E-5));
#8834=CARTESIAN_POINT('',(0.000325,0.001,0.000170500231015465));
#8835=CARTESIAN_POINT('',(0.000325,0.001,0.00031));
#8836=CARTESIAN_POINT('',(0.004325,0.001,0.00031));
#8837=CARTESIAN_POINT('',(0.004825,0.001,0.00031));
#8838=CARTESIAN_POINT('',(0.004825,0.001,7.99999999999978E-5));
#8839=CARTESIAN_POINT('',(0.0011,0.001,7.99999999999986E-5));
#8840=CARTESIAN_POINT('',(0.0011,0.001,8.E-5));
#8841=CARTESIAN_POINT('',(0.00095,0.001,2.99999999999971E-5));
#8842=CARTESIAN_POINT('',(0.004825,0.001,0.00031));
#8843=CARTESIAN_POINT('',(0.001075,0.00085,5.49999999999987E-5));
#8844=CARTESIAN_POINT('',(0.0011,0.001,7.99999999999986E-5));
#8845=CARTESIAN_POINT('',(0.0011,0.00092,7.99999999999986E-5));
#8846=CARTESIAN_POINT('',(0.0011,0.00092,7.99999999999987E-5));
#8847=CARTESIAN_POINT('',(0.0011625,0.001,7.99999999999986E-5));
#8848=CARTESIAN_POINT('',(0.0011625,0.00092,7.99999999999986E-5));
#8849=CARTESIAN_POINT('',(0.0014,0.00092,7.99999999999986E-5));
#8850=CARTESIAN_POINT('',(0.0011625,0.001,7.99999999999986E-5));
#8851=CARTESIAN_POINT('',(0.005325,0.001,7.99999999999976E-5));
#8852=CARTESIAN_POINT('',(0.0014,0.001,7.99999999999985E-5));
#8853=CARTESIAN_POINT('',(0.0014,0.001,7.99999999999985E-5));
#8854=CARTESIAN_POINT('',(0.0011625,0.00092,7.99999999999987E-5));
#8855=CARTESIAN_POINT('',(0.00145,0.0007,2.99999999999988E-5));
#8856=CARTESIAN_POINT('',(0.001425,0.00085,5.49999999999986E-5));
#8857=CARTESIAN_POINT('',(0.00145,0.001,2.9999999999997E-5));
#8858=CARTESIAN_POINT('',(0.001575,0.00085,5.49999999999986E-5));
#8859=CARTESIAN_POINT('',(0.0016,0.001,7.99999999999985E-5));
#8860=CARTESIAN_POINT('',(0.0016,0.00092,7.99999999999985E-5));
#8861=CARTESIAN_POINT('',(0.0016,0.001,7.99999999999989E-5));
#8862=CARTESIAN_POINT('',(0.0016,0.00092,7.99999999999986E-5));
#8863=CARTESIAN_POINT('',(0.0016,0.001,8.E-5));
#8864=CARTESIAN_POINT('',(0.0016625,0.00092,7.99999999999986E-5));
#8865=CARTESIAN_POINT('',(0.0016625,0.00092,7.99999999999985E-5));
#8866=CARTESIAN_POINT('',(0.0019,0.00092,7.99999999999984E-5));
#8867=CARTESIAN_POINT('',(0.00195,0.0007,2.99999999999986E-5));
#8868=CARTESIAN_POINT('',(0.0016625,0.001,7.99999999999985E-5));
#8869=CARTESIAN_POINT('',(0.005325,0.001,7.99999999999977E-5));
#8870=CARTESIAN_POINT('',(0.005825,0.001,7.99999999999974E-5));
#8871=CARTESIAN_POINT('',(0.0019,0.001,7.99999999999982E-5));
#8872=CARTESIAN_POINT('',(0.0019,0.001,7.99999999999985E-5));
#8873=CARTESIAN_POINT('',(0.005325,0.001,0.00031));
#8874=CARTESIAN_POINT('',(0.005325,0.001,0.00031));
#8875=CARTESIAN_POINT('',(0.005825,0.001,0.00031));
#8876=CARTESIAN_POINT('',(0.002175,0.001,0.00031));
#8877=CARTESIAN_POINT('',(0.002175,0.001,0.00031));
#8878=CARTESIAN_POINT('',(0.002175,0.001,7.99999999999983E-5));
#8879=CARTESIAN_POINT('',(0.005825,0.001,7.99999999999975E-5));
#8880=CARTESIAN_POINT('',(0.0021,0.001,7.99999999999983E-5));
#8881=CARTESIAN_POINT('',(0.0021,0.001,8.E-5));
#8882=CARTESIAN_POINT('',(0.00195,0.001,2.99999999999968E-5));
#8883=CARTESIAN_POINT('',(0.001825,0.001,0.000170500231015464));
#8884=CARTESIAN_POINT('',(0.001825,0.001,0.00031));
#8885=CARTESIAN_POINT('',(0.005825,0.001,0.00031));
#8886=CARTESIAN_POINT('',(0.002075,0.00085,5.49999999999984E-5));
#8887=CARTESIAN_POINT('',(0.0021,0.001,7.99999999999983E-5));
#8888=CARTESIAN_POINT('',(0.0021,0.00092,7.99999999999983E-5));
#8889=CARTESIAN_POINT('',(0.0021,0.00092,7.99999999999982E-5));
#8890=CARTESIAN_POINT('',(0.0021625,0.001,7.99999999999983E-5));
#8891=CARTESIAN_POINT('',(0.0021625,0.00092,7.99999999999983E-5));
#8892=CARTESIAN_POINT('',(0.0024,0.00092,7.99999999999982E-5));
#8893=CARTESIAN_POINT('',(0.0021625,0.001,7.99999999999983E-5));
#8894=CARTESIAN_POINT('',(0.002325,0.001,7.99999999999982E-5));
#8895=CARTESIAN_POINT('',(0.002825,0.001,7.9999999999998E-5));
#8896=CARTESIAN_POINT('',(0.0024,0.001,7.99999999999981E-5));
#8897=CARTESIAN_POINT('',(0.0024,0.001,7.99999999999982E-5));
#8898=CARTESIAN_POINT('',(0.0021625,0.00092,7.99999999999984E-5));
#8899=CARTESIAN_POINT('',(0.00245,0.0007,2.9999999999998E-5));
#8900=CARTESIAN_POINT('',(0.002425,0.00085,5.49999999999981E-5));
#8901=CARTESIAN_POINT('',(0.00245,0.001,2.9999999999996E-5));
#8902=CARTESIAN_POINT('',(0.0026625,0.001,7.9999999999998E-5));
#8903=CARTESIAN_POINT('',(0.0026625,0.00092,7.9999999999998E-5));
#8904=CARTESIAN_POINT('',(0.0029,0.00092,7.99999999999978E-5));
#8905=CARTESIAN_POINT('',(0.0026,0.00092,7.99999999999979E-5));
#8906=CARTESIAN_POINT('',(0.0026,0.001,7.9999999999998E-5));
#8907=CARTESIAN_POINT('',(0.0026,0.001,7.99999999999981E-5));
#8908=CARTESIAN_POINT('',(0.0026625,0.001,7.9999999999998E-5));
#8909=CARTESIAN_POINT('',(0.002675,0.001,7.9999999999998E-5));
#8910=CARTESIAN_POINT('',(0.0026625,0.001,7.9999999999998E-5));
#8911=CARTESIAN_POINT('',(0.002825,0.001,7.99999999999979E-5));
#8912=CARTESIAN_POINT('',(0.0026625,0.001,7.9999999999998E-5));
#8913=CARTESIAN_POINT('',(0.0029,0.001,7.99999999999979E-5));
#8914=CARTESIAN_POINT('',(0.0029,0.00085,7.99999999999978E-5));
#8915=CARTESIAN_POINT('',(0.002675,0.00124577907539775,0.000170500231015464));
#8916=CARTESIAN_POINT('',(0.002675,0.001,0.00031));
#8917=CARTESIAN_POINT('',(0.002675,0.001,0.00031));
#8918=CARTESIAN_POINT('',(0.002675,0.00167372431776126,0.00031));
#8919=CARTESIAN_POINT('',(0.002675,0.00135,0.00031));
#8920=CARTESIAN_POINT('',(0.002675,0.00135,0.00031));
#8921=CARTESIAN_POINT('',(0.002675,0.00135,0.00016));
#8922=CARTESIAN_POINT('',(0.002675,0.00135,0.000109999999999998));
#8923=CARTESIAN_POINT('',(0.002675,0.0013,0.000109999999999998));
#8924=CARTESIAN_POINT('',(0.002675,0.0013,0.000170500231015464));
#8925=CARTESIAN_POINT('',(0.002675,0.0013,5.00000000000036E-5));
#8926=CARTESIAN_POINT('',(0.002675,0.0013,4.99999999999987E-5));
#8927=CARTESIAN_POINT('',(0.002675,0.00125,-1.85679108807152E-18));
#8928=CARTESIAN_POINT('',(0.002675,0.00125,-1.88737914186277E-18));
#8929=CARTESIAN_POINT('',(0.002675,0.000919999999999986,-1.80400616320297E-18));
#8930=CARTESIAN_POINT('',(0.002675,0.000919999999999986,0.000170500231015464));
#8931=CARTESIAN_POINT('',(0.002675,0.000919999999999987,3.619548911246E-5));
#8932=CARTESIAN_POINT('',(0.002675,0.000949999999999987,3.619548911246E-5));
#8933=CARTESIAN_POINT('',(0.002675,0.000943186633610997,6.54115469993373E-5));
#8934=CARTESIAN_POINT('',(0.002675,0.000943186633610997,6.54115469993374E-5));
#8935=CARTESIAN_POINT('',(0.002675,0.001,7.86607773540631E-5));
#8936=CARTESIAN_POINT('',(0.002675,0.001,7.86607773540631E-5));
#8937=CARTESIAN_POINT('',(0.002825,0.001,7.8660777354063E-5));
#8938=CARTESIAN_POINT('',(0.002675,0.001,7.86607773540631E-5));
#8939=CARTESIAN_POINT('',(0.002825,0.001,7.86607773540631E-5));
#8940=CARTESIAN_POINT('',(0.002825,0.001,0.000170500231015464));
#8941=CARTESIAN_POINT('',(0.002825,0.00124577907539775,0.000170500231015464));
#8942=CARTESIAN_POINT('',(0.002825,0.000943186633610997,6.54115469993374E-5));
#8943=CARTESIAN_POINT('',(0.002825,0.000943186633610997,6.54115469993373E-5));
#8944=CARTESIAN_POINT('',(0.002825,0.000949999999999987,3.61954891124599E-5));
#8945=CARTESIAN_POINT('',(0.002825,0.000919999999999987,3.61954891124599E-5));
#8946=CARTESIAN_POINT('',(0.002825,0.000919999999999986,-1.81070436422459E-18));
#8947=CARTESIAN_POINT('',(0.002825,0.000919999999999986,-1.83236672363085E-18));
#8948=CARTESIAN_POINT('',(0.002825,0.00124577907539775,-1.89735380184964E-18));
#8949=CARTESIAN_POINT('',(0.002825,0.00124999999999999,-1.90514108395351E-18));
#8950=CARTESIAN_POINT('',(0.002825,0.0013,4.99999999999988E-5));
#8951=CARTESIAN_POINT('',(0.002825,0.0013,4.99999999999988E-5));
#8952=CARTESIAN_POINT('',(0.002825,0.0013,0.000109999999999998));
#8953=CARTESIAN_POINT('',(0.002825,0.0013,0.000109999999999998));
#8954=CARTESIAN_POINT('',(0.002825,0.00135,0.000109999999999998));
#8955=CARTESIAN_POINT('',(0.002825,0.00135,0.00016));
#8956=CARTESIAN_POINT('',(0.002825,0.00135,0.000170500231015464));
#8957=CARTESIAN_POINT('',(0.002825,0.00135,0.00031));
#8958=CARTESIAN_POINT('',(0.002825,0.00124577907539775,0.00031));
#8959=CARTESIAN_POINT('',(0.002825,0.001,0.00031));
#8960=CARTESIAN_POINT('',(0.002825,0.001,0.000170500231015464));
#8961=CARTESIAN_POINT('',(0.002825,0.001,0.00031));
#8962=CARTESIAN_POINT('',(0.00085,0.001,0.00031));
#8963=CARTESIAN_POINT('',(0.00377,0.001,0.00031));
#8964=CARTESIAN_POINT('',(0.0038,0.001,0.00031));
#8965=CARTESIAN_POINT('',(0.0039,0.001,0.00031));
#8966=CARTESIAN_POINT('',(0.0039,0.001,0.000675));
#8967=CARTESIAN_POINT('',(0.004,0.001,0.00031));
#8968=CARTESIAN_POINT('',(0.004,0.001,7.99999999999975E-5));
#8969=CARTESIAN_POINT('',(0.004,0.001,7.99999999999975E-5));
#8970=CARTESIAN_POINT('',(0.0034525,0.001,7.99999999999976E-5));
#8971=CARTESIAN_POINT('',(0.0034525,0.001,0.00031));
#8972=CARTESIAN_POINT('',(0.002925,0.001,5.49999999999979E-5));
#8973=CARTESIAN_POINT('',(0.0035275,-0.001825,0.000615));
#8974=CARTESIAN_POINT('',(0.0034525,-0.0019,0.00013));
#8975=CARTESIAN_POINT('',(0.0035025,-0.00185,0.00018));
#8976=CARTESIAN_POINT('',(0.0035275,-0.001825,0.00018));
#8977=CARTESIAN_POINT('',(0.0036025,-0.00175,0.00018));
#8978=CARTESIAN_POINT('',(0.0036025,-0.00175,0.000615));
#8979=CARTESIAN_POINT('',(0.0034775,-0.00135,0.000155));
#8980=CARTESIAN_POINT('',(0.0034525,-0.00135,0.00013));
#8981=CARTESIAN_POINT('',(0.0034525,-0.0008,0.00013));
#8982=CARTESIAN_POINT('',(0.0035025,-0.0008,0.00018));
#8983=CARTESIAN_POINT('',(0.0035025,-0.0008,0.00018));
#8984=CARTESIAN_POINT('',(0.0035025,-0.00135,0.00018));
#8985=CARTESIAN_POINT('',(0.0034525,-0.0019,2.99999999999979E-5));
#8986=CARTESIAN_POINT('',(0.0034525,0.001,7.99999999999976E-5));
#8987=CARTESIAN_POINT('',(0.0034525,-0.0008,7.99999999999979E-5));
#8988=CARTESIAN_POINT('',(0.0034525,-0.0008,2.99999999999978E-5));
#8989=CARTESIAN_POINT('',(0.004,0.001,7.99999999999975E-5));
#8990=CARTESIAN_POINT('',(0.00343367832868971,-0.0008,7.99999999999979E-5));
#8991=CARTESIAN_POINT('',(0.004,-0.0008,7.99999999999978E-5));
#8992=CARTESIAN_POINT('',(0.004,0.000694863,7.99999999999976E-5));
#8993=CARTESIAN_POINT('',(0.00343367832868971,-0.0008,0.000556369515364616));
#8994=CARTESIAN_POINT('',(0.004,-0.0008,0.000556369515364616));
#8995=CARTESIAN_POINT('',(0.004,-0.0008,0.00018));
#8996=CARTESIAN_POINT('',(0.00343367832868971,-0.0008,0.00018));
#8997=CARTESIAN_POINT('',(0.0036025,-0.0008,0.00018));
#8998=CARTESIAN_POINT('',(0.0034525,-0.0008,0.00018));
#8999=CARTESIAN_POINT('',(0.0038,-0.0008,0.00018));
#9000=CARTESIAN_POINT('',(0.004,-0.0008,0.00018));
#9001=CARTESIAN_POINT('',(0.004,-0.001,0.00033));
#9002=CARTESIAN_POINT('',(0.0038,-0.001,0.00033));
#9003=CARTESIAN_POINT('',(0.0036025,-0.001,0.00033));
#9004=CARTESIAN_POINT('',(0.0036025,-0.0008,0.00018));
#9005=CARTESIAN_POINT('',(0.0034525,-0.0019,0.00018));
#9006=CARTESIAN_POINT('',(0.0036025,7.49362304206371E-5,0.00018));
#9007=CARTESIAN_POINT('',(0.0036025,7.49362304206371E-5,0.000402847335292077));
#9008=CARTESIAN_POINT('',(0.0036025,-0.001,0.00033));
#9009=CARTESIAN_POINT('',(0.0038,-0.001,0.00033));
#9010=CARTESIAN_POINT('',(0.003765,-0.001,0.00082));
#9011=CARTESIAN_POINT('',(0.003765,-0.001,0.00082));
#9012=CARTESIAN_POINT('',(0.003615,-0.001,0.00082));
#9013=CARTESIAN_POINT('',(0.003765,-0.001,0.00033));
#9014=CARTESIAN_POINT('',(0.003765,-0.001,0.00051));
#9015=CARTESIAN_POINT('',(0.003765,-0.001,0.00051));
#9016=CARTESIAN_POINT('',(0.003615,-0.001,0.00051));
#9017=CARTESIAN_POINT('',(0.003615,-0.001,0.000375201));
#9018=CARTESIAN_POINT('',(0.004,-0.001,0.000841614));
#9019=CARTESIAN_POINT('',(0.003765,-0.00115,6.78271361313559E-5));
#9020=CARTESIAN_POINT('',(0.003765,-0.00114777996931896,1.78764458080414E-5));
#9021=CARTESIAN_POINT('',(0.003765,-0.00114777996931896,1.78764458080423E-5));
#9022=CARTESIAN_POINT('',(0.003615,-0.00114777996931896,1.78764458080434E-5));
#9023=CARTESIAN_POINT('',(0.003615,-0.00115,6.78271361313559E-5));
#9024=CARTESIAN_POINT('',(0.003615,-0.0011,6.7827136131356E-5));
#9025=CARTESIAN_POINT('',(0.003765,-0.0011,6.78271361313559E-5));
#9026=CARTESIAN_POINT('',(0.003765,-0.0011,6.78271361313559E-5));
#9027=CARTESIAN_POINT('',(0.003765,-0.00115,6.78271361313559E-5));
#9028=CARTESIAN_POINT('',(0.003765,-0.00114777996931896,1.78764458080455E-5));
#9029=CARTESIAN_POINT('',(0.003765,-0.00155,-1.93462325152882E-18));
#9030=CARTESIAN_POINT('',(0.003765,-0.00155,-2.06084451949392E-18));
#9031=CARTESIAN_POINT('',(0.003615,-0.00155,-1.89767838487502E-18));
#9032=CARTESIAN_POINT('',(0.003615,-0.00114777996931896,1.78764458080455E-5));
#9033=CARTESIAN_POINT('',(0.003765,-0.00155,-2.16840434497101E-18));
#9034=CARTESIAN_POINT('',(0.003765,-0.00155,-2.1094237467878E-18));
#9035=CARTESIAN_POINT('',(0.003765,-0.0016,5.E-5));
#9036=CARTESIAN_POINT('',(0.003765,-0.0016,5.E-5));
#9037=CARTESIAN_POINT('',(0.003615,-0.0016,5.00000000000009E-5));
#9038=CARTESIAN_POINT('',(0.003615,-0.00155,-2.07507622196346E-18));
#9039=CARTESIAN_POINT('',(0.003765,-0.0016,4.99999999999986E-5));
#9040=CARTESIAN_POINT('',(0.003765,-0.0016,4.99999999999986E-5));
#9041=CARTESIAN_POINT('',(0.003765,-0.0016,0.000119999999999998));
#9042=CARTESIAN_POINT('',(0.003765,-0.0016,0.000119999999999998));
#9043=CARTESIAN_POINT('',(0.003615,-0.0016,0.000119999999999998));
#9044=CARTESIAN_POINT('',(0.003615,-0.0016,0.000375201));
#9045=CARTESIAN_POINT('',(0.003765,-0.0016,4.99999999999986E-5));
#9046=CARTESIAN_POINT('',(0.003765,-0.00165,0.000119999999999998));
#9047=CARTESIAN_POINT('',(0.003765,-0.00165,0.00017));
#9048=CARTESIAN_POINT('',(0.003765,-0.00165,0.00017));
#9049=CARTESIAN_POINT('',(0.003615,-0.00165,0.00017));
#9050=CARTESIAN_POINT('',(0.003615,-0.00165,0.000119999999999998));
#9051=CARTESIAN_POINT('',(0.003765,-0.00165,0.000119999999999998));
#9052=CARTESIAN_POINT('',(0.003765,-0.00165,0.00017));
#9053=CARTESIAN_POINT('',(0.003765,-0.001825,0.00017));
#9054=CARTESIAN_POINT('',(0.003765,-0.001825,0.00017));
#9055=CARTESIAN_POINT('',(0.003615,-0.001825,0.00017));
#9056=CARTESIAN_POINT('',(0.003615,-0.001464196,0.00017));
#9057=CARTESIAN_POINT('',(0.003765,-0.00165,0.00017));
#9058=CARTESIAN_POINT('',(0.003765,-0.001825,0.00017));
#9059=CARTESIAN_POINT('',(0.003765,-0.001825,0.00037));
#9060=CARTESIAN_POINT('',(0.003765,-0.001825,0.00037));
#9061=CARTESIAN_POINT('',(0.003615,-0.001825,0.00037));
#9062=CARTESIAN_POINT('',(0.003615,-0.001825,0.00017));
#9063=CARTESIAN_POINT('',(0.003765,-0.001825,0.000397842849918334));
#9064=CARTESIAN_POINT('',(0.003765,-0.001825,0.00037));
#9065=CARTESIAN_POINT('',(0.003765,-0.0018,0.00037));
#9066=CARTESIAN_POINT('',(0.003765,-0.0018,0.00037));
#9067=CARTESIAN_POINT('',(0.003615,-0.0018,0.00037));
#9068=CARTESIAN_POINT('',(0.003615,-0.001825,0.00037));
#9069=CARTESIAN_POINT('',(0.003765,-0.00122889738369333,0.00037));
#9070=CARTESIAN_POINT('',(0.003765,-0.0018,0.00042));
#9071=CARTESIAN_POINT('',(0.003765,-0.00175,0.00042));
#9072=CARTESIAN_POINT('',(0.003765,-0.00175,0.00042));
#9073=CARTESIAN_POINT('',(0.003615,-0.00175,0.00042));
#9074=CARTESIAN_POINT('',(0.003615,-0.0018,0.00042));
#9075=CARTESIAN_POINT('',(0.003765,-0.0018,0.00042));
#9076=CARTESIAN_POINT('',(0.003765,-0.00175,0.00042));
#9077=CARTESIAN_POINT('',(0.003765,-0.00175,0.00047));
#9078=CARTESIAN_POINT('',(0.003765,-0.00175,0.00047));
#9079=CARTESIAN_POINT('',(0.003615,-0.00175,0.00047));
#9080=CARTESIAN_POINT('',(0.003615,-0.00175,0.000375201));
#9081=CARTESIAN_POINT('',(0.003765,-0.00175,0.00042));
#9082=CARTESIAN_POINT('',(0.003765,-0.0018,0.00047));
#9083=CARTESIAN_POINT('',(0.003765,-0.0018,0.00052));
#9084=CARTESIAN_POINT('',(0.003765,-0.0018,0.00052));
#9085=CARTESIAN_POINT('',(0.003615,-0.0018,0.00052));
#9086=CARTESIAN_POINT('',(0.003615,-0.0018,0.00047));
#9087=CARTESIAN_POINT('',(0.003765,-0.0018,0.00047));
#9088=CARTESIAN_POINT('',(0.003765,-0.0018,0.00052));
#9089=CARTESIAN_POINT('',(0.003765,-0.0019,0.00052));
#9090=CARTESIAN_POINT('',(0.003765,-0.0019,0.00052));
#9091=CARTESIAN_POINT('',(0.003615,-0.0019,0.00052));
#9092=CARTESIAN_POINT('',(0.003615,-0.0018,0.00052));
#9093=CARTESIAN_POINT('',(0.003765,-0.00122889738369333,0.00052));
#9094=CARTESIAN_POINT('',(0.003765,-0.0019,0.00052));
#9095=CARTESIAN_POINT('',(0.003765,-0.0019,0.00082));
#9096=CARTESIAN_POINT('',(0.003765,-0.0019,0.00082));
#9097=CARTESIAN_POINT('',(0.003615,-0.0019,0.00082));
#9098=CARTESIAN_POINT('',(0.003615,-0.0019,0.000375201));
#9099=CARTESIAN_POINT('',(0.003765,-0.0019,0.00052));
#9100=CARTESIAN_POINT('',(0.003765,-0.0011,0.00046));
#9101=CARTESIAN_POINT('',(0.003615,-0.0011,0.000375201));
#9102=CARTESIAN_POINT('',(0.003615,-0.0011,0.00046));
#9103=CARTESIAN_POINT('',(0.003765,-0.0011,0.00046));
#9104=CARTESIAN_POINT('',(0.003765,-0.0011,0.00046));
#9105=CARTESIAN_POINT('',(0.003765,-0.0011,0.00046));
#9106=CARTESIAN_POINT('',(0.003765,0.0008,0.00082));
#9107=CARTESIAN_POINT('',(0.003765,0.0008,0.00082));
#9108=CARTESIAN_POINT('',(0.003615,-0.001464196,0.00082));
#9109=CARTESIAN_POINT('',(0.003765,-0.00122889738369333,0.000397842849918334));
#9110=CARTESIAN_POINT('',(0.003765,-0.00105,0.00046));
#9111=CARTESIAN_POINT('',(0.003765,-0.00105,0.00051));
#9112=CARTESIAN_POINT('',(0.003765,-0.0011,0.00051));
#9113=CARTESIAN_POINT('',(0.003615,-0.001464196,0.000375201));
#9114=CARTESIAN_POINT('',(0.003615,-0.001464196,0.00051));
#9115=CARTESIAN_POINT('',(0.003615,-0.00105,0.00051));
#9116=CARTESIAN_POINT('',(0.003615,-0.00105,0.00046));
#9117=CARTESIAN_POINT('',(0.003765,-0.0011,0.00051));
#9118=CARTESIAN_POINT('',(0.003765,-0.00105,0.00051));
#9119=CARTESIAN_POINT('',(0.003765,-0.00105,0.00046));
#9120=CARTESIAN_POINT('',(0.004,0.000694863,0.000841614));
#9121=CARTESIAN_POINT('',(0.001675,0.0013,4.99999999999994E-5));
#9122=CARTESIAN_POINT('',(0.001825,0.0013,4.99999999999994E-5));
#9123=CARTESIAN_POINT('',(0.003265,-0.0018,0.00105));
#9124=CARTESIAN_POINT('',(0.003265,-0.00165,0.00072));
#9125=CARTESIAN_POINT('',(0.003265,-0.00178,0.000893333333333331));
#9126=CARTESIAN_POINT('',(0.003265,-0.0007,0.00069));
#9127=CARTESIAN_POINT('',(0.003265,-0.0018,0.00033));
#9128=CARTESIAN_POINT('',(0.003265,-0.0007,0.00033));
#9129=CARTESIAN_POINT('',(0.003265,-0.0007,0.00033));
#9130=CARTESIAN_POINT('',(0.003265,-0.00120000000000001,0.0003));
#9131=CARTESIAN_POINT('',(0.003265,-7.00000000000008E-5,0.0003));
#9132=CARTESIAN_POINT('',(0.003265,-0.00163,0.0003));
#9133=CARTESIAN_POINT('',(0.003265,-0.00163,0.0003));
#9134=CARTESIAN_POINT('',(0.003265,-0.00178,0.000188888888888887));
#9135=CARTESIAN_POINT('',(0.003265,-0.00178,0.000575));
#9136=CARTESIAN_POINT('',(0.003335,-0.00185,0.000575));
#9137=CARTESIAN_POINT('',(0.003285,-0.0018,0.00092));
#9138=CARTESIAN_POINT('',(0.003285,-0.0018,0.00092));
#9139=CARTESIAN_POINT('',(0.003265,-0.00178,0.000188888888888887));
#9140=CARTESIAN_POINT('',(0.003285,-0.0018,0.00092));
#9141=CARTESIAN_POINT('',(0.007265,-0.00163,0.0003));
#9142=CARTESIAN_POINT('',(0.007265,-0.00163,0.0003));
#9143=CARTESIAN_POINT('',(0.0063375,-7.00000000000008E-5,0.0003));
#9144=CARTESIAN_POINT('',(0.0063375,-0.0012,0.0003));
#9145=CARTESIAN_POINT('',(0.007285,-0.0012,0.0003));
#9146=CARTESIAN_POINT('',(0.007285,-0.0007,0.00033));
#9147=CARTESIAN_POINT('',(0.007085,-0.0006,0.00033));
#9148=CARTESIAN_POINT('',(0.001325,0.001,7.86607773540636E-5));
#9149=CARTESIAN_POINT('',(0.000325,0.00124577907539775,0.000170500231015465));
#9150=CARTESIAN_POINT('',(0.000325,0.00135,0.00031));
#9151=CARTESIAN_POINT('',(0.000325,0.00135,0.00031));
#9152=CARTESIAN_POINT('',(0.000325,0.00167372431776126,0.00031));
#9153=CARTESIAN_POINT('',(0.007265,-0.0007,0.00069));
#9154=CARTESIAN_POINT('',(0.000675,0.0013,5.E-5));
#9155=CARTESIAN_POINT('',(0.007285,-0.00165,0.00072));
#9156=CARTESIAN_POINT('',(0.007285,-0.0018,0.00092));
#9157=CARTESIAN_POINT('',(0.021785,-0.0018,0.00092));
#9158=CARTESIAN_POINT('',(0.001675,0.00135,0.00031));
#9159=CARTESIAN_POINT('',(0.001675,0.00135,0.00031));
#9160=CARTESIAN_POINT('',(0.001825,0.00135,0.00031));
#9161=CARTESIAN_POINT('',(0.001825,0.00135,0.00031));
#9162=CARTESIAN_POINT('',(0.00385,0.00095,0.000675));
#9163=CARTESIAN_POINT('',(0.0038,0.0009,0.00031));
#9164=CARTESIAN_POINT('',(0.0038,0.0009,0.00031));
#9165=CARTESIAN_POINT('',(0.0038,0.0009,0.00029));
#9166=CARTESIAN_POINT('',(0.0038,0.0009,0.000841614));
#9167=CARTESIAN_POINT('',(0.0038,0.000694863,0.000841614));
#9168=CARTESIAN_POINT('',(0.0038,-2.00000000000009E-5,0.000841614));
#9169=CARTESIAN_POINT('',(0.0078,-2.00000000000009E-5,0.00105));
#9170=CARTESIAN_POINT('',(0.00275,0.0009,0.00029));
#9171=CARTESIAN_POINT('',(0.0038,0.0009,0.00031));
#9172=CARTESIAN_POINT('',(0.00377,0.0009,0.00031));
#9173=CARTESIAN_POINT('',(0.00377,0.0009,-0.000794708));
#9174=CARTESIAN_POINT('',(0.00377,0.00104560231776126,-0.000794708));
#9175=CARTESIAN_POINT('',(0.00377,0.00029,0.00031));
#9176=CARTESIAN_POINT('',(0.00377,0.00167372431776126,0.00031));
#9177=CARTESIAN_POINT('',(0.00377,0.00165,0.00047));
#9178=CARTESIAN_POINT('',(0.00377,0.0019,0.0006));
#9179=CARTESIAN_POINT('',(0.00377,0.0019,-0.000794708));
#9180=CARTESIAN_POINT('',(0.00377,0.0019,0.00089));
#9181=CARTESIAN_POINT('',(0.00377,0.00104560231776126,0.00089));
#9182=CARTESIAN_POINT('',(0.00377,0.00046,-0.000794708));
#9183=CARTESIAN_POINT('',(0.0038,0.00029,0.00031));
#9184=CARTESIAN_POINT('',(0.002825,0.001,0.00031));
#9185=CARTESIAN_POINT('',(0.0026,0.001,7.99999999999985E-5));
#9186=CARTESIAN_POINT('',(0.002325,0.001,0.00031));
#9187=CARTESIAN_POINT('',(0.002325,0.001,0.00031));
#9188=CARTESIAN_POINT('',(0.002825,0.001,0.00031));
#9189=CARTESIAN_POINT('',(0.002925,0.00085,5.49999999999979E-5));
#9190=CARTESIAN_POINT('',(0.00295,0.0007,2.99999999999978E-5));
#9191=CARTESIAN_POINT('',(0.002575,0.00085,5.49999999999981E-5));
#9192=CARTESIAN_POINT('',(0.0026,0.00092,7.99999999999979E-5));
#9193=CARTESIAN_POINT('',(0.0026625,0.00092,7.99999999999981E-5));
#9194=CARTESIAN_POINT('',(0.001825,0.00124577907539775,0.000170500231015464));
#9195=CARTESIAN_POINT('',(0.001825,0.00167372431776126,0.00031));
#9196=CARTESIAN_POINT('',(0.001925,0.00085,5.49999999999984E-5));
#9197=CARTESIAN_POINT('',(0.000925,0.00085,5.49999999999987E-5));
#9198=CARTESIAN_POINT('',(0.000425,0.00085,5.49999999999988E-5));
#9199=CARTESIAN_POINT('',(0.00085,0.00167372431776126,0.00031));
#9200=CARTESIAN_POINT('',(0.002675,0.00135,0.00031));
#9201=CARTESIAN_POINT('',(0.002325,0.00124577907539775,0.00031));
#9202=CARTESIAN_POINT('',(0.002325,0.00135,0.00031));
#9203=CARTESIAN_POINT('',(0.002175,0.00135,0.00031));
#9204=CARTESIAN_POINT('',(0.002175,0.00135,0.00031));
#9205=CARTESIAN_POINT('',(0.002175,0.00167372431776126,0.00031));
#9206=CARTESIAN_POINT('',(0.000175,0.00135,0.00031));
#9207=CARTESIAN_POINT('',(0.002175,0.00125,-1.55431223447522E-18));
#9208=CARTESIAN_POINT('',(0.002325,0.00125,-1.58865975929956E-18));
#9209=CARTESIAN_POINT('',(0.002175,0.00125,-1.55431223447522E-18));
#9210=CARTESIAN_POINT('',(-0.00715,0.0019,0.0006));
#9211=CARTESIAN_POINT('',(0.00617,0.0019,0.0006));
#9212=CARTESIAN_POINT('',(0.00617,0.0019,0.00094));
#9213=CARTESIAN_POINT('',(0.00675,0.0019,0.00094));
#9214=CARTESIAN_POINT('',(0.00372,0.0019,0.00094));
#9215=CARTESIAN_POINT('',(0.00372,0.0019,0.00094));
#9216=CARTESIAN_POINT('',(0.003745,0.00160372431776126,0.000915));
#9217=CARTESIAN_POINT('',(0.00372,0.000533724317761256,0.00094));
#9218=CARTESIAN_POINT('',(0.000175,0.00135,0.00031));
#9219=CARTESIAN_POINT('',(0.00625,0.00046,0.00089));
#9220=CARTESIAN_POINT('',(0.00675,0.000533724317761256,0.00094));
#9221=CARTESIAN_POINT('',(0.002675,0.00135,0.00031));
#9222=CARTESIAN_POINT('',(0.002675,0.00135,0.00016));
#9223=CARTESIAN_POINT('',(0.002675,0.00135,0.000109999999999998));
#9224=CARTESIAN_POINT('',(0.002675,0.0013,0.000109999999999998));
#9225=CARTESIAN_POINT('',(0.002675,0.0013,0.000109999999999998));
#9226=CARTESIAN_POINT('',(0.002675,0.0013,4.99999999999987E-5));
#9227=CARTESIAN_POINT('',(0.002675,0.0013,4.99999999999988E-5));
#9228=CARTESIAN_POINT('',(0.002675,0.00125,-1.88737914186277E-18));
#9229=CARTESIAN_POINT('',(0.002675,0.00125,-1.88737914186277E-18));
#9230=CARTESIAN_POINT('',(0.002675,0.000919999999999986,-1.77635683940025E-18));
#9231=CARTESIAN_POINT('',(0.002675,0.000919999999999986,-1.77635683940025E-18));
#9232=CARTESIAN_POINT('',(0.002675,0.000919999999999987,3.619548911246E-5));
#9233=CARTESIAN_POINT('',(0.002675,0.000949999999999987,3.619548911246E-5));
#9234=CARTESIAN_POINT('',(0.002675,0.000943186633610997,6.54115469993374E-5));
#9235=CARTESIAN_POINT('',(0.002675,0.000943186633610997,6.54115469993374E-5));
#9236=CARTESIAN_POINT('',(0.002325,0.00124577907539775,0.000170500231015464));
#9237=CARTESIAN_POINT('',(0.002325,0.001,0.000170500231015464));
#9238=CARTESIAN_POINT('',(0.002325,0.0013,0.000109999999999998));
#9239=CARTESIAN_POINT('',(0.002325,0.0013,0.000109999999999998));
#9240=CARTESIAN_POINT('',(0.002325,0.00135,0.000109999999999998));
#9241=CARTESIAN_POINT('',(0.002325,0.00135,0.00016));
#9242=CARTESIAN_POINT('',(0.002325,0.00135,0.00031));
#9243=CARTESIAN_POINT('',(0.002325,0.001,7.86607773540633E-5));
#9244=CARTESIAN_POINT('',(0.002175,0.001,7.86607773540633E-5));
#9245=CARTESIAN_POINT('',(0.002175,0.00124577907539775,0.000170500231015464));
#9246=CARTESIAN_POINT('',(0.002175,0.00135,0.00031));
#9247=CARTESIAN_POINT('',(0.002175,0.00135,0.00016));
#9248=CARTESIAN_POINT('',(0.002175,0.00135,0.000109999999999998));
#9249=CARTESIAN_POINT('',(0.002175,0.0013,0.000109999999999998));
#9250=CARTESIAN_POINT('',(0.002175,0.0013,0.000170500231015464));
#9251=CARTESIAN_POINT('',(0.002175,0.00135,0.00031));
#9252=CARTESIAN_POINT('',(0.002175,0.00135,0.00016));
#9253=CARTESIAN_POINT('',(0.002175,0.00135,0.000109999999999998));
#9254=CARTESIAN_POINT('',(0.002175,0.0013,0.000109999999999998));
#9255=CARTESIAN_POINT('',(0.002175,0.0013,0.000109999999999998));
#9256=MECHANICAL_DESIGN_GEOMETRIC_PRESENTATION_REPRESENTATION('',(#5747,
#12,#13,#14),#9257);
#9257=(
GEOMETRIC_REPRESENTATION_CONTEXT(3)
GLOBAL_UNCERTAINTY_ASSIGNED_CONTEXT((#9258))
GLOBAL_UNIT_ASSIGNED_CONTEXT((#9261,#9260,#9259))
REPRESENTATION_CONTEXT('FH34SRJ-12S-0.5SH','TOP_LEVEL_ASSEMBLY_PART')
);
#9258=UNCERTAINTY_MEASURE_WITH_UNIT(LENGTH_MEASURE(2.E-5),#9261,
'DISTANCE_ACCURACY_VALUE','Maximum Tolerance applied to model');
#9259=(
NAMED_UNIT(*)
SI_UNIT($,.STERADIAN.)
SOLID_ANGLE_UNIT()
);
#9260=(
NAMED_UNIT(*)
PLANE_ANGLE_UNIT()
SI_UNIT($,.RADIAN.)
);
#9261=(
LENGTH_UNIT()
NAMED_UNIT(*)
SI_UNIT($,.METRE.)
);
#9262=PRODUCT_DEFINITION_SHAPE('','',#9263);
#9263=PRODUCT_DEFINITION('','',#9265,#9264);
#9264=PRODUCT_DEFINITION_CONTEXT('',#9271,'design');
#9265=PRODUCT_DEFINITION_FORMATION_WITH_SPECIFIED_SOURCE('','',#9267,
 .NOT_KNOWN.);
#9266=PRODUCT_RELATED_PRODUCT_CATEGORY('','',(#9267));
#9267=PRODUCT('FH34SRJ-12S-0.5SH','FH34SRJ-12S-0.5SH',
'FH34SRJ-12S-0.5SH',(#9269));
#9268=PRODUCT_CATEGORY('','');
#9269=PRODUCT_CONTEXT('',#9271,'mechanical');
#9270=APPLICATION_PROTOCOL_DEFINITION('international standard',
'ap242_managed_model_based_3d_engineering',2020,#9271);
#9271=APPLICATION_CONTEXT('managed model based 3d engineering');
ENDSEC;
END-ISO-10303-21;
