ISO-10303-21;
HEADER;
FILE_DESCRIPTION(('FreeCAD Model'),'2;1');
FILE_NAME('Open CASCADE Shape Model','2026-09-10T19:47:52',('FreeCAD'),(
    'FreeCAD'),'Open CASCADE STEP processor 7.8','FreeCAD','Unknown');
FILE_SCHEMA(('AUTOMOTIVE_DESIGN { 1 0 10303 214 1 1 1 1 }'));
ENDSEC;
DATA;
#1 = APPLICATION_PROTOCOL_DEFINITION('international standard',
  'automotive_design',2000,#2);
#2 = APPLICATION_CONTEXT(
  'core data for automotive mechanical design processes');
#3 = SHAPE_DEFINITION_REPRESENTATION(#4,#10);
#4 = PRODUCT_DEFINITION_SHAPE('','',#5);
#5 = PRODUCT_DEFINITION('design','',#6,#9);
#6 = PRODUCT_DEFINITION_FORMATION('','',#7);
#7 = PRODUCT('Open CASCADE STEP translator 7.8 1',
  'Open CASCADE STEP translator 7.8 1','',(#8));
#8 = PRODUCT_CONTEXT('',#2,'mechanical');
#9 = PRODUCT_DEFINITION_CONTEXT('part definition',#2,'design');
#10 = ADVANCED_BREP_SHAPE_REPRESENTATION('',(#11,#15),#5734);
#11 = AXIS2_PLACEMENT_3D('',#12,#13,#14);
#12 = CARTESIAN_POINT('',(0.,0.,0.));
#13 = DIRECTION('',(0.,0.,1.));
#14 = DIRECTION('',(1.,0.,-0.));
#15 = MANIFOLD_SOLID_BREP('',#16);
#16 = CLOSED_SHELL('',(#17,#125,#377,#410,#635,#668,#750,#849,#1093,
    #1118,#1317,#1342,#1586,#1608,#1639,#1656,#1689,#1717,#1750,#1767,
    #1784,#1796,#1821,#1834,#1851,#1868,#1885,#1920,#1953,#2070,#2094,
    #2204,#2244,#2277,#2307,#2331,#2348,#2365,#2382,#2399,#2416,#2433,
    #2450,#2467,#2484,#2496,#2508,#2525,#2542,#2559,#2576,#2593,#2610,
    #2675,#2726,#2759,#2800,#2818,#2859,#2913,#2938,#2962,#2974,#2991,
    #3209,#3226,#3259,#3287,#3319,#3336,#3353,#3370,#3387,#3404,#3421,
    #3438,#3455,#3472,#3489,#3501,#3521,#3540,#3557,#3574,#3586,#3603,
    #3620,#3637,#3670,#3682,#3694,#3706,#3723,#3740,#3757,#3774,#3791,
    #3808,#3820,#3853,#3885,#3897,#3922,#3946,#3958,#3970,#3987,#4004,
    #4021,#4038,#4055,#4072,#4084,#4101,#4118,#4135,#4156,#4168,#4185,
    #4202,#4219,#4288,#4328,#4376,#4425,#4568,#4592,#4735,#4768,#4801,
    #4822,#4854,#4875,#4892,#4909,#4988,#5037,#5108,#5127,#5186,#5232,
    #5249,#5266,#5336,#5379,#5450,#5469,#5528,#5545,#5562,#5579,#5596,
    #5613,#5630,#5647,#5664,#5676,#5693,#5710,#5722));
#17 = ADVANCED_FACE('',(#18),#120,.F.);
#18 = FACE_BOUND('',#19,.T.);
#19 = EDGE_LOOP('',(#20,#30,#38,#47,#55,#64,#72,#80,#88,#97,#105,#114));
#20 = ORIENTED_EDGE('',*,*,#21,.F.);
#21 = EDGE_CURVE('',#22,#24,#26,.T.);
#22 = VERTEX_POINT('',#23);
#23 = CARTESIAN_POINT('',(-0.574211702687,-0.5,0.1));
#24 = VERTEX_POINT('',#25);
#25 = CARTESIAN_POINT('',(-0.574211702687,-0.5,0.));
#26 = LINE('',#27,#28);
#27 = CARTESIAN_POINT('',(-0.574211702687,-0.5,0.1));
#28 = VECTOR('',#29,1.);
#29 = DIRECTION('',(-0.,0.,-1.));
#30 = ORIENTED_EDGE('',*,*,#31,.T.);
#31 = EDGE_CURVE('',#22,#32,#34,.T.);
#32 = VERTEX_POINT('',#33);
#33 = CARTESIAN_POINT('',(-0.8,-0.5,0.1));
#34 = LINE('',#35,#36);
#35 = CARTESIAN_POINT('',(-0.574211702687,-0.5,0.1));
#36 = VECTOR('',#37,1.);
#37 = DIRECTION('',(-1.,-0.,-0.));
#38 = ORIENTED_EDGE('',*,*,#39,.T.);
#39 = EDGE_CURVE('',#32,#40,#42,.T.);
#40 = VERTEX_POINT('',#41);
#41 = CARTESIAN_POINT('',(-1.,-0.5,0.3));
#42 = CIRCLE('',#43,0.2);
#43 = AXIS2_PLACEMENT_3D('',#44,#45,#46);
#44 = CARTESIAN_POINT('',(-0.8,-0.5,0.3));
#45 = DIRECTION('',(-0.,1.,0.));
#46 = DIRECTION('',(-0.,0.,-1.));
#47 = ORIENTED_EDGE('',*,*,#48,.T.);
#48 = EDGE_CURVE('',#40,#49,#51,.T.);
#49 = VERTEX_POINT('',#50);
#50 = CARTESIAN_POINT('',(-1.,-0.5,0.873094));
#51 = LINE('',#52,#53);
#52 = CARTESIAN_POINT('',(-1.,-0.5,0.3));
#53 = VECTOR('',#54,1.);
#54 = DIRECTION('',(-0.,-0.,1.));
#55 = ORIENTED_EDGE('',*,*,#56,.T.);
#56 = EDGE_CURVE('',#49,#57,#59,.T.);
#57 = VERTEX_POINT('',#58);
#58 = CARTESIAN_POINT('',(-0.828649818025,-0.5,1.071031333333));
#59 = CIRCLE('',#60,0.2);
#60 = AXIS2_PLACEMENT_3D('',#61,#62,#63);
#61 = CARTESIAN_POINT('',(-0.8,-0.5,0.873094));
#62 = DIRECTION('',(-0.,1.,0.));
#63 = DIRECTION('',(-1.,-0.,-0.));
#64 = ORIENTED_EDGE('',*,*,#65,.T.);
#65 = EDGE_CURVE('',#57,#66,#68,.T.);
#66 = VERTEX_POINT('',#67);
#67 = CARTESIAN_POINT('',(-0.79,-0.5,1.076625579929));
#68 = LINE('',#69,#70);
#69 = CARTESIAN_POINT('',(-0.828649818025,-0.5,1.071031333333));
#70 = VECTOR('',#71,1.);
#71 = DIRECTION('',(0.989686666667,-0.,0.143249090127));
#72 = ORIENTED_EDGE('',*,*,#73,.T.);
#73 = EDGE_CURVE('',#66,#74,#76,.T.);
#74 = VERTEX_POINT('',#75);
#75 = CARTESIAN_POINT('',(-0.79,-0.5,1.177667660588));
#76 = LINE('',#77,#78);
#77 = CARTESIAN_POINT('',(-0.79,-0.5,1.076625579929));
#78 = VECTOR('',#79,1.);
#79 = DIRECTION('',(-0.,-0.,1.));
#80 = ORIENTED_EDGE('',*,*,#81,.T.);
#81 = EDGE_CURVE('',#74,#82,#84,.T.);
#82 = VERTEX_POINT('',#83);
#83 = CARTESIAN_POINT('',(-0.842974727038,-0.5,1.17));
#84 = LINE('',#85,#86);
#85 = CARTESIAN_POINT('',(-0.79,-0.5,1.177667660588));
#86 = VECTOR('',#87,1.);
#87 = DIRECTION('',(-0.989686666667,0.,-0.143249090127));
#88 = ORIENTED_EDGE('',*,*,#89,.T.);
#89 = EDGE_CURVE('',#82,#90,#92,.T.);
#90 = VERTEX_POINT('',#91);
#91 = CARTESIAN_POINT('',(-1.1,-0.5,0.873094));
#92 = CIRCLE('',#93,0.3);
#93 = AXIS2_PLACEMENT_3D('',#94,#95,#96);
#94 = CARTESIAN_POINT('',(-0.8,-0.5,0.873094));
#95 = DIRECTION('',(0.,-1.,-0.));
#96 = DIRECTION('',(-0.143249090127,-0.,0.989686666667));
#97 = ORIENTED_EDGE('',*,*,#98,.T.);
#98 = EDGE_CURVE('',#90,#99,#101,.T.);
#99 = VERTEX_POINT('',#100);
#100 = CARTESIAN_POINT('',(-1.1,-0.5,0.3));
#101 = LINE('',#102,#103);
#102 = CARTESIAN_POINT('',(-1.1,-0.5,0.873094));
#103 = VECTOR('',#104,1.);
#104 = DIRECTION('',(-0.,0.,-1.));
#105 = ORIENTED_EDGE('',*,*,#106,.T.);
#106 = EDGE_CURVE('',#99,#107,#109,.T.);
#107 = VERTEX_POINT('',#108);
#108 = CARTESIAN_POINT('',(-0.8,-0.5,0.));
#109 = CIRCLE('',#110,0.3);
#110 = AXIS2_PLACEMENT_3D('',#111,#112,#113);
#111 = CARTESIAN_POINT('',(-0.8,-0.5,0.3));
#112 = DIRECTION('',(0.,-1.,-0.));
#113 = DIRECTION('',(-1.,-0.,-0.));
#114 = ORIENTED_EDGE('',*,*,#115,.T.);
#115 = EDGE_CURVE('',#107,#24,#116,.T.);
#116 = LINE('',#117,#118);
#117 = CARTESIAN_POINT('',(-0.8,-0.5,0.));
#118 = VECTOR('',#119,1.);
#119 = DIRECTION('',(1.,-0.,-0.));
#120 = PLANE('',#121);
#121 = AXIS2_PLACEMENT_3D('',#122,#123,#124);
#122 = CARTESIAN_POINT('',(-1.1,-0.5,0.586547));
#123 = DIRECTION('',(-0.,1.,-0.));
#124 = DIRECTION('',(-1.,0.,0.));
#125 = ADVANCED_FACE('',(#126),#372,.F.);
#126 = FACE_BOUND('',#127,.T.);
#127 = EDGE_LOOP('',(#128,#138,#147,#155,#164,#172,#180,#188,#197,#205,
    #214,#222,#231,#239,#248,#256,#264,#273,#281,#290,#298,#307,#315,
    #324,#332,#341,#349,#358,#366));
#128 = ORIENTED_EDGE('',*,*,#129,.T.);
#129 = EDGE_CURVE('',#130,#132,#134,.T.);
#130 = VERTEX_POINT('',#131);
#131 = CARTESIAN_POINT('',(0.88,-0.5,0.2));
#132 = VERTEX_POINT('',#133);
#133 = CARTESIAN_POINT('',(0.88,-0.5,0.21));
#134 = LINE('',#135,#136);
#135 = CARTESIAN_POINT('',(0.88,-0.5,0.2));
#136 = VECTOR('',#137,1.);
#137 = DIRECTION('',(-0.,-0.,1.));
#138 = ORIENTED_EDGE('',*,*,#139,.F.);
#139 = EDGE_CURVE('',#140,#132,#142,.T.);
#140 = VERTEX_POINT('',#141);
#141 = CARTESIAN_POINT('',(0.94,-0.5,0.27));
#142 = CIRCLE('',#143,6.E-02);
#143 = AXIS2_PLACEMENT_3D('',#144,#145,#146);
#144 = CARTESIAN_POINT('',(0.94,-0.5,0.21));
#145 = DIRECTION('',(0.,-1.,-0.));
#146 = DIRECTION('',(-0.,-0.,1.));
#147 = ORIENTED_EDGE('',*,*,#148,.T.);
#148 = EDGE_CURVE('',#140,#149,#151,.T.);
#149 = VERTEX_POINT('',#150);
#150 = CARTESIAN_POINT('',(1.02,-0.5,0.27));
#151 = LINE('',#152,#153);
#152 = CARTESIAN_POINT('',(0.94,-0.5,0.27));
#153 = VECTOR('',#154,1.);
#154 = DIRECTION('',(1.,-0.,-0.));
#155 = ORIENTED_EDGE('',*,*,#156,.F.);
#156 = EDGE_CURVE('',#157,#149,#159,.T.);
#157 = VERTEX_POINT('',#158);
#158 = CARTESIAN_POINT('',(1.08,-0.5,0.21));
#159 = CIRCLE('',#160,6.E-02);
#160 = AXIS2_PLACEMENT_3D('',#161,#162,#163);
#161 = CARTESIAN_POINT('',(1.02,-0.5,0.21));
#162 = DIRECTION('',(-0.,-1.,-0.));
#163 = DIRECTION('',(1.,-0.,-0.));
#164 = ORIENTED_EDGE('',*,*,#165,.F.);
#165 = EDGE_CURVE('',#166,#157,#168,.T.);
#166 = VERTEX_POINT('',#167);
#167 = CARTESIAN_POINT('',(1.08,-0.5,0.2));
#168 = LINE('',#169,#170);
#169 = CARTESIAN_POINT('',(1.08,-0.5,0.2));
#170 = VECTOR('',#171,1.);
#171 = DIRECTION('',(-0.,1.110223024625E-14,1.));
#172 = ORIENTED_EDGE('',*,*,#173,.F.);
#173 = EDGE_CURVE('',#174,#166,#176,.T.);
#174 = VERTEX_POINT('',#175);
#175 = CARTESIAN_POINT('',(1.8,-0.5,0.2));
#176 = LINE('',#177,#178);
#177 = CARTESIAN_POINT('',(1.8,-0.5,0.2));
#178 = VECTOR('',#179,1.);
#179 = DIRECTION('',(-1.,-0.,-0.));
#180 = ORIENTED_EDGE('',*,*,#181,.F.);
#181 = EDGE_CURVE('',#182,#174,#184,.T.);
#182 = VERTEX_POINT('',#183);
#183 = CARTESIAN_POINT('',(1.8,-0.5,1.75));
#184 = LINE('',#185,#186);
#185 = CARTESIAN_POINT('',(1.8,-0.5,1.75));
#186 = VECTOR('',#187,1.);
#187 = DIRECTION('',(-0.,0.,-1.));
#188 = ORIENTED_EDGE('',*,*,#189,.F.);
#189 = EDGE_CURVE('',#190,#182,#192,.T.);
#190 = VERTEX_POINT('',#191);
#191 = CARTESIAN_POINT('',(1.65,-0.5,1.9));
#192 = CIRCLE('',#193,0.15);
#193 = AXIS2_PLACEMENT_3D('',#194,#195,#196);
#194 = CARTESIAN_POINT('',(1.65,-0.5,1.75));
#195 = DIRECTION('',(0.,1.,0.));
#196 = DIRECTION('',(-0.,-0.,1.));
#197 = ORIENTED_EDGE('',*,*,#198,.F.);
#198 = EDGE_CURVE('',#199,#190,#201,.T.);
#199 = VERTEX_POINT('',#200);
#200 = CARTESIAN_POINT('',(0.889470053838,-0.5,1.9));
#201 = LINE('',#202,#203);
#202 = CARTESIAN_POINT('',(0.889470053838,-0.5,1.9));
#203 = VECTOR('',#204,1.);
#204 = DIRECTION('',(1.,-0.,-0.));
#205 = ORIENTED_EDGE('',*,*,#206,.T.);
#206 = EDGE_CURVE('',#199,#207,#209,.T.);
#207 = VERTEX_POINT('',#208);
#208 = CARTESIAN_POINT('',(0.716264973081,-0.5,1.8));
#209 = CIRCLE('',#210,0.2);
#210 = AXIS2_PLACEMENT_3D('',#211,#212,#213);
#211 = CARTESIAN_POINT('',(0.889470053838,-0.5,1.7));
#212 = DIRECTION('',(0.,-1.,-0.));
#213 = DIRECTION('',(-1.110223024625E-14,-0.,1.));
#214 = ORIENTED_EDGE('',*,*,#215,.F.);
#215 = EDGE_CURVE('',#216,#207,#218,.T.);
#216 = VERTEX_POINT('',#217);
#217 = CARTESIAN_POINT('',(0.644096189432,-0.5,1.675));
#218 = LINE('',#219,#220);
#219 = CARTESIAN_POINT('',(0.644096189432,-0.5,1.675));
#220 = VECTOR('',#221,1.);
#221 = DIRECTION('',(0.5,-0.,0.866025403784));
#222 = ORIENTED_EDGE('',*,*,#223,.F.);
#223 = EDGE_CURVE('',#224,#216,#226,.T.);
#224 = VERTEX_POINT('',#225);
#225 = CARTESIAN_POINT('',(0.600794919243,-0.5,1.65));
#226 = CIRCLE('',#227,5.E-02);
#227 = AXIS2_PLACEMENT_3D('',#228,#229,#230);
#228 = CARTESIAN_POINT('',(0.600794919243,-0.5,1.7));
#229 = DIRECTION('',(-0.,-1.,0.));
#230 = DIRECTION('',(-0.,0.,-1.));
#231 = ORIENTED_EDGE('',*,*,#232,.F.);
#232 = EDGE_CURVE('',#233,#224,#235,.T.);
#233 = VERTEX_POINT('',#234);
#234 = CARTESIAN_POINT('',(0.58,-0.5,1.65));
#235 = LINE('',#236,#237);
#236 = CARTESIAN_POINT('',(0.58,-0.5,1.65));
#237 = VECTOR('',#238,1.);
#238 = DIRECTION('',(1.,-0.,-0.));
#239 = ORIENTED_EDGE('',*,*,#240,.F.);
#240 = EDGE_CURVE('',#241,#233,#243,.T.);
#241 = VERTEX_POINT('',#242);
#242 = CARTESIAN_POINT('',(0.53,-0.5,1.7));
#243 = CIRCLE('',#244,5.E-02);
#244 = AXIS2_PLACEMENT_3D('',#245,#246,#247);
#245 = CARTESIAN_POINT('',(0.58,-0.5,1.7));
#246 = DIRECTION('',(0.,-1.,-0.));
#247 = DIRECTION('',(-1.,-0.,-0.));
#248 = ORIENTED_EDGE('',*,*,#249,.T.);
#249 = EDGE_CURVE('',#241,#250,#252,.T.);
#250 = VERTEX_POINT('',#251);
#251 = CARTESIAN_POINT('',(0.23,-0.5,1.7));
#252 = LINE('',#253,#254);
#253 = CARTESIAN_POINT('',(0.53,-0.5,1.7));
#254 = VECTOR('',#255,1.);
#255 = DIRECTION('',(-1.,-0.,-0.));
#256 = ORIENTED_EDGE('',*,*,#257,.F.);
#257 = EDGE_CURVE('',#258,#250,#260,.T.);
#258 = VERTEX_POINT('',#259);
#259 = CARTESIAN_POINT('',(0.23,-0.5,1.549710678119));
#260 = LINE('',#261,#262);
#261 = CARTESIAN_POINT('',(0.23,-0.5,1.549710678119));
#262 = VECTOR('',#263,1.);
#263 = DIRECTION('',(-0.,-0.,1.));
#264 = ORIENTED_EDGE('',*,*,#265,.F.);
#265 = EDGE_CURVE('',#266,#258,#268,.T.);
#266 = VERTEX_POINT('',#267);
#267 = CARTESIAN_POINT('',(0.244644660941,-0.5,1.514355339059));
#268 = CIRCLE('',#269,5.E-02);
#269 = AXIS2_PLACEMENT_3D('',#270,#271,#272);
#270 = CARTESIAN_POINT('',(0.28,-0.5,1.549710678119));
#271 = DIRECTION('',(0.,1.,0.));
#272 = DIRECTION('',(-0.707106781187,0.,-0.707106781187));
#273 = ORIENTED_EDGE('',*,*,#274,.F.);
#274 = EDGE_CURVE('',#275,#266,#277,.T.);
#275 = VERTEX_POINT('',#276);
#276 = CARTESIAN_POINT('',(0.340710678119,-0.5,1.418289321881));
#277 = LINE('',#278,#279);
#278 = CARTESIAN_POINT('',(0.340710678119,-0.5,1.418289321881));
#279 = VECTOR('',#280,1.);
#280 = DIRECTION('',(-0.707106781186,-0.,0.707106781187));
#281 = ORIENTED_EDGE('',*,*,#282,.F.);
#282 = EDGE_CURVE('',#283,#275,#285,.T.);
#283 = VERTEX_POINT('',#284);
#284 = CARTESIAN_POINT('',(0.37,-0.5,1.347578643763));
#285 = CIRCLE('',#286,0.1);
#286 = AXIS2_PLACEMENT_3D('',#287,#288,#289);
#287 = CARTESIAN_POINT('',(0.27,-0.5,1.347578643763));
#288 = DIRECTION('',(-0.,-1.,-0.));
#289 = DIRECTION('',(1.,-0.,-0.));
#290 = ORIENTED_EDGE('',*,*,#291,.F.);
#291 = EDGE_CURVE('',#292,#283,#294,.T.);
#292 = VERTEX_POINT('',#293);
#293 = CARTESIAN_POINT('',(0.37,-0.5,1.3));
#294 = LINE('',#295,#296);
#295 = CARTESIAN_POINT('',(0.37,-0.5,1.3));
#296 = VECTOR('',#297,1.);
#297 = DIRECTION('',(-0.,-0.,1.));
#298 = ORIENTED_EDGE('',*,*,#299,.F.);
#299 = EDGE_CURVE('',#300,#292,#302,.T.);
#300 = VERTEX_POINT('',#301);
#301 = CARTESIAN_POINT('',(0.32,-0.5,1.25));
#302 = CIRCLE('',#303,5.E-02);
#303 = AXIS2_PLACEMENT_3D('',#304,#305,#306);
#304 = CARTESIAN_POINT('',(0.32,-0.5,1.3));
#305 = DIRECTION('',(-0.,-1.,0.));
#306 = DIRECTION('',(-0.,0.,-1.));
#307 = ORIENTED_EDGE('',*,*,#308,.F.);
#308 = EDGE_CURVE('',#309,#300,#311,.T.);
#309 = VERTEX_POINT('',#310);
#310 = CARTESIAN_POINT('',(-0.25,-0.5,1.25));
#311 = LINE('',#312,#313);
#312 = CARTESIAN_POINT('',(-0.25,-0.5,1.25));
#313 = VECTOR('',#314,1.);
#314 = DIRECTION('',(1.,-0.,-0.));
#315 = ORIENTED_EDGE('',*,*,#316,.F.);
#316 = EDGE_CURVE('',#317,#309,#319,.T.);
#317 = VERTEX_POINT('',#318);
#318 = CARTESIAN_POINT('',(-0.32,-0.5,1.18));
#319 = CIRCLE('',#320,7.E-02);
#320 = AXIS2_PLACEMENT_3D('',#321,#322,#323);
#321 = CARTESIAN_POINT('',(-0.25,-0.5,1.18));
#322 = DIRECTION('',(-0.,1.,0.));
#323 = DIRECTION('',(-1.,-0.,-0.));
#324 = ORIENTED_EDGE('',*,*,#325,.F.);
#325 = EDGE_CURVE('',#326,#317,#328,.T.);
#326 = VERTEX_POINT('',#327);
#327 = CARTESIAN_POINT('',(-0.32,-0.5,0.782842712475));
#328 = LINE('',#329,#330);
#329 = CARTESIAN_POINT('',(-0.32,-0.5,0.782842712475));
#330 = VECTOR('',#331,1.);
#331 = DIRECTION('',(-0.,-0.,1.));
#332 = ORIENTED_EDGE('',*,*,#333,.F.);
#333 = EDGE_CURVE('',#334,#326,#336,.T.);
#334 = VERTEX_POINT('',#335);
#335 = CARTESIAN_POINT('',(-0.261421356237,-0.5,0.641421356237));
#336 = CIRCLE('',#337,0.2);
#337 = AXIS2_PLACEMENT_3D('',#338,#339,#340);
#338 = CARTESIAN_POINT('',(-0.12,-0.5,0.782842712475));
#339 = DIRECTION('',(0.,1.,0.));
#340 = DIRECTION('',(-0.707106781187,0.,-0.707106781187));
#341 = ORIENTED_EDGE('',*,*,#342,.F.);
#342 = EDGE_CURVE('',#343,#334,#345,.T.);
#343 = VERTEX_POINT('',#344);
#344 = CARTESIAN_POINT('',(9.9497474683E-02,-0.5,0.280502525317));
#345 = LINE('',#346,#347);
#346 = CARTESIAN_POINT('',(9.9497474683E-02,-0.5,0.280502525317));
#347 = VECTOR('',#348,1.);
#348 = DIRECTION('',(-0.707106781187,-0.,0.707106781187));
#349 = ORIENTED_EDGE('',*,*,#350,.F.);
#350 = EDGE_CURVE('',#351,#343,#353,.T.);
#351 = VERTEX_POINT('',#352);
#352 = CARTESIAN_POINT('',(0.12,-0.5,0.231005050634));
#353 = CIRCLE('',#354,7.E-02);
#354 = AXIS2_PLACEMENT_3D('',#355,#356,#357);
#355 = CARTESIAN_POINT('',(5.E-02,-0.5,0.231005050634));
#356 = DIRECTION('',(-0.,-1.,-0.));
#357 = DIRECTION('',(1.,-0.,-0.));
#358 = ORIENTED_EDGE('',*,*,#359,.F.);
#359 = EDGE_CURVE('',#360,#351,#362,.T.);
#360 = VERTEX_POINT('',#361);
#361 = CARTESIAN_POINT('',(0.12,-0.5,0.2));
#362 = LINE('',#363,#364);
#363 = CARTESIAN_POINT('',(0.12,-0.5,0.2));
#364 = VECTOR('',#365,1.);
#365 = DIRECTION('',(-0.,-0.,1.));
#366 = ORIENTED_EDGE('',*,*,#367,.F.);
#367 = EDGE_CURVE('',#130,#360,#368,.T.);
#368 = LINE('',#369,#370);
#369 = CARTESIAN_POINT('',(0.88,-0.5,0.2));
#370 = VECTOR('',#371,1.);
#371 = DIRECTION('',(-1.,-0.,-0.));
#372 = PLANE('',#373);
#373 = AXIS2_PLACEMENT_3D('',#374,#375,#376);
#374 = CARTESIAN_POINT('',(-1.1,-0.5,0.586547));
#375 = DIRECTION('',(-0.,1.,-0.));
#376 = DIRECTION('',(-1.,0.,0.));
#377 = ADVANCED_FACE('',(#378),#405,.T.);
#378 = FACE_BOUND('',#379,.F.);
#379 = EDGE_LOOP('',(#380,#389,#397,#404));
#380 = ORIENTED_EDGE('',*,*,#381,.T.);
#381 = EDGE_CURVE('',#22,#382,#384,.T.);
#382 = VERTEX_POINT('',#383);
#383 = CARTESIAN_POINT('',(-0.473209223923,-0.472622418253,0.1));
#384 = CIRCLE('',#385,0.2);
#385 = AXIS2_PLACEMENT_3D('',#386,#387,#388);
#386 = CARTESIAN_POINT('',(-0.574211702687,-0.3,0.1));
#387 = DIRECTION('',(0.,-0.,1.));
#388 = DIRECTION('',(-0.,-1.,-0.));
#389 = ORIENTED_EDGE('',*,*,#390,.F.);
#390 = EDGE_CURVE('',#391,#382,#393,.T.);
#391 = VERTEX_POINT('',#392);
#392 = CARTESIAN_POINT('',(-0.473209223923,-0.472622418253,0.));
#393 = LINE('',#394,#395);
#394 = CARTESIAN_POINT('',(-0.473209223923,-0.472622418253,0.));
#395 = VECTOR('',#396,1.);
#396 = DIRECTION('',(-0.,-0.,1.));
#397 = ORIENTED_EDGE('',*,*,#398,.F.);
#398 = EDGE_CURVE('',#24,#391,#399,.T.);
#399 = CIRCLE('',#400,0.2);
#400 = AXIS2_PLACEMENT_3D('',#401,#402,#403);
#401 = CARTESIAN_POINT('',(-0.574211702687,-0.3,0.));
#402 = DIRECTION('',(0.,-0.,1.));
#403 = DIRECTION('',(-0.,-1.,-0.));
#404 = ORIENTED_EDGE('',*,*,#21,.F.);
#405 = CYLINDRICAL_SURFACE('',#406,0.2);
#406 = AXIS2_PLACEMENT_3D('',#407,#408,#409);
#407 = CARTESIAN_POINT('',(-0.574211702687,-0.3,0.));
#408 = DIRECTION('',(-0.,0.,-1.));
#409 = DIRECTION('',(1.,-0.,-0.));
#410 = ADVANCED_FACE('',(#411),#630,.T.);
#411 = FACE_BOUND('',#412,.T.);
#412 = EDGE_LOOP('',(#413,#423,#431,#439,#447,#456,#464,#473,#481,#489,
    #498,#506,#515,#521,#522,#523,#531,#539,#548,#556,#565,#573,#582,
    #590,#598,#607,#615,#624));
#413 = ORIENTED_EDGE('',*,*,#414,.T.);
#414 = EDGE_CURVE('',#415,#417,#419,.T.);
#415 = VERTEX_POINT('',#416);
#416 = CARTESIAN_POINT('',(1.08,0.3,0.));
#417 = VERTEX_POINT('',#418);
#418 = CARTESIAN_POINT('',(1.8,0.3,0.));
#419 = LINE('',#420,#421);
#420 = CARTESIAN_POINT('',(1.08,0.3,0.));
#421 = VECTOR('',#422,1.);
#422 = DIRECTION('',(1.,-0.,-0.));
#423 = ORIENTED_EDGE('',*,*,#424,.F.);
#424 = EDGE_CURVE('',#425,#417,#427,.T.);
#425 = VERTEX_POINT('',#426);
#426 = CARTESIAN_POINT('',(1.8,-0.3,0.));
#427 = LINE('',#428,#429);
#428 = CARTESIAN_POINT('',(1.8,-0.3,0.));
#429 = VECTOR('',#430,1.);
#430 = DIRECTION('',(-0.,1.,-0.));
#431 = ORIENTED_EDGE('',*,*,#432,.T.);
#432 = EDGE_CURVE('',#425,#433,#435,.T.);
#433 = VERTEX_POINT('',#434);
#434 = CARTESIAN_POINT('',(1.08,-0.3,0.));
#435 = LINE('',#436,#437);
#436 = CARTESIAN_POINT('',(1.8,-0.3,0.));
#437 = VECTOR('',#438,1.);
#438 = DIRECTION('',(-1.,-0.,-0.));
#439 = ORIENTED_EDGE('',*,*,#440,.T.);
#440 = EDGE_CURVE('',#433,#441,#443,.T.);
#441 = VERTEX_POINT('',#442);
#442 = CARTESIAN_POINT('',(1.08,-0.285,0.));
#443 = LINE('',#444,#445);
#444 = CARTESIAN_POINT('',(1.08,-0.3,0.));
#445 = VECTOR('',#446,1.);
#446 = DIRECTION('',(-0.,1.,-0.));
#447 = ORIENTED_EDGE('',*,*,#448,.T.);
#448 = EDGE_CURVE('',#441,#449,#451,.T.);
#449 = VERTEX_POINT('',#450);
#450 = CARTESIAN_POINT('',(1.02,-0.225,0.));
#451 = CIRCLE('',#452,6.E-02);
#452 = AXIS2_PLACEMENT_3D('',#453,#454,#455);
#453 = CARTESIAN_POINT('',(1.02,-0.285,0.));
#454 = DIRECTION('',(0.,0.,1.));
#455 = DIRECTION('',(1.,-0.,-0.));
#456 = ORIENTED_EDGE('',*,*,#457,.T.);
#457 = EDGE_CURVE('',#449,#458,#460,.T.);
#458 = VERTEX_POINT('',#459);
#459 = CARTESIAN_POINT('',(0.94,-0.225,0.));
#460 = LINE('',#461,#462);
#461 = CARTESIAN_POINT('',(1.02,-0.225,0.));
#462 = VECTOR('',#463,1.);
#463 = DIRECTION('',(-1.,-0.,-0.));
#464 = ORIENTED_EDGE('',*,*,#465,.T.);
#465 = EDGE_CURVE('',#458,#466,#468,.T.);
#466 = VERTEX_POINT('',#467);
#467 = CARTESIAN_POINT('',(0.88,-0.285,0.));
#468 = CIRCLE('',#469,6.E-02);
#469 = AXIS2_PLACEMENT_3D('',#470,#471,#472);
#470 = CARTESIAN_POINT('',(0.94,-0.285,0.));
#471 = DIRECTION('',(-0.,0.,1.));
#472 = DIRECTION('',(-0.,1.,-0.));
#473 = ORIENTED_EDGE('',*,*,#474,.F.);
#474 = EDGE_CURVE('',#475,#466,#477,.T.);
#475 = VERTEX_POINT('',#476);
#476 = CARTESIAN_POINT('',(0.88,-0.3,0.));
#477 = LINE('',#478,#479);
#478 = CARTESIAN_POINT('',(0.88,-0.3,0.));
#479 = VECTOR('',#480,1.);
#480 = DIRECTION('',(-0.,1.,-0.));
#481 = ORIENTED_EDGE('',*,*,#482,.T.);
#482 = EDGE_CURVE('',#475,#483,#485,.T.);
#483 = VERTEX_POINT('',#484);
#484 = CARTESIAN_POINT('',(0.119843597113,-0.3,0.));
#485 = LINE('',#486,#487);
#486 = CARTESIAN_POINT('',(0.88,-0.3,0.));
#487 = VECTOR('',#488,1.);
#488 = DIRECTION('',(-1.,-0.,-0.));
#489 = ORIENTED_EDGE('',*,*,#490,.T.);
#490 = EDGE_CURVE('',#483,#491,#493,.T.);
#491 = VERTEX_POINT('',#492);
#492 = CARTESIAN_POINT('',(4.E-02,-0.225,0.));
#493 = CIRCLE('',#494,8.E-02);
#494 = AXIS2_PLACEMENT_3D('',#495,#496,#497);
#495 = CARTESIAN_POINT('',(4.E-02,-0.305,0.));
#496 = DIRECTION('',(0.,0.,1.));
#497 = DIRECTION('',(0.998044963917,6.25E-02,-0.));
#498 = ORIENTED_EDGE('',*,*,#499,.T.);
#499 = EDGE_CURVE('',#491,#500,#502,.T.);
#500 = VERTEX_POINT('',#501);
#501 = CARTESIAN_POINT('',(-2.8315318925E-02,-0.225,0.));
#502 = LINE('',#503,#504);
#503 = CARTESIAN_POINT('',(4.E-02,-0.225,0.));
#504 = VECTOR('',#505,1.);
#505 = DIRECTION('',(-1.,-0.,-0.));
#506 = ORIENTED_EDGE('',*,*,#507,.T.);
#507 = EDGE_CURVE('',#500,#508,#510,.T.);
#508 = VERTEX_POINT('',#509);
#509 = CARTESIAN_POINT('',(-6.8716310431E-02,-0.235951032699,0.));
#510 = CIRCLE('',#511,8.E-02);
#511 = AXIS2_PLACEMENT_3D('',#512,#513,#514);
#512 = CARTESIAN_POINT('',(-2.8315318925E-02,-0.305,0.));
#513 = DIRECTION('',(-0.,0.,1.));
#514 = DIRECTION('',(-0.,1.,-0.));
#515 = ORIENTED_EDGE('',*,*,#516,.T.);
#516 = EDGE_CURVE('',#508,#391,#517,.T.);
#517 = LINE('',#518,#519);
#518 = CARTESIAN_POINT('',(-6.8716310431E-02,-0.235951032699,0.));
#519 = VECTOR('',#520,1.);
#520 = DIRECTION('',(-0.863112091263,-0.505012393824,-0.));
#521 = ORIENTED_EDGE('',*,*,#398,.F.);
#522 = ORIENTED_EDGE('',*,*,#115,.F.);
#523 = ORIENTED_EDGE('',*,*,#524,.T.);
#524 = EDGE_CURVE('',#107,#525,#527,.T.);
#525 = VERTEX_POINT('',#526);
#526 = CARTESIAN_POINT('',(-0.8,0.5,0.));
#527 = LINE('',#528,#529);
#528 = CARTESIAN_POINT('',(-0.8,-0.5,0.));
#529 = VECTOR('',#530,1.);
#530 = DIRECTION('',(-0.,1.,-0.));
#531 = ORIENTED_EDGE('',*,*,#532,.T.);
#532 = EDGE_CURVE('',#525,#533,#535,.T.);
#533 = VERTEX_POINT('',#534);
#534 = CARTESIAN_POINT('',(-0.574211702687,0.5,0.));
#535 = LINE('',#536,#537);
#536 = CARTESIAN_POINT('',(-0.8,0.5,0.));
#537 = VECTOR('',#538,1.);
#538 = DIRECTION('',(1.,-0.,-0.));
#539 = ORIENTED_EDGE('',*,*,#540,.F.);
#540 = EDGE_CURVE('',#541,#533,#543,.T.);
#541 = VERTEX_POINT('',#542);
#542 = CARTESIAN_POINT('',(-0.473209223923,0.472622418253,0.));
#543 = CIRCLE('',#544,0.2);
#544 = AXIS2_PLACEMENT_3D('',#545,#546,#547);
#545 = CARTESIAN_POINT('',(-0.574211702687,0.3,0.));
#546 = DIRECTION('',(0.,0.,1.));
#547 = DIRECTION('',(0.505012393824,0.863112091263,-0.));
#548 = ORIENTED_EDGE('',*,*,#549,.T.);
#549 = EDGE_CURVE('',#541,#550,#552,.T.);
#550 = VERTEX_POINT('',#551);
#551 = CARTESIAN_POINT('',(-6.8716310431E-02,0.235951032699,0.));
#552 = LINE('',#553,#554);
#553 = CARTESIAN_POINT('',(-0.473209223923,0.472622418253,0.));
#554 = VECTOR('',#555,1.);
#555 = DIRECTION('',(0.863112091263,-0.505012393824,0.));
#556 = ORIENTED_EDGE('',*,*,#557,.T.);
#557 = EDGE_CURVE('',#550,#558,#560,.T.);
#558 = VERTEX_POINT('',#559);
#559 = CARTESIAN_POINT('',(-2.8315318925E-02,0.225,0.));
#560 = CIRCLE('',#561,8.E-02);
#561 = AXIS2_PLACEMENT_3D('',#562,#563,#564);
#562 = CARTESIAN_POINT('',(-2.8315318925E-02,0.305,0.));
#563 = DIRECTION('',(0.,-0.,1.));
#564 = DIRECTION('',(-0.505012393824,-0.863112091263,-0.));
#565 = ORIENTED_EDGE('',*,*,#566,.T.);
#566 = EDGE_CURVE('',#558,#567,#569,.T.);
#567 = VERTEX_POINT('',#568);
#568 = CARTESIAN_POINT('',(4.E-02,0.225,0.));
#569 = LINE('',#570,#571);
#570 = CARTESIAN_POINT('',(-2.8315318925E-02,0.225,0.));
#571 = VECTOR('',#572,1.);
#572 = DIRECTION('',(1.,-0.,-0.));
#573 = ORIENTED_EDGE('',*,*,#574,.T.);
#574 = EDGE_CURVE('',#567,#575,#577,.T.);
#575 = VERTEX_POINT('',#576);
#576 = CARTESIAN_POINT('',(0.119843597113,0.3,0.));
#577 = CIRCLE('',#578,8.E-02);
#578 = AXIS2_PLACEMENT_3D('',#579,#580,#581);
#579 = CARTESIAN_POINT('',(4.E-02,0.305,0.));
#580 = DIRECTION('',(0.,0.,1.));
#581 = DIRECTION('',(1.110223024625E-14,-1.,-0.));
#582 = ORIENTED_EDGE('',*,*,#583,.T.);
#583 = EDGE_CURVE('',#575,#584,#586,.T.);
#584 = VERTEX_POINT('',#585);
#585 = CARTESIAN_POINT('',(0.88,0.3,0.));
#586 = LINE('',#587,#588);
#587 = CARTESIAN_POINT('',(0.119843597113,0.3,0.));
#588 = VECTOR('',#589,1.);
#589 = DIRECTION('',(1.,-0.,-0.));
#590 = ORIENTED_EDGE('',*,*,#591,.T.);
#591 = EDGE_CURVE('',#584,#592,#594,.T.);
#592 = VERTEX_POINT('',#593);
#593 = CARTESIAN_POINT('',(0.88,0.285,0.));
#594 = LINE('',#595,#596);
#595 = CARTESIAN_POINT('',(0.88,0.3,0.));
#596 = VECTOR('',#597,1.);
#597 = DIRECTION('',(-0.,-1.,-0.));
#598 = ORIENTED_EDGE('',*,*,#599,.T.);
#599 = EDGE_CURVE('',#592,#600,#602,.T.);
#600 = VERTEX_POINT('',#601);
#601 = CARTESIAN_POINT('',(0.94,0.225,0.));
#602 = CIRCLE('',#603,6.E-02);
#603 = AXIS2_PLACEMENT_3D('',#604,#605,#606);
#604 = CARTESIAN_POINT('',(0.94,0.285,0.));
#605 = DIRECTION('',(0.,0.,1.));
#606 = DIRECTION('',(-1.,-0.,-0.));
#607 = ORIENTED_EDGE('',*,*,#608,.T.);
#608 = EDGE_CURVE('',#600,#609,#611,.T.);
#609 = VERTEX_POINT('',#610);
#610 = CARTESIAN_POINT('',(1.02,0.225,0.));
#611 = LINE('',#612,#613);
#612 = CARTESIAN_POINT('',(0.94,0.225,0.));
#613 = VECTOR('',#614,1.);
#614 = DIRECTION('',(1.,-0.,-0.));
#615 = ORIENTED_EDGE('',*,*,#616,.T.);
#616 = EDGE_CURVE('',#609,#617,#619,.T.);
#617 = VERTEX_POINT('',#618);
#618 = CARTESIAN_POINT('',(1.08,0.285,0.));
#619 = CIRCLE('',#620,6.E-02);
#620 = AXIS2_PLACEMENT_3D('',#621,#622,#623);
#621 = CARTESIAN_POINT('',(1.02,0.285,0.));
#622 = DIRECTION('',(0.,-0.,1.));
#623 = DIRECTION('',(-0.,-1.,-0.));
#624 = ORIENTED_EDGE('',*,*,#625,.F.);
#625 = EDGE_CURVE('',#415,#617,#626,.T.);
#626 = LINE('',#627,#628);
#627 = CARTESIAN_POINT('',(1.08,0.3,0.));
#628 = VECTOR('',#629,1.);
#629 = DIRECTION('',(-0.,-1.,-0.));
#630 = PLANE('',#631);
#631 = AXIS2_PLACEMENT_3D('',#632,#633,#634);
#632 = CARTESIAN_POINT('',(-0.8,-0.5,0.));
#633 = DIRECTION('',(-0.,0.,-1.));
#634 = DIRECTION('',(-1.,0.,0.));
#635 = ADVANCED_FACE('',(#636),#663,.T.);
#636 = FACE_BOUND('',#637,.F.);
#637 = EDGE_LOOP('',(#638,#648,#655,#656));
#638 = ORIENTED_EDGE('',*,*,#639,.F.);
#639 = EDGE_CURVE('',#640,#642,#644,.T.);
#640 = VERTEX_POINT('',#641);
#641 = CARTESIAN_POINT('',(1.08,0.5,0.2));
#642 = VERTEX_POINT('',#643);
#643 = CARTESIAN_POINT('',(1.8,0.5,0.2));
#644 = LINE('',#645,#646);
#645 = CARTESIAN_POINT('',(1.08,0.5,0.2));
#646 = VECTOR('',#647,1.);
#647 = DIRECTION('',(1.,-0.,-0.));
#648 = ORIENTED_EDGE('',*,*,#649,.F.);
#649 = EDGE_CURVE('',#415,#640,#650,.T.);
#650 = CIRCLE('',#651,0.2);
#651 = AXIS2_PLACEMENT_3D('',#652,#653,#654);
#652 = CARTESIAN_POINT('',(1.08,0.3,0.2));
#653 = DIRECTION('',(1.,0.,0.));
#654 = DIRECTION('',(-0.,0.,-1.));
#655 = ORIENTED_EDGE('',*,*,#414,.T.);
#656 = ORIENTED_EDGE('',*,*,#657,.F.);
#657 = EDGE_CURVE('',#642,#417,#658,.T.);
#658 = CIRCLE('',#659,0.2);
#659 = AXIS2_PLACEMENT_3D('',#660,#661,#662);
#660 = CARTESIAN_POINT('',(1.8,0.3,0.2));
#661 = DIRECTION('',(-1.,0.,0.));
#662 = DIRECTION('',(-0.,1.,-0.));
#663 = CYLINDRICAL_SURFACE('',#664,0.2);
#664 = AXIS2_PLACEMENT_3D('',#665,#666,#667);
#665 = CARTESIAN_POINT('',(-4.88044,0.3,0.2));
#666 = DIRECTION('',(1.,-0.,-0.));
#667 = DIRECTION('',(-0.,1.,-0.));
#668 = ADVANCED_FACE('',(#669),#745,.T.);
#669 = FACE_BOUND('',#670,.T.);
#670 = EDGE_LOOP('',(#671,#672,#680,#688,#696,#705,#713,#722,#730,#736,
    #737,#744));
#671 = ORIENTED_EDGE('',*,*,#657,.F.);
#672 = ORIENTED_EDGE('',*,*,#673,.T.);
#673 = EDGE_CURVE('',#642,#674,#676,.T.);
#674 = VERTEX_POINT('',#675);
#675 = CARTESIAN_POINT('',(1.8,0.5,1.75));
#676 = LINE('',#677,#678);
#677 = CARTESIAN_POINT('',(1.8,0.5,0.2));
#678 = VECTOR('',#679,1.);
#679 = DIRECTION('',(-0.,-0.,1.));
#680 = ORIENTED_EDGE('',*,*,#681,.T.);
#681 = EDGE_CURVE('',#674,#682,#684,.T.);
#682 = VERTEX_POINT('',#683);
#683 = CARTESIAN_POINT('',(1.8,0.4,1.75));
#684 = LINE('',#685,#686);
#685 = CARTESIAN_POINT('',(1.8,0.5,1.75));
#686 = VECTOR('',#687,1.);
#687 = DIRECTION('',(-0.,-1.,-0.));
#688 = ORIENTED_EDGE('',*,*,#689,.F.);
#689 = EDGE_CURVE('',#690,#682,#692,.T.);
#690 = VERTEX_POINT('',#691);
#691 = CARTESIAN_POINT('',(1.8,0.4,0.2));
#692 = LINE('',#693,#694);
#693 = CARTESIAN_POINT('',(1.8,0.4,0.2));
#694 = VECTOR('',#695,1.);
#695 = DIRECTION('',(-0.,-0.,1.));
#696 = ORIENTED_EDGE('',*,*,#697,.F.);
#697 = EDGE_CURVE('',#698,#690,#700,.T.);
#698 = VERTEX_POINT('',#699);
#699 = CARTESIAN_POINT('',(1.8,0.3,0.1));
#700 = CIRCLE('',#701,0.1);
#701 = AXIS2_PLACEMENT_3D('',#702,#703,#704);
#702 = CARTESIAN_POINT('',(1.8,0.3,0.2));
#703 = DIRECTION('',(1.,0.,0.));
#704 = DIRECTION('',(-0.,0.,-1.));
#705 = ORIENTED_EDGE('',*,*,#706,.F.);
#706 = EDGE_CURVE('',#707,#698,#709,.T.);
#707 = VERTEX_POINT('',#708);
#708 = CARTESIAN_POINT('',(1.8,-0.3,0.1));
#709 = LINE('',#710,#711);
#710 = CARTESIAN_POINT('',(1.8,-0.3,0.1));
#711 = VECTOR('',#712,1.);
#712 = DIRECTION('',(-0.,1.,-0.));
#713 = ORIENTED_EDGE('',*,*,#714,.F.);
#714 = EDGE_CURVE('',#715,#707,#717,.T.);
#715 = VERTEX_POINT('',#716);
#716 = CARTESIAN_POINT('',(1.8,-0.4,0.2));
#717 = CIRCLE('',#718,0.1);
#718 = AXIS2_PLACEMENT_3D('',#719,#720,#721);
#719 = CARTESIAN_POINT('',(1.8,-0.3,0.2));
#720 = DIRECTION('',(1.,0.,-0.));
#721 = DIRECTION('',(-0.,-1.,-0.));
#722 = ORIENTED_EDGE('',*,*,#723,.F.);
#723 = EDGE_CURVE('',#724,#715,#726,.T.);
#724 = VERTEX_POINT('',#725);
#725 = CARTESIAN_POINT('',(1.8,-0.4,1.75));
#726 = LINE('',#727,#728);
#727 = CARTESIAN_POINT('',(1.8,-0.4,1.75));
#728 = VECTOR('',#729,1.);
#729 = DIRECTION('',(-0.,0.,-1.));
#730 = ORIENTED_EDGE('',*,*,#731,.F.);
#731 = EDGE_CURVE('',#182,#724,#732,.T.);
#732 = LINE('',#733,#734);
#733 = CARTESIAN_POINT('',(1.8,-0.5,1.75));
#734 = VECTOR('',#735,1.);
#735 = DIRECTION('',(-0.,1.,-0.));
#736 = ORIENTED_EDGE('',*,*,#181,.T.);
#737 = ORIENTED_EDGE('',*,*,#738,.F.);
#738 = EDGE_CURVE('',#425,#174,#739,.T.);
#739 = CIRCLE('',#740,0.2);
#740 = AXIS2_PLACEMENT_3D('',#741,#742,#743);
#741 = CARTESIAN_POINT('',(1.8,-0.3,0.2));
#742 = DIRECTION('',(-1.,0.,0.));
#743 = DIRECTION('',(-0.,0.,-1.));
#744 = ORIENTED_EDGE('',*,*,#424,.T.);
#745 = PLANE('',#746);
#746 = AXIS2_PLACEMENT_3D('',#747,#748,#749);
#747 = CARTESIAN_POINT('',(1.8,-0.5,0.));
#748 = DIRECTION('',(1.,-0.,-0.));
#749 = DIRECTION('',(0.,0.,-1.));
#750 = ADVANCED_FACE('',(#751),#844,.T.);
#751 = FACE_BOUND('',#752,.T.);
#752 = EDGE_LOOP('',(#753,#761,#762,#771,#779,#788,#796,#804,#812,#821,
    #829,#838));
#753 = ORIENTED_EDGE('',*,*,#754,.T.);
#754 = EDGE_CURVE('',#755,#533,#757,.T.);
#755 = VERTEX_POINT('',#756);
#756 = CARTESIAN_POINT('',(-0.574211702687,0.5,0.1));
#757 = LINE('',#758,#759);
#758 = CARTESIAN_POINT('',(-0.574211702687,0.5,0.1));
#759 = VECTOR('',#760,1.);
#760 = DIRECTION('',(-0.,0.,-1.));
#761 = ORIENTED_EDGE('',*,*,#532,.F.);
#762 = ORIENTED_EDGE('',*,*,#763,.F.);
#763 = EDGE_CURVE('',#764,#525,#766,.T.);
#764 = VERTEX_POINT('',#765);
#765 = CARTESIAN_POINT('',(-1.1,0.5,0.3));
#766 = CIRCLE('',#767,0.3);
#767 = AXIS2_PLACEMENT_3D('',#768,#769,#770);
#768 = CARTESIAN_POINT('',(-0.8,0.5,0.3));
#769 = DIRECTION('',(0.,-1.,-0.));
#770 = DIRECTION('',(-1.,-0.,-0.));
#771 = ORIENTED_EDGE('',*,*,#772,.F.);
#772 = EDGE_CURVE('',#773,#764,#775,.T.);
#773 = VERTEX_POINT('',#774);
#774 = CARTESIAN_POINT('',(-1.1,0.5,0.873094));
#775 = LINE('',#776,#777);
#776 = CARTESIAN_POINT('',(-1.1,0.5,0.873094));
#777 = VECTOR('',#778,1.);
#778 = DIRECTION('',(-0.,0.,-1.));
#779 = ORIENTED_EDGE('',*,*,#780,.F.);
#780 = EDGE_CURVE('',#781,#773,#783,.T.);
#781 = VERTEX_POINT('',#782);
#782 = CARTESIAN_POINT('',(-0.842974727038,0.5,1.17));
#783 = CIRCLE('',#784,0.3);
#784 = AXIS2_PLACEMENT_3D('',#785,#786,#787);
#785 = CARTESIAN_POINT('',(-0.8,0.5,0.873094));
#786 = DIRECTION('',(0.,-1.,-0.));
#787 = DIRECTION('',(-0.143249090127,-0.,0.989686666667));
#788 = ORIENTED_EDGE('',*,*,#789,.F.);
#789 = EDGE_CURVE('',#790,#781,#792,.T.);
#790 = VERTEX_POINT('',#791);
#791 = CARTESIAN_POINT('',(-0.79,0.5,1.177667660588));
#792 = LINE('',#793,#794);
#793 = CARTESIAN_POINT('',(-0.79,0.5,1.177667660588));
#794 = VECTOR('',#795,1.);
#795 = DIRECTION('',(-0.989686666667,0.,-0.143249090127));
#796 = ORIENTED_EDGE('',*,*,#797,.F.);
#797 = EDGE_CURVE('',#798,#790,#800,.T.);
#798 = VERTEX_POINT('',#799);
#799 = CARTESIAN_POINT('',(-0.79,0.5,1.076625579929));
#800 = LINE('',#801,#802);
#801 = CARTESIAN_POINT('',(-0.79,0.5,1.076625579929));
#802 = VECTOR('',#803,1.);
#803 = DIRECTION('',(-0.,-0.,1.));
#804 = ORIENTED_EDGE('',*,*,#805,.F.);
#805 = EDGE_CURVE('',#806,#798,#808,.T.);
#806 = VERTEX_POINT('',#807);
#807 = CARTESIAN_POINT('',(-0.828649818025,0.5,1.071031333333));
#808 = LINE('',#809,#810);
#809 = CARTESIAN_POINT('',(-0.828649818025,0.5,1.071031333333));
#810 = VECTOR('',#811,1.);
#811 = DIRECTION('',(0.989686666667,-0.,0.143249090127));
#812 = ORIENTED_EDGE('',*,*,#813,.F.);
#813 = EDGE_CURVE('',#814,#806,#816,.T.);
#814 = VERTEX_POINT('',#815);
#815 = CARTESIAN_POINT('',(-1.,0.5,0.873094));
#816 = CIRCLE('',#817,0.2);
#817 = AXIS2_PLACEMENT_3D('',#818,#819,#820);
#818 = CARTESIAN_POINT('',(-0.8,0.5,0.873094));
#819 = DIRECTION('',(-0.,1.,0.));
#820 = DIRECTION('',(-1.,-0.,-0.));
#821 = ORIENTED_EDGE('',*,*,#822,.F.);
#822 = EDGE_CURVE('',#823,#814,#825,.T.);
#823 = VERTEX_POINT('',#824);
#824 = CARTESIAN_POINT('',(-1.,0.5,0.3));
#825 = LINE('',#826,#827);
#826 = CARTESIAN_POINT('',(-1.,0.5,0.3));
#827 = VECTOR('',#828,1.);
#828 = DIRECTION('',(-0.,-0.,1.));
#829 = ORIENTED_EDGE('',*,*,#830,.F.);
#830 = EDGE_CURVE('',#831,#823,#833,.T.);
#831 = VERTEX_POINT('',#832);
#832 = CARTESIAN_POINT('',(-0.8,0.5,0.1));
#833 = CIRCLE('',#834,0.2);
#834 = AXIS2_PLACEMENT_3D('',#835,#836,#837);
#835 = CARTESIAN_POINT('',(-0.8,0.5,0.3));
#836 = DIRECTION('',(-0.,1.,0.));
#837 = DIRECTION('',(-0.,0.,-1.));
#838 = ORIENTED_EDGE('',*,*,#839,.F.);
#839 = EDGE_CURVE('',#755,#831,#840,.T.);
#840 = LINE('',#841,#842);
#841 = CARTESIAN_POINT('',(-0.574211702687,0.5,0.1));
#842 = VECTOR('',#843,1.);
#843 = DIRECTION('',(-1.,-0.,-0.));
#844 = PLANE('',#845);
#845 = AXIS2_PLACEMENT_3D('',#846,#847,#848);
#846 = CARTESIAN_POINT('',(-1.1,0.5,0.586547));
#847 = DIRECTION('',(-0.,1.,-0.));
#848 = DIRECTION('',(-1.,0.,0.));
#849 = ADVANCED_FACE('',(#850),#1088,.T.);
#850 = FACE_BOUND('',#851,.T.);
#851 = EDGE_LOOP('',(#852,#860,#869,#877,#886,#894,#902,#910,#919,#927,
    #936,#944,#952,#961,#969,#978,#986,#995,#1003,#1012,#1020,#1028,
    #1037,#1045,#1054,#1062,#1071,#1079,#1086,#1087));
#852 = ORIENTED_EDGE('',*,*,#853,.T.);
#853 = EDGE_CURVE('',#640,#854,#856,.T.);
#854 = VERTEX_POINT('',#855);
#855 = CARTESIAN_POINT('',(1.08,0.5,0.21));
#856 = LINE('',#857,#858);
#857 = CARTESIAN_POINT('',(1.08,0.5,0.2));
#858 = VECTOR('',#859,1.);
#859 = DIRECTION('',(-0.,-0.,1.));
#860 = ORIENTED_EDGE('',*,*,#861,.F.);
#861 = EDGE_CURVE('',#862,#854,#864,.T.);
#862 = VERTEX_POINT('',#863);
#863 = CARTESIAN_POINT('',(1.02,0.5,0.27));
#864 = CIRCLE('',#865,6.E-02);
#865 = AXIS2_PLACEMENT_3D('',#866,#867,#868);
#866 = CARTESIAN_POINT('',(1.02,0.5,0.21));
#867 = DIRECTION('',(0.,1.,0.));
#868 = DIRECTION('',(-0.,-0.,1.));
#869 = ORIENTED_EDGE('',*,*,#870,.F.);
#870 = EDGE_CURVE('',#871,#862,#873,.T.);
#871 = VERTEX_POINT('',#872);
#872 = CARTESIAN_POINT('',(0.94,0.5,0.27));
#873 = LINE('',#874,#875);
#874 = CARTESIAN_POINT('',(0.94,0.5,0.27));
#875 = VECTOR('',#876,1.);
#876 = DIRECTION('',(1.,-0.,-0.));
#877 = ORIENTED_EDGE('',*,*,#878,.F.);
#878 = EDGE_CURVE('',#879,#871,#881,.T.);
#879 = VERTEX_POINT('',#880);
#880 = CARTESIAN_POINT('',(0.88,0.5,0.21));
#881 = CIRCLE('',#882,6.E-02);
#882 = AXIS2_PLACEMENT_3D('',#883,#884,#885);
#883 = CARTESIAN_POINT('',(0.94,0.5,0.21));
#884 = DIRECTION('',(-0.,1.,0.));
#885 = DIRECTION('',(-1.,-0.,-0.));
#886 = ORIENTED_EDGE('',*,*,#887,.F.);
#887 = EDGE_CURVE('',#888,#879,#890,.T.);
#888 = VERTEX_POINT('',#889);
#889 = CARTESIAN_POINT('',(0.88,0.5,0.2));
#890 = LINE('',#891,#892);
#891 = CARTESIAN_POINT('',(0.88,0.5,0.2));
#892 = VECTOR('',#893,1.);
#893 = DIRECTION('',(-0.,-0.,1.));
#894 = ORIENTED_EDGE('',*,*,#895,.F.);
#895 = EDGE_CURVE('',#896,#888,#898,.T.);
#896 = VERTEX_POINT('',#897);
#897 = CARTESIAN_POINT('',(0.12,0.5,0.2));
#898 = LINE('',#899,#900);
#899 = CARTESIAN_POINT('',(0.12,0.5,0.2));
#900 = VECTOR('',#901,1.);
#901 = DIRECTION('',(1.,-0.,-0.));
#902 = ORIENTED_EDGE('',*,*,#903,.F.);
#903 = EDGE_CURVE('',#904,#896,#906,.T.);
#904 = VERTEX_POINT('',#905);
#905 = CARTESIAN_POINT('',(0.12,0.5,0.237024645669));
#906 = LINE('',#907,#908);
#907 = CARTESIAN_POINT('',(0.12,0.5,0.237024645669));
#908 = VECTOR('',#909,1.);
#909 = DIRECTION('',(-0.,0.,-1.));
#910 = ORIENTED_EDGE('',*,*,#911,.F.);
#911 = EDGE_CURVE('',#912,#904,#914,.T.);
#912 = VERTEX_POINT('',#913);
#913 = CARTESIAN_POINT('',(0.104654537022,0.5,0.277099230176));
#914 = CIRCLE('',#915,6.E-02);
#915 = AXIS2_PLACEMENT_3D('',#916,#917,#918);
#916 = CARTESIAN_POINT('',(6.E-02,0.5,0.237024645669));
#917 = DIRECTION('',(0.,1.,0.));
#918 = DIRECTION('',(0.744242283695,-0.,0.667909741777));
#919 = ORIENTED_EDGE('',*,*,#920,.F.);
#920 = EDGE_CURVE('',#921,#912,#923,.T.);
#921 = VERTEX_POINT('',#922);
#922 = CARTESIAN_POINT('',(-0.178848456739,0.5,0.593002566081));
#923 = LINE('',#924,#925);
#924 = CARTESIAN_POINT('',(-0.178848456739,0.5,0.593002566081));
#925 = VECTOR('',#926,1.);
#926 = DIRECTION('',(0.667909741777,-0.,-0.744242283695));
#927 = ORIENTED_EDGE('',*,*,#928,.F.);
#928 = EDGE_CURVE('',#929,#921,#931,.T.);
#929 = VERTEX_POINT('',#930);
#930 = CARTESIAN_POINT('',(-0.23,0.5,0.726584514436));
#931 = CIRCLE('',#932,0.2);
#932 = AXIS2_PLACEMENT_3D('',#933,#934,#935);
#933 = CARTESIAN_POINT('',(-3.E-02,0.5,0.726584514436));
#934 = DIRECTION('',(0.,-1.,-0.));
#935 = DIRECTION('',(-1.,-0.,-0.));
#936 = ORIENTED_EDGE('',*,*,#937,.F.);
#937 = EDGE_CURVE('',#938,#929,#940,.T.);
#938 = VERTEX_POINT('',#939);
#939 = CARTESIAN_POINT('',(-0.23,0.5,1.16));
#940 = LINE('',#941,#942);
#941 = CARTESIAN_POINT('',(-0.23,0.5,1.16));
#942 = VECTOR('',#943,1.);
#943 = DIRECTION('',(-0.,0.,-1.));
#944 = ORIENTED_EDGE('',*,*,#945,.F.);
#945 = EDGE_CURVE('',#946,#938,#948,.T.);
#946 = VERTEX_POINT('',#947);
#947 = CARTESIAN_POINT('',(0.100040016013,0.5,1.16));
#948 = LINE('',#949,#950);
#949 = CARTESIAN_POINT('',(0.100040016013,0.5,1.16));
#950 = VECTOR('',#951,1.);
#951 = DIRECTION('',(-1.,-0.,-0.));
#952 = ORIENTED_EDGE('',*,*,#953,.F.);
#953 = EDGE_CURVE('',#954,#946,#956,.T.);
#954 = VERTEX_POINT('',#955);
#955 = CARTESIAN_POINT('',(0.15,0.5,1.112));
#956 = CIRCLE('',#957,5.E-02);
#957 = AXIS2_PLACEMENT_3D('',#958,#959,#960);
#958 = CARTESIAN_POINT('',(0.15,0.5,1.162));
#959 = DIRECTION('',(0.,1.,0.));
#960 = DIRECTION('',(1.33226762955E-14,-0.,-1.));
#961 = ORIENTED_EDGE('',*,*,#962,.F.);
#962 = EDGE_CURVE('',#963,#954,#965,.T.);
#963 = VERTEX_POINT('',#964);
#964 = CARTESIAN_POINT('',(0.32,0.5,1.112));
#965 = LINE('',#966,#967);
#966 = CARTESIAN_POINT('',(0.32,0.5,1.112));
#967 = VECTOR('',#968,1.);
#968 = DIRECTION('',(-1.,-0.,-0.));
#969 = ORIENTED_EDGE('',*,*,#970,.F.);
#970 = EDGE_CURVE('',#971,#963,#973,.T.);
#971 = VERTEX_POINT('',#972);
#972 = CARTESIAN_POINT('',(0.37,0.5,1.162));
#973 = CIRCLE('',#974,5.E-02);
#974 = AXIS2_PLACEMENT_3D('',#975,#976,#977);
#975 = CARTESIAN_POINT('',(0.32,0.5,1.162));
#976 = DIRECTION('',(0.,1.,-0.));
#977 = DIRECTION('',(1.,-0.,-0.));
#978 = ORIENTED_EDGE('',*,*,#979,.F.);
#979 = EDGE_CURVE('',#980,#971,#982,.T.);
#980 = VERTEX_POINT('',#981);
#981 = CARTESIAN_POINT('',(0.37,0.5,1.347578643763));
#982 = LINE('',#983,#984);
#983 = CARTESIAN_POINT('',(0.37,0.5,1.347578643763));
#984 = VECTOR('',#985,1.);
#985 = DIRECTION('',(-0.,0.,-1.));
#986 = ORIENTED_EDGE('',*,*,#987,.F.);
#987 = EDGE_CURVE('',#988,#980,#990,.T.);
#988 = VERTEX_POINT('',#989);
#989 = CARTESIAN_POINT('',(0.340710678119,0.5,1.418289321881));
#990 = CIRCLE('',#991,0.1);
#991 = AXIS2_PLACEMENT_3D('',#992,#993,#994);
#992 = CARTESIAN_POINT('',(0.27,0.5,1.347578643763));
#993 = DIRECTION('',(0.,1.,0.));
#994 = DIRECTION('',(0.707106781187,-0.,0.707106781186));
#995 = ORIENTED_EDGE('',*,*,#996,.F.);
#996 = EDGE_CURVE('',#997,#988,#999,.T.);
#997 = VERTEX_POINT('',#998);
#998 = CARTESIAN_POINT('',(0.244644660941,0.5,1.514355339059));
#999 = LINE('',#1000,#1001);
#1000 = CARTESIAN_POINT('',(0.244644660941,0.5,1.514355339059));
#1001 = VECTOR('',#1002,1.);
#1002 = DIRECTION('',(0.707106781186,-0.,-0.707106781187));
#1003 = ORIENTED_EDGE('',*,*,#1004,.F.);
#1004 = EDGE_CURVE('',#1005,#997,#1007,.T.);
#1005 = VERTEX_POINT('',#1006);
#1006 = CARTESIAN_POINT('',(0.23,0.5,1.549710678119));
#1007 = CIRCLE('',#1008,5.E-02);
#1008 = AXIS2_PLACEMENT_3D('',#1009,#1010,#1011);
#1009 = CARTESIAN_POINT('',(0.28,0.5,1.549710678119));
#1010 = DIRECTION('',(0.,-1.,-0.));
#1011 = DIRECTION('',(-1.,-0.,-0.));
#1012 = ORIENTED_EDGE('',*,*,#1013,.F.);
#1013 = EDGE_CURVE('',#1014,#1005,#1016,.T.);
#1014 = VERTEX_POINT('',#1015);
#1015 = CARTESIAN_POINT('',(0.23,0.5,1.7));
#1016 = LINE('',#1017,#1018);
#1017 = CARTESIAN_POINT('',(0.23,0.5,1.7));
#1018 = VECTOR('',#1019,1.);
#1019 = DIRECTION('',(-0.,0.,-1.));
#1020 = ORIENTED_EDGE('',*,*,#1021,.F.);
#1021 = EDGE_CURVE('',#1022,#1014,#1024,.T.);
#1022 = VERTEX_POINT('',#1023);
#1023 = CARTESIAN_POINT('',(0.53,0.5,1.7));
#1024 = LINE('',#1025,#1026);
#1025 = CARTESIAN_POINT('',(0.53,0.5,1.7));
#1026 = VECTOR('',#1027,1.);
#1027 = DIRECTION('',(-1.,-0.,-0.));
#1028 = ORIENTED_EDGE('',*,*,#1029,.T.);
#1029 = EDGE_CURVE('',#1022,#1030,#1032,.T.);
#1030 = VERTEX_POINT('',#1031);
#1031 = CARTESIAN_POINT('',(0.58,0.5,1.65));
#1032 = CIRCLE('',#1033,5.E-02);
#1033 = AXIS2_PLACEMENT_3D('',#1034,#1035,#1036);
#1034 = CARTESIAN_POINT('',(0.58,0.5,1.7));
#1035 = DIRECTION('',(0.,-1.,-0.));
#1036 = DIRECTION('',(-1.,-0.,-0.));
#1037 = ORIENTED_EDGE('',*,*,#1038,.T.);
#1038 = EDGE_CURVE('',#1030,#1039,#1041,.T.);
#1039 = VERTEX_POINT('',#1040);
#1040 = CARTESIAN_POINT('',(0.600794919243,0.5,1.65));
#1041 = LINE('',#1042,#1043);
#1042 = CARTESIAN_POINT('',(0.58,0.5,1.65));
#1043 = VECTOR('',#1044,1.);
#1044 = DIRECTION('',(1.,-0.,-0.));
#1045 = ORIENTED_EDGE('',*,*,#1046,.T.);
#1046 = EDGE_CURVE('',#1039,#1047,#1049,.T.);
#1047 = VERTEX_POINT('',#1048);
#1048 = CARTESIAN_POINT('',(0.644096189432,0.5,1.675));
#1049 = CIRCLE('',#1050,5.E-02);
#1050 = AXIS2_PLACEMENT_3D('',#1051,#1052,#1053);
#1051 = CARTESIAN_POINT('',(0.600794919243,0.5,1.7));
#1052 = DIRECTION('',(-0.,-1.,0.));
#1053 = DIRECTION('',(-0.,0.,-1.));
#1054 = ORIENTED_EDGE('',*,*,#1055,.T.);
#1055 = EDGE_CURVE('',#1047,#1056,#1058,.T.);
#1056 = VERTEX_POINT('',#1057);
#1057 = CARTESIAN_POINT('',(0.716264973081,0.5,1.8));
#1058 = LINE('',#1059,#1060);
#1059 = CARTESIAN_POINT('',(0.644096189432,0.5,1.675));
#1060 = VECTOR('',#1061,1.);
#1061 = DIRECTION('',(0.5,-0.,0.866025403784));
#1062 = ORIENTED_EDGE('',*,*,#1063,.F.);
#1063 = EDGE_CURVE('',#1064,#1056,#1066,.T.);
#1064 = VERTEX_POINT('',#1065);
#1065 = CARTESIAN_POINT('',(0.889470053838,0.5,1.9));
#1066 = CIRCLE('',#1067,0.2);
#1067 = AXIS2_PLACEMENT_3D('',#1068,#1069,#1070);
#1068 = CARTESIAN_POINT('',(0.889470053838,0.5,1.7));
#1069 = DIRECTION('',(0.,-1.,-0.));
#1070 = DIRECTION('',(-1.110223024625E-14,-0.,1.));
#1071 = ORIENTED_EDGE('',*,*,#1072,.F.);
#1072 = EDGE_CURVE('',#1073,#1064,#1075,.T.);
#1073 = VERTEX_POINT('',#1074);
#1074 = CARTESIAN_POINT('',(1.65,0.5,1.9));
#1075 = LINE('',#1076,#1077);
#1076 = CARTESIAN_POINT('',(1.65,0.5,1.9));
#1077 = VECTOR('',#1078,1.);
#1078 = DIRECTION('',(-1.,-0.,-0.));
#1079 = ORIENTED_EDGE('',*,*,#1080,.F.);
#1080 = EDGE_CURVE('',#674,#1073,#1081,.T.);
#1081 = CIRCLE('',#1082,0.15);
#1082 = AXIS2_PLACEMENT_3D('',#1083,#1084,#1085);
#1083 = CARTESIAN_POINT('',(1.65,0.5,1.75));
#1084 = DIRECTION('',(-0.,-1.,-0.));
#1085 = DIRECTION('',(1.,-0.,-0.));
#1086 = ORIENTED_EDGE('',*,*,#673,.F.);
#1087 = ORIENTED_EDGE('',*,*,#639,.F.);
#1088 = PLANE('',#1089);
#1089 = AXIS2_PLACEMENT_3D('',#1090,#1091,#1092);
#1090 = CARTESIAN_POINT('',(-1.1,0.5,0.586547));
#1091 = DIRECTION('',(-0.,1.,-0.));
#1092 = DIRECTION('',(-1.,0.,0.));
#1093 = ADVANCED_FACE('',(#1094),#1113,.T.);
#1094 = FACE_BOUND('',#1095,.F.);
#1095 = EDGE_LOOP('',(#1096,#1097,#1105,#1112));
#1096 = ORIENTED_EDGE('',*,*,#540,.F.);
#1097 = ORIENTED_EDGE('',*,*,#1098,.T.);
#1098 = EDGE_CURVE('',#541,#1099,#1101,.T.);
#1099 = VERTEX_POINT('',#1100);
#1100 = CARTESIAN_POINT('',(-0.473209223923,0.472622418253,0.1));
#1101 = LINE('',#1102,#1103);
#1102 = CARTESIAN_POINT('',(-0.473209223923,0.472622418253,0.));
#1103 = VECTOR('',#1104,1.);
#1104 = DIRECTION('',(-0.,-0.,1.));
#1105 = ORIENTED_EDGE('',*,*,#1106,.T.);
#1106 = EDGE_CURVE('',#1099,#755,#1107,.T.);
#1107 = CIRCLE('',#1108,0.2);
#1108 = AXIS2_PLACEMENT_3D('',#1109,#1110,#1111);
#1109 = CARTESIAN_POINT('',(-0.574211702687,0.3,0.1));
#1110 = DIRECTION('',(0.,0.,1.));
#1111 = DIRECTION('',(0.505012393824,0.863112091263,-0.));
#1112 = ORIENTED_EDGE('',*,*,#754,.T.);
#1113 = CYLINDRICAL_SURFACE('',#1114,0.2);
#1114 = AXIS2_PLACEMENT_3D('',#1115,#1116,#1117);
#1115 = CARTESIAN_POINT('',(-0.574211702687,0.3,0.));
#1116 = DIRECTION('',(-0.,0.,-1.));
#1117 = DIRECTION('',(1.,-0.,-0.));
#1118 = ADVANCED_FACE('',(#1119),#1312,.T.);
#1119 = FACE_BOUND('',#1120,.T.);
#1120 = EDGE_LOOP('',(#1121,#1129,#1137,#1146,#1154,#1163,#1171,#1179,
    #1188,#1196,#1205,#1211,#1212,#1213,#1219,#1220,#1221,#1229,#1238,
    #1246,#1255,#1263,#1271,#1280,#1288,#1297,#1305,#1311));
#1121 = ORIENTED_EDGE('',*,*,#1122,.T.);
#1122 = EDGE_CURVE('',#698,#1123,#1125,.T.);
#1123 = VERTEX_POINT('',#1124);
#1124 = CARTESIAN_POINT('',(1.08,0.3,0.1));
#1125 = LINE('',#1126,#1127);
#1126 = CARTESIAN_POINT('',(1.8,0.3,0.1));
#1127 = VECTOR('',#1128,1.);
#1128 = DIRECTION('',(-1.,-0.,-0.));
#1129 = ORIENTED_EDGE('',*,*,#1130,.T.);
#1130 = EDGE_CURVE('',#1123,#1131,#1133,.T.);
#1131 = VERTEX_POINT('',#1132);
#1132 = CARTESIAN_POINT('',(1.08,0.285,0.1));
#1133 = LINE('',#1134,#1135);
#1134 = CARTESIAN_POINT('',(1.08,0.3,0.1));
#1135 = VECTOR('',#1136,1.);
#1136 = DIRECTION('',(-0.,-1.,-0.));
#1137 = ORIENTED_EDGE('',*,*,#1138,.F.);
#1138 = EDGE_CURVE('',#1139,#1131,#1141,.T.);
#1139 = VERTEX_POINT('',#1140);
#1140 = CARTESIAN_POINT('',(1.02,0.225,0.1));
#1141 = CIRCLE('',#1142,6.E-02);
#1142 = AXIS2_PLACEMENT_3D('',#1143,#1144,#1145);
#1143 = CARTESIAN_POINT('',(1.02,0.285,0.1));
#1144 = DIRECTION('',(0.,-0.,1.));
#1145 = DIRECTION('',(-0.,-1.,-0.));
#1146 = ORIENTED_EDGE('',*,*,#1147,.F.);
#1147 = EDGE_CURVE('',#1148,#1139,#1150,.T.);
#1148 = VERTEX_POINT('',#1149);
#1149 = CARTESIAN_POINT('',(0.94,0.225,0.1));
#1150 = LINE('',#1151,#1152);
#1151 = CARTESIAN_POINT('',(0.94,0.225,0.1));
#1152 = VECTOR('',#1153,1.);
#1153 = DIRECTION('',(1.,-0.,-0.));
#1154 = ORIENTED_EDGE('',*,*,#1155,.F.);
#1155 = EDGE_CURVE('',#1156,#1148,#1158,.T.);
#1156 = VERTEX_POINT('',#1157);
#1157 = CARTESIAN_POINT('',(0.88,0.285,0.1));
#1158 = CIRCLE('',#1159,6.E-02);
#1159 = AXIS2_PLACEMENT_3D('',#1160,#1161,#1162);
#1160 = CARTESIAN_POINT('',(0.94,0.285,0.1));
#1161 = DIRECTION('',(0.,0.,1.));
#1162 = DIRECTION('',(-1.,-0.,-0.));
#1163 = ORIENTED_EDGE('',*,*,#1164,.F.);
#1164 = EDGE_CURVE('',#1165,#1156,#1167,.T.);
#1165 = VERTEX_POINT('',#1166);
#1166 = CARTESIAN_POINT('',(0.88,0.3,0.1));
#1167 = LINE('',#1168,#1169);
#1168 = CARTESIAN_POINT('',(0.88,0.3,0.1));
#1169 = VECTOR('',#1170,1.);
#1170 = DIRECTION('',(-0.,-1.,-0.));
#1171 = ORIENTED_EDGE('',*,*,#1172,.T.);
#1172 = EDGE_CURVE('',#1165,#1173,#1175,.T.);
#1173 = VERTEX_POINT('',#1174);
#1174 = CARTESIAN_POINT('',(0.119843597113,0.3,0.1));
#1175 = LINE('',#1176,#1177);
#1176 = CARTESIAN_POINT('',(0.88,0.3,0.1));
#1177 = VECTOR('',#1178,1.);
#1178 = DIRECTION('',(-1.,-0.,-0.));
#1179 = ORIENTED_EDGE('',*,*,#1180,.F.);
#1180 = EDGE_CURVE('',#1181,#1173,#1183,.T.);
#1181 = VERTEX_POINT('',#1182);
#1182 = CARTESIAN_POINT('',(4.E-02,0.225,0.1));
#1183 = CIRCLE('',#1184,8.E-02);
#1184 = AXIS2_PLACEMENT_3D('',#1185,#1186,#1187);
#1185 = CARTESIAN_POINT('',(4.E-02,0.305,0.1));
#1186 = DIRECTION('',(0.,0.,1.));
#1187 = DIRECTION('',(1.110223024625E-14,-1.,-0.));
#1188 = ORIENTED_EDGE('',*,*,#1189,.F.);
#1189 = EDGE_CURVE('',#1190,#1181,#1192,.T.);
#1190 = VERTEX_POINT('',#1191);
#1191 = CARTESIAN_POINT('',(-2.8315318925E-02,0.225,0.1));
#1192 = LINE('',#1193,#1194);
#1193 = CARTESIAN_POINT('',(-2.8315318925E-02,0.225,0.1));
#1194 = VECTOR('',#1195,1.);
#1195 = DIRECTION('',(1.,-0.,-0.));
#1196 = ORIENTED_EDGE('',*,*,#1197,.F.);
#1197 = EDGE_CURVE('',#1198,#1190,#1200,.T.);
#1198 = VERTEX_POINT('',#1199);
#1199 = CARTESIAN_POINT('',(-6.8716310431E-02,0.235951032699,0.1));
#1200 = CIRCLE('',#1201,8.E-02);
#1201 = AXIS2_PLACEMENT_3D('',#1202,#1203,#1204);
#1202 = CARTESIAN_POINT('',(-2.8315318925E-02,0.305,0.1));
#1203 = DIRECTION('',(0.,-0.,1.));
#1204 = DIRECTION('',(-0.505012393824,-0.863112091263,-0.));
#1205 = ORIENTED_EDGE('',*,*,#1206,.F.);
#1206 = EDGE_CURVE('',#1099,#1198,#1207,.T.);
#1207 = LINE('',#1208,#1209);
#1208 = CARTESIAN_POINT('',(-0.473209223923,0.472622418253,0.1));
#1209 = VECTOR('',#1210,1.);
#1210 = DIRECTION('',(0.863112091263,-0.505012393824,0.));
#1211 = ORIENTED_EDGE('',*,*,#1106,.T.);
#1212 = ORIENTED_EDGE('',*,*,#839,.T.);
#1213 = ORIENTED_EDGE('',*,*,#1214,.F.);
#1214 = EDGE_CURVE('',#32,#831,#1215,.T.);
#1215 = LINE('',#1216,#1217);
#1216 = CARTESIAN_POINT('',(-0.8,-0.5,0.1));
#1217 = VECTOR('',#1218,1.);
#1218 = DIRECTION('',(-0.,1.,-0.));
#1219 = ORIENTED_EDGE('',*,*,#31,.F.);
#1220 = ORIENTED_EDGE('',*,*,#381,.T.);
#1221 = ORIENTED_EDGE('',*,*,#1222,.F.);
#1222 = EDGE_CURVE('',#1223,#382,#1225,.T.);
#1223 = VERTEX_POINT('',#1224);
#1224 = CARTESIAN_POINT('',(-6.8716310431E-02,-0.235951032699,0.1));
#1225 = LINE('',#1226,#1227);
#1226 = CARTESIAN_POINT('',(-6.8716310431E-02,-0.235951032699,0.1));
#1227 = VECTOR('',#1228,1.);
#1228 = DIRECTION('',(-0.863112091263,-0.505012393824,-0.));
#1229 = ORIENTED_EDGE('',*,*,#1230,.F.);
#1230 = EDGE_CURVE('',#1231,#1223,#1233,.T.);
#1231 = VERTEX_POINT('',#1232);
#1232 = CARTESIAN_POINT('',(-2.8315318925E-02,-0.225,0.1));
#1233 = CIRCLE('',#1234,8.E-02);
#1234 = AXIS2_PLACEMENT_3D('',#1235,#1236,#1237);
#1235 = CARTESIAN_POINT('',(-2.8315318925E-02,-0.305,0.1));
#1236 = DIRECTION('',(-0.,0.,1.));
#1237 = DIRECTION('',(-0.,1.,-0.));
#1238 = ORIENTED_EDGE('',*,*,#1239,.F.);
#1239 = EDGE_CURVE('',#1240,#1231,#1242,.T.);
#1240 = VERTEX_POINT('',#1241);
#1241 = CARTESIAN_POINT('',(4.E-02,-0.225,0.1));
#1242 = LINE('',#1243,#1244);
#1243 = CARTESIAN_POINT('',(4.E-02,-0.225,0.1));
#1244 = VECTOR('',#1245,1.);
#1245 = DIRECTION('',(-1.,-0.,-0.));
#1246 = ORIENTED_EDGE('',*,*,#1247,.F.);
#1247 = EDGE_CURVE('',#1248,#1240,#1250,.T.);
#1248 = VERTEX_POINT('',#1249);
#1249 = CARTESIAN_POINT('',(0.119843597113,-0.3,0.1));
#1250 = CIRCLE('',#1251,8.E-02);
#1251 = AXIS2_PLACEMENT_3D('',#1252,#1253,#1254);
#1252 = CARTESIAN_POINT('',(4.E-02,-0.305,0.1));
#1253 = DIRECTION('',(0.,0.,1.));
#1254 = DIRECTION('',(0.998044963917,6.25E-02,-0.));
#1255 = ORIENTED_EDGE('',*,*,#1256,.T.);
#1256 = EDGE_CURVE('',#1248,#1257,#1259,.T.);
#1257 = VERTEX_POINT('',#1258);
#1258 = CARTESIAN_POINT('',(0.88,-0.3,0.1));
#1259 = LINE('',#1260,#1261);
#1260 = CARTESIAN_POINT('',(0.119843597113,-0.3,0.1));
#1261 = VECTOR('',#1262,1.);
#1262 = DIRECTION('',(1.,-0.,-0.));
#1263 = ORIENTED_EDGE('',*,*,#1264,.T.);
#1264 = EDGE_CURVE('',#1257,#1265,#1267,.T.);
#1265 = VERTEX_POINT('',#1266);
#1266 = CARTESIAN_POINT('',(0.88,-0.285,0.1));
#1267 = LINE('',#1268,#1269);
#1268 = CARTESIAN_POINT('',(0.88,-0.3,0.1));
#1269 = VECTOR('',#1270,1.);
#1270 = DIRECTION('',(-0.,1.,-0.));
#1271 = ORIENTED_EDGE('',*,*,#1272,.F.);
#1272 = EDGE_CURVE('',#1273,#1265,#1275,.T.);
#1273 = VERTEX_POINT('',#1274);
#1274 = CARTESIAN_POINT('',(0.94,-0.225,0.1));
#1275 = CIRCLE('',#1276,6.E-02);
#1276 = AXIS2_PLACEMENT_3D('',#1277,#1278,#1279);
#1277 = CARTESIAN_POINT('',(0.94,-0.285,0.1));
#1278 = DIRECTION('',(-0.,0.,1.));
#1279 = DIRECTION('',(-0.,1.,-0.));
#1280 = ORIENTED_EDGE('',*,*,#1281,.F.);
#1281 = EDGE_CURVE('',#1282,#1273,#1284,.T.);
#1282 = VERTEX_POINT('',#1283);
#1283 = CARTESIAN_POINT('',(1.02,-0.225,0.1));
#1284 = LINE('',#1285,#1286);
#1285 = CARTESIAN_POINT('',(1.02,-0.225,0.1));
#1286 = VECTOR('',#1287,1.);
#1287 = DIRECTION('',(-1.,-0.,-0.));
#1288 = ORIENTED_EDGE('',*,*,#1289,.F.);
#1289 = EDGE_CURVE('',#1290,#1282,#1292,.T.);
#1290 = VERTEX_POINT('',#1291);
#1291 = CARTESIAN_POINT('',(1.08,-0.285,0.1));
#1292 = CIRCLE('',#1293,6.E-02);
#1293 = AXIS2_PLACEMENT_3D('',#1294,#1295,#1296);
#1294 = CARTESIAN_POINT('',(1.02,-0.285,0.1));
#1295 = DIRECTION('',(0.,0.,1.));
#1296 = DIRECTION('',(1.,-0.,-0.));
#1297 = ORIENTED_EDGE('',*,*,#1298,.F.);
#1298 = EDGE_CURVE('',#1299,#1290,#1301,.T.);
#1299 = VERTEX_POINT('',#1300);
#1300 = CARTESIAN_POINT('',(1.08,-0.3,0.1));
#1301 = LINE('',#1302,#1303);
#1302 = CARTESIAN_POINT('',(1.08,-0.3,0.1));
#1303 = VECTOR('',#1304,1.);
#1304 = DIRECTION('',(-0.,1.,-0.));
#1305 = ORIENTED_EDGE('',*,*,#1306,.T.);
#1306 = EDGE_CURVE('',#1299,#707,#1307,.T.);
#1307 = LINE('',#1308,#1309);
#1308 = CARTESIAN_POINT('',(1.08,-0.3,0.1));
#1309 = VECTOR('',#1310,1.);
#1310 = DIRECTION('',(1.,-0.,-0.));
#1311 = ORIENTED_EDGE('',*,*,#706,.T.);
#1312 = PLANE('',#1313);
#1313 = AXIS2_PLACEMENT_3D('',#1314,#1315,#1316);
#1314 = CARTESIAN_POINT('',(1.8,-0.5,0.1));
#1315 = DIRECTION('',(-0.,-0.,1.));
#1316 = DIRECTION('',(1.,-0.,0.));
#1317 = ADVANCED_FACE('',(#1318),#1337,.F.);
#1318 = FACE_BOUND('',#1319,.T.);
#1319 = EDGE_LOOP('',(#1320,#1321,#1322,#1330));
#1320 = ORIENTED_EDGE('',*,*,#1122,.F.);
#1321 = ORIENTED_EDGE('',*,*,#697,.T.);
#1322 = ORIENTED_EDGE('',*,*,#1323,.T.);
#1323 = EDGE_CURVE('',#690,#1324,#1326,.T.);
#1324 = VERTEX_POINT('',#1325);
#1325 = CARTESIAN_POINT('',(1.08,0.4,0.2));
#1326 = LINE('',#1327,#1328);
#1327 = CARTESIAN_POINT('',(1.8,0.4,0.2));
#1328 = VECTOR('',#1329,1.);
#1329 = DIRECTION('',(-1.,-0.,-0.));
#1330 = ORIENTED_EDGE('',*,*,#1331,.T.);
#1331 = EDGE_CURVE('',#1324,#1123,#1332,.T.);
#1332 = CIRCLE('',#1333,0.1);
#1333 = AXIS2_PLACEMENT_3D('',#1334,#1335,#1336);
#1334 = CARTESIAN_POINT('',(1.08,0.3,0.2));
#1335 = DIRECTION('',(-1.,0.,0.));
#1336 = DIRECTION('',(-0.,1.,-0.));
#1337 = CYLINDRICAL_SURFACE('',#1338,0.1);
#1338 = AXIS2_PLACEMENT_3D('',#1339,#1340,#1341);
#1339 = CARTESIAN_POINT('',(5.58044,0.3,0.2));
#1340 = DIRECTION('',(-1.,-0.,-0.));
#1341 = DIRECTION('',(-0.,0.,-1.));
#1342 = ADVANCED_FACE('',(#1343),#1581,.F.);
#1343 = FACE_BOUND('',#1344,.T.);
#1344 = EDGE_LOOP('',(#1345,#1355,#1364,#1370,#1371,#1372,#1381,#1389,
    #1398,#1406,#1415,#1423,#1432,#1440,#1448,#1457,#1465,#1474,#1482,
    #1491,#1499,#1508,#1516,#1524,#1533,#1541,#1550,#1558,#1566,#1574));
#1345 = ORIENTED_EDGE('',*,*,#1346,.T.);
#1346 = EDGE_CURVE('',#1347,#1349,#1351,.T.);
#1347 = VERTEX_POINT('',#1348);
#1348 = CARTESIAN_POINT('',(0.94,0.4,0.27));
#1349 = VERTEX_POINT('',#1350);
#1350 = CARTESIAN_POINT('',(1.02,0.4,0.27));
#1351 = LINE('',#1352,#1353);
#1352 = CARTESIAN_POINT('',(0.94,0.4,0.27));
#1353 = VECTOR('',#1354,1.);
#1354 = DIRECTION('',(1.,-0.,-0.));
#1355 = ORIENTED_EDGE('',*,*,#1356,.F.);
#1356 = EDGE_CURVE('',#1357,#1349,#1359,.T.);
#1357 = VERTEX_POINT('',#1358);
#1358 = CARTESIAN_POINT('',(1.08,0.4,0.21));
#1359 = CIRCLE('',#1360,6.E-02);
#1360 = AXIS2_PLACEMENT_3D('',#1361,#1362,#1363);
#1361 = CARTESIAN_POINT('',(1.02,0.4,0.21));
#1362 = DIRECTION('',(-0.,-1.,-0.));
#1363 = DIRECTION('',(1.,-0.,-0.));
#1364 = ORIENTED_EDGE('',*,*,#1365,.F.);
#1365 = EDGE_CURVE('',#1324,#1357,#1366,.T.);
#1366 = LINE('',#1367,#1368);
#1367 = CARTESIAN_POINT('',(1.08,0.4,0.2));
#1368 = VECTOR('',#1369,1.);
#1369 = DIRECTION('',(-0.,-0.,1.));
#1370 = ORIENTED_EDGE('',*,*,#1323,.F.);
#1371 = ORIENTED_EDGE('',*,*,#689,.T.);
#1372 = ORIENTED_EDGE('',*,*,#1373,.T.);
#1373 = EDGE_CURVE('',#682,#1374,#1376,.T.);
#1374 = VERTEX_POINT('',#1375);
#1375 = CARTESIAN_POINT('',(1.65,0.4,1.9));
#1376 = CIRCLE('',#1377,0.15);
#1377 = AXIS2_PLACEMENT_3D('',#1378,#1379,#1380);
#1378 = CARTESIAN_POINT('',(1.65,0.4,1.75));
#1379 = DIRECTION('',(-0.,-1.,-0.));
#1380 = DIRECTION('',(1.,-0.,-0.));
#1381 = ORIENTED_EDGE('',*,*,#1382,.T.);
#1382 = EDGE_CURVE('',#1374,#1383,#1385,.T.);
#1383 = VERTEX_POINT('',#1384);
#1384 = CARTESIAN_POINT('',(0.889470053838,0.4,1.9));
#1385 = LINE('',#1386,#1387);
#1386 = CARTESIAN_POINT('',(1.65,0.4,1.9));
#1387 = VECTOR('',#1388,1.);
#1388 = DIRECTION('',(-1.,-0.,-0.));
#1389 = ORIENTED_EDGE('',*,*,#1390,.T.);
#1390 = EDGE_CURVE('',#1383,#1391,#1393,.T.);
#1391 = VERTEX_POINT('',#1392);
#1392 = CARTESIAN_POINT('',(0.716264973081,0.4,1.8));
#1393 = CIRCLE('',#1394,0.2);
#1394 = AXIS2_PLACEMENT_3D('',#1395,#1396,#1397);
#1395 = CARTESIAN_POINT('',(0.889470053838,0.4,1.7));
#1396 = DIRECTION('',(0.,-1.,-0.));
#1397 = DIRECTION('',(-1.110223024625E-14,-0.,1.));
#1398 = ORIENTED_EDGE('',*,*,#1399,.F.);
#1399 = EDGE_CURVE('',#1400,#1391,#1402,.T.);
#1400 = VERTEX_POINT('',#1401);
#1401 = CARTESIAN_POINT('',(0.644096189432,0.4,1.675));
#1402 = LINE('',#1403,#1404);
#1403 = CARTESIAN_POINT('',(0.644096189432,0.4,1.675));
#1404 = VECTOR('',#1405,1.);
#1405 = DIRECTION('',(0.5,-0.,0.866025403784));
#1406 = ORIENTED_EDGE('',*,*,#1407,.F.);
#1407 = EDGE_CURVE('',#1408,#1400,#1410,.T.);
#1408 = VERTEX_POINT('',#1409);
#1409 = CARTESIAN_POINT('',(0.600794919243,0.4,1.65));
#1410 = CIRCLE('',#1411,5.E-02);
#1411 = AXIS2_PLACEMENT_3D('',#1412,#1413,#1414);
#1412 = CARTESIAN_POINT('',(0.600794919243,0.4,1.7));
#1413 = DIRECTION('',(-0.,-1.,0.));
#1414 = DIRECTION('',(-0.,0.,-1.));
#1415 = ORIENTED_EDGE('',*,*,#1416,.F.);
#1416 = EDGE_CURVE('',#1417,#1408,#1419,.T.);
#1417 = VERTEX_POINT('',#1418);
#1418 = CARTESIAN_POINT('',(0.58,0.4,1.65));
#1419 = LINE('',#1420,#1421);
#1420 = CARTESIAN_POINT('',(0.58,0.4,1.65));
#1421 = VECTOR('',#1422,1.);
#1422 = DIRECTION('',(1.,-0.,-0.));
#1423 = ORIENTED_EDGE('',*,*,#1424,.F.);
#1424 = EDGE_CURVE('',#1425,#1417,#1427,.T.);
#1425 = VERTEX_POINT('',#1426);
#1426 = CARTESIAN_POINT('',(0.53,0.4,1.7));
#1427 = CIRCLE('',#1428,5.E-02);
#1428 = AXIS2_PLACEMENT_3D('',#1429,#1430,#1431);
#1429 = CARTESIAN_POINT('',(0.58,0.4,1.7));
#1430 = DIRECTION('',(0.,-1.,-0.));
#1431 = DIRECTION('',(-1.,-0.,-0.));
#1432 = ORIENTED_EDGE('',*,*,#1433,.T.);
#1433 = EDGE_CURVE('',#1425,#1434,#1436,.T.);
#1434 = VERTEX_POINT('',#1435);
#1435 = CARTESIAN_POINT('',(0.23,0.4,1.7));
#1436 = LINE('',#1437,#1438);
#1437 = CARTESIAN_POINT('',(0.53,0.4,1.7));
#1438 = VECTOR('',#1439,1.);
#1439 = DIRECTION('',(-1.,-0.,-0.));
#1440 = ORIENTED_EDGE('',*,*,#1441,.T.);
#1441 = EDGE_CURVE('',#1434,#1442,#1444,.T.);
#1442 = VERTEX_POINT('',#1443);
#1443 = CARTESIAN_POINT('',(0.23,0.4,1.549710678119));
#1444 = LINE('',#1445,#1446);
#1445 = CARTESIAN_POINT('',(0.23,0.4,1.7));
#1446 = VECTOR('',#1447,1.);
#1447 = DIRECTION('',(-0.,0.,-1.));
#1448 = ORIENTED_EDGE('',*,*,#1449,.T.);
#1449 = EDGE_CURVE('',#1442,#1450,#1452,.T.);
#1450 = VERTEX_POINT('',#1451);
#1451 = CARTESIAN_POINT('',(0.244644660941,0.4,1.514355339059));
#1452 = CIRCLE('',#1453,5.E-02);
#1453 = AXIS2_PLACEMENT_3D('',#1454,#1455,#1456);
#1454 = CARTESIAN_POINT('',(0.28,0.4,1.549710678119));
#1455 = DIRECTION('',(0.,-1.,-0.));
#1456 = DIRECTION('',(-1.,-0.,-0.));
#1457 = ORIENTED_EDGE('',*,*,#1458,.T.);
#1458 = EDGE_CURVE('',#1450,#1459,#1461,.T.);
#1459 = VERTEX_POINT('',#1460);
#1460 = CARTESIAN_POINT('',(0.340710678119,0.4,1.418289321881));
#1461 = LINE('',#1462,#1463);
#1462 = CARTESIAN_POINT('',(0.244644660941,0.4,1.514355339059));
#1463 = VECTOR('',#1464,1.);
#1464 = DIRECTION('',(0.707106781186,-0.,-0.707106781187));
#1465 = ORIENTED_EDGE('',*,*,#1466,.T.);
#1466 = EDGE_CURVE('',#1459,#1467,#1469,.T.);
#1467 = VERTEX_POINT('',#1468);
#1468 = CARTESIAN_POINT('',(0.37,0.4,1.347578643763));
#1469 = CIRCLE('',#1470,0.1);
#1470 = AXIS2_PLACEMENT_3D('',#1471,#1472,#1473);
#1471 = CARTESIAN_POINT('',(0.27,0.4,1.347578643763));
#1472 = DIRECTION('',(0.,1.,0.));
#1473 = DIRECTION('',(0.707106781187,-0.,0.707106781186));
#1474 = ORIENTED_EDGE('',*,*,#1475,.T.);
#1475 = EDGE_CURVE('',#1467,#1476,#1478,.T.);
#1476 = VERTEX_POINT('',#1477);
#1477 = CARTESIAN_POINT('',(0.37,0.4,1.162));
#1478 = LINE('',#1479,#1480);
#1479 = CARTESIAN_POINT('',(0.37,0.4,1.347578643763));
#1480 = VECTOR('',#1481,1.);
#1481 = DIRECTION('',(-0.,0.,-1.));
#1482 = ORIENTED_EDGE('',*,*,#1483,.T.);
#1483 = EDGE_CURVE('',#1476,#1484,#1486,.T.);
#1484 = VERTEX_POINT('',#1485);
#1485 = CARTESIAN_POINT('',(0.32,0.4,1.112));
#1486 = CIRCLE('',#1487,5.E-02);
#1487 = AXIS2_PLACEMENT_3D('',#1488,#1489,#1490);
#1488 = CARTESIAN_POINT('',(0.32,0.4,1.162));
#1489 = DIRECTION('',(0.,1.,-0.));
#1490 = DIRECTION('',(1.,-0.,-0.));
#1491 = ORIENTED_EDGE('',*,*,#1492,.T.);
#1492 = EDGE_CURVE('',#1484,#1493,#1495,.T.);
#1493 = VERTEX_POINT('',#1494);
#1494 = CARTESIAN_POINT('',(0.15,0.4,1.112));
#1495 = LINE('',#1496,#1497);
#1496 = CARTESIAN_POINT('',(0.32,0.4,1.112));
#1497 = VECTOR('',#1498,1.);
#1498 = DIRECTION('',(-1.,-0.,-0.));
#1499 = ORIENTED_EDGE('',*,*,#1500,.T.);
#1500 = EDGE_CURVE('',#1493,#1501,#1503,.T.);
#1501 = VERTEX_POINT('',#1502);
#1502 = CARTESIAN_POINT('',(0.100026656026,0.4,1.160000532694));
#1503 = CIRCLE('',#1504,5.E-02);
#1504 = AXIS2_PLACEMENT_3D('',#1505,#1506,#1507);
#1505 = CARTESIAN_POINT('',(0.15,0.4,1.162));
#1506 = DIRECTION('',(0.,1.,0.));
#1507 = DIRECTION('',(1.33226762955E-14,-0.,-1.));
#1508 = ORIENTED_EDGE('',*,*,#1509,.T.);
#1509 = EDGE_CURVE('',#1501,#1510,#1512,.T.);
#1510 = VERTEX_POINT('',#1511);
#1511 = CARTESIAN_POINT('',(-0.23,0.4,1.16));
#1512 = LINE('',#1513,#1514);
#1513 = CARTESIAN_POINT('',(0.100026656026,0.4,1.160000532694));
#1514 = VECTOR('',#1515,1.);
#1515 = DIRECTION('',(-0.999999999999,0.,-1.614094425176E-06));
#1516 = ORIENTED_EDGE('',*,*,#1517,.T.);
#1517 = EDGE_CURVE('',#1510,#1518,#1520,.T.);
#1518 = VERTEX_POINT('',#1519);
#1519 = CARTESIAN_POINT('',(-0.23,0.4,0.726584514436));
#1520 = LINE('',#1521,#1522);
#1521 = CARTESIAN_POINT('',(-0.23,0.4,1.16));
#1522 = VECTOR('',#1523,1.);
#1523 = DIRECTION('',(-0.,0.,-1.));
#1524 = ORIENTED_EDGE('',*,*,#1525,.T.);
#1525 = EDGE_CURVE('',#1518,#1526,#1528,.T.);
#1526 = VERTEX_POINT('',#1527);
#1527 = CARTESIAN_POINT('',(-0.178848456739,0.4,0.593002566081));
#1528 = CIRCLE('',#1529,0.2);
#1529 = AXIS2_PLACEMENT_3D('',#1530,#1531,#1532);
#1530 = CARTESIAN_POINT('',(-3.E-02,0.4,0.726584514436));
#1531 = DIRECTION('',(0.,-1.,-0.));
#1532 = DIRECTION('',(-1.,-0.,-0.));
#1533 = ORIENTED_EDGE('',*,*,#1534,.T.);
#1534 = EDGE_CURVE('',#1526,#1535,#1537,.T.);
#1535 = VERTEX_POINT('',#1536);
#1536 = CARTESIAN_POINT('',(0.104654537022,0.4,0.277099230176));
#1537 = LINE('',#1538,#1539);
#1538 = CARTESIAN_POINT('',(-0.178848456739,0.4,0.593002566081));
#1539 = VECTOR('',#1540,1.);
#1540 = DIRECTION('',(0.667909741777,-0.,-0.744242283695));
#1541 = ORIENTED_EDGE('',*,*,#1542,.T.);
#1542 = EDGE_CURVE('',#1535,#1543,#1545,.T.);
#1543 = VERTEX_POINT('',#1544);
#1544 = CARTESIAN_POINT('',(0.12,0.4,0.237024645669));
#1545 = CIRCLE('',#1546,6.E-02);
#1546 = AXIS2_PLACEMENT_3D('',#1547,#1548,#1549);
#1547 = CARTESIAN_POINT('',(6.E-02,0.4,0.237024645669));
#1548 = DIRECTION('',(0.,1.,0.));
#1549 = DIRECTION('',(0.744242283695,-0.,0.667909741777));
#1550 = ORIENTED_EDGE('',*,*,#1551,.T.);
#1551 = EDGE_CURVE('',#1543,#1552,#1554,.T.);
#1552 = VERTEX_POINT('',#1553);
#1553 = CARTESIAN_POINT('',(0.12,0.4,0.2));
#1554 = LINE('',#1555,#1556);
#1555 = CARTESIAN_POINT('',(0.12,0.4,0.237024645669));
#1556 = VECTOR('',#1557,1.);
#1557 = DIRECTION('',(-0.,0.,-1.));
#1558 = ORIENTED_EDGE('',*,*,#1559,.F.);
#1559 = EDGE_CURVE('',#1560,#1552,#1562,.T.);
#1560 = VERTEX_POINT('',#1561);
#1561 = CARTESIAN_POINT('',(0.88,0.4,0.2));
#1562 = LINE('',#1563,#1564);
#1563 = CARTESIAN_POINT('',(0.88,0.4,0.2));
#1564 = VECTOR('',#1565,1.);
#1565 = DIRECTION('',(-1.,-0.,-0.));
#1566 = ORIENTED_EDGE('',*,*,#1567,.T.);
#1567 = EDGE_CURVE('',#1560,#1568,#1570,.T.);
#1568 = VERTEX_POINT('',#1569);
#1569 = CARTESIAN_POINT('',(0.88,0.4,0.21));
#1570 = LINE('',#1571,#1572);
#1571 = CARTESIAN_POINT('',(0.88,0.4,0.2));
#1572 = VECTOR('',#1573,1.);
#1573 = DIRECTION('',(-0.,-0.,1.));
#1574 = ORIENTED_EDGE('',*,*,#1575,.F.);
#1575 = EDGE_CURVE('',#1347,#1568,#1576,.T.);
#1576 = CIRCLE('',#1577,6.E-02);
#1577 = AXIS2_PLACEMENT_3D('',#1578,#1579,#1580);
#1578 = CARTESIAN_POINT('',(0.94,0.4,0.21));
#1579 = DIRECTION('',(0.,-1.,-0.));
#1580 = DIRECTION('',(-0.,-0.,1.));
#1581 = PLANE('',#1582);
#1582 = AXIS2_PLACEMENT_3D('',#1583,#1584,#1585);
#1583 = CARTESIAN_POINT('',(-1.1,0.4,0.586547));
#1584 = DIRECTION('',(-0.,1.,-0.));
#1585 = DIRECTION('',(0.,-0.,1.));
#1586 = ADVANCED_FACE('',(#1587),#1603,.T.);
#1587 = FACE_BOUND('',#1588,.T.);
#1588 = EDGE_LOOP('',(#1589,#1595,#1596,#1602));
#1589 = ORIENTED_EDGE('',*,*,#1590,.T.);
#1590 = EDGE_CURVE('',#1347,#871,#1591,.T.);
#1591 = LINE('',#1592,#1593);
#1592 = CARTESIAN_POINT('',(0.94,0.4,0.27));
#1593 = VECTOR('',#1594,1.);
#1594 = DIRECTION('',(-0.,1.,-0.));
#1595 = ORIENTED_EDGE('',*,*,#870,.T.);
#1596 = ORIENTED_EDGE('',*,*,#1597,.T.);
#1597 = EDGE_CURVE('',#862,#1349,#1598,.T.);
#1598 = LINE('',#1599,#1600);
#1599 = CARTESIAN_POINT('',(1.02,0.5,0.27));
#1600 = VECTOR('',#1601,1.);
#1601 = DIRECTION('',(-0.,-1.,-0.));
#1602 = ORIENTED_EDGE('',*,*,#1346,.F.);
#1603 = PLANE('',#1604);
#1604 = AXIS2_PLACEMENT_3D('',#1605,#1606,#1607);
#1605 = CARTESIAN_POINT('',(-1.1,-0.5,0.27));
#1606 = DIRECTION('',(-0.,0.,-1.));
#1607 = DIRECTION('',(0.,1.,0.));
#1608 = ADVANCED_FACE('',(#1609),#1634,.T.);
#1609 = FACE_BOUND('',#1610,.T.);
#1610 = EDGE_LOOP('',(#1611,#1619,#1620,#1628));
#1611 = ORIENTED_EDGE('',*,*,#1612,.T.);
#1612 = EDGE_CURVE('',#1613,#149,#1615,.T.);
#1613 = VERTEX_POINT('',#1614);
#1614 = CARTESIAN_POINT('',(1.02,-0.4,0.27));
#1615 = LINE('',#1616,#1617);
#1616 = CARTESIAN_POINT('',(1.02,-0.4,0.27));
#1617 = VECTOR('',#1618,1.);
#1618 = DIRECTION('',(-0.,-1.,-0.));
#1619 = ORIENTED_EDGE('',*,*,#148,.F.);
#1620 = ORIENTED_EDGE('',*,*,#1621,.T.);
#1621 = EDGE_CURVE('',#140,#1622,#1624,.T.);
#1622 = VERTEX_POINT('',#1623);
#1623 = CARTESIAN_POINT('',(0.94,-0.4,0.27));
#1624 = LINE('',#1625,#1626);
#1625 = CARTESIAN_POINT('',(0.94,-0.5,0.27));
#1626 = VECTOR('',#1627,1.);
#1627 = DIRECTION('',(-0.,1.,-0.));
#1628 = ORIENTED_EDGE('',*,*,#1629,.T.);
#1629 = EDGE_CURVE('',#1622,#1613,#1630,.T.);
#1630 = LINE('',#1631,#1632);
#1631 = CARTESIAN_POINT('',(0.94,-0.4,0.27));
#1632 = VECTOR('',#1633,1.);
#1633 = DIRECTION('',(1.,-0.,-0.));
#1634 = PLANE('',#1635);
#1635 = AXIS2_PLACEMENT_3D('',#1636,#1637,#1638);
#1636 = CARTESIAN_POINT('',(-1.1,-0.5,0.27));
#1637 = DIRECTION('',(-0.,0.,-1.));
#1638 = DIRECTION('',(0.,1.,0.));
#1639 = ADVANCED_FACE('',(#1640),#1651,.F.);
#1640 = FACE_BOUND('',#1641,.T.);
#1641 = EDGE_LOOP('',(#1642,#1643,#1644,#1650));
#1642 = ORIENTED_EDGE('',*,*,#1590,.F.);
#1643 = ORIENTED_EDGE('',*,*,#1575,.T.);
#1644 = ORIENTED_EDGE('',*,*,#1645,.T.);
#1645 = EDGE_CURVE('',#1568,#879,#1646,.T.);
#1646 = LINE('',#1647,#1648);
#1647 = CARTESIAN_POINT('',(0.88,0.4,0.21));
#1648 = VECTOR('',#1649,1.);
#1649 = DIRECTION('',(-0.,1.,-0.));
#1650 = ORIENTED_EDGE('',*,*,#878,.T.);
#1651 = CYLINDRICAL_SURFACE('',#1652,6.E-02);
#1652 = AXIS2_PLACEMENT_3D('',#1653,#1654,#1655);
#1653 = CARTESIAN_POINT('',(0.94,-1.8036,0.21));
#1654 = DIRECTION('',(-0.,1.,-0.));
#1655 = DIRECTION('',(-0.,-0.,1.));
#1656 = ADVANCED_FACE('',(#1657),#1684,.F.);
#1657 = FACE_BOUND('',#1658,.T.);
#1658 = EDGE_LOOP('',(#1659,#1660,#1661,#1668,#1669,#1675,#1676,#1683));
#1659 = ORIENTED_EDGE('',*,*,#1645,.F.);
#1660 = ORIENTED_EDGE('',*,*,#1567,.F.);
#1661 = ORIENTED_EDGE('',*,*,#1662,.F.);
#1662 = EDGE_CURVE('',#1165,#1560,#1663,.T.);
#1663 = CIRCLE('',#1664,0.1);
#1664 = AXIS2_PLACEMENT_3D('',#1665,#1666,#1667);
#1665 = CARTESIAN_POINT('',(0.88,0.3,0.2));
#1666 = DIRECTION('',(1.,0.,0.));
#1667 = DIRECTION('',(-0.,0.,-1.));
#1668 = ORIENTED_EDGE('',*,*,#1164,.T.);
#1669 = ORIENTED_EDGE('',*,*,#1670,.F.);
#1670 = EDGE_CURVE('',#592,#1156,#1671,.T.);
#1671 = LINE('',#1672,#1673);
#1672 = CARTESIAN_POINT('',(0.88,0.285,0.));
#1673 = VECTOR('',#1674,1.);
#1674 = DIRECTION('',(-0.,-0.,1.));
#1675 = ORIENTED_EDGE('',*,*,#591,.F.);
#1676 = ORIENTED_EDGE('',*,*,#1677,.F.);
#1677 = EDGE_CURVE('',#888,#584,#1678,.T.);
#1678 = CIRCLE('',#1679,0.2);
#1679 = AXIS2_PLACEMENT_3D('',#1680,#1681,#1682);
#1680 = CARTESIAN_POINT('',(0.88,0.3,0.2));
#1681 = DIRECTION('',(-1.,0.,0.));
#1682 = DIRECTION('',(-0.,1.,-0.));
#1683 = ORIENTED_EDGE('',*,*,#887,.T.);
#1684 = PLANE('',#1685);
#1685 = AXIS2_PLACEMENT_3D('',#1686,#1687,#1688);
#1686 = CARTESIAN_POINT('',(0.88,0.5,0.));
#1687 = DIRECTION('',(-1.,-0.,-0.));
#1688 = DIRECTION('',(0.,1.,0.));
#1689 = ADVANCED_FACE('',(#1690),#1712,.F.);
#1690 = FACE_BOUND('',#1691,.T.);
#1691 = EDGE_LOOP('',(#1692,#1702,#1703,#1704,#1705));
#1692 = ORIENTED_EDGE('',*,*,#1693,.T.);
#1693 = EDGE_CURVE('',#1694,#1173,#1696,.T.);
#1694 = VERTEX_POINT('',#1695);
#1695 = CARTESIAN_POINT('',(0.12,0.305,0.100125078223));
#1696 = B_SPLINE_CURVE_WITH_KNOTS('',3,(#1697,#1698,#1699,#1700,#1701),
  .UNSPECIFIED.,.F.,.F.,(4,1,4),(0.,0.5,1.),.QUASI_UNIFORM_KNOTS.);
#1697 = CARTESIAN_POINT('',(0.12,0.305,0.100125078223));
#1698 = CARTESIAN_POINT('',(0.12,0.304166693963,0.100083360742));
#1699 = CARTESIAN_POINT('',(0.119973957893,0.302499509731,0.100020811009
    ));
#1700 = CARTESIAN_POINT('',(0.119895750061,0.300832815794,0.1));
#1701 = CARTESIAN_POINT('',(0.119843597113,0.3,0.1));
#1702 = ORIENTED_EDGE('',*,*,#1172,.F.);
#1703 = ORIENTED_EDGE('',*,*,#1662,.T.);
#1704 = ORIENTED_EDGE('',*,*,#1559,.T.);
#1705 = ORIENTED_EDGE('',*,*,#1706,.T.);
#1706 = EDGE_CURVE('',#1552,#1694,#1707,.T.);
#1707 = CIRCLE('',#1708,0.1);
#1708 = AXIS2_PLACEMENT_3D('',#1709,#1710,#1711);
#1709 = CARTESIAN_POINT('',(0.12,0.3,0.2));
#1710 = DIRECTION('',(-1.,0.,0.));
#1711 = DIRECTION('',(-0.,1.,-0.));
#1712 = CYLINDRICAL_SURFACE('',#1713,0.1);
#1713 = AXIS2_PLACEMENT_3D('',#1714,#1715,#1716);
#1714 = CARTESIAN_POINT('',(5.58044,0.3,0.2));
#1715 = DIRECTION('',(-1.,-0.,-0.));
#1716 = DIRECTION('',(-0.,0.,-1.));
#1717 = ADVANCED_FACE('',(#1718),#1745,.F.);
#1718 = FACE_BOUND('',#1719,.T.);
#1719 = EDGE_LOOP('',(#1720,#1721,#1727,#1728,#1729,#1737));
#1720 = ORIENTED_EDGE('',*,*,#574,.F.);
#1721 = ORIENTED_EDGE('',*,*,#1722,.T.);
#1722 = EDGE_CURVE('',#567,#1181,#1723,.T.);
#1723 = LINE('',#1724,#1725);
#1724 = CARTESIAN_POINT('',(4.E-02,0.225,0.));
#1725 = VECTOR('',#1726,1.);
#1726 = DIRECTION('',(-0.,-0.,1.));
#1727 = ORIENTED_EDGE('',*,*,#1180,.T.);
#1728 = ORIENTED_EDGE('',*,*,#1693,.F.);
#1729 = ORIENTED_EDGE('',*,*,#1730,.F.);
#1730 = EDGE_CURVE('',#1731,#1694,#1733,.T.);
#1731 = VERTEX_POINT('',#1732);
#1732 = CARTESIAN_POINT('',(0.12,0.305,6.250976870004E-05));
#1733 = LINE('',#1734,#1735);
#1734 = CARTESIAN_POINT('',(0.12,0.305,6.250976870004E-05));
#1735 = VECTOR('',#1736,1.);
#1736 = DIRECTION('',(-0.,-0.,1.));
#1737 = ORIENTED_EDGE('',*,*,#1738,.F.);
#1738 = EDGE_CURVE('',#575,#1731,#1739,.T.);
#1739 = B_SPLINE_CURVE_WITH_KNOTS('',3,(#1740,#1741,#1742,#1743,#1744),
  .UNSPECIFIED.,.F.,.F.,(4,1,4),(0.,0.5,1.),.QUASI_UNIFORM_KNOTS.);
#1740 = CARTESIAN_POINT('',(0.119843597113,0.3,0.));
#1741 = CARTESIAN_POINT('',(0.119896028389,0.300837260333,0.));
#1742 = CARTESIAN_POINT('',(0.119974235724,0.302508415,
    1.051819340003E-05));
#1743 = CARTESIAN_POINT('',(0.12,0.304171145329,4.178192339999E-05));
#1744 = CARTESIAN_POINT('',(0.12,0.305,6.250976870004E-05));
#1745 = CYLINDRICAL_SURFACE('',#1746,8.E-02);
#1746 = AXIS2_PLACEMENT_3D('',#1747,#1748,#1749);
#1747 = CARTESIAN_POINT('',(4.E-02,0.305,0.));
#1748 = DIRECTION('',(-0.,0.,-1.));
#1749 = DIRECTION('',(1.,-0.,-0.));
#1750 = ADVANCED_FACE('',(#1751),#1762,.F.);
#1751 = FACE_BOUND('',#1752,.T.);
#1752 = EDGE_LOOP('',(#1753,#1754,#1760,#1761));
#1753 = ORIENTED_EDGE('',*,*,#566,.F.);
#1754 = ORIENTED_EDGE('',*,*,#1755,.T.);
#1755 = EDGE_CURVE('',#558,#1190,#1756,.T.);
#1756 = LINE('',#1757,#1758);
#1757 = CARTESIAN_POINT('',(-2.8315318925E-02,0.225,0.));
#1758 = VECTOR('',#1759,1.);
#1759 = DIRECTION('',(-0.,-0.,1.));
#1760 = ORIENTED_EDGE('',*,*,#1189,.T.);
#1761 = ORIENTED_EDGE('',*,*,#1722,.F.);
#1762 = PLANE('',#1763);
#1763 = AXIS2_PLACEMENT_3D('',#1764,#1765,#1766);
#1764 = CARTESIAN_POINT('',(-2.8315318925E-02,0.225,0.));
#1765 = DIRECTION('',(-0.,-1.,-0.));
#1766 = DIRECTION('',(-1.,0.,0.));
#1767 = ADVANCED_FACE('',(#1768),#1779,.F.);
#1768 = FACE_BOUND('',#1769,.T.);
#1769 = EDGE_LOOP('',(#1770,#1771,#1777,#1778));
#1770 = ORIENTED_EDGE('',*,*,#557,.F.);
#1771 = ORIENTED_EDGE('',*,*,#1772,.T.);
#1772 = EDGE_CURVE('',#550,#1198,#1773,.T.);
#1773 = LINE('',#1774,#1775);
#1774 = CARTESIAN_POINT('',(-6.8716310431E-02,0.235951032699,0.));
#1775 = VECTOR('',#1776,1.);
#1776 = DIRECTION('',(-0.,-0.,1.));
#1777 = ORIENTED_EDGE('',*,*,#1197,.T.);
#1778 = ORIENTED_EDGE('',*,*,#1755,.F.);
#1779 = CYLINDRICAL_SURFACE('',#1780,8.E-02);
#1780 = AXIS2_PLACEMENT_3D('',#1781,#1782,#1783);
#1781 = CARTESIAN_POINT('',(-2.8315318925E-02,0.305,0.));
#1782 = DIRECTION('',(-0.,0.,-1.));
#1783 = DIRECTION('',(1.,-0.,-0.));
#1784 = ADVANCED_FACE('',(#1785),#1791,.F.);
#1785 = FACE_BOUND('',#1786,.T.);
#1786 = EDGE_LOOP('',(#1787,#1788,#1789,#1790));
#1787 = ORIENTED_EDGE('',*,*,#549,.F.);
#1788 = ORIENTED_EDGE('',*,*,#1098,.T.);
#1789 = ORIENTED_EDGE('',*,*,#1206,.T.);
#1790 = ORIENTED_EDGE('',*,*,#1772,.F.);
#1791 = PLANE('',#1792);
#1792 = AXIS2_PLACEMENT_3D('',#1793,#1794,#1795);
#1793 = CARTESIAN_POINT('',(-0.473209223923,0.472622418253,0.));
#1794 = DIRECTION('',(-0.505012393824,-0.863112091263,-0.));
#1795 = DIRECTION('',(-0.863112091263,0.505012393824,-0.));
#1796 = ADVANCED_FACE('',(#1797),#1816,.T.);
#1797 = FACE_BOUND('',#1798,.T.);
#1798 = EDGE_LOOP('',(#1799,#1800,#1807,#1808,#1809,#1810));
#1799 = ORIENTED_EDGE('',*,*,#903,.T.);
#1800 = ORIENTED_EDGE('',*,*,#1801,.F.);
#1801 = EDGE_CURVE('',#1731,#896,#1802,.T.);
#1802 = CIRCLE('',#1803,0.2);
#1803 = AXIS2_PLACEMENT_3D('',#1804,#1805,#1806);
#1804 = CARTESIAN_POINT('',(0.12,0.3,0.2));
#1805 = DIRECTION('',(1.,0.,0.));
#1806 = DIRECTION('',(-0.,2.5E-02,-0.999687451157));
#1807 = ORIENTED_EDGE('',*,*,#1730,.T.);
#1808 = ORIENTED_EDGE('',*,*,#1706,.F.);
#1809 = ORIENTED_EDGE('',*,*,#1551,.F.);
#1810 = ORIENTED_EDGE('',*,*,#1811,.F.);
#1811 = EDGE_CURVE('',#904,#1543,#1812,.T.);
#1812 = LINE('',#1813,#1814);
#1813 = CARTESIAN_POINT('',(0.12,0.5,0.237024645669));
#1814 = VECTOR('',#1815,1.);
#1815 = DIRECTION('',(-0.,-1.,-0.));
#1816 = PLANE('',#1817);
#1817 = AXIS2_PLACEMENT_3D('',#1818,#1819,#1820);
#1818 = CARTESIAN_POINT('',(0.12,0.5,0.237024645669));
#1819 = DIRECTION('',(-1.,-0.,-0.));
#1820 = DIRECTION('',(0.,-0.,1.));
#1821 = ADVANCED_FACE('',(#1822),#1829,.T.);
#1822 = FACE_BOUND('',#1823,.F.);
#1823 = EDGE_LOOP('',(#1824,#1825,#1826,#1827,#1828));
#1824 = ORIENTED_EDGE('',*,*,#1677,.F.);
#1825 = ORIENTED_EDGE('',*,*,#895,.F.);
#1826 = ORIENTED_EDGE('',*,*,#1801,.F.);
#1827 = ORIENTED_EDGE('',*,*,#1738,.F.);
#1828 = ORIENTED_EDGE('',*,*,#583,.T.);
#1829 = CYLINDRICAL_SURFACE('',#1830,0.2);
#1830 = AXIS2_PLACEMENT_3D('',#1831,#1832,#1833);
#1831 = CARTESIAN_POINT('',(-4.88044,0.3,0.2));
#1832 = DIRECTION('',(1.,-0.,-0.));
#1833 = DIRECTION('',(-0.,1.,-0.));
#1834 = ADVANCED_FACE('',(#1835),#1846,.F.);
#1835 = FACE_BOUND('',#1836,.T.);
#1836 = EDGE_LOOP('',(#1837,#1838,#1839,#1840));
#1837 = ORIENTED_EDGE('',*,*,#911,.T.);
#1838 = ORIENTED_EDGE('',*,*,#1811,.T.);
#1839 = ORIENTED_EDGE('',*,*,#1542,.F.);
#1840 = ORIENTED_EDGE('',*,*,#1841,.F.);
#1841 = EDGE_CURVE('',#912,#1535,#1842,.T.);
#1842 = LINE('',#1843,#1844);
#1843 = CARTESIAN_POINT('',(0.104654537022,0.5,0.277099230176));
#1844 = VECTOR('',#1845,1.);
#1845 = DIRECTION('',(-0.,-1.,-0.));
#1846 = CYLINDRICAL_SURFACE('',#1847,6.E-02);
#1847 = AXIS2_PLACEMENT_3D('',#1848,#1849,#1850);
#1848 = CARTESIAN_POINT('',(6.E-02,0.5,0.237024645669));
#1849 = DIRECTION('',(-0.,1.,-0.));
#1850 = DIRECTION('',(-0.,0.,-1.));
#1851 = ADVANCED_FACE('',(#1852),#1863,.T.);
#1852 = FACE_BOUND('',#1853,.T.);
#1853 = EDGE_LOOP('',(#1854,#1855,#1856,#1857));
#1854 = ORIENTED_EDGE('',*,*,#920,.T.);
#1855 = ORIENTED_EDGE('',*,*,#1841,.T.);
#1856 = ORIENTED_EDGE('',*,*,#1534,.F.);
#1857 = ORIENTED_EDGE('',*,*,#1858,.F.);
#1858 = EDGE_CURVE('',#921,#1526,#1859,.T.);
#1859 = LINE('',#1860,#1861);
#1860 = CARTESIAN_POINT('',(-0.178848456739,0.5,0.593002566081));
#1861 = VECTOR('',#1862,1.);
#1862 = DIRECTION('',(-0.,-1.,-0.));
#1863 = PLANE('',#1864);
#1864 = AXIS2_PLACEMENT_3D('',#1865,#1866,#1867);
#1865 = CARTESIAN_POINT('',(-0.178848456739,0.5,0.593002566081));
#1866 = DIRECTION('',(-0.744242283695,0.,-0.667909741777));
#1867 = DIRECTION('',(-0.667909741777,0.,0.744242283695));
#1868 = ADVANCED_FACE('',(#1869),#1880,.T.);
#1869 = FACE_BOUND('',#1870,.F.);
#1870 = EDGE_LOOP('',(#1871,#1877,#1878,#1879));
#1871 = ORIENTED_EDGE('',*,*,#1872,.T.);
#1872 = EDGE_CURVE('',#929,#1518,#1873,.T.);
#1873 = LINE('',#1874,#1875);
#1874 = CARTESIAN_POINT('',(-0.23,0.5,0.726584514436));
#1875 = VECTOR('',#1876,1.);
#1876 = DIRECTION('',(-0.,-1.,-0.));
#1877 = ORIENTED_EDGE('',*,*,#1525,.T.);
#1878 = ORIENTED_EDGE('',*,*,#1858,.F.);
#1879 = ORIENTED_EDGE('',*,*,#928,.F.);
#1880 = CYLINDRICAL_SURFACE('',#1881,0.2);
#1881 = AXIS2_PLACEMENT_3D('',#1882,#1883,#1884);
#1882 = CARTESIAN_POINT('',(-3.E-02,0.5,0.726584514436));
#1883 = DIRECTION('',(-0.,1.,-0.));
#1884 = DIRECTION('',(-0.,0.,-1.));
#1885 = ADVANCED_FACE('',(#1886),#1915,.T.);
#1886 = FACE_BOUND('',#1887,.T.);
#1887 = EDGE_LOOP('',(#1888,#1898,#1905,#1906,#1907,#1908));
#1888 = ORIENTED_EDGE('',*,*,#1889,.T.);
#1889 = EDGE_CURVE('',#1890,#1892,#1894,.T.);
#1890 = VERTEX_POINT('',#1891);
#1891 = CARTESIAN_POINT('',(-0.23,0.3,1.26));
#1892 = VERTEX_POINT('',#1893);
#1893 = CARTESIAN_POINT('',(-0.23,0.3,1.36));
#1894 = LINE('',#1895,#1896);
#1895 = CARTESIAN_POINT('',(-0.23,0.3,1.26));
#1896 = VECTOR('',#1897,1.);
#1897 = DIRECTION('',(-0.,-0.,1.));
#1898 = ORIENTED_EDGE('',*,*,#1899,.F.);
#1899 = EDGE_CURVE('',#938,#1892,#1900,.T.);
#1900 = CIRCLE('',#1901,0.2);
#1901 = AXIS2_PLACEMENT_3D('',#1902,#1903,#1904);
#1902 = CARTESIAN_POINT('',(-0.23,0.3,1.16));
#1903 = DIRECTION('',(1.,0.,0.));
#1904 = DIRECTION('',(-0.,1.,-0.));
#1905 = ORIENTED_EDGE('',*,*,#937,.T.);
#1906 = ORIENTED_EDGE('',*,*,#1872,.T.);
#1907 = ORIENTED_EDGE('',*,*,#1517,.F.);
#1908 = ORIENTED_EDGE('',*,*,#1909,.F.);
#1909 = EDGE_CURVE('',#1890,#1510,#1910,.T.);
#1910 = CIRCLE('',#1911,0.1);
#1911 = AXIS2_PLACEMENT_3D('',#1912,#1913,#1914);
#1912 = CARTESIAN_POINT('',(-0.23,0.3,1.16));
#1913 = DIRECTION('',(-1.,0.,-0.));
#1914 = DIRECTION('',(-0.,-6.827871601445E-14,1.));
#1915 = PLANE('',#1916);
#1916 = AXIS2_PLACEMENT_3D('',#1917,#1918,#1919);
#1917 = CARTESIAN_POINT('',(-0.23,0.5,1.36));
#1918 = DIRECTION('',(-1.,-0.,-0.));
#1919 = DIRECTION('',(0.,-0.,1.));
#1920 = ADVANCED_FACE('',(#1921),#1948,.F.);
#1921 = FACE_BOUND('',#1922,.T.);
#1922 = EDGE_LOOP('',(#1923,#1932,#1933,#1942));
#1923 = ORIENTED_EDGE('',*,*,#1924,.T.);
#1924 = EDGE_CURVE('',#1925,#1892,#1927,.T.);
#1925 = VERTEX_POINT('',#1926);
#1926 = CARTESIAN_POINT('',(-0.310219406723,0.260165499159,1.36));
#1927 = CIRCLE('',#1928,5.E-02);
#1928 = AXIS2_PLACEMENT_3D('',#1929,#1930,#1931);
#1929 = CARTESIAN_POINT('',(-0.28,0.3,1.36));
#1930 = DIRECTION('',(0.,-0.,1.));
#1931 = DIRECTION('',(-0.604388134467,-0.79669001683,-0.));
#1932 = ORIENTED_EDGE('',*,*,#1889,.F.);
#1933 = ORIENTED_EDGE('',*,*,#1934,.T.);
#1934 = EDGE_CURVE('',#1890,#1935,#1937,.T.);
#1935 = VERTEX_POINT('',#1936);
#1936 = CARTESIAN_POINT('',(-0.310219406723,0.260165499159,1.26));
#1937 = CIRCLE('',#1938,5.E-02);
#1938 = AXIS2_PLACEMENT_3D('',#1939,#1940,#1941);
#1939 = CARTESIAN_POINT('',(-0.28,0.3,1.26));
#1940 = DIRECTION('',(0.,-0.,-1.));
#1941 = DIRECTION('',(1.,1.33226762955E-13,-0.));
#1942 = ORIENTED_EDGE('',*,*,#1943,.T.);
#1943 = EDGE_CURVE('',#1935,#1925,#1944,.T.);
#1944 = LINE('',#1945,#1946);
#1945 = CARTESIAN_POINT('',(-0.310219406723,0.260165499159,1.26));
#1946 = VECTOR('',#1947,1.);
#1947 = DIRECTION('',(-0.,-0.,1.));
#1948 = CYLINDRICAL_SURFACE('',#1949,5.E-02);
#1949 = AXIS2_PLACEMENT_3D('',#1950,#1951,#1952);
#1950 = CARTESIAN_POINT('',(-0.28,0.3,1.36));
#1951 = DIRECTION('',(-0.,-0.,1.));
#1952 = DIRECTION('',(-0.,1.,-0.));
#1953 = ADVANCED_FACE('',(#1954),#2065,.T.);
#1954 = FACE_BOUND('',#1955,.T.);
#1955 = EDGE_LOOP('',(#1956,#1957,#1965,#1974,#1982,#1991,#1999,#2008,
    #2016,#2025,#2033,#2042,#2050,#2059));
#1956 = ORIENTED_EDGE('',*,*,#1924,.F.);
#1957 = ORIENTED_EDGE('',*,*,#1958,.F.);
#1958 = EDGE_CURVE('',#1959,#1925,#1961,.T.);
#1959 = VERTEX_POINT('',#1960);
#1960 = CARTESIAN_POINT('',(-0.546400326321,0.439338003366,1.36));
#1961 = LINE('',#1962,#1963);
#1962 = CARTESIAN_POINT('',(-0.546400326321,0.439338003366,1.36));
#1963 = VECTOR('',#1964,1.);
#1964 = DIRECTION('',(0.79669001683,-0.604388134467,0.));
#1965 = ORIENTED_EDGE('',*,*,#1966,.F.);
#1966 = EDGE_CURVE('',#1967,#1959,#1969,.T.);
#1967 = VERTEX_POINT('',#1968);
#1968 = CARTESIAN_POINT('',(-0.667277953215,0.48,1.36));
#1969 = CIRCLE('',#1970,0.2);
#1970 = AXIS2_PLACEMENT_3D('',#1971,#1972,#1973);
#1971 = CARTESIAN_POINT('',(-0.667277953215,0.28,1.36));
#1972 = DIRECTION('',(-0.,-0.,-1.));
#1973 = DIRECTION('',(-0.,1.,-0.));
#1974 = ORIENTED_EDGE('',*,*,#1975,.F.);
#1975 = EDGE_CURVE('',#1976,#1967,#1978,.T.);
#1976 = VERTEX_POINT('',#1977);
#1977 = CARTESIAN_POINT('',(-0.9,0.48,1.36));
#1978 = LINE('',#1979,#1980);
#1979 = CARTESIAN_POINT('',(-0.9,0.48,1.36));
#1980 = VECTOR('',#1981,1.);
#1981 = DIRECTION('',(1.,-0.,-0.));
#1982 = ORIENTED_EDGE('',*,*,#1983,.F.);
#1983 = EDGE_CURVE('',#1984,#1976,#1986,.T.);
#1984 = VERTEX_POINT('',#1985);
#1985 = CARTESIAN_POINT('',(-1.1,0.28,1.36));
#1986 = CIRCLE('',#1987,0.2);
#1987 = AXIS2_PLACEMENT_3D('',#1988,#1989,#1990);
#1988 = CARTESIAN_POINT('',(-0.9,0.28,1.36));
#1989 = DIRECTION('',(0.,0.,-1.));
#1990 = DIRECTION('',(-1.,0.,-0.));
#1991 = ORIENTED_EDGE('',*,*,#1992,.F.);
#1992 = EDGE_CURVE('',#1993,#1984,#1995,.T.);
#1993 = VERTEX_POINT('',#1994);
#1994 = CARTESIAN_POINT('',(-1.1,-0.28,1.36));
#1995 = LINE('',#1996,#1997);
#1996 = CARTESIAN_POINT('',(-1.1,-0.28,1.36));
#1997 = VECTOR('',#1998,1.);
#1998 = DIRECTION('',(-0.,1.,-0.));
#1999 = ORIENTED_EDGE('',*,*,#2000,.F.);
#2000 = EDGE_CURVE('',#2001,#1993,#2003,.T.);
#2001 = VERTEX_POINT('',#2002);
#2002 = CARTESIAN_POINT('',(-0.9,-0.48,1.36));
#2003 = CIRCLE('',#2004,0.2);
#2004 = AXIS2_PLACEMENT_3D('',#2005,#2006,#2007);
#2005 = CARTESIAN_POINT('',(-0.9,-0.28,1.36));
#2006 = DIRECTION('',(0.,0.,-1.));
#2007 = DIRECTION('',(-0.,-1.,-0.));
#2008 = ORIENTED_EDGE('',*,*,#2009,.F.);
#2009 = EDGE_CURVE('',#2010,#2001,#2012,.T.);
#2010 = VERTEX_POINT('',#2011);
#2011 = CARTESIAN_POINT('',(-7.E-02,-0.48,1.36));
#2012 = LINE('',#2013,#2014);
#2013 = CARTESIAN_POINT('',(-7.E-02,-0.48,1.36));
#2014 = VECTOR('',#2015,1.);
#2015 = DIRECTION('',(-1.,-0.,-0.));
#2016 = ORIENTED_EDGE('',*,*,#2017,.F.);
#2017 = EDGE_CURVE('',#2018,#2010,#2020,.T.);
#2018 = VERTEX_POINT('',#2019);
#2019 = CARTESIAN_POINT('',(3.E-02,-0.38,1.36));
#2020 = CIRCLE('',#2021,0.1);
#2021 = AXIS2_PLACEMENT_3D('',#2022,#2023,#2024);
#2022 = CARTESIAN_POINT('',(-7.E-02,-0.38,1.36));
#2023 = DIRECTION('',(0.,0.,-1.));
#2024 = DIRECTION('',(1.,-2.775557561563E-14,0.));
#2025 = ORIENTED_EDGE('',*,*,#2026,.F.);
#2026 = EDGE_CURVE('',#2027,#2018,#2029,.T.);
#2027 = VERTEX_POINT('',#2028);
#2028 = CARTESIAN_POINT('',(3.E-02,0.191088693746,1.36));
#2029 = LINE('',#2030,#2031);
#2030 = CARTESIAN_POINT('',(3.E-02,0.191088693746,1.36));
#2031 = VECTOR('',#2032,1.);
#2032 = DIRECTION('',(-0.,-1.,-0.));
#2033 = ORIENTED_EDGE('',*,*,#2034,.F.);
#2034 = EDGE_CURVE('',#2035,#2027,#2037,.T.);
#2035 = VERTEX_POINT('',#2036);
#2036 = CARTESIAN_POINT('',(5.0330998317E-02,0.251527507193,1.36));
#2037 = CIRCLE('',#2038,0.1);
#2038 = AXIS2_PLACEMENT_3D('',#2039,#2040,#2041);
#2039 = CARTESIAN_POINT('',(0.13,0.191088693746,1.36));
#2040 = DIRECTION('',(-0.,0.,1.));
#2041 = DIRECTION('',(-0.79669001683,0.604388134467,-0.));
#2042 = ORIENTED_EDGE('',*,*,#2043,.F.);
#2043 = EDGE_CURVE('',#2044,#2035,#2046,.T.);
#2044 = VERTEX_POINT('',#2045);
#2045 = CARTESIAN_POINT('',(7.9669001683E-02,0.290200163161,1.36));
#2046 = LINE('',#2047,#2048);
#2047 = CARTESIAN_POINT('',(7.9669001683E-02,0.290200163161,1.36));
#2048 = VECTOR('',#2049,1.);
#2049 = DIRECTION('',(-0.604388134467,-0.79669001683,-0.));
#2050 = ORIENTED_EDGE('',*,*,#2051,.F.);
#2051 = EDGE_CURVE('',#2052,#2044,#2054,.T.);
#2052 = VERTEX_POINT('',#2053);
#2053 = CARTESIAN_POINT('',(8.6230470532E-02,0.3,1.36));
#2054 = CIRCLE('',#2055,0.1);
#2055 = AXIS2_PLACEMENT_3D('',#2056,#2057,#2058);
#2056 = CARTESIAN_POINT('',(0.,0.350638976607,1.36));
#2057 = DIRECTION('',(0.,0.,-1.));
#2058 = DIRECTION('',(0.86230470532,-0.506389766073,0.));
#2059 = ORIENTED_EDGE('',*,*,#2060,.T.);
#2060 = EDGE_CURVE('',#2052,#1892,#2061,.T.);
#2061 = LINE('',#2062,#2063);
#2062 = CARTESIAN_POINT('',(8.6230470532E-02,0.3,1.36));
#2063 = VECTOR('',#2064,1.);
#2064 = DIRECTION('',(-1.,-1.018132998378E-14,-0.));
#2065 = PLANE('',#2066);
#2066 = AXIS2_PLACEMENT_3D('',#2067,#2068,#2069);
#2067 = CARTESIAN_POINT('',(1.E-01,0.5,1.36));
#2068 = DIRECTION('',(-0.,-0.,1.));
#2069 = DIRECTION('',(1.,-0.,0.));
#2070 = ADVANCED_FACE('',(#2071),#2089,.T.);
#2071 = FACE_BOUND('',#2072,.T.);
#2072 = EDGE_LOOP('',(#2073,#2074,#2075,#2083));
#2073 = ORIENTED_EDGE('',*,*,#1958,.T.);
#2074 = ORIENTED_EDGE('',*,*,#1943,.F.);
#2075 = ORIENTED_EDGE('',*,*,#2076,.T.);
#2076 = EDGE_CURVE('',#1935,#2077,#2079,.T.);
#2077 = VERTEX_POINT('',#2078);
#2078 = CARTESIAN_POINT('',(-0.546400326321,0.439338003366,1.26));
#2079 = LINE('',#2080,#2081);
#2080 = CARTESIAN_POINT('',(-0.310219406723,0.260165499159,1.26));
#2081 = VECTOR('',#2082,1.);
#2082 = DIRECTION('',(-0.79669001683,0.604388134467,-0.));
#2083 = ORIENTED_EDGE('',*,*,#2084,.T.);
#2084 = EDGE_CURVE('',#2077,#1959,#2085,.T.);
#2085 = LINE('',#2086,#2087);
#2086 = CARTESIAN_POINT('',(-0.546400326321,0.439338003366,1.26));
#2087 = VECTOR('',#2088,1.);
#2088 = DIRECTION('',(-0.,-0.,1.));
#2089 = PLANE('',#2090);
#2090 = AXIS2_PLACEMENT_3D('',#2091,#2092,#2093);
#2091 = CARTESIAN_POINT('',(-0.546400326321,0.439338003366,1.36));
#2092 = DIRECTION('',(0.604388134467,0.79669001683,-0.));
#2093 = DIRECTION('',(-0.79669001683,0.604388134467,-0.));
#2094 = ADVANCED_FACE('',(#2095),#2199,.F.);
#2095 = FACE_BOUND('',#2096,.T.);
#2096 = EDGE_LOOP('',(#2097,#2098,#2106,#2115,#2123,#2132,#2140,#2149,
    #2157,#2166,#2174,#2183,#2191,#2198));
#2097 = ORIENTED_EDGE('',*,*,#1934,.F.);
#2098 = ORIENTED_EDGE('',*,*,#2099,.F.);
#2099 = EDGE_CURVE('',#2100,#1890,#2102,.T.);
#2100 = VERTEX_POINT('',#2101);
#2101 = CARTESIAN_POINT('',(8.6230470532E-02,0.3,1.26));
#2102 = LINE('',#2103,#2104);
#2103 = CARTESIAN_POINT('',(8.6230470532E-02,0.3,1.26));
#2104 = VECTOR('',#2105,1.);
#2105 = DIRECTION('',(-1.,-1.088349067232E-14,-0.));
#2106 = ORIENTED_EDGE('',*,*,#2107,.T.);
#2107 = EDGE_CURVE('',#2100,#2108,#2110,.T.);
#2108 = VERTEX_POINT('',#2109);
#2109 = CARTESIAN_POINT('',(7.9669001683E-02,0.290200163161,1.26));
#2110 = CIRCLE('',#2111,0.1);
#2111 = AXIS2_PLACEMENT_3D('',#2112,#2113,#2114);
#2112 = CARTESIAN_POINT('',(0.,0.350638976607,1.26));
#2113 = DIRECTION('',(0.,0.,-1.));
#2114 = DIRECTION('',(0.86230470532,-0.506389766073,0.));
#2115 = ORIENTED_EDGE('',*,*,#2116,.T.);
#2116 = EDGE_CURVE('',#2108,#2117,#2119,.T.);
#2117 = VERTEX_POINT('',#2118);
#2118 = CARTESIAN_POINT('',(5.0330998317E-02,0.251527507193,1.26));
#2119 = LINE('',#2120,#2121);
#2120 = CARTESIAN_POINT('',(7.9669001683E-02,0.290200163161,1.26));
#2121 = VECTOR('',#2122,1.);
#2122 = DIRECTION('',(-0.604388134467,-0.79669001683,-0.));
#2123 = ORIENTED_EDGE('',*,*,#2124,.T.);
#2124 = EDGE_CURVE('',#2117,#2125,#2127,.T.);
#2125 = VERTEX_POINT('',#2126);
#2126 = CARTESIAN_POINT('',(3.E-02,0.191088693746,1.26));
#2127 = CIRCLE('',#2128,0.1);
#2128 = AXIS2_PLACEMENT_3D('',#2129,#2130,#2131);
#2129 = CARTESIAN_POINT('',(0.13,0.191088693746,1.26));
#2130 = DIRECTION('',(-0.,0.,1.));
#2131 = DIRECTION('',(-0.79669001683,0.604388134467,-0.));
#2132 = ORIENTED_EDGE('',*,*,#2133,.T.);
#2133 = EDGE_CURVE('',#2125,#2134,#2136,.T.);
#2134 = VERTEX_POINT('',#2135);
#2135 = CARTESIAN_POINT('',(3.E-02,-0.38,1.26));
#2136 = LINE('',#2137,#2138);
#2137 = CARTESIAN_POINT('',(3.E-02,0.191088693746,1.26));
#2138 = VECTOR('',#2139,1.);
#2139 = DIRECTION('',(-0.,-1.,-0.));
#2140 = ORIENTED_EDGE('',*,*,#2141,.T.);
#2141 = EDGE_CURVE('',#2134,#2142,#2144,.T.);
#2142 = VERTEX_POINT('',#2143);
#2143 = CARTESIAN_POINT('',(-7.E-02,-0.48,1.26));
#2144 = CIRCLE('',#2145,0.1);
#2145 = AXIS2_PLACEMENT_3D('',#2146,#2147,#2148);
#2146 = CARTESIAN_POINT('',(-7.E-02,-0.38,1.26));
#2147 = DIRECTION('',(0.,0.,-1.));
#2148 = DIRECTION('',(1.,-2.831068712794E-14,0.));
#2149 = ORIENTED_EDGE('',*,*,#2150,.F.);
#2150 = EDGE_CURVE('',#2151,#2142,#2153,.T.);
#2151 = VERTEX_POINT('',#2152);
#2152 = CARTESIAN_POINT('',(-0.9,-0.48,1.26));
#2153 = LINE('',#2154,#2155);
#2154 = CARTESIAN_POINT('',(-0.9,-0.48,1.26));
#2155 = VECTOR('',#2156,1.);
#2156 = DIRECTION('',(1.,-0.,-0.));
#2157 = ORIENTED_EDGE('',*,*,#2158,.F.);
#2158 = EDGE_CURVE('',#2159,#2151,#2161,.T.);
#2159 = VERTEX_POINT('',#2160);
#2160 = CARTESIAN_POINT('',(-1.1,-0.28,1.26));
#2161 = CIRCLE('',#2162,0.2);
#2162 = AXIS2_PLACEMENT_3D('',#2163,#2164,#2165);
#2163 = CARTESIAN_POINT('',(-0.9,-0.28,1.26));
#2164 = DIRECTION('',(0.,0.,1.));
#2165 = DIRECTION('',(-1.,-0.,-0.));
#2166 = ORIENTED_EDGE('',*,*,#2167,.F.);
#2167 = EDGE_CURVE('',#2168,#2159,#2170,.T.);
#2168 = VERTEX_POINT('',#2169);
#2169 = CARTESIAN_POINT('',(-1.1,0.28,1.26));
#2170 = LINE('',#2171,#2172);
#2171 = CARTESIAN_POINT('',(-1.1,0.28,1.26));
#2172 = VECTOR('',#2173,1.);
#2173 = DIRECTION('',(-0.,-1.,-0.));
#2174 = ORIENTED_EDGE('',*,*,#2175,.F.);
#2175 = EDGE_CURVE('',#2176,#2168,#2178,.T.);
#2176 = VERTEX_POINT('',#2177);
#2177 = CARTESIAN_POINT('',(-0.9,0.48,1.26));
#2178 = CIRCLE('',#2179,0.2);
#2179 = AXIS2_PLACEMENT_3D('',#2180,#2181,#2182);
#2180 = CARTESIAN_POINT('',(-0.9,0.28,1.26));
#2181 = DIRECTION('',(-0.,0.,1.));
#2182 = DIRECTION('',(-0.,1.,-0.));
#2183 = ORIENTED_EDGE('',*,*,#2184,.F.);
#2184 = EDGE_CURVE('',#2185,#2176,#2187,.T.);
#2185 = VERTEX_POINT('',#2186);
#2186 = CARTESIAN_POINT('',(-0.667277953215,0.48,1.26));
#2187 = LINE('',#2188,#2189);
#2188 = CARTESIAN_POINT('',(-0.667277953215,0.48,1.26));
#2189 = VECTOR('',#2190,1.);
#2190 = DIRECTION('',(-1.,-0.,-0.));
#2191 = ORIENTED_EDGE('',*,*,#2192,.F.);
#2192 = EDGE_CURVE('',#2077,#2185,#2193,.T.);
#2193 = CIRCLE('',#2194,0.2);
#2194 = AXIS2_PLACEMENT_3D('',#2195,#2196,#2197);
#2195 = CARTESIAN_POINT('',(-0.667277953215,0.28,1.26));
#2196 = DIRECTION('',(0.,0.,1.));
#2197 = DIRECTION('',(0.604388134467,0.79669001683,-0.));
#2198 = ORIENTED_EDGE('',*,*,#2076,.F.);
#2199 = PLANE('',#2200);
#2200 = AXIS2_PLACEMENT_3D('',#2201,#2202,#2203);
#2201 = CARTESIAN_POINT('',(-1.1,-0.5,1.26));
#2202 = DIRECTION('',(-0.,-0.,1.));
#2203 = DIRECTION('',(0.,-1.,0.));
#2204 = ADVANCED_FACE('',(#2205),#2239,.F.);
#2205 = FACE_BOUND('',#2206,.T.);
#2206 = EDGE_LOOP('',(#2207,#2208,#2219,#2228,#2237,#2238));
#2207 = ORIENTED_EDGE('',*,*,#1509,.F.);
#2208 = ORIENTED_EDGE('',*,*,#2209,.T.);
#2209 = EDGE_CURVE('',#1501,#2210,#2212,.T.);
#2210 = VERTEX_POINT('',#2211);
#2211 = CARTESIAN_POINT('',(1.E-01,0.399986650718,1.161999774892));
#2212 = B_SPLINE_CURVE_WITH_KNOTS('',3,(#2213,#2214,#2215,#2216,#2217,
    #2218),.UNSPECIFIED.,.F.,.F.,(4,1,1,4),(0.,0.333333333333,
    0.666666666667,1.),.UNSPECIFIED.);
#2213 = CARTESIAN_POINT('',(0.100026656026,0.4,1.160000532694));
#2214 = CARTESIAN_POINT('',(0.100017793959,0.4,1.160222084354));
#2215 = CARTESIAN_POINT('',(0.100022507725,0.399999402179,1.160667086087
    ));
#2216 = CARTESIAN_POINT('',(0.100001195161,0.399988753267,1.161332915578
    ));
#2217 = CARTESIAN_POINT('',(1.E-01,0.399991099074,1.161777326427));
#2218 = CARTESIAN_POINT('',(1.E-01,0.399986650718,1.161999774892));
#2219 = ORIENTED_EDGE('',*,*,#2220,.T.);
#2220 = EDGE_CURVE('',#2210,#2221,#2223,.T.);
#2221 = VERTEX_POINT('',#2222);
#2222 = CARTESIAN_POINT('',(1.E-01,0.350638976607,1.246230470532));
#2223 = CIRCLE('',#2224,0.1);
#2224 = AXIS2_PLACEMENT_3D('',#2225,#2226,#2227);
#2225 = CARTESIAN_POINT('',(1.E-01,0.3,1.16));
#2226 = DIRECTION('',(1.,0.,0.));
#2227 = DIRECTION('',(-0.,0.999799979752,2.000001220257E-02));
#2228 = ORIENTED_EDGE('',*,*,#2229,.T.);
#2229 = EDGE_CURVE('',#2221,#2100,#2230,.T.);
#2230 = B_SPLINE_CURVE_WITH_KNOTS('',3,(#2231,#2232,#2233,#2234,#2235,
    #2236),.UNSPECIFIED.,.F.,.F.,(4,1,1,4),(0.,0.333333333333,
    0.666666666667,1.),.UNSPECIFIED.);
#2231 = CARTESIAN_POINT('',(1.E-01,0.350638976607,1.246230470532));
#2232 = CARTESIAN_POINT('',(1.E-01,0.345236674235,1.249402980919));
#2233 = CARTESIAN_POINT('',(9.9126524605E-02,0.33404758948,
    1.254614249004));
#2234 = CARTESIAN_POINT('',(9.4639125283E-02,0.316658488643,
    1.259116485432));
#2235 = CARTESIAN_POINT('',(8.942329329E-02,0.305436891248,1.26));
#2236 = CARTESIAN_POINT('',(8.6230470532E-02,0.3,1.26));
#2237 = ORIENTED_EDGE('',*,*,#2099,.T.);
#2238 = ORIENTED_EDGE('',*,*,#1909,.T.);
#2239 = CYLINDRICAL_SURFACE('',#2240,0.1);
#2240 = AXIS2_PLACEMENT_3D('',#2241,#2242,#2243);
#2241 = CARTESIAN_POINT('',(5.58044,0.3,1.16));
#2242 = DIRECTION('',(-1.,-0.,-0.));
#2243 = DIRECTION('',(-0.,1.,-0.));
#2244 = ADVANCED_FACE('',(#2245),#2272,.F.);
#2245 = FACE_BOUND('',#2246,.T.);
#2246 = EDGE_LOOP('',(#2247,#2257,#2263,#2264,#2265,#2271));
#2247 = ORIENTED_EDGE('',*,*,#2248,.F.);
#2248 = EDGE_CURVE('',#2249,#946,#2251,.T.);
#2249 = VERTEX_POINT('',#2250);
#2250 = CARTESIAN_POINT('',(1.E-01,0.49998999975,1.162));
#2251 = B_SPLINE_CURVE_WITH_KNOTS('',3,(#2252,#2253,#2254,#2255,#2256),
  .UNSPECIFIED.,.F.,.F.,(4,1,4),(0.,0.5,1.),.QUASI_UNIFORM_KNOTS.);
#2252 = CARTESIAN_POINT('',(1.E-01,0.49998999975,1.162));
#2253 = CARTESIAN_POINT('',(1.E-01,0.499993329448,1.161667046881));
#2254 = CARTESIAN_POINT('',(0.100006651684,0.499998330209,1.161000671434
    ));
#2255 = CARTESIAN_POINT('',(0.100026660354,0.5,1.160333624254));
#2256 = CARTESIAN_POINT('',(0.100040016013,0.5,1.16));
#2257 = ORIENTED_EDGE('',*,*,#2258,.T.);
#2258 = EDGE_CURVE('',#2249,#2210,#2259,.T.);
#2259 = LINE('',#2260,#2261);
#2260 = CARTESIAN_POINT('',(1.E-01,0.49998999975,1.162));
#2261 = VECTOR('',#2262,1.);
#2262 = DIRECTION('',(-0.,-0.999999999997,-2.251000304682E-06));
#2263 = ORIENTED_EDGE('',*,*,#2209,.F.);
#2264 = ORIENTED_EDGE('',*,*,#1500,.F.);
#2265 = ORIENTED_EDGE('',*,*,#2266,.F.);
#2266 = EDGE_CURVE('',#954,#1493,#2267,.T.);
#2267 = LINE('',#2268,#2269);
#2268 = CARTESIAN_POINT('',(0.15,0.5,1.112));
#2269 = VECTOR('',#2270,1.);
#2270 = DIRECTION('',(-0.,-1.,-0.));
#2271 = ORIENTED_EDGE('',*,*,#953,.T.);
#2272 = CYLINDRICAL_SURFACE('',#2273,5.E-02);
#2273 = AXIS2_PLACEMENT_3D('',#2274,#2275,#2276);
#2274 = CARTESIAN_POINT('',(0.15,0.5,1.162));
#2275 = DIRECTION('',(-0.,1.,-0.));
#2276 = DIRECTION('',(-0.,0.,-1.));
#2277 = ADVANCED_FACE('',(#2278),#2302,.T.);
#2278 = FACE_BOUND('',#2279,.F.);
#2279 = EDGE_LOOP('',(#2280,#2281,#2282,#2291,#2300,#2301));
#2280 = ORIENTED_EDGE('',*,*,#945,.F.);
#2281 = ORIENTED_EDGE('',*,*,#2248,.F.);
#2282 = ORIENTED_EDGE('',*,*,#2283,.F.);
#2283 = EDGE_CURVE('',#2284,#2249,#2286,.T.);
#2284 = VERTEX_POINT('',#2285);
#2285 = CARTESIAN_POINT('',(1.E-01,0.350638976607,1.353483058814));
#2286 = CIRCLE('',#2287,0.2);
#2287 = AXIS2_PLACEMENT_3D('',#2288,#2289,#2290);
#2288 = CARTESIAN_POINT('',(1.E-01,0.3,1.16));
#2289 = DIRECTION('',(-1.,-0.,0.));
#2290 = DIRECTION('',(-0.,0.253194883036,0.967415294072));
#2291 = ORIENTED_EDGE('',*,*,#2292,.F.);
#2292 = EDGE_CURVE('',#2052,#2284,#2293,.T.);
#2293 = B_SPLINE_CURVE_WITH_KNOTS('',3,(#2294,#2295,#2296,#2297,#2298,
    #2299),.UNSPECIFIED.,.F.,.F.,(4,1,1,4),(0.,0.333333333333,
    0.666666666667,1.),.UNSPECIFIED.);
#2294 = CARTESIAN_POINT('',(8.6230470532E-02,0.3,1.36));
#2295 = CARTESIAN_POINT('',(8.9244280458E-02,0.305132059639,1.36));
#2296 = CARTESIAN_POINT('',(9.4334802473E-02,0.315905507473,
    1.359601531187));
#2297 = CARTESIAN_POINT('',(9.8969016508E-02,0.33304701298,
    1.357515147985));
#2298 = CARTESIAN_POINT('',(1.E-01,0.344787425227,1.355014544699));
#2299 = CARTESIAN_POINT('',(1.E-01,0.350638976607,1.353483058814));
#2300 = ORIENTED_EDGE('',*,*,#2060,.T.);
#2301 = ORIENTED_EDGE('',*,*,#1899,.F.);
#2302 = CYLINDRICAL_SURFACE('',#2303,0.2);
#2303 = AXIS2_PLACEMENT_3D('',#2304,#2305,#2306);
#2304 = CARTESIAN_POINT('',(5.58044,0.3,1.16));
#2305 = DIRECTION('',(-1.,-0.,-0.));
#2306 = DIRECTION('',(-0.,1.,-0.));
#2307 = ADVANCED_FACE('',(#2308),#2326,.T.);
#2308 = FACE_BOUND('',#2309,.F.);
#2309 = EDGE_LOOP('',(#2310,#2316,#2317,#2318,#2324,#2325));
#2310 = ORIENTED_EDGE('',*,*,#2311,.F.);
#2311 = EDGE_CURVE('',#2221,#2284,#2312,.T.);
#2312 = LINE('',#2313,#2314);
#2313 = CARTESIAN_POINT('',(1.E-01,0.350638976607,1.246230470532));
#2314 = VECTOR('',#2315,1.);
#2315 = DIRECTION('',(-0.,-0.,1.));
#2316 = ORIENTED_EDGE('',*,*,#2229,.T.);
#2317 = ORIENTED_EDGE('',*,*,#2107,.T.);
#2318 = ORIENTED_EDGE('',*,*,#2319,.F.);
#2319 = EDGE_CURVE('',#2044,#2108,#2320,.T.);
#2320 = LINE('',#2321,#2322);
#2321 = CARTESIAN_POINT('',(7.9669001683E-02,0.290200163161,1.36));
#2322 = VECTOR('',#2323,1.);
#2323 = DIRECTION('',(-0.,0.,-1.));
#2324 = ORIENTED_EDGE('',*,*,#2051,.F.);
#2325 = ORIENTED_EDGE('',*,*,#2292,.T.);
#2326 = CYLINDRICAL_SURFACE('',#2327,0.1);
#2327 = AXIS2_PLACEMENT_3D('',#2328,#2329,#2330);
#2328 = CARTESIAN_POINT('',(0.,0.350638976607,1.36));
#2329 = DIRECTION('',(-0.,-0.,1.));
#2330 = DIRECTION('',(-0.,1.,-0.));
#2331 = ADVANCED_FACE('',(#2332),#2343,.T.);
#2332 = FACE_BOUND('',#2333,.T.);
#2333 = EDGE_LOOP('',(#2334,#2335,#2341,#2342));
#2334 = ORIENTED_EDGE('',*,*,#2043,.T.);
#2335 = ORIENTED_EDGE('',*,*,#2336,.T.);
#2336 = EDGE_CURVE('',#2035,#2117,#2337,.T.);
#2337 = LINE('',#2338,#2339);
#2338 = CARTESIAN_POINT('',(5.0330998317E-02,0.251527507193,1.36));
#2339 = VECTOR('',#2340,1.);
#2340 = DIRECTION('',(-0.,0.,-1.));
#2341 = ORIENTED_EDGE('',*,*,#2116,.F.);
#2342 = ORIENTED_EDGE('',*,*,#2319,.F.);
#2343 = PLANE('',#2344);
#2344 = AXIS2_PLACEMENT_3D('',#2345,#2346,#2347);
#2345 = CARTESIAN_POINT('',(7.9669001683E-02,0.290200163161,1.36));
#2346 = DIRECTION('',(0.79669001683,-0.604388134467,0.));
#2347 = DIRECTION('',(0.604388134467,0.79669001683,0.));
#2348 = ADVANCED_FACE('',(#2349),#2360,.F.);
#2349 = FACE_BOUND('',#2350,.T.);
#2350 = EDGE_LOOP('',(#2351,#2352,#2358,#2359));
#2351 = ORIENTED_EDGE('',*,*,#2034,.T.);
#2352 = ORIENTED_EDGE('',*,*,#2353,.T.);
#2353 = EDGE_CURVE('',#2027,#2125,#2354,.T.);
#2354 = LINE('',#2355,#2356);
#2355 = CARTESIAN_POINT('',(3.E-02,0.191088693746,1.36));
#2356 = VECTOR('',#2357,1.);
#2357 = DIRECTION('',(-0.,0.,-1.));
#2358 = ORIENTED_EDGE('',*,*,#2124,.F.);
#2359 = ORIENTED_EDGE('',*,*,#2336,.F.);
#2360 = CYLINDRICAL_SURFACE('',#2361,0.1);
#2361 = AXIS2_PLACEMENT_3D('',#2362,#2363,#2364);
#2362 = CARTESIAN_POINT('',(0.13,0.191088693746,1.36));
#2363 = DIRECTION('',(-0.,-0.,1.));
#2364 = DIRECTION('',(-0.,1.,-0.));
#2365 = ADVANCED_FACE('',(#2366),#2377,.T.);
#2366 = FACE_BOUND('',#2367,.T.);
#2367 = EDGE_LOOP('',(#2368,#2369,#2375,#2376));
#2368 = ORIENTED_EDGE('',*,*,#2026,.T.);
#2369 = ORIENTED_EDGE('',*,*,#2370,.T.);
#2370 = EDGE_CURVE('',#2018,#2134,#2371,.T.);
#2371 = LINE('',#2372,#2373);
#2372 = CARTESIAN_POINT('',(3.E-02,-0.38,1.36));
#2373 = VECTOR('',#2374,1.);
#2374 = DIRECTION('',(-0.,0.,-1.));
#2375 = ORIENTED_EDGE('',*,*,#2133,.F.);
#2376 = ORIENTED_EDGE('',*,*,#2353,.F.);
#2377 = PLANE('',#2378);
#2378 = AXIS2_PLACEMENT_3D('',#2379,#2380,#2381);
#2379 = CARTESIAN_POINT('',(3.E-02,0.191088693746,1.36));
#2380 = DIRECTION('',(1.,-0.,-0.));
#2381 = DIRECTION('',(0.,1.,0.));
#2382 = ADVANCED_FACE('',(#2383),#2394,.T.);
#2383 = FACE_BOUND('',#2384,.F.);
#2384 = EDGE_LOOP('',(#2385,#2386,#2387,#2393));
#2385 = ORIENTED_EDGE('',*,*,#2370,.T.);
#2386 = ORIENTED_EDGE('',*,*,#2141,.T.);
#2387 = ORIENTED_EDGE('',*,*,#2388,.F.);
#2388 = EDGE_CURVE('',#2010,#2142,#2389,.T.);
#2389 = LINE('',#2390,#2391);
#2390 = CARTESIAN_POINT('',(-7.E-02,-0.48,1.36));
#2391 = VECTOR('',#2392,1.);
#2392 = DIRECTION('',(-0.,0.,-1.));
#2393 = ORIENTED_EDGE('',*,*,#2017,.F.);
#2394 = CYLINDRICAL_SURFACE('',#2395,0.1);
#2395 = AXIS2_PLACEMENT_3D('',#2396,#2397,#2398);
#2396 = CARTESIAN_POINT('',(-7.E-02,-0.38,1.36));
#2397 = DIRECTION('',(-0.,-0.,1.));
#2398 = DIRECTION('',(-0.,1.,-0.));
#2399 = ADVANCED_FACE('',(#2400),#2411,.T.);
#2400 = FACE_BOUND('',#2401,.T.);
#2401 = EDGE_LOOP('',(#2402,#2403,#2409,#2410));
#2402 = ORIENTED_EDGE('',*,*,#2009,.T.);
#2403 = ORIENTED_EDGE('',*,*,#2404,.F.);
#2404 = EDGE_CURVE('',#2151,#2001,#2405,.T.);
#2405 = LINE('',#2406,#2407);
#2406 = CARTESIAN_POINT('',(-0.9,-0.48,1.26));
#2407 = VECTOR('',#2408,1.);
#2408 = DIRECTION('',(-0.,-0.,1.));
#2409 = ORIENTED_EDGE('',*,*,#2150,.T.);
#2410 = ORIENTED_EDGE('',*,*,#2388,.F.);
#2411 = PLANE('',#2412);
#2412 = AXIS2_PLACEMENT_3D('',#2413,#2414,#2415);
#2413 = CARTESIAN_POINT('',(-7.E-02,-0.48,1.36));
#2414 = DIRECTION('',(-0.,-1.,-0.));
#2415 = DIRECTION('',(1.,0.,0.));
#2416 = ADVANCED_FACE('',(#2417),#2428,.T.);
#2417 = FACE_BOUND('',#2418,.F.);
#2418 = EDGE_LOOP('',(#2419,#2420,#2421,#2427));
#2419 = ORIENTED_EDGE('',*,*,#2404,.F.);
#2420 = ORIENTED_EDGE('',*,*,#2158,.F.);
#2421 = ORIENTED_EDGE('',*,*,#2422,.T.);
#2422 = EDGE_CURVE('',#2159,#1993,#2423,.T.);
#2423 = LINE('',#2424,#2425);
#2424 = CARTESIAN_POINT('',(-1.1,-0.28,1.26));
#2425 = VECTOR('',#2426,1.);
#2426 = DIRECTION('',(-0.,-0.,1.));
#2427 = ORIENTED_EDGE('',*,*,#2000,.F.);
#2428 = CYLINDRICAL_SURFACE('',#2429,0.2);
#2429 = AXIS2_PLACEMENT_3D('',#2430,#2431,#2432);
#2430 = CARTESIAN_POINT('',(-0.9,-0.28,1.36));
#2431 = DIRECTION('',(-0.,-0.,1.));
#2432 = DIRECTION('',(-0.,1.,-0.));
#2433 = ADVANCED_FACE('',(#2434),#2445,.T.);
#2434 = FACE_BOUND('',#2435,.T.);
#2435 = EDGE_LOOP('',(#2436,#2437,#2443,#2444));
#2436 = ORIENTED_EDGE('',*,*,#1992,.T.);
#2437 = ORIENTED_EDGE('',*,*,#2438,.F.);
#2438 = EDGE_CURVE('',#2168,#1984,#2439,.T.);
#2439 = LINE('',#2440,#2441);
#2440 = CARTESIAN_POINT('',(-1.1,0.28,1.26));
#2441 = VECTOR('',#2442,1.);
#2442 = DIRECTION('',(-0.,-0.,1.));
#2443 = ORIENTED_EDGE('',*,*,#2167,.T.);
#2444 = ORIENTED_EDGE('',*,*,#2422,.T.);
#2445 = PLANE('',#2446);
#2446 = AXIS2_PLACEMENT_3D('',#2447,#2448,#2449);
#2447 = CARTESIAN_POINT('',(-1.1,-0.28,1.36));
#2448 = DIRECTION('',(-1.,-0.,-0.));
#2449 = DIRECTION('',(0.,-1.,0.));
#2450 = ADVANCED_FACE('',(#2451),#2462,.T.);
#2451 = FACE_BOUND('',#2452,.F.);
#2452 = EDGE_LOOP('',(#2453,#2454,#2455,#2461));
#2453 = ORIENTED_EDGE('',*,*,#2438,.F.);
#2454 = ORIENTED_EDGE('',*,*,#2175,.F.);
#2455 = ORIENTED_EDGE('',*,*,#2456,.T.);
#2456 = EDGE_CURVE('',#2176,#1976,#2457,.T.);
#2457 = LINE('',#2458,#2459);
#2458 = CARTESIAN_POINT('',(-0.9,0.48,1.26));
#2459 = VECTOR('',#2460,1.);
#2460 = DIRECTION('',(-0.,-0.,1.));
#2461 = ORIENTED_EDGE('',*,*,#1983,.F.);
#2462 = CYLINDRICAL_SURFACE('',#2463,0.2);
#2463 = AXIS2_PLACEMENT_3D('',#2464,#2465,#2466);
#2464 = CARTESIAN_POINT('',(-0.9,0.28,1.36));
#2465 = DIRECTION('',(-0.,-0.,1.));
#2466 = DIRECTION('',(-0.,1.,-0.));
#2467 = ADVANCED_FACE('',(#2468),#2479,.T.);
#2468 = FACE_BOUND('',#2469,.T.);
#2469 = EDGE_LOOP('',(#2470,#2471,#2477,#2478));
#2470 = ORIENTED_EDGE('',*,*,#1975,.T.);
#2471 = ORIENTED_EDGE('',*,*,#2472,.F.);
#2472 = EDGE_CURVE('',#2185,#1967,#2473,.T.);
#2473 = LINE('',#2474,#2475);
#2474 = CARTESIAN_POINT('',(-0.667277953215,0.48,1.26));
#2475 = VECTOR('',#2476,1.);
#2476 = DIRECTION('',(-0.,-0.,1.));
#2477 = ORIENTED_EDGE('',*,*,#2184,.T.);
#2478 = ORIENTED_EDGE('',*,*,#2456,.T.);
#2479 = PLANE('',#2480);
#2480 = AXIS2_PLACEMENT_3D('',#2481,#2482,#2483);
#2481 = CARTESIAN_POINT('',(-0.9,0.48,1.36));
#2482 = DIRECTION('',(-0.,1.,-0.));
#2483 = DIRECTION('',(-1.,0.,0.));
#2484 = ADVANCED_FACE('',(#2485),#2491,.T.);
#2485 = FACE_BOUND('',#2486,.F.);
#2486 = EDGE_LOOP('',(#2487,#2488,#2489,#2490));
#2487 = ORIENTED_EDGE('',*,*,#2472,.F.);
#2488 = ORIENTED_EDGE('',*,*,#2192,.F.);
#2489 = ORIENTED_EDGE('',*,*,#2084,.T.);
#2490 = ORIENTED_EDGE('',*,*,#1966,.F.);
#2491 = CYLINDRICAL_SURFACE('',#2492,0.2);
#2492 = AXIS2_PLACEMENT_3D('',#2493,#2494,#2495);
#2493 = CARTESIAN_POINT('',(-0.667277953215,0.28,1.36));
#2494 = DIRECTION('',(-0.,-0.,1.));
#2495 = DIRECTION('',(-0.,1.,-0.));
#2496 = ADVANCED_FACE('',(#2497),#2503,.T.);
#2497 = FACE_BOUND('',#2498,.T.);
#2498 = EDGE_LOOP('',(#2499,#2500,#2501,#2502));
#2499 = ORIENTED_EDGE('',*,*,#2283,.F.);
#2500 = ORIENTED_EDGE('',*,*,#2311,.F.);
#2501 = ORIENTED_EDGE('',*,*,#2220,.F.);
#2502 = ORIENTED_EDGE('',*,*,#2258,.F.);
#2503 = PLANE('',#2504);
#2504 = AXIS2_PLACEMENT_3D('',#2505,#2506,#2507);
#2505 = CARTESIAN_POINT('',(1.E-01,0.5,1.162));
#2506 = DIRECTION('',(1.,-0.,-0.));
#2507 = DIRECTION('',(0.,0.,-1.));
#2508 = ADVANCED_FACE('',(#2509),#2520,.T.);
#2509 = FACE_BOUND('',#2510,.T.);
#2510 = EDGE_LOOP('',(#2511,#2512,#2513,#2514));
#2511 = ORIENTED_EDGE('',*,*,#962,.T.);
#2512 = ORIENTED_EDGE('',*,*,#2266,.T.);
#2513 = ORIENTED_EDGE('',*,*,#1492,.F.);
#2514 = ORIENTED_EDGE('',*,*,#2515,.F.);
#2515 = EDGE_CURVE('',#963,#1484,#2516,.T.);
#2516 = LINE('',#2517,#2518);
#2517 = CARTESIAN_POINT('',(0.32,0.5,1.112));
#2518 = VECTOR('',#2519,1.);
#2519 = DIRECTION('',(-0.,-1.,-0.));
#2520 = PLANE('',#2521);
#2521 = AXIS2_PLACEMENT_3D('',#2522,#2523,#2524);
#2522 = CARTESIAN_POINT('',(0.32,0.5,1.112));
#2523 = DIRECTION('',(-0.,-0.,1.));
#2524 = DIRECTION('',(1.,-0.,0.));
#2525 = ADVANCED_FACE('',(#2526),#2537,.F.);
#2526 = FACE_BOUND('',#2527,.T.);
#2527 = EDGE_LOOP('',(#2528,#2529,#2530,#2531));
#2528 = ORIENTED_EDGE('',*,*,#970,.T.);
#2529 = ORIENTED_EDGE('',*,*,#2515,.T.);
#2530 = ORIENTED_EDGE('',*,*,#1483,.F.);
#2531 = ORIENTED_EDGE('',*,*,#2532,.F.);
#2532 = EDGE_CURVE('',#971,#1476,#2533,.T.);
#2533 = LINE('',#2534,#2535);
#2534 = CARTESIAN_POINT('',(0.37,0.5,1.162));
#2535 = VECTOR('',#2536,1.);
#2536 = DIRECTION('',(-0.,-1.,-0.));
#2537 = CYLINDRICAL_SURFACE('',#2538,5.E-02);
#2538 = AXIS2_PLACEMENT_3D('',#2539,#2540,#2541);
#2539 = CARTESIAN_POINT('',(0.32,0.5,1.162));
#2540 = DIRECTION('',(-0.,1.,-0.));
#2541 = DIRECTION('',(-0.,0.,-1.));
#2542 = ADVANCED_FACE('',(#2543),#2554,.T.);
#2543 = FACE_BOUND('',#2544,.T.);
#2544 = EDGE_LOOP('',(#2545,#2546,#2547,#2548));
#2545 = ORIENTED_EDGE('',*,*,#979,.T.);
#2546 = ORIENTED_EDGE('',*,*,#2532,.T.);
#2547 = ORIENTED_EDGE('',*,*,#1475,.F.);
#2548 = ORIENTED_EDGE('',*,*,#2549,.F.);
#2549 = EDGE_CURVE('',#980,#1467,#2550,.T.);
#2550 = LINE('',#2551,#2552);
#2551 = CARTESIAN_POINT('',(0.37,0.5,1.347578643763));
#2552 = VECTOR('',#2553,1.);
#2553 = DIRECTION('',(-0.,-1.,-0.));
#2554 = PLANE('',#2555);
#2555 = AXIS2_PLACEMENT_3D('',#2556,#2557,#2558);
#2556 = CARTESIAN_POINT('',(0.37,0.5,1.347578643763));
#2557 = DIRECTION('',(-1.,-0.,-0.));
#2558 = DIRECTION('',(0.,-0.,1.));
#2559 = ADVANCED_FACE('',(#2560),#2571,.F.);
#2560 = FACE_BOUND('',#2561,.T.);
#2561 = EDGE_LOOP('',(#2562,#2563,#2564,#2565));
#2562 = ORIENTED_EDGE('',*,*,#987,.T.);
#2563 = ORIENTED_EDGE('',*,*,#2549,.T.);
#2564 = ORIENTED_EDGE('',*,*,#1466,.F.);
#2565 = ORIENTED_EDGE('',*,*,#2566,.F.);
#2566 = EDGE_CURVE('',#988,#1459,#2567,.T.);
#2567 = LINE('',#2568,#2569);
#2568 = CARTESIAN_POINT('',(0.340710678119,0.5,1.418289321881));
#2569 = VECTOR('',#2570,1.);
#2570 = DIRECTION('',(-0.,-1.,-0.));
#2571 = CYLINDRICAL_SURFACE('',#2572,0.1);
#2572 = AXIS2_PLACEMENT_3D('',#2573,#2574,#2575);
#2573 = CARTESIAN_POINT('',(0.27,0.5,1.347578643763));
#2574 = DIRECTION('',(-0.,1.,-0.));
#2575 = DIRECTION('',(-0.,0.,-1.));
#2576 = ADVANCED_FACE('',(#2577),#2588,.T.);
#2577 = FACE_BOUND('',#2578,.T.);
#2578 = EDGE_LOOP('',(#2579,#2580,#2581,#2582));
#2579 = ORIENTED_EDGE('',*,*,#996,.T.);
#2580 = ORIENTED_EDGE('',*,*,#2566,.T.);
#2581 = ORIENTED_EDGE('',*,*,#1458,.F.);
#2582 = ORIENTED_EDGE('',*,*,#2583,.F.);
#2583 = EDGE_CURVE('',#997,#1450,#2584,.T.);
#2584 = LINE('',#2585,#2586);
#2585 = CARTESIAN_POINT('',(0.244644660941,0.5,1.514355339059));
#2586 = VECTOR('',#2587,1.);
#2587 = DIRECTION('',(-0.,-1.,-0.));
#2588 = PLANE('',#2589);
#2589 = AXIS2_PLACEMENT_3D('',#2590,#2591,#2592);
#2590 = CARTESIAN_POINT('',(0.244644660941,0.5,1.514355339059));
#2591 = DIRECTION('',(-0.707106781187,0.,-0.707106781186));
#2592 = DIRECTION('',(-0.707106781186,0.,0.707106781187));
#2593 = ADVANCED_FACE('',(#2594),#2605,.T.);
#2594 = FACE_BOUND('',#2595,.F.);
#2595 = EDGE_LOOP('',(#2596,#2602,#2603,#2604));
#2596 = ORIENTED_EDGE('',*,*,#2597,.T.);
#2597 = EDGE_CURVE('',#1005,#1442,#2598,.T.);
#2598 = LINE('',#2599,#2600);
#2599 = CARTESIAN_POINT('',(0.23,0.5,1.549710678119));
#2600 = VECTOR('',#2601,1.);
#2601 = DIRECTION('',(-0.,-1.,-0.));
#2602 = ORIENTED_EDGE('',*,*,#1449,.T.);
#2603 = ORIENTED_EDGE('',*,*,#2583,.F.);
#2604 = ORIENTED_EDGE('',*,*,#1004,.F.);
#2605 = CYLINDRICAL_SURFACE('',#2606,5.E-02);
#2606 = AXIS2_PLACEMENT_3D('',#2607,#2608,#2609);
#2607 = CARTESIAN_POINT('',(0.28,0.5,1.549710678119));
#2608 = DIRECTION('',(-0.,1.,-0.));
#2609 = DIRECTION('',(-0.,0.,-1.));
#2610 = ADVANCED_FACE('',(#2611),#2670,.T.);
#2611 = FACE_BOUND('',#2612,.T.);
#2612 = EDGE_LOOP('',(#2613,#2623,#2631,#2640,#2648,#2654,#2655,#2664));
#2613 = ORIENTED_EDGE('',*,*,#2614,.F.);
#2614 = EDGE_CURVE('',#2615,#2617,#2619,.T.);
#2615 = VERTEX_POINT('',#2616);
#2616 = CARTESIAN_POINT('',(0.23,-0.275,1.8));
#2617 = VERTEX_POINT('',#2618);
#2618 = CARTESIAN_POINT('',(0.23,-0.275,1.9));
#2619 = LINE('',#2620,#2621);
#2620 = CARTESIAN_POINT('',(0.23,-0.275,1.8));
#2621 = VECTOR('',#2622,1.);
#2622 = DIRECTION('',(-0.,-0.,1.));
#2623 = ORIENTED_EDGE('',*,*,#2624,.F.);
#2624 = EDGE_CURVE('',#2625,#2615,#2627,.T.);
#2625 = VERTEX_POINT('',#2626);
#2626 = CARTESIAN_POINT('',(0.23,-0.3,1.8));
#2627 = LINE('',#2628,#2629);
#2628 = CARTESIAN_POINT('',(0.23,-0.3,1.8));
#2629 = VECTOR('',#2630,1.);
#2630 = DIRECTION('',(-0.,1.,-0.));
#2631 = ORIENTED_EDGE('',*,*,#2632,.F.);
#2632 = EDGE_CURVE('',#2633,#2625,#2635,.T.);
#2633 = VERTEX_POINT('',#2634);
#2634 = CARTESIAN_POINT('',(0.23,-0.4,1.7));
#2635 = CIRCLE('',#2636,0.1);
#2636 = AXIS2_PLACEMENT_3D('',#2637,#2638,#2639);
#2637 = CARTESIAN_POINT('',(0.23,-0.3,1.7));
#2638 = DIRECTION('',(-1.,0.,0.));
#2639 = DIRECTION('',(-0.,-1.,-0.));
#2640 = ORIENTED_EDGE('',*,*,#2641,.F.);
#2641 = EDGE_CURVE('',#2642,#2633,#2644,.T.);
#2642 = VERTEX_POINT('',#2643);
#2643 = CARTESIAN_POINT('',(0.23,-0.4,1.549710678119));
#2644 = LINE('',#2645,#2646);
#2645 = CARTESIAN_POINT('',(0.23,-0.4,1.549710678119));
#2646 = VECTOR('',#2647,1.);
#2647 = DIRECTION('',(-0.,-0.,1.));
#2648 = ORIENTED_EDGE('',*,*,#2649,.F.);
#2649 = EDGE_CURVE('',#258,#2642,#2650,.T.);
#2650 = LINE('',#2651,#2652);
#2651 = CARTESIAN_POINT('',(0.23,-0.5,1.549710678119));
#2652 = VECTOR('',#2653,1.);
#2653 = DIRECTION('',(-0.,1.,-0.));
#2654 = ORIENTED_EDGE('',*,*,#257,.T.);
#2655 = ORIENTED_EDGE('',*,*,#2656,.F.);
#2656 = EDGE_CURVE('',#2657,#250,#2659,.T.);
#2657 = VERTEX_POINT('',#2658);
#2658 = CARTESIAN_POINT('',(0.23,-0.3,1.9));
#2659 = CIRCLE('',#2660,0.2);
#2660 = AXIS2_PLACEMENT_3D('',#2661,#2662,#2663);
#2661 = CARTESIAN_POINT('',(0.23,-0.3,1.7));
#2662 = DIRECTION('',(1.,-0.,0.));
#2663 = DIRECTION('',(-0.,-0.,1.));
#2664 = ORIENTED_EDGE('',*,*,#2665,.F.);
#2665 = EDGE_CURVE('',#2617,#2657,#2666,.T.);
#2666 = LINE('',#2667,#2668);
#2667 = CARTESIAN_POINT('',(0.23,-0.275,1.9));
#2668 = VECTOR('',#2669,1.);
#2669 = DIRECTION('',(-0.,-1.,-0.));
#2670 = PLANE('',#2671);
#2671 = AXIS2_PLACEMENT_3D('',#2672,#2673,#2674);
#2672 = CARTESIAN_POINT('',(0.23,0.5,1.9));
#2673 = DIRECTION('',(-1.,-0.,-0.));
#2674 = DIRECTION('',(0.,-0.,1.));
#2675 = ADVANCED_FACE('',(#2676),#2721,.T.);
#2676 = FACE_BOUND('',#2677,.T.);
#2677 = EDGE_LOOP('',(#2678,#2688,#2696,#2703,#2704,#2705,#2706,#2715));
#2678 = ORIENTED_EDGE('',*,*,#2679,.F.);
#2679 = EDGE_CURVE('',#2680,#2682,#2684,.T.);
#2680 = VERTEX_POINT('',#2681);
#2681 = CARTESIAN_POINT('',(0.23,0.275,1.9));
#2682 = VERTEX_POINT('',#2683);
#2683 = CARTESIAN_POINT('',(0.23,0.275,1.8));
#2684 = LINE('',#2685,#2686);
#2685 = CARTESIAN_POINT('',(0.23,0.275,1.9));
#2686 = VECTOR('',#2687,1.);
#2687 = DIRECTION('',(-0.,0.,-1.));
#2688 = ORIENTED_EDGE('',*,*,#2689,.F.);
#2689 = EDGE_CURVE('',#2690,#2680,#2692,.T.);
#2690 = VERTEX_POINT('',#2691);
#2691 = CARTESIAN_POINT('',(0.23,0.3,1.9));
#2692 = LINE('',#2693,#2694);
#2693 = CARTESIAN_POINT('',(0.23,0.3,1.9));
#2694 = VECTOR('',#2695,1.);
#2695 = DIRECTION('',(-0.,-1.,-0.));
#2696 = ORIENTED_EDGE('',*,*,#2697,.F.);
#2697 = EDGE_CURVE('',#1014,#2690,#2698,.T.);
#2698 = CIRCLE('',#2699,0.2);
#2699 = AXIS2_PLACEMENT_3D('',#2700,#2701,#2702);
#2700 = CARTESIAN_POINT('',(0.23,0.3,1.7));
#2701 = DIRECTION('',(1.,0.,0.));
#2702 = DIRECTION('',(-0.,1.,-0.));
#2703 = ORIENTED_EDGE('',*,*,#1013,.T.);
#2704 = ORIENTED_EDGE('',*,*,#2597,.T.);
#2705 = ORIENTED_EDGE('',*,*,#1441,.F.);
#2706 = ORIENTED_EDGE('',*,*,#2707,.F.);
#2707 = EDGE_CURVE('',#2708,#1434,#2710,.T.);
#2708 = VERTEX_POINT('',#2709);
#2709 = CARTESIAN_POINT('',(0.23,0.3,1.8));
#2710 = CIRCLE('',#2711,0.1);
#2711 = AXIS2_PLACEMENT_3D('',#2712,#2713,#2714);
#2712 = CARTESIAN_POINT('',(0.23,0.3,1.7));
#2713 = DIRECTION('',(-1.,-0.,-0.));
#2714 = DIRECTION('',(-0.,-0.,1.));
#2715 = ORIENTED_EDGE('',*,*,#2716,.F.);
#2716 = EDGE_CURVE('',#2682,#2708,#2717,.T.);
#2717 = LINE('',#2718,#2719);
#2718 = CARTESIAN_POINT('',(0.23,0.275,1.8));
#2719 = VECTOR('',#2720,1.);
#2720 = DIRECTION('',(-0.,1.,-0.));
#2721 = PLANE('',#2722);
#2722 = AXIS2_PLACEMENT_3D('',#2723,#2724,#2725);
#2723 = CARTESIAN_POINT('',(0.23,0.5,1.9));
#2724 = DIRECTION('',(-1.,-0.,-0.));
#2725 = DIRECTION('',(0.,-0.,1.));
#2726 = ADVANCED_FACE('',(#2727),#2754,.T.);
#2727 = FACE_BOUND('',#2728,.F.);
#2728 = EDGE_LOOP('',(#2729,#2730,#2739,#2747));
#2729 = ORIENTED_EDGE('',*,*,#2614,.F.);
#2730 = ORIENTED_EDGE('',*,*,#2731,.F.);
#2731 = EDGE_CURVE('',#2732,#2615,#2734,.T.);
#2732 = VERTEX_POINT('',#2733);
#2733 = CARTESIAN_POINT('',(0.33,-0.175,1.8));
#2734 = CIRCLE('',#2735,0.1);
#2735 = AXIS2_PLACEMENT_3D('',#2736,#2737,#2738);
#2736 = CARTESIAN_POINT('',(0.33,-0.275,1.8));
#2737 = DIRECTION('',(-0.,0.,1.));
#2738 = DIRECTION('',(-0.,1.,-0.));
#2739 = ORIENTED_EDGE('',*,*,#2740,.T.);
#2740 = EDGE_CURVE('',#2732,#2741,#2743,.T.);
#2741 = VERTEX_POINT('',#2742);
#2742 = CARTESIAN_POINT('',(0.33,-0.175,1.9));
#2743 = LINE('',#2744,#2745);
#2744 = CARTESIAN_POINT('',(0.33,-0.175,1.8));
#2745 = VECTOR('',#2746,1.);
#2746 = DIRECTION('',(-0.,-0.,1.));
#2747 = ORIENTED_EDGE('',*,*,#2748,.F.);
#2748 = EDGE_CURVE('',#2617,#2741,#2749,.T.);
#2749 = CIRCLE('',#2750,0.1);
#2750 = AXIS2_PLACEMENT_3D('',#2751,#2752,#2753);
#2751 = CARTESIAN_POINT('',(0.33,-0.275,1.9));
#2752 = DIRECTION('',(0.,0.,-1.));
#2753 = DIRECTION('',(-1.,0.,-0.));
#2754 = CYLINDRICAL_SURFACE('',#2755,0.1);
#2755 = AXIS2_PLACEMENT_3D('',#2756,#2757,#2758);
#2756 = CARTESIAN_POINT('',(0.33,-0.275,-3.187803722069));
#2757 = DIRECTION('',(-0.,-0.,1.));
#2758 = DIRECTION('',(-1.,0.,-0.));
#2759 = ADVANCED_FACE('',(#2760),#2795,.T.);
#2760 = FACE_BOUND('',#2761,.T.);
#2761 = EDGE_LOOP('',(#2762,#2763,#2764,#2772,#2780,#2789));
#2762 = ORIENTED_EDGE('',*,*,#2748,.F.);
#2763 = ORIENTED_EDGE('',*,*,#2665,.T.);
#2764 = ORIENTED_EDGE('',*,*,#2765,.T.);
#2765 = EDGE_CURVE('',#2657,#2766,#2768,.T.);
#2766 = VERTEX_POINT('',#2767);
#2767 = CARTESIAN_POINT('',(0.53,-0.3,1.9));
#2768 = LINE('',#2769,#2770);
#2769 = CARTESIAN_POINT('',(0.23,-0.3,1.9));
#2770 = VECTOR('',#2771,1.);
#2771 = DIRECTION('',(1.,-0.,-0.));
#2772 = ORIENTED_EDGE('',*,*,#2773,.F.);
#2773 = EDGE_CURVE('',#2774,#2766,#2776,.T.);
#2774 = VERTEX_POINT('',#2775);
#2775 = CARTESIAN_POINT('',(0.53,-0.275,1.9));
#2776 = LINE('',#2777,#2778);
#2777 = CARTESIAN_POINT('',(0.53,-0.275,1.9));
#2778 = VECTOR('',#2779,1.);
#2779 = DIRECTION('',(-0.,-1.,-0.));
#2780 = ORIENTED_EDGE('',*,*,#2781,.F.);
#2781 = EDGE_CURVE('',#2782,#2774,#2784,.T.);
#2782 = VERTEX_POINT('',#2783);
#2783 = CARTESIAN_POINT('',(0.43,-0.175,1.9));
#2784 = CIRCLE('',#2785,0.1);
#2785 = AXIS2_PLACEMENT_3D('',#2786,#2787,#2788);
#2786 = CARTESIAN_POINT('',(0.43,-0.275,1.9));
#2787 = DIRECTION('',(-0.,-0.,-1.));
#2788 = DIRECTION('',(-0.,1.,-0.));
#2789 = ORIENTED_EDGE('',*,*,#2790,.F.);
#2790 = EDGE_CURVE('',#2741,#2782,#2791,.T.);
#2791 = LINE('',#2792,#2793);
#2792 = CARTESIAN_POINT('',(0.33,-0.175,1.9));
#2793 = VECTOR('',#2794,1.);
#2794 = DIRECTION('',(1.,-0.,-0.));
#2795 = PLANE('',#2796);
#2796 = AXIS2_PLACEMENT_3D('',#2797,#2798,#2799);
#2797 = CARTESIAN_POINT('',(0.23,-0.175,1.9));
#2798 = DIRECTION('',(-0.,-0.,1.));
#2799 = DIRECTION('',(0.,1.,0.));
#2800 = ADVANCED_FACE('',(#2801),#2813,.T.);
#2801 = FACE_BOUND('',#2802,.F.);
#2802 = EDGE_LOOP('',(#2803,#2804,#2805,#2812));
#2803 = ORIENTED_EDGE('',*,*,#2656,.F.);
#2804 = ORIENTED_EDGE('',*,*,#2765,.T.);
#2805 = ORIENTED_EDGE('',*,*,#2806,.T.);
#2806 = EDGE_CURVE('',#2766,#241,#2807,.T.);
#2807 = CIRCLE('',#2808,0.2);
#2808 = AXIS2_PLACEMENT_3D('',#2809,#2810,#2811);
#2809 = CARTESIAN_POINT('',(0.53,-0.3,1.7));
#2810 = DIRECTION('',(1.,-0.,0.));
#2811 = DIRECTION('',(-0.,-0.,1.));
#2812 = ORIENTED_EDGE('',*,*,#249,.T.);
#2813 = CYLINDRICAL_SURFACE('',#2814,0.2);
#2814 = AXIS2_PLACEMENT_3D('',#2815,#2816,#2817);
#2815 = CARTESIAN_POINT('',(0.23,-0.3,1.7));
#2816 = DIRECTION('',(-1.,-0.,-0.));
#2817 = DIRECTION('',(-0.,1.,-0.));
#2818 = ADVANCED_FACE('',(#2819),#2854,.F.);
#2819 = FACE_BOUND('',#2820,.T.);
#2820 = EDGE_LOOP('',(#2821,#2829,#2830,#2831,#2839,#2848));
#2821 = ORIENTED_EDGE('',*,*,#2822,.F.);
#2822 = EDGE_CURVE('',#2774,#2823,#2825,.T.);
#2823 = VERTEX_POINT('',#2824);
#2824 = CARTESIAN_POINT('',(0.53,-0.275,1.8));
#2825 = LINE('',#2826,#2827);
#2826 = CARTESIAN_POINT('',(0.53,-0.275,1.9));
#2827 = VECTOR('',#2828,1.);
#2828 = DIRECTION('',(-0.,0.,-1.));
#2829 = ORIENTED_EDGE('',*,*,#2773,.T.);
#2830 = ORIENTED_EDGE('',*,*,#2806,.T.);
#2831 = ORIENTED_EDGE('',*,*,#2832,.T.);
#2832 = EDGE_CURVE('',#241,#2833,#2835,.T.);
#2833 = VERTEX_POINT('',#2834);
#2834 = CARTESIAN_POINT('',(0.53,-0.4,1.7));
#2835 = LINE('',#2836,#2837);
#2836 = CARTESIAN_POINT('',(0.53,-0.5,1.7));
#2837 = VECTOR('',#2838,1.);
#2838 = DIRECTION('',(-0.,1.,-0.));
#2839 = ORIENTED_EDGE('',*,*,#2840,.T.);
#2840 = EDGE_CURVE('',#2833,#2841,#2843,.T.);
#2841 = VERTEX_POINT('',#2842);
#2842 = CARTESIAN_POINT('',(0.53,-0.3,1.8));
#2843 = CIRCLE('',#2844,0.1);
#2844 = AXIS2_PLACEMENT_3D('',#2845,#2846,#2847);
#2845 = CARTESIAN_POINT('',(0.53,-0.3,1.7));
#2846 = DIRECTION('',(-1.,0.,0.));
#2847 = DIRECTION('',(-0.,-1.,-0.));
#2848 = ORIENTED_EDGE('',*,*,#2849,.T.);
#2849 = EDGE_CURVE('',#2841,#2823,#2850,.T.);
#2850 = LINE('',#2851,#2852);
#2851 = CARTESIAN_POINT('',(0.53,-0.3,1.8));
#2852 = VECTOR('',#2853,1.);
#2853 = DIRECTION('',(-0.,1.,-0.));
#2854 = PLANE('',#2855);
#2855 = AXIS2_PLACEMENT_3D('',#2856,#2857,#2858);
#2856 = CARTESIAN_POINT('',(0.53,-0.4,0.586547));
#2857 = DIRECTION('',(-1.,-0.,-0.));
#2858 = DIRECTION('',(0.,-1.,0.));
#2859 = ADVANCED_FACE('',(#2860),#2908,.F.);
#2860 = FACE_BOUND('',#2861,.T.);
#2861 = EDGE_LOOP('',(#2862,#2872,#2880,#2887,#2893,#2902));
#2862 = ORIENTED_EDGE('',*,*,#2863,.F.);
#2863 = EDGE_CURVE('',#2864,#2866,#2868,.T.);
#2864 = VERTEX_POINT('',#2865);
#2865 = CARTESIAN_POINT('',(0.53,0.275,1.8));
#2866 = VERTEX_POINT('',#2867);
#2867 = CARTESIAN_POINT('',(0.53,0.275,1.9));
#2868 = LINE('',#2869,#2870);
#2869 = CARTESIAN_POINT('',(0.53,0.275,1.8));
#2870 = VECTOR('',#2871,1.);
#2871 = DIRECTION('',(-0.,-0.,1.));
#2872 = ORIENTED_EDGE('',*,*,#2873,.T.);
#2873 = EDGE_CURVE('',#2864,#2874,#2876,.T.);
#2874 = VERTEX_POINT('',#2875);
#2875 = CARTESIAN_POINT('',(0.53,0.3,1.8));
#2876 = LINE('',#2877,#2878);
#2877 = CARTESIAN_POINT('',(0.53,0.275,1.8));
#2878 = VECTOR('',#2879,1.);
#2879 = DIRECTION('',(-0.,1.,-0.));
#2880 = ORIENTED_EDGE('',*,*,#2881,.T.);
#2881 = EDGE_CURVE('',#2874,#1425,#2882,.T.);
#2882 = CIRCLE('',#2883,0.1);
#2883 = AXIS2_PLACEMENT_3D('',#2884,#2885,#2886);
#2884 = CARTESIAN_POINT('',(0.53,0.3,1.7));
#2885 = DIRECTION('',(-1.,-0.,-0.));
#2886 = DIRECTION('',(-0.,-0.,1.));
#2887 = ORIENTED_EDGE('',*,*,#2888,.F.);
#2888 = EDGE_CURVE('',#1022,#1425,#2889,.T.);
#2889 = LINE('',#2890,#2891);
#2890 = CARTESIAN_POINT('',(0.53,0.5,1.7));
#2891 = VECTOR('',#2892,1.);
#2892 = DIRECTION('',(-0.,-1.,-0.));
#2893 = ORIENTED_EDGE('',*,*,#2894,.T.);
#2894 = EDGE_CURVE('',#1022,#2895,#2897,.T.);
#2895 = VERTEX_POINT('',#2896);
#2896 = CARTESIAN_POINT('',(0.53,0.3,1.9));
#2897 = CIRCLE('',#2898,0.2);
#2898 = AXIS2_PLACEMENT_3D('',#2899,#2900,#2901);
#2899 = CARTESIAN_POINT('',(0.53,0.3,1.7));
#2900 = DIRECTION('',(1.,0.,0.));
#2901 = DIRECTION('',(-0.,1.,-0.));
#2902 = ORIENTED_EDGE('',*,*,#2903,.T.);
#2903 = EDGE_CURVE('',#2895,#2866,#2904,.T.);
#2904 = LINE('',#2905,#2906);
#2905 = CARTESIAN_POINT('',(0.53,0.3,1.9));
#2906 = VECTOR('',#2907,1.);
#2907 = DIRECTION('',(-0.,-1.,-0.));
#2908 = PLANE('',#2909);
#2909 = AXIS2_PLACEMENT_3D('',#2910,#2911,#2912);
#2910 = CARTESIAN_POINT('',(0.53,-0.4,0.586547));
#2911 = DIRECTION('',(-1.,-0.,-0.));
#2912 = DIRECTION('',(0.,-1.,0.));
#2913 = ADVANCED_FACE('',(#2914),#2933,.T.);
#2914 = FACE_BOUND('',#2915,.F.);
#2915 = EDGE_LOOP('',(#2916,#2917,#2918,#2926));
#2916 = ORIENTED_EDGE('',*,*,#2822,.F.);
#2917 = ORIENTED_EDGE('',*,*,#2781,.F.);
#2918 = ORIENTED_EDGE('',*,*,#2919,.T.);
#2919 = EDGE_CURVE('',#2782,#2920,#2922,.T.);
#2920 = VERTEX_POINT('',#2921);
#2921 = CARTESIAN_POINT('',(0.43,-0.175,1.8));
#2922 = LINE('',#2923,#2924);
#2923 = CARTESIAN_POINT('',(0.43,-0.175,1.9));
#2924 = VECTOR('',#2925,1.);
#2925 = DIRECTION('',(-0.,0.,-1.));
#2926 = ORIENTED_EDGE('',*,*,#2927,.F.);
#2927 = EDGE_CURVE('',#2823,#2920,#2928,.T.);
#2928 = CIRCLE('',#2929,0.1);
#2929 = AXIS2_PLACEMENT_3D('',#2930,#2931,#2932);
#2930 = CARTESIAN_POINT('',(0.43,-0.275,1.8));
#2931 = DIRECTION('',(0.,0.,1.));
#2932 = DIRECTION('',(1.,-0.,-0.));
#2933 = CYLINDRICAL_SURFACE('',#2934,0.1);
#2934 = AXIS2_PLACEMENT_3D('',#2935,#2936,#2937);
#2935 = CARTESIAN_POINT('',(0.43,-0.275,6.21972));
#2936 = DIRECTION('',(-0.,0.,-1.));
#2937 = DIRECTION('',(1.,-0.,-0.));
#2938 = ADVANCED_FACE('',(#2939),#2957,.T.);
#2939 = FACE_BOUND('',#2940,.T.);
#2940 = EDGE_LOOP('',(#2941,#2942,#2948,#2949,#2950,#2956));
#2941 = ORIENTED_EDGE('',*,*,#2731,.F.);
#2942 = ORIENTED_EDGE('',*,*,#2943,.T.);
#2943 = EDGE_CURVE('',#2732,#2920,#2944,.T.);
#2944 = LINE('',#2945,#2946);
#2945 = CARTESIAN_POINT('',(0.33,-0.175,1.8));
#2946 = VECTOR('',#2947,1.);
#2947 = DIRECTION('',(1.,-0.,-0.));
#2948 = ORIENTED_EDGE('',*,*,#2927,.F.);
#2949 = ORIENTED_EDGE('',*,*,#2849,.F.);
#2950 = ORIENTED_EDGE('',*,*,#2951,.F.);
#2951 = EDGE_CURVE('',#2625,#2841,#2952,.T.);
#2952 = LINE('',#2953,#2954);
#2953 = CARTESIAN_POINT('',(0.23,-0.3,1.8));
#2954 = VECTOR('',#2955,1.);
#2955 = DIRECTION('',(1.,-0.,-0.));
#2956 = ORIENTED_EDGE('',*,*,#2624,.T.);
#2957 = PLANE('',#2958);
#2958 = AXIS2_PLACEMENT_3D('',#2959,#2960,#2961);
#2959 = CARTESIAN_POINT('',(0.23,-0.3,1.8));
#2960 = DIRECTION('',(-0.,0.,-1.));
#2961 = DIRECTION('',(0.,-1.,0.));
#2962 = ADVANCED_FACE('',(#2963),#2969,.T.);
#2963 = FACE_BOUND('',#2964,.T.);
#2964 = EDGE_LOOP('',(#2965,#2966,#2967,#2968));
#2965 = ORIENTED_EDGE('',*,*,#2740,.T.);
#2966 = ORIENTED_EDGE('',*,*,#2790,.T.);
#2967 = ORIENTED_EDGE('',*,*,#2919,.T.);
#2968 = ORIENTED_EDGE('',*,*,#2943,.F.);
#2969 = PLANE('',#2970);
#2970 = AXIS2_PLACEMENT_3D('',#2971,#2972,#2973);
#2971 = CARTESIAN_POINT('',(0.23,-0.175,1.8));
#2972 = DIRECTION('',(-0.,1.,-0.));
#2973 = DIRECTION('',(0.,0.,-1.));
#2974 = ADVANCED_FACE('',(#2975),#2986,.F.);
#2975 = FACE_BOUND('',#2976,.T.);
#2976 = EDGE_LOOP('',(#2977,#2983,#2984,#2985));
#2977 = ORIENTED_EDGE('',*,*,#2978,.T.);
#2978 = EDGE_CURVE('',#2833,#2633,#2979,.T.);
#2979 = LINE('',#2980,#2981);
#2980 = CARTESIAN_POINT('',(0.53,-0.4,1.7));
#2981 = VECTOR('',#2982,1.);
#2982 = DIRECTION('',(-1.,-0.,-0.));
#2983 = ORIENTED_EDGE('',*,*,#2632,.T.);
#2984 = ORIENTED_EDGE('',*,*,#2951,.T.);
#2985 = ORIENTED_EDGE('',*,*,#2840,.F.);
#2986 = CYLINDRICAL_SURFACE('',#2987,0.1);
#2987 = AXIS2_PLACEMENT_3D('',#2988,#2989,#2990);
#2988 = CARTESIAN_POINT('',(0.23,-0.3,1.7));
#2989 = DIRECTION('',(-1.,-0.,-0.));
#2990 = DIRECTION('',(-0.,1.,-0.));
#2991 = ADVANCED_FACE('',(#2992),#3204,.F.);
#2992 = FACE_BOUND('',#2993,.T.);
#2993 = EDGE_LOOP('',(#2994,#2995,#3004,#3012,#3020,#3028,#3037,#3045,
    #3054,#3062,#3071,#3079,#3088,#3096,#3105,#3113,#3120,#3121,#3122,
    #3131,#3139,#3148,#3156,#3165,#3173,#3180,#3181,#3189,#3197));
#2994 = ORIENTED_EDGE('',*,*,#1629,.F.);
#2995 = ORIENTED_EDGE('',*,*,#2996,.F.);
#2996 = EDGE_CURVE('',#2997,#1622,#2999,.T.);
#2997 = VERTEX_POINT('',#2998);
#2998 = CARTESIAN_POINT('',(0.88,-0.4,0.21));
#2999 = CIRCLE('',#3000,6.E-02);
#3000 = AXIS2_PLACEMENT_3D('',#3001,#3002,#3003);
#3001 = CARTESIAN_POINT('',(0.94,-0.4,0.21));
#3002 = DIRECTION('',(-0.,1.,0.));
#3003 = DIRECTION('',(-1.,-0.,-0.));
#3004 = ORIENTED_EDGE('',*,*,#3005,.F.);
#3005 = EDGE_CURVE('',#3006,#2997,#3008,.T.);
#3006 = VERTEX_POINT('',#3007);
#3007 = CARTESIAN_POINT('',(0.88,-0.4,0.2));
#3008 = LINE('',#3009,#3010);
#3009 = CARTESIAN_POINT('',(0.88,-0.4,0.2));
#3010 = VECTOR('',#3011,1.);
#3011 = DIRECTION('',(-0.,-0.,1.));
#3012 = ORIENTED_EDGE('',*,*,#3013,.F.);
#3013 = EDGE_CURVE('',#3014,#3006,#3016,.T.);
#3014 = VERTEX_POINT('',#3015);
#3015 = CARTESIAN_POINT('',(0.12,-0.4,0.2));
#3016 = LINE('',#3017,#3018);
#3017 = CARTESIAN_POINT('',(0.12,-0.4,0.2));
#3018 = VECTOR('',#3019,1.);
#3019 = DIRECTION('',(1.,-0.,-0.));
#3020 = ORIENTED_EDGE('',*,*,#3021,.T.);
#3021 = EDGE_CURVE('',#3014,#3022,#3024,.T.);
#3022 = VERTEX_POINT('',#3023);
#3023 = CARTESIAN_POINT('',(0.12,-0.4,0.231005050634));
#3024 = LINE('',#3025,#3026);
#3025 = CARTESIAN_POINT('',(0.12,-0.4,0.2));
#3026 = VECTOR('',#3027,1.);
#3027 = DIRECTION('',(-0.,-0.,1.));
#3028 = ORIENTED_EDGE('',*,*,#3029,.T.);
#3029 = EDGE_CURVE('',#3022,#3030,#3032,.T.);
#3030 = VERTEX_POINT('',#3031);
#3031 = CARTESIAN_POINT('',(9.9497474683E-02,-0.4,0.280502525317));
#3032 = CIRCLE('',#3033,7.E-02);
#3033 = AXIS2_PLACEMENT_3D('',#3034,#3035,#3036);
#3034 = CARTESIAN_POINT('',(5.E-02,-0.4,0.231005050634));
#3035 = DIRECTION('',(-0.,-1.,-0.));
#3036 = DIRECTION('',(1.,-0.,-0.));
#3037 = ORIENTED_EDGE('',*,*,#3038,.T.);
#3038 = EDGE_CURVE('',#3030,#3039,#3041,.T.);
#3039 = VERTEX_POINT('',#3040);
#3040 = CARTESIAN_POINT('',(-0.261421356237,-0.4,0.641421356237));
#3041 = LINE('',#3042,#3043);
#3042 = CARTESIAN_POINT('',(9.9497474683E-02,-0.4,0.280502525317));
#3043 = VECTOR('',#3044,1.);
#3044 = DIRECTION('',(-0.707106781187,-0.,0.707106781187));
#3045 = ORIENTED_EDGE('',*,*,#3046,.T.);
#3046 = EDGE_CURVE('',#3039,#3047,#3049,.T.);
#3047 = VERTEX_POINT('',#3048);
#3048 = CARTESIAN_POINT('',(-0.32,-0.4,0.782842712475));
#3049 = CIRCLE('',#3050,0.2);
#3050 = AXIS2_PLACEMENT_3D('',#3051,#3052,#3053);
#3051 = CARTESIAN_POINT('',(-0.12,-0.4,0.782842712475));
#3052 = DIRECTION('',(0.,1.,0.));
#3053 = DIRECTION('',(-0.707106781187,0.,-0.707106781187));
#3054 = ORIENTED_EDGE('',*,*,#3055,.T.);
#3055 = EDGE_CURVE('',#3047,#3056,#3058,.T.);
#3056 = VERTEX_POINT('',#3057);
#3057 = CARTESIAN_POINT('',(-0.32,-0.4,1.18));
#3058 = LINE('',#3059,#3060);
#3059 = CARTESIAN_POINT('',(-0.32,-0.4,0.782842712475));
#3060 = VECTOR('',#3061,1.);
#3061 = DIRECTION('',(-0.,-0.,1.));
#3062 = ORIENTED_EDGE('',*,*,#3063,.T.);
#3063 = EDGE_CURVE('',#3056,#3064,#3066,.T.);
#3064 = VERTEX_POINT('',#3065);
#3065 = CARTESIAN_POINT('',(-0.25,-0.4,1.25));
#3066 = CIRCLE('',#3067,7.E-02);
#3067 = AXIS2_PLACEMENT_3D('',#3068,#3069,#3070);
#3068 = CARTESIAN_POINT('',(-0.25,-0.4,1.18));
#3069 = DIRECTION('',(-0.,1.,0.));
#3070 = DIRECTION('',(-1.,-0.,-0.));
#3071 = ORIENTED_EDGE('',*,*,#3072,.T.);
#3072 = EDGE_CURVE('',#3064,#3073,#3075,.T.);
#3073 = VERTEX_POINT('',#3074);
#3074 = CARTESIAN_POINT('',(0.32,-0.4,1.25));
#3075 = LINE('',#3076,#3077);
#3076 = CARTESIAN_POINT('',(-0.25,-0.4,1.25));
#3077 = VECTOR('',#3078,1.);
#3078 = DIRECTION('',(1.,-0.,-0.));
#3079 = ORIENTED_EDGE('',*,*,#3080,.T.);
#3080 = EDGE_CURVE('',#3073,#3081,#3083,.T.);
#3081 = VERTEX_POINT('',#3082);
#3082 = CARTESIAN_POINT('',(0.37,-0.4,1.3));
#3083 = CIRCLE('',#3084,5.E-02);
#3084 = AXIS2_PLACEMENT_3D('',#3085,#3086,#3087);
#3085 = CARTESIAN_POINT('',(0.32,-0.4,1.3));
#3086 = DIRECTION('',(-0.,-1.,0.));
#3087 = DIRECTION('',(-0.,0.,-1.));
#3088 = ORIENTED_EDGE('',*,*,#3089,.T.);
#3089 = EDGE_CURVE('',#3081,#3090,#3092,.T.);
#3090 = VERTEX_POINT('',#3091);
#3091 = CARTESIAN_POINT('',(0.37,-0.4,1.347578643763));
#3092 = LINE('',#3093,#3094);
#3093 = CARTESIAN_POINT('',(0.37,-0.4,1.3));
#3094 = VECTOR('',#3095,1.);
#3095 = DIRECTION('',(-0.,-0.,1.));
#3096 = ORIENTED_EDGE('',*,*,#3097,.T.);
#3097 = EDGE_CURVE('',#3090,#3098,#3100,.T.);
#3098 = VERTEX_POINT('',#3099);
#3099 = CARTESIAN_POINT('',(0.340710678119,-0.4,1.418289321881));
#3100 = CIRCLE('',#3101,0.1);
#3101 = AXIS2_PLACEMENT_3D('',#3102,#3103,#3104);
#3102 = CARTESIAN_POINT('',(0.27,-0.4,1.347578643763));
#3103 = DIRECTION('',(-0.,-1.,-0.));
#3104 = DIRECTION('',(1.,-0.,-0.));
#3105 = ORIENTED_EDGE('',*,*,#3106,.T.);
#3106 = EDGE_CURVE('',#3098,#3107,#3109,.T.);
#3107 = VERTEX_POINT('',#3108);
#3108 = CARTESIAN_POINT('',(0.244644660941,-0.4,1.514355339059));
#3109 = LINE('',#3110,#3111);
#3110 = CARTESIAN_POINT('',(0.340710678119,-0.4,1.418289321881));
#3111 = VECTOR('',#3112,1.);
#3112 = DIRECTION('',(-0.707106781186,-0.,0.707106781187));
#3113 = ORIENTED_EDGE('',*,*,#3114,.T.);
#3114 = EDGE_CURVE('',#3107,#2642,#3115,.T.);
#3115 = CIRCLE('',#3116,5.E-02);
#3116 = AXIS2_PLACEMENT_3D('',#3117,#3118,#3119);
#3117 = CARTESIAN_POINT('',(0.28,-0.4,1.549710678119));
#3118 = DIRECTION('',(0.,1.,0.));
#3119 = DIRECTION('',(-0.707106781187,0.,-0.707106781187));
#3120 = ORIENTED_EDGE('',*,*,#2641,.T.);
#3121 = ORIENTED_EDGE('',*,*,#2978,.F.);
#3122 = ORIENTED_EDGE('',*,*,#3123,.T.);
#3123 = EDGE_CURVE('',#2833,#3124,#3126,.T.);
#3124 = VERTEX_POINT('',#3125);
#3125 = CARTESIAN_POINT('',(0.58,-0.4,1.65));
#3126 = CIRCLE('',#3127,5.E-02);
#3127 = AXIS2_PLACEMENT_3D('',#3128,#3129,#3130);
#3128 = CARTESIAN_POINT('',(0.58,-0.4,1.7));
#3129 = DIRECTION('',(0.,-1.,-0.));
#3130 = DIRECTION('',(-1.,-0.,-0.));
#3131 = ORIENTED_EDGE('',*,*,#3132,.T.);
#3132 = EDGE_CURVE('',#3124,#3133,#3135,.T.);
#3133 = VERTEX_POINT('',#3134);
#3134 = CARTESIAN_POINT('',(0.600794919243,-0.4,1.65));
#3135 = LINE('',#3136,#3137);
#3136 = CARTESIAN_POINT('',(0.58,-0.4,1.65));
#3137 = VECTOR('',#3138,1.);
#3138 = DIRECTION('',(1.,-0.,-0.));
#3139 = ORIENTED_EDGE('',*,*,#3140,.T.);
#3140 = EDGE_CURVE('',#3133,#3141,#3143,.T.);
#3141 = VERTEX_POINT('',#3142);
#3142 = CARTESIAN_POINT('',(0.644096189432,-0.4,1.675));
#3143 = CIRCLE('',#3144,5.E-02);
#3144 = AXIS2_PLACEMENT_3D('',#3145,#3146,#3147);
#3145 = CARTESIAN_POINT('',(0.600794919243,-0.4,1.7));
#3146 = DIRECTION('',(-0.,-1.,0.));
#3147 = DIRECTION('',(-0.,0.,-1.));
#3148 = ORIENTED_EDGE('',*,*,#3149,.T.);
#3149 = EDGE_CURVE('',#3141,#3150,#3152,.T.);
#3150 = VERTEX_POINT('',#3151);
#3151 = CARTESIAN_POINT('',(0.716264973081,-0.4,1.8));
#3152 = LINE('',#3153,#3154);
#3153 = CARTESIAN_POINT('',(0.644096189432,-0.4,1.675));
#3154 = VECTOR('',#3155,1.);
#3155 = DIRECTION('',(0.5,-0.,0.866025403784));
#3156 = ORIENTED_EDGE('',*,*,#3157,.F.);
#3157 = EDGE_CURVE('',#3158,#3150,#3160,.T.);
#3158 = VERTEX_POINT('',#3159);
#3159 = CARTESIAN_POINT('',(0.889470053838,-0.4,1.9));
#3160 = CIRCLE('',#3161,0.2);
#3161 = AXIS2_PLACEMENT_3D('',#3162,#3163,#3164);
#3162 = CARTESIAN_POINT('',(0.889470053838,-0.4,1.7));
#3163 = DIRECTION('',(0.,-1.,-0.));
#3164 = DIRECTION('',(-1.110223024625E-14,-0.,1.));
#3165 = ORIENTED_EDGE('',*,*,#3166,.T.);
#3166 = EDGE_CURVE('',#3158,#3167,#3169,.T.);
#3167 = VERTEX_POINT('',#3168);
#3168 = CARTESIAN_POINT('',(1.65,-0.4,1.9));
#3169 = LINE('',#3170,#3171);
#3170 = CARTESIAN_POINT('',(0.889470053838,-0.4,1.9));
#3171 = VECTOR('',#3172,1.);
#3172 = DIRECTION('',(1.,-0.,-0.));
#3173 = ORIENTED_EDGE('',*,*,#3174,.T.);
#3174 = EDGE_CURVE('',#3167,#724,#3175,.T.);
#3175 = CIRCLE('',#3176,0.15);
#3176 = AXIS2_PLACEMENT_3D('',#3177,#3178,#3179);
#3177 = CARTESIAN_POINT('',(1.65,-0.4,1.75));
#3178 = DIRECTION('',(0.,1.,0.));
#3179 = DIRECTION('',(-0.,-0.,1.));
#3180 = ORIENTED_EDGE('',*,*,#723,.T.);
#3181 = ORIENTED_EDGE('',*,*,#3182,.F.);
#3182 = EDGE_CURVE('',#3183,#715,#3185,.T.);
#3183 = VERTEX_POINT('',#3184);
#3184 = CARTESIAN_POINT('',(1.08,-0.4,0.2));
#3185 = LINE('',#3186,#3187);
#3186 = CARTESIAN_POINT('',(1.08,-0.4,0.2));
#3187 = VECTOR('',#3188,1.);
#3188 = DIRECTION('',(1.,-0.,-0.));
#3189 = ORIENTED_EDGE('',*,*,#3190,.T.);
#3190 = EDGE_CURVE('',#3183,#3191,#3193,.T.);
#3191 = VERTEX_POINT('',#3192);
#3192 = CARTESIAN_POINT('',(1.08,-0.4,0.21));
#3193 = LINE('',#3194,#3195);
#3194 = CARTESIAN_POINT('',(1.08,-0.4,0.2));
#3195 = VECTOR('',#3196,1.);
#3196 = DIRECTION('',(-0.,-0.,1.));
#3197 = ORIENTED_EDGE('',*,*,#3198,.F.);
#3198 = EDGE_CURVE('',#1613,#3191,#3199,.T.);
#3199 = CIRCLE('',#3200,6.E-02);
#3200 = AXIS2_PLACEMENT_3D('',#3201,#3202,#3203);
#3201 = CARTESIAN_POINT('',(1.02,-0.4,0.21));
#3202 = DIRECTION('',(0.,1.,0.));
#3203 = DIRECTION('',(-0.,-0.,1.));
#3204 = PLANE('',#3205);
#3205 = AXIS2_PLACEMENT_3D('',#3206,#3207,#3208);
#3206 = CARTESIAN_POINT('',(-1.1,-0.4,0.586547));
#3207 = DIRECTION('',(-0.,-1.,-0.));
#3208 = DIRECTION('',(0.,0.,-1.));
#3209 = ADVANCED_FACE('',(#3210),#3221,.F.);
#3210 = FACE_BOUND('',#3211,.T.);
#3211 = EDGE_LOOP('',(#3212,#3213,#3214,#3220));
#3212 = ORIENTED_EDGE('',*,*,#1621,.F.);
#3213 = ORIENTED_EDGE('',*,*,#139,.T.);
#3214 = ORIENTED_EDGE('',*,*,#3215,.T.);
#3215 = EDGE_CURVE('',#132,#2997,#3216,.T.);
#3216 = LINE('',#3217,#3218);
#3217 = CARTESIAN_POINT('',(0.88,-0.5,0.21));
#3218 = VECTOR('',#3219,1.);
#3219 = DIRECTION('',(-0.,1.,-0.));
#3220 = ORIENTED_EDGE('',*,*,#2996,.T.);
#3221 = CYLINDRICAL_SURFACE('',#3222,6.E-02);
#3222 = AXIS2_PLACEMENT_3D('',#3223,#3224,#3225);
#3223 = CARTESIAN_POINT('',(0.94,-1.8036,0.21));
#3224 = DIRECTION('',(-0.,1.,-0.));
#3225 = DIRECTION('',(-0.,-0.,1.));
#3226 = ADVANCED_FACE('',(#3227),#3254,.F.);
#3227 = FACE_BOUND('',#3228,.T.);
#3228 = EDGE_LOOP('',(#3229,#3230,#3231,#3238,#3239,#3245,#3246,#3253));
#3229 = ORIENTED_EDGE('',*,*,#3215,.F.);
#3230 = ORIENTED_EDGE('',*,*,#129,.F.);
#3231 = ORIENTED_EDGE('',*,*,#3232,.F.);
#3232 = EDGE_CURVE('',#475,#130,#3233,.T.);
#3233 = CIRCLE('',#3234,0.2);
#3234 = AXIS2_PLACEMENT_3D('',#3235,#3236,#3237);
#3235 = CARTESIAN_POINT('',(0.88,-0.3,0.2));
#3236 = DIRECTION('',(-1.,0.,0.));
#3237 = DIRECTION('',(-0.,0.,-1.));
#3238 = ORIENTED_EDGE('',*,*,#474,.T.);
#3239 = ORIENTED_EDGE('',*,*,#3240,.F.);
#3240 = EDGE_CURVE('',#1265,#466,#3241,.T.);
#3241 = LINE('',#3242,#3243);
#3242 = CARTESIAN_POINT('',(0.88,-0.285,0.1));
#3243 = VECTOR('',#3244,1.);
#3244 = DIRECTION('',(-0.,0.,-1.));
#3245 = ORIENTED_EDGE('',*,*,#1264,.F.);
#3246 = ORIENTED_EDGE('',*,*,#3247,.F.);
#3247 = EDGE_CURVE('',#3006,#1257,#3248,.T.);
#3248 = CIRCLE('',#3249,0.1);
#3249 = AXIS2_PLACEMENT_3D('',#3250,#3251,#3252);
#3250 = CARTESIAN_POINT('',(0.88,-0.3,0.2));
#3251 = DIRECTION('',(1.,0.,-0.));
#3252 = DIRECTION('',(-0.,-1.,-0.));
#3253 = ORIENTED_EDGE('',*,*,#3005,.T.);
#3254 = PLANE('',#3255);
#3255 = AXIS2_PLACEMENT_3D('',#3256,#3257,#3258);
#3256 = CARTESIAN_POINT('',(0.88,-0.285,0.));
#3257 = DIRECTION('',(-1.,-0.,-0.));
#3258 = DIRECTION('',(0.,1.,0.));
#3259 = ADVANCED_FACE('',(#3260),#3282,.T.);
#3260 = FACE_BOUND('',#3261,.F.);
#3261 = EDGE_LOOP('',(#3262,#3263,#3264,#3265,#3275));
#3262 = ORIENTED_EDGE('',*,*,#367,.F.);
#3263 = ORIENTED_EDGE('',*,*,#3232,.F.);
#3264 = ORIENTED_EDGE('',*,*,#482,.T.);
#3265 = ORIENTED_EDGE('',*,*,#3266,.F.);
#3266 = EDGE_CURVE('',#3267,#483,#3269,.T.);
#3267 = VERTEX_POINT('',#3268);
#3268 = CARTESIAN_POINT('',(0.12,-0.305,6.250976870004E-05));
#3269 = B_SPLINE_CURVE_WITH_KNOTS('',3,(#3270,#3271,#3272,#3273,#3274),
  .UNSPECIFIED.,.F.,.F.,(4,1,4),(0.,0.5,1.),.QUASI_UNIFORM_KNOTS.);
#3270 = CARTESIAN_POINT('',(0.12,-0.305,6.250976870004E-05));
#3271 = CARTESIAN_POINT('',(0.12,-0.304171138537,4.178175360003E-05));
#3272 = CARTESIAN_POINT('',(0.119974235301,-0.302508401414,
    1.051802300001E-05));
#3273 = CARTESIAN_POINT('',(0.119896027965,-0.300837253553,0.));
#3274 = CARTESIAN_POINT('',(0.119843597113,-0.3,0.));
#3275 = ORIENTED_EDGE('',*,*,#3276,.F.);
#3276 = EDGE_CURVE('',#360,#3267,#3277,.T.);
#3277 = CIRCLE('',#3278,0.2);
#3278 = AXIS2_PLACEMENT_3D('',#3279,#3280,#3281);
#3279 = CARTESIAN_POINT('',(0.12,-0.3,0.2));
#3280 = DIRECTION('',(1.,0.,-0.));
#3281 = DIRECTION('',(-0.,-1.,-0.));
#3282 = CYLINDRICAL_SURFACE('',#3283,0.2);
#3283 = AXIS2_PLACEMENT_3D('',#3284,#3285,#3286);
#3284 = CARTESIAN_POINT('',(5.58044,-0.3,0.2));
#3285 = DIRECTION('',(-1.,-0.,-0.));
#3286 = DIRECTION('',(-0.,-1.,-0.));
#3287 = ADVANCED_FACE('',(#3288),#3314,.F.);
#3288 = FACE_BOUND('',#3289,.T.);
#3289 = EDGE_LOOP('',(#3290,#3291,#3292,#3298,#3299,#3308));
#3290 = ORIENTED_EDGE('',*,*,#3276,.F.);
#3291 = ORIENTED_EDGE('',*,*,#359,.T.);
#3292 = ORIENTED_EDGE('',*,*,#3293,.T.);
#3293 = EDGE_CURVE('',#351,#3022,#3294,.T.);
#3294 = LINE('',#3295,#3296);
#3295 = CARTESIAN_POINT('',(0.12,-0.5,0.231005050634));
#3296 = VECTOR('',#3297,1.);
#3297 = DIRECTION('',(-0.,1.,-0.));
#3298 = ORIENTED_EDGE('',*,*,#3021,.F.);
#3299 = ORIENTED_EDGE('',*,*,#3300,.F.);
#3300 = EDGE_CURVE('',#3301,#3014,#3303,.T.);
#3301 = VERTEX_POINT('',#3302);
#3302 = CARTESIAN_POINT('',(0.12,-0.305,0.100125078223));
#3303 = CIRCLE('',#3304,0.1);
#3304 = AXIS2_PLACEMENT_3D('',#3305,#3306,#3307);
#3305 = CARTESIAN_POINT('',(0.12,-0.3,0.2));
#3306 = DIRECTION('',(-1.,0.,0.));
#3307 = DIRECTION('',(-0.,-5.E-02,-0.998749217772));
#3308 = ORIENTED_EDGE('',*,*,#3309,.F.);
#3309 = EDGE_CURVE('',#3267,#3301,#3310,.T.);
#3310 = LINE('',#3311,#3312);
#3311 = CARTESIAN_POINT('',(0.12,-0.305,6.250976870004E-05));
#3312 = VECTOR('',#3313,1.);
#3313 = DIRECTION('',(-0.,-0.,1.));
#3314 = PLANE('',#3315);
#3315 = AXIS2_PLACEMENT_3D('',#3316,#3317,#3318);
#3316 = CARTESIAN_POINT('',(0.12,-0.5,0.));
#3317 = DIRECTION('',(1.,-0.,-0.));
#3318 = DIRECTION('',(0.,-1.,0.));
#3319 = ADVANCED_FACE('',(#3320),#3331,.F.);
#3320 = FACE_BOUND('',#3321,.T.);
#3321 = EDGE_LOOP('',(#3322,#3323,#3329,#3330));
#3322 = ORIENTED_EDGE('',*,*,#350,.T.);
#3323 = ORIENTED_EDGE('',*,*,#3324,.T.);
#3324 = EDGE_CURVE('',#343,#3030,#3325,.T.);
#3325 = LINE('',#3326,#3327);
#3326 = CARTESIAN_POINT('',(9.9497474683E-02,-0.5,0.280502525317));
#3327 = VECTOR('',#3328,1.);
#3328 = DIRECTION('',(-0.,1.,-0.));
#3329 = ORIENTED_EDGE('',*,*,#3029,.F.);
#3330 = ORIENTED_EDGE('',*,*,#3293,.F.);
#3331 = CYLINDRICAL_SURFACE('',#3332,7.E-02);
#3332 = AXIS2_PLACEMENT_3D('',#3333,#3334,#3335);
#3333 = CARTESIAN_POINT('',(5.E-02,-0.5,0.231005050634));
#3334 = DIRECTION('',(-0.,-1.,-0.));
#3335 = DIRECTION('',(-0.,-0.,1.));
#3336 = ADVANCED_FACE('',(#3337),#3348,.T.);
#3337 = FACE_BOUND('',#3338,.T.);
#3338 = EDGE_LOOP('',(#3339,#3340,#3346,#3347));
#3339 = ORIENTED_EDGE('',*,*,#342,.T.);
#3340 = ORIENTED_EDGE('',*,*,#3341,.T.);
#3341 = EDGE_CURVE('',#334,#3039,#3342,.T.);
#3342 = LINE('',#3343,#3344);
#3343 = CARTESIAN_POINT('',(-0.261421356237,-0.5,0.641421356237));
#3344 = VECTOR('',#3345,1.);
#3345 = DIRECTION('',(-0.,1.,-0.));
#3346 = ORIENTED_EDGE('',*,*,#3038,.F.);
#3347 = ORIENTED_EDGE('',*,*,#3324,.F.);
#3348 = PLANE('',#3349);
#3349 = AXIS2_PLACEMENT_3D('',#3350,#3351,#3352);
#3350 = CARTESIAN_POINT('',(9.9497474683E-02,-0.5,0.280502525317));
#3351 = DIRECTION('',(-0.707106781187,0.,-0.707106781187));
#3352 = DIRECTION('',(0.707106781187,0.,-0.707106781187));
#3353 = ADVANCED_FACE('',(#3354),#3365,.T.);
#3354 = FACE_BOUND('',#3355,.F.);
#3355 = EDGE_LOOP('',(#3356,#3357,#3358,#3364));
#3356 = ORIENTED_EDGE('',*,*,#3341,.T.);
#3357 = ORIENTED_EDGE('',*,*,#3046,.T.);
#3358 = ORIENTED_EDGE('',*,*,#3359,.F.);
#3359 = EDGE_CURVE('',#326,#3047,#3360,.T.);
#3360 = LINE('',#3361,#3362);
#3361 = CARTESIAN_POINT('',(-0.32,-0.5,0.782842712475));
#3362 = VECTOR('',#3363,1.);
#3363 = DIRECTION('',(-0.,1.,-0.));
#3364 = ORIENTED_EDGE('',*,*,#333,.F.);
#3365 = CYLINDRICAL_SURFACE('',#3366,0.2);
#3366 = AXIS2_PLACEMENT_3D('',#3367,#3368,#3369);
#3367 = CARTESIAN_POINT('',(-0.12,-0.5,0.782842712475));
#3368 = DIRECTION('',(-0.,-1.,-0.));
#3369 = DIRECTION('',(-0.,-0.,1.));
#3370 = ADVANCED_FACE('',(#3371),#3382,.T.);
#3371 = FACE_BOUND('',#3372,.T.);
#3372 = EDGE_LOOP('',(#3373,#3374,#3380,#3381));
#3373 = ORIENTED_EDGE('',*,*,#325,.T.);
#3374 = ORIENTED_EDGE('',*,*,#3375,.T.);
#3375 = EDGE_CURVE('',#317,#3056,#3376,.T.);
#3376 = LINE('',#3377,#3378);
#3377 = CARTESIAN_POINT('',(-0.32,-0.5,1.18));
#3378 = VECTOR('',#3379,1.);
#3379 = DIRECTION('',(-0.,1.,-0.));
#3380 = ORIENTED_EDGE('',*,*,#3055,.F.);
#3381 = ORIENTED_EDGE('',*,*,#3359,.F.);
#3382 = PLANE('',#3383);
#3383 = AXIS2_PLACEMENT_3D('',#3384,#3385,#3386);
#3384 = CARTESIAN_POINT('',(-0.32,-0.5,0.782842712475));
#3385 = DIRECTION('',(-1.,-0.,-0.));
#3386 = DIRECTION('',(0.,0.,-1.));
#3387 = ADVANCED_FACE('',(#3388),#3399,.T.);
#3388 = FACE_BOUND('',#3389,.F.);
#3389 = EDGE_LOOP('',(#3390,#3391,#3392,#3398));
#3390 = ORIENTED_EDGE('',*,*,#3375,.T.);
#3391 = ORIENTED_EDGE('',*,*,#3063,.T.);
#3392 = ORIENTED_EDGE('',*,*,#3393,.F.);
#3393 = EDGE_CURVE('',#309,#3064,#3394,.T.);
#3394 = LINE('',#3395,#3396);
#3395 = CARTESIAN_POINT('',(-0.25,-0.5,1.25));
#3396 = VECTOR('',#3397,1.);
#3397 = DIRECTION('',(-0.,1.,-0.));
#3398 = ORIENTED_EDGE('',*,*,#316,.F.);
#3399 = CYLINDRICAL_SURFACE('',#3400,7.E-02);
#3400 = AXIS2_PLACEMENT_3D('',#3401,#3402,#3403);
#3401 = CARTESIAN_POINT('',(-0.25,-0.5,1.18));
#3402 = DIRECTION('',(-0.,-1.,-0.));
#3403 = DIRECTION('',(-0.,-0.,1.));
#3404 = ADVANCED_FACE('',(#3405),#3416,.T.);
#3405 = FACE_BOUND('',#3406,.T.);
#3406 = EDGE_LOOP('',(#3407,#3408,#3414,#3415));
#3407 = ORIENTED_EDGE('',*,*,#308,.T.);
#3408 = ORIENTED_EDGE('',*,*,#3409,.T.);
#3409 = EDGE_CURVE('',#300,#3073,#3410,.T.);
#3410 = LINE('',#3411,#3412);
#3411 = CARTESIAN_POINT('',(0.32,-0.5,1.25));
#3412 = VECTOR('',#3413,1.);
#3413 = DIRECTION('',(-0.,1.,-0.));
#3414 = ORIENTED_EDGE('',*,*,#3072,.F.);
#3415 = ORIENTED_EDGE('',*,*,#3393,.F.);
#3416 = PLANE('',#3417);
#3417 = AXIS2_PLACEMENT_3D('',#3418,#3419,#3420);
#3418 = CARTESIAN_POINT('',(-0.25,-0.5,1.25));
#3419 = DIRECTION('',(-0.,-0.,1.));
#3420 = DIRECTION('',(-1.,0.,0.));
#3421 = ADVANCED_FACE('',(#3422),#3433,.F.);
#3422 = FACE_BOUND('',#3423,.T.);
#3423 = EDGE_LOOP('',(#3424,#3425,#3431,#3432));
#3424 = ORIENTED_EDGE('',*,*,#299,.T.);
#3425 = ORIENTED_EDGE('',*,*,#3426,.T.);
#3426 = EDGE_CURVE('',#292,#3081,#3427,.T.);
#3427 = LINE('',#3428,#3429);
#3428 = CARTESIAN_POINT('',(0.37,-0.5,1.3));
#3429 = VECTOR('',#3430,1.);
#3430 = DIRECTION('',(-0.,1.,-0.));
#3431 = ORIENTED_EDGE('',*,*,#3080,.F.);
#3432 = ORIENTED_EDGE('',*,*,#3409,.F.);
#3433 = CYLINDRICAL_SURFACE('',#3434,5.E-02);
#3434 = AXIS2_PLACEMENT_3D('',#3435,#3436,#3437);
#3435 = CARTESIAN_POINT('',(0.32,-0.5,1.3));
#3436 = DIRECTION('',(-0.,-1.,-0.));
#3437 = DIRECTION('',(-0.,-0.,1.));
#3438 = ADVANCED_FACE('',(#3439),#3450,.T.);
#3439 = FACE_BOUND('',#3440,.T.);
#3440 = EDGE_LOOP('',(#3441,#3442,#3448,#3449));
#3441 = ORIENTED_EDGE('',*,*,#291,.T.);
#3442 = ORIENTED_EDGE('',*,*,#3443,.T.);
#3443 = EDGE_CURVE('',#283,#3090,#3444,.T.);
#3444 = LINE('',#3445,#3446);
#3445 = CARTESIAN_POINT('',(0.37,-0.5,1.347578643763));
#3446 = VECTOR('',#3447,1.);
#3447 = DIRECTION('',(-0.,1.,-0.));
#3448 = ORIENTED_EDGE('',*,*,#3089,.F.);
#3449 = ORIENTED_EDGE('',*,*,#3426,.F.);
#3450 = PLANE('',#3451);
#3451 = AXIS2_PLACEMENT_3D('',#3452,#3453,#3454);
#3452 = CARTESIAN_POINT('',(0.37,-0.5,1.3));
#3453 = DIRECTION('',(-1.,-0.,-0.));
#3454 = DIRECTION('',(0.,0.,-1.));
#3455 = ADVANCED_FACE('',(#3456),#3467,.F.);
#3456 = FACE_BOUND('',#3457,.T.);
#3457 = EDGE_LOOP('',(#3458,#3459,#3465,#3466));
#3458 = ORIENTED_EDGE('',*,*,#282,.T.);
#3459 = ORIENTED_EDGE('',*,*,#3460,.T.);
#3460 = EDGE_CURVE('',#275,#3098,#3461,.T.);
#3461 = LINE('',#3462,#3463);
#3462 = CARTESIAN_POINT('',(0.340710678119,-0.5,1.418289321881));
#3463 = VECTOR('',#3464,1.);
#3464 = DIRECTION('',(-0.,1.,-0.));
#3465 = ORIENTED_EDGE('',*,*,#3097,.F.);
#3466 = ORIENTED_EDGE('',*,*,#3443,.F.);
#3467 = CYLINDRICAL_SURFACE('',#3468,0.1);
#3468 = AXIS2_PLACEMENT_3D('',#3469,#3470,#3471);
#3469 = CARTESIAN_POINT('',(0.27,-0.5,1.347578643763));
#3470 = DIRECTION('',(-0.,-1.,-0.));
#3471 = DIRECTION('',(-0.,-0.,1.));
#3472 = ADVANCED_FACE('',(#3473),#3484,.T.);
#3473 = FACE_BOUND('',#3474,.T.);
#3474 = EDGE_LOOP('',(#3475,#3476,#3482,#3483));
#3475 = ORIENTED_EDGE('',*,*,#274,.T.);
#3476 = ORIENTED_EDGE('',*,*,#3477,.T.);
#3477 = EDGE_CURVE('',#266,#3107,#3478,.T.);
#3478 = LINE('',#3479,#3480);
#3479 = CARTESIAN_POINT('',(0.244644660941,-0.5,1.514355339059));
#3480 = VECTOR('',#3481,1.);
#3481 = DIRECTION('',(-0.,1.,-0.));
#3482 = ORIENTED_EDGE('',*,*,#3106,.F.);
#3483 = ORIENTED_EDGE('',*,*,#3460,.F.);
#3484 = PLANE('',#3485);
#3485 = AXIS2_PLACEMENT_3D('',#3486,#3487,#3488);
#3486 = CARTESIAN_POINT('',(0.340710678119,-0.5,1.418289321881));
#3487 = DIRECTION('',(-0.707106781187,0.,-0.707106781186));
#3488 = DIRECTION('',(0.707106781186,0.,-0.707106781187));
#3489 = ADVANCED_FACE('',(#3490),#3496,.T.);
#3490 = FACE_BOUND('',#3491,.F.);
#3491 = EDGE_LOOP('',(#3492,#3493,#3494,#3495));
#3492 = ORIENTED_EDGE('',*,*,#3477,.T.);
#3493 = ORIENTED_EDGE('',*,*,#3114,.T.);
#3494 = ORIENTED_EDGE('',*,*,#2649,.F.);
#3495 = ORIENTED_EDGE('',*,*,#265,.F.);
#3496 = CYLINDRICAL_SURFACE('',#3497,5.E-02);
#3497 = AXIS2_PLACEMENT_3D('',#3498,#3499,#3500);
#3498 = CARTESIAN_POINT('',(0.28,-0.5,1.549710678119));
#3499 = DIRECTION('',(-0.,-1.,-0.));
#3500 = DIRECTION('',(-0.,-0.,1.));
#3501 = ADVANCED_FACE('',(#3502),#3516,.F.);
#3502 = FACE_BOUND('',#3503,.T.);
#3503 = EDGE_LOOP('',(#3504,#3505,#3513,#3514,#3515));
#3504 = ORIENTED_EDGE('',*,*,#1256,.F.);
#3505 = ORIENTED_EDGE('',*,*,#3506,.T.);
#3506 = EDGE_CURVE('',#1248,#3301,#3507,.T.);
#3507 = B_SPLINE_CURVE_WITH_KNOTS('',3,(#3508,#3509,#3510,#3511,#3512),
  .UNSPECIFIED.,.F.,.F.,(4,1,4),(0.,0.5,1.),.QUASI_UNIFORM_KNOTS.);
#3508 = CARTESIAN_POINT('',(0.119843597113,-0.3,0.1));
#3509 = CARTESIAN_POINT('',(0.119895570654,-0.300829950889,0.1));
#3510 = CARTESIAN_POINT('',(0.119973778214,-0.302493768297,
    0.100020667738));
#3511 = CARTESIAN_POINT('',(0.12,-0.304163827034,0.100083217216));
#3512 = CARTESIAN_POINT('',(0.12,-0.305,0.100125078223));
#3513 = ORIENTED_EDGE('',*,*,#3300,.T.);
#3514 = ORIENTED_EDGE('',*,*,#3013,.T.);
#3515 = ORIENTED_EDGE('',*,*,#3247,.T.);
#3516 = CYLINDRICAL_SURFACE('',#3517,0.1);
#3517 = AXIS2_PLACEMENT_3D('',#3518,#3519,#3520);
#3518 = CARTESIAN_POINT('',(-4.88044,-0.3,0.2));
#3519 = DIRECTION('',(1.,-0.,-0.));
#3520 = DIRECTION('',(-0.,0.,-1.));
#3521 = ADVANCED_FACE('',(#3522),#3535,.F.);
#3522 = FACE_BOUND('',#3523,.T.);
#3523 = EDGE_LOOP('',(#3524,#3525,#3526,#3527,#3528,#3534));
#3524 = ORIENTED_EDGE('',*,*,#3266,.F.);
#3525 = ORIENTED_EDGE('',*,*,#3309,.T.);
#3526 = ORIENTED_EDGE('',*,*,#3506,.F.);
#3527 = ORIENTED_EDGE('',*,*,#1247,.T.);
#3528 = ORIENTED_EDGE('',*,*,#3529,.F.);
#3529 = EDGE_CURVE('',#491,#1240,#3530,.T.);
#3530 = LINE('',#3531,#3532);
#3531 = CARTESIAN_POINT('',(4.E-02,-0.225,0.));
#3532 = VECTOR('',#3533,1.);
#3533 = DIRECTION('',(-0.,-0.,1.));
#3534 = ORIENTED_EDGE('',*,*,#490,.F.);
#3535 = CYLINDRICAL_SURFACE('',#3536,8.E-02);
#3536 = AXIS2_PLACEMENT_3D('',#3537,#3538,#3539);
#3537 = CARTESIAN_POINT('',(4.E-02,-0.305,0.));
#3538 = DIRECTION('',(-0.,0.,-1.));
#3539 = DIRECTION('',(1.,-0.,-0.));
#3540 = ADVANCED_FACE('',(#3541),#3552,.F.);
#3541 = FACE_BOUND('',#3542,.T.);
#3542 = EDGE_LOOP('',(#3543,#3544,#3545,#3546));
#3543 = ORIENTED_EDGE('',*,*,#499,.F.);
#3544 = ORIENTED_EDGE('',*,*,#3529,.T.);
#3545 = ORIENTED_EDGE('',*,*,#1239,.T.);
#3546 = ORIENTED_EDGE('',*,*,#3547,.F.);
#3547 = EDGE_CURVE('',#500,#1231,#3548,.T.);
#3548 = LINE('',#3549,#3550);
#3549 = CARTESIAN_POINT('',(-2.8315318925E-02,-0.225,0.));
#3550 = VECTOR('',#3551,1.);
#3551 = DIRECTION('',(-0.,-0.,1.));
#3552 = PLANE('',#3553);
#3553 = AXIS2_PLACEMENT_3D('',#3554,#3555,#3556);
#3554 = CARTESIAN_POINT('',(4.E-02,-0.225,0.));
#3555 = DIRECTION('',(-0.,1.,-0.));
#3556 = DIRECTION('',(1.,0.,0.));
#3557 = ADVANCED_FACE('',(#3558),#3569,.F.);
#3558 = FACE_BOUND('',#3559,.T.);
#3559 = EDGE_LOOP('',(#3560,#3561,#3562,#3563));
#3560 = ORIENTED_EDGE('',*,*,#507,.F.);
#3561 = ORIENTED_EDGE('',*,*,#3547,.T.);
#3562 = ORIENTED_EDGE('',*,*,#1230,.T.);
#3563 = ORIENTED_EDGE('',*,*,#3564,.F.);
#3564 = EDGE_CURVE('',#508,#1223,#3565,.T.);
#3565 = LINE('',#3566,#3567);
#3566 = CARTESIAN_POINT('',(-6.8716310431E-02,-0.235951032699,0.));
#3567 = VECTOR('',#3568,1.);
#3568 = DIRECTION('',(-0.,-0.,1.));
#3569 = CYLINDRICAL_SURFACE('',#3570,8.E-02);
#3570 = AXIS2_PLACEMENT_3D('',#3571,#3572,#3573);
#3571 = CARTESIAN_POINT('',(-2.8315318925E-02,-0.305,0.));
#3572 = DIRECTION('',(-0.,0.,-1.));
#3573 = DIRECTION('',(1.,-0.,-0.));
#3574 = ADVANCED_FACE('',(#3575),#3581,.F.);
#3575 = FACE_BOUND('',#3576,.T.);
#3576 = EDGE_LOOP('',(#3577,#3578,#3579,#3580));
#3577 = ORIENTED_EDGE('',*,*,#516,.F.);
#3578 = ORIENTED_EDGE('',*,*,#3564,.T.);
#3579 = ORIENTED_EDGE('',*,*,#1222,.T.);
#3580 = ORIENTED_EDGE('',*,*,#390,.F.);
#3581 = PLANE('',#3582);
#3582 = AXIS2_PLACEMENT_3D('',#3583,#3584,#3585);
#3583 = CARTESIAN_POINT('',(-6.8716310431E-02,-0.235951032699,0.));
#3584 = DIRECTION('',(-0.505012393824,0.863112091263,-0.));
#3585 = DIRECTION('',(0.863112091263,0.505012393824,0.));
#3586 = ADVANCED_FACE('',(#3587),#3598,.F.);
#3587 = FACE_BOUND('',#3588,.T.);
#3588 = EDGE_LOOP('',(#3589,#3595,#3596,#3597));
#3589 = ORIENTED_EDGE('',*,*,#3590,.F.);
#3590 = EDGE_CURVE('',#1273,#458,#3591,.T.);
#3591 = LINE('',#3592,#3593);
#3592 = CARTESIAN_POINT('',(0.94,-0.225,0.1));
#3593 = VECTOR('',#3594,1.);
#3594 = DIRECTION('',(-0.,0.,-1.));
#3595 = ORIENTED_EDGE('',*,*,#1272,.T.);
#3596 = ORIENTED_EDGE('',*,*,#3240,.T.);
#3597 = ORIENTED_EDGE('',*,*,#465,.F.);
#3598 = CYLINDRICAL_SURFACE('',#3599,6.E-02);
#3599 = AXIS2_PLACEMENT_3D('',#3600,#3601,#3602);
#3600 = CARTESIAN_POINT('',(0.94,-0.285,0.));
#3601 = DIRECTION('',(-0.,0.,-1.));
#3602 = DIRECTION('',(-0.,-1.,-0.));
#3603 = ADVANCED_FACE('',(#3604),#3615,.F.);
#3604 = FACE_BOUND('',#3605,.T.);
#3605 = EDGE_LOOP('',(#3606,#3612,#3613,#3614));
#3606 = ORIENTED_EDGE('',*,*,#3607,.F.);
#3607 = EDGE_CURVE('',#1282,#449,#3608,.T.);
#3608 = LINE('',#3609,#3610);
#3609 = CARTESIAN_POINT('',(1.02,-0.225,0.1));
#3610 = VECTOR('',#3611,1.);
#3611 = DIRECTION('',(-0.,0.,-1.));
#3612 = ORIENTED_EDGE('',*,*,#1281,.T.);
#3613 = ORIENTED_EDGE('',*,*,#3590,.T.);
#3614 = ORIENTED_EDGE('',*,*,#457,.F.);
#3615 = PLANE('',#3616);
#3616 = AXIS2_PLACEMENT_3D('',#3617,#3618,#3619);
#3617 = CARTESIAN_POINT('',(1.02,-0.225,0.));
#3618 = DIRECTION('',(-0.,1.,-0.));
#3619 = DIRECTION('',(1.,0.,0.));
#3620 = ADVANCED_FACE('',(#3621),#3632,.F.);
#3621 = FACE_BOUND('',#3622,.T.);
#3622 = EDGE_LOOP('',(#3623,#3629,#3630,#3631));
#3623 = ORIENTED_EDGE('',*,*,#3624,.F.);
#3624 = EDGE_CURVE('',#1290,#441,#3625,.T.);
#3625 = LINE('',#3626,#3627);
#3626 = CARTESIAN_POINT('',(1.08,-0.285,0.1));
#3627 = VECTOR('',#3628,1.);
#3628 = DIRECTION('',(-0.,0.,-1.));
#3629 = ORIENTED_EDGE('',*,*,#1289,.T.);
#3630 = ORIENTED_EDGE('',*,*,#3607,.T.);
#3631 = ORIENTED_EDGE('',*,*,#448,.F.);
#3632 = CYLINDRICAL_SURFACE('',#3633,6.E-02);
#3633 = AXIS2_PLACEMENT_3D('',#3634,#3635,#3636);
#3634 = CARTESIAN_POINT('',(1.02,-0.285,0.));
#3635 = DIRECTION('',(-0.,0.,-1.));
#3636 = DIRECTION('',(-0.,-1.,-0.));
#3637 = ADVANCED_FACE('',(#3638),#3665,.F.);
#3638 = FACE_BOUND('',#3639,.T.);
#3639 = EDGE_LOOP('',(#3640,#3646,#3647,#3654,#3655,#3656,#3657,#3664));
#3640 = ORIENTED_EDGE('',*,*,#3641,.F.);
#3641 = EDGE_CURVE('',#3191,#157,#3642,.T.);
#3642 = LINE('',#3643,#3644);
#3643 = CARTESIAN_POINT('',(1.08,-0.4,0.21));
#3644 = VECTOR('',#3645,1.);
#3645 = DIRECTION('',(-0.,-1.,-0.));
#3646 = ORIENTED_EDGE('',*,*,#3190,.F.);
#3647 = ORIENTED_EDGE('',*,*,#3648,.F.);
#3648 = EDGE_CURVE('',#1299,#3183,#3649,.T.);
#3649 = CIRCLE('',#3650,0.1);
#3650 = AXIS2_PLACEMENT_3D('',#3651,#3652,#3653);
#3651 = CARTESIAN_POINT('',(1.08,-0.3,0.2));
#3652 = DIRECTION('',(-1.,0.,0.));
#3653 = DIRECTION('',(-0.,0.,-1.));
#3654 = ORIENTED_EDGE('',*,*,#1298,.T.);
#3655 = ORIENTED_EDGE('',*,*,#3624,.T.);
#3656 = ORIENTED_EDGE('',*,*,#440,.F.);
#3657 = ORIENTED_EDGE('',*,*,#3658,.F.);
#3658 = EDGE_CURVE('',#166,#433,#3659,.T.);
#3659 = CIRCLE('',#3660,0.2);
#3660 = AXIS2_PLACEMENT_3D('',#3661,#3662,#3663);
#3661 = CARTESIAN_POINT('',(1.08,-0.3,0.2));
#3662 = DIRECTION('',(1.,0.,-0.));
#3663 = DIRECTION('',(-0.,-1.,-0.));
#3664 = ORIENTED_EDGE('',*,*,#165,.T.);
#3665 = PLANE('',#3666);
#3666 = AXIS2_PLACEMENT_3D('',#3667,#3668,#3669);
#3667 = CARTESIAN_POINT('',(1.08,-0.5,0.));
#3668 = DIRECTION('',(1.,-0.,-0.));
#3669 = DIRECTION('',(0.,-1.,0.));
#3670 = ADVANCED_FACE('',(#3671),#3677,.F.);
#3671 = FACE_BOUND('',#3672,.T.);
#3672 = EDGE_LOOP('',(#3673,#3674,#3675,#3676));
#3673 = ORIENTED_EDGE('',*,*,#1612,.F.);
#3674 = ORIENTED_EDGE('',*,*,#3198,.T.);
#3675 = ORIENTED_EDGE('',*,*,#3641,.T.);
#3676 = ORIENTED_EDGE('',*,*,#156,.T.);
#3677 = CYLINDRICAL_SURFACE('',#3678,6.E-02);
#3678 = AXIS2_PLACEMENT_3D('',#3679,#3680,#3681);
#3679 = CARTESIAN_POINT('',(1.02,1.8036,0.21));
#3680 = DIRECTION('',(-0.,-1.,-0.));
#3681 = DIRECTION('',(-0.,-0.,1.));
#3682 = ADVANCED_FACE('',(#3683),#3689,.F.);
#3683 = FACE_BOUND('',#3684,.T.);
#3684 = EDGE_LOOP('',(#3685,#3686,#3687,#3688));
#3685 = ORIENTED_EDGE('',*,*,#1306,.F.);
#3686 = ORIENTED_EDGE('',*,*,#3648,.T.);
#3687 = ORIENTED_EDGE('',*,*,#3182,.T.);
#3688 = ORIENTED_EDGE('',*,*,#714,.T.);
#3689 = CYLINDRICAL_SURFACE('',#3690,0.1);
#3690 = AXIS2_PLACEMENT_3D('',#3691,#3692,#3693);
#3691 = CARTESIAN_POINT('',(-4.88044,-0.3,0.2));
#3692 = DIRECTION('',(1.,-0.,-0.));
#3693 = DIRECTION('',(-0.,0.,-1.));
#3694 = ADVANCED_FACE('',(#3695),#3701,.T.);
#3695 = FACE_BOUND('',#3696,.F.);
#3696 = EDGE_LOOP('',(#3697,#3698,#3699,#3700));
#3697 = ORIENTED_EDGE('',*,*,#173,.F.);
#3698 = ORIENTED_EDGE('',*,*,#738,.F.);
#3699 = ORIENTED_EDGE('',*,*,#432,.T.);
#3700 = ORIENTED_EDGE('',*,*,#3658,.F.);
#3701 = CYLINDRICAL_SURFACE('',#3702,0.2);
#3702 = AXIS2_PLACEMENT_3D('',#3703,#3704,#3705);
#3703 = CARTESIAN_POINT('',(5.58044,-0.3,0.2));
#3704 = DIRECTION('',(-1.,-0.,-0.));
#3705 = DIRECTION('',(-0.,-1.,-0.));
#3706 = ADVANCED_FACE('',(#3707),#3718,.F.);
#3707 = FACE_BOUND('',#3708,.T.);
#3708 = EDGE_LOOP('',(#3709,#3710,#3711,#3717));
#3709 = ORIENTED_EDGE('',*,*,#2832,.F.);
#3710 = ORIENTED_EDGE('',*,*,#240,.T.);
#3711 = ORIENTED_EDGE('',*,*,#3712,.F.);
#3712 = EDGE_CURVE('',#3124,#233,#3713,.T.);
#3713 = LINE('',#3714,#3715);
#3714 = CARTESIAN_POINT('',(0.58,-0.4,1.65));
#3715 = VECTOR('',#3716,1.);
#3716 = DIRECTION('',(-0.,-1.,-0.));
#3717 = ORIENTED_EDGE('',*,*,#3123,.F.);
#3718 = CYLINDRICAL_SURFACE('',#3719,5.E-02);
#3719 = AXIS2_PLACEMENT_3D('',#3720,#3721,#3722);
#3720 = CARTESIAN_POINT('',(0.58,-0.4,1.7));
#3721 = DIRECTION('',(-0.,1.,-0.));
#3722 = DIRECTION('',(-0.,0.,-1.));
#3723 = ADVANCED_FACE('',(#3724),#3735,.F.);
#3724 = FACE_BOUND('',#3725,.T.);
#3725 = EDGE_LOOP('',(#3726,#3727,#3733,#3734));
#3726 = ORIENTED_EDGE('',*,*,#232,.T.);
#3727 = ORIENTED_EDGE('',*,*,#3728,.F.);
#3728 = EDGE_CURVE('',#3133,#224,#3729,.T.);
#3729 = LINE('',#3730,#3731);
#3730 = CARTESIAN_POINT('',(0.600794919243,-0.4,1.65));
#3731 = VECTOR('',#3732,1.);
#3732 = DIRECTION('',(-0.,-1.,-0.));
#3733 = ORIENTED_EDGE('',*,*,#3132,.F.);
#3734 = ORIENTED_EDGE('',*,*,#3712,.T.);
#3735 = PLANE('',#3736);
#3736 = AXIS2_PLACEMENT_3D('',#3737,#3738,#3739);
#3737 = CARTESIAN_POINT('',(0.58,-0.4,1.65));
#3738 = DIRECTION('',(-0.,0.,-1.));
#3739 = DIRECTION('',(-1.,0.,0.));
#3740 = ADVANCED_FACE('',(#3741),#3752,.F.);
#3741 = FACE_BOUND('',#3742,.T.);
#3742 = EDGE_LOOP('',(#3743,#3744,#3750,#3751));
#3743 = ORIENTED_EDGE('',*,*,#223,.T.);
#3744 = ORIENTED_EDGE('',*,*,#3745,.F.);
#3745 = EDGE_CURVE('',#3141,#216,#3746,.T.);
#3746 = LINE('',#3747,#3748);
#3747 = CARTESIAN_POINT('',(0.644096189432,-0.4,1.675));
#3748 = VECTOR('',#3749,1.);
#3749 = DIRECTION('',(-0.,-1.,-0.));
#3750 = ORIENTED_EDGE('',*,*,#3140,.F.);
#3751 = ORIENTED_EDGE('',*,*,#3728,.T.);
#3752 = CYLINDRICAL_SURFACE('',#3753,5.E-02);
#3753 = AXIS2_PLACEMENT_3D('',#3754,#3755,#3756);
#3754 = CARTESIAN_POINT('',(0.600794919243,-0.4,1.7));
#3755 = DIRECTION('',(-0.,1.,-0.));
#3756 = DIRECTION('',(-0.,0.,-1.));
#3757 = ADVANCED_FACE('',(#3758),#3769,.F.);
#3758 = FACE_BOUND('',#3759,.T.);
#3759 = EDGE_LOOP('',(#3760,#3761,#3767,#3768));
#3760 = ORIENTED_EDGE('',*,*,#215,.T.);
#3761 = ORIENTED_EDGE('',*,*,#3762,.F.);
#3762 = EDGE_CURVE('',#3150,#207,#3763,.T.);
#3763 = LINE('',#3764,#3765);
#3764 = CARTESIAN_POINT('',(0.716264973081,-0.4,1.8));
#3765 = VECTOR('',#3766,1.);
#3766 = DIRECTION('',(-0.,-1.,-0.));
#3767 = ORIENTED_EDGE('',*,*,#3149,.F.);
#3768 = ORIENTED_EDGE('',*,*,#3745,.T.);
#3769 = PLANE('',#3770);
#3770 = AXIS2_PLACEMENT_3D('',#3771,#3772,#3773);
#3771 = CARTESIAN_POINT('',(0.644096189432,-0.4,1.675));
#3772 = DIRECTION('',(0.866025403784,-0.,-0.5));
#3773 = DIRECTION('',(-0.5,0.,-0.866025403784));
#3774 = ADVANCED_FACE('',(#3775),#3786,.T.);
#3775 = FACE_BOUND('',#3776,.F.);
#3776 = EDGE_LOOP('',(#3777,#3778,#3779,#3785));
#3777 = ORIENTED_EDGE('',*,*,#3762,.F.);
#3778 = ORIENTED_EDGE('',*,*,#3157,.F.);
#3779 = ORIENTED_EDGE('',*,*,#3780,.F.);
#3780 = EDGE_CURVE('',#199,#3158,#3781,.T.);
#3781 = LINE('',#3782,#3783);
#3782 = CARTESIAN_POINT('',(0.889470053838,-0.5,1.9));
#3783 = VECTOR('',#3784,1.);
#3784 = DIRECTION('',(-0.,1.,-0.));
#3785 = ORIENTED_EDGE('',*,*,#206,.T.);
#3786 = CYLINDRICAL_SURFACE('',#3787,0.2);
#3787 = AXIS2_PLACEMENT_3D('',#3788,#3789,#3790);
#3788 = CARTESIAN_POINT('',(0.889470053838,-0.4,1.7));
#3789 = DIRECTION('',(-0.,1.,-0.));
#3790 = DIRECTION('',(-0.,0.,-1.));
#3791 = ADVANCED_FACE('',(#3792),#3803,.T.);
#3792 = FACE_BOUND('',#3793,.T.);
#3793 = EDGE_LOOP('',(#3794,#3795,#3801,#3802));
#3794 = ORIENTED_EDGE('',*,*,#198,.T.);
#3795 = ORIENTED_EDGE('',*,*,#3796,.T.);
#3796 = EDGE_CURVE('',#190,#3167,#3797,.T.);
#3797 = LINE('',#3798,#3799);
#3798 = CARTESIAN_POINT('',(1.65,-0.5,1.9));
#3799 = VECTOR('',#3800,1.);
#3800 = DIRECTION('',(-0.,1.,-0.));
#3801 = ORIENTED_EDGE('',*,*,#3166,.F.);
#3802 = ORIENTED_EDGE('',*,*,#3780,.F.);
#3803 = PLANE('',#3804);
#3804 = AXIS2_PLACEMENT_3D('',#3805,#3806,#3807);
#3805 = CARTESIAN_POINT('',(0.23,-0.5,1.9));
#3806 = DIRECTION('',(-0.,-0.,1.));
#3807 = DIRECTION('',(-1.,0.,0.));
#3808 = ADVANCED_FACE('',(#3809),#3815,.T.);
#3809 = FACE_BOUND('',#3810,.F.);
#3810 = EDGE_LOOP('',(#3811,#3812,#3813,#3814));
#3811 = ORIENTED_EDGE('',*,*,#3796,.T.);
#3812 = ORIENTED_EDGE('',*,*,#3174,.T.);
#3813 = ORIENTED_EDGE('',*,*,#731,.F.);
#3814 = ORIENTED_EDGE('',*,*,#189,.F.);
#3815 = CYLINDRICAL_SURFACE('',#3816,0.15);
#3816 = AXIS2_PLACEMENT_3D('',#3817,#3818,#3819);
#3817 = CARTESIAN_POINT('',(1.65,-0.5,1.75));
#3818 = DIRECTION('',(-0.,-1.,-0.));
#3819 = DIRECTION('',(-0.,-0.,1.));
#3820 = ADVANCED_FACE('',(#3821),#3848,.T.);
#3821 = FACE_BOUND('',#3822,.F.);
#3822 = EDGE_LOOP('',(#3823,#3824,#3833,#3841));
#3823 = ORIENTED_EDGE('',*,*,#2863,.F.);
#3824 = ORIENTED_EDGE('',*,*,#3825,.F.);
#3825 = EDGE_CURVE('',#3826,#2864,#3828,.T.);
#3826 = VERTEX_POINT('',#3827);
#3827 = CARTESIAN_POINT('',(0.43,0.175,1.8));
#3828 = CIRCLE('',#3829,0.1);
#3829 = AXIS2_PLACEMENT_3D('',#3830,#3831,#3832);
#3830 = CARTESIAN_POINT('',(0.43,0.275,1.8));
#3831 = DIRECTION('',(0.,-0.,1.));
#3832 = DIRECTION('',(-0.,-1.,-0.));
#3833 = ORIENTED_EDGE('',*,*,#3834,.T.);
#3834 = EDGE_CURVE('',#3826,#3835,#3837,.T.);
#3835 = VERTEX_POINT('',#3836);
#3836 = CARTESIAN_POINT('',(0.43,0.175,1.9));
#3837 = LINE('',#3838,#3839);
#3838 = CARTESIAN_POINT('',(0.43,0.175,1.8));
#3839 = VECTOR('',#3840,1.);
#3840 = DIRECTION('',(-0.,-0.,1.));
#3841 = ORIENTED_EDGE('',*,*,#3842,.F.);
#3842 = EDGE_CURVE('',#2866,#3835,#3843,.T.);
#3843 = CIRCLE('',#3844,0.1);
#3844 = AXIS2_PLACEMENT_3D('',#3845,#3846,#3847);
#3845 = CARTESIAN_POINT('',(0.43,0.275,1.9));
#3846 = DIRECTION('',(0.,0.,-1.));
#3847 = DIRECTION('',(1.,-0.,-0.));
#3848 = CYLINDRICAL_SURFACE('',#3849,0.1);
#3849 = AXIS2_PLACEMENT_3D('',#3850,#3851,#3852);
#3850 = CARTESIAN_POINT('',(0.43,0.275,-3.306928384793));
#3851 = DIRECTION('',(-0.,-0.,1.));
#3852 = DIRECTION('',(1.,-0.,-0.));
#3853 = ADVANCED_FACE('',(#3854),#3880,.T.);
#3854 = FACE_BOUND('',#3855,.T.);
#3855 = EDGE_LOOP('',(#3856,#3857,#3858,#3864,#3865,#3874));
#3856 = ORIENTED_EDGE('',*,*,#3842,.F.);
#3857 = ORIENTED_EDGE('',*,*,#2903,.F.);
#3858 = ORIENTED_EDGE('',*,*,#3859,.F.);
#3859 = EDGE_CURVE('',#2690,#2895,#3860,.T.);
#3860 = LINE('',#3861,#3862);
#3861 = CARTESIAN_POINT('',(0.23,0.3,1.9));
#3862 = VECTOR('',#3863,1.);
#3863 = DIRECTION('',(1.,-0.,-0.));
#3864 = ORIENTED_EDGE('',*,*,#2689,.T.);
#3865 = ORIENTED_EDGE('',*,*,#3866,.F.);
#3866 = EDGE_CURVE('',#3867,#2680,#3869,.T.);
#3867 = VERTEX_POINT('',#3868);
#3868 = CARTESIAN_POINT('',(0.33,0.175,1.9));
#3869 = CIRCLE('',#3870,0.1);
#3870 = AXIS2_PLACEMENT_3D('',#3871,#3872,#3873);
#3871 = CARTESIAN_POINT('',(0.33,0.275,1.9));
#3872 = DIRECTION('',(0.,0.,-1.));
#3873 = DIRECTION('',(-0.,-1.,-0.));
#3874 = ORIENTED_EDGE('',*,*,#3875,.T.);
#3875 = EDGE_CURVE('',#3867,#3835,#3876,.T.);
#3876 = LINE('',#3877,#3878);
#3877 = CARTESIAN_POINT('',(0.33,0.175,1.9));
#3878 = VECTOR('',#3879,1.);
#3879 = DIRECTION('',(1.,-0.,-0.));
#3880 = PLANE('',#3881);
#3881 = AXIS2_PLACEMENT_3D('',#3882,#3883,#3884);
#3882 = CARTESIAN_POINT('',(0.23,0.3,1.9));
#3883 = DIRECTION('',(-0.,-0.,1.));
#3884 = DIRECTION('',(0.,1.,0.));
#3885 = ADVANCED_FACE('',(#3886),#3892,.T.);
#3886 = FACE_BOUND('',#3887,.F.);
#3887 = EDGE_LOOP('',(#3888,#3889,#3890,#3891));
#3888 = ORIENTED_EDGE('',*,*,#2894,.T.);
#3889 = ORIENTED_EDGE('',*,*,#3859,.F.);
#3890 = ORIENTED_EDGE('',*,*,#2697,.F.);
#3891 = ORIENTED_EDGE('',*,*,#1021,.F.);
#3892 = CYLINDRICAL_SURFACE('',#3893,0.2);
#3893 = AXIS2_PLACEMENT_3D('',#3894,#3895,#3896);
#3894 = CARTESIAN_POINT('',(0.23,0.3,1.7));
#3895 = DIRECTION('',(-1.,-0.,-0.));
#3896 = DIRECTION('',(-0.,1.,-0.));
#3897 = ADVANCED_FACE('',(#3898),#3917,.T.);
#3898 = FACE_BOUND('',#3899,.F.);
#3899 = EDGE_LOOP('',(#3900,#3901,#3902,#3910));
#3900 = ORIENTED_EDGE('',*,*,#2679,.F.);
#3901 = ORIENTED_EDGE('',*,*,#3866,.F.);
#3902 = ORIENTED_EDGE('',*,*,#3903,.T.);
#3903 = EDGE_CURVE('',#3867,#3904,#3906,.T.);
#3904 = VERTEX_POINT('',#3905);
#3905 = CARTESIAN_POINT('',(0.33,0.175,1.8));
#3906 = LINE('',#3907,#3908);
#3907 = CARTESIAN_POINT('',(0.33,0.175,1.9));
#3908 = VECTOR('',#3909,1.);
#3909 = DIRECTION('',(-0.,0.,-1.));
#3910 = ORIENTED_EDGE('',*,*,#3911,.F.);
#3911 = EDGE_CURVE('',#2682,#3904,#3912,.T.);
#3912 = CIRCLE('',#3913,0.1);
#3913 = AXIS2_PLACEMENT_3D('',#3914,#3915,#3916);
#3914 = CARTESIAN_POINT('',(0.33,0.275,1.8));
#3915 = DIRECTION('',(0.,0.,1.));
#3916 = DIRECTION('',(-1.,-0.,-0.));
#3917 = CYLINDRICAL_SURFACE('',#3918,0.1);
#3918 = AXIS2_PLACEMENT_3D('',#3919,#3920,#3921);
#3919 = CARTESIAN_POINT('',(0.33,0.275,6.21972));
#3920 = DIRECTION('',(-0.,0.,-1.));
#3921 = DIRECTION('',(-1.,-0.,-0.));
#3922 = ADVANCED_FACE('',(#3923),#3941,.T.);
#3923 = FACE_BOUND('',#3924,.T.);
#3924 = EDGE_LOOP('',(#3925,#3926,#3932,#3933,#3934,#3940));
#3925 = ORIENTED_EDGE('',*,*,#3825,.F.);
#3926 = ORIENTED_EDGE('',*,*,#3927,.F.);
#3927 = EDGE_CURVE('',#3904,#3826,#3928,.T.);
#3928 = LINE('',#3929,#3930);
#3929 = CARTESIAN_POINT('',(0.33,0.175,1.8));
#3930 = VECTOR('',#3931,1.);
#3931 = DIRECTION('',(1.,-0.,-0.));
#3932 = ORIENTED_EDGE('',*,*,#3911,.F.);
#3933 = ORIENTED_EDGE('',*,*,#2716,.T.);
#3934 = ORIENTED_EDGE('',*,*,#3935,.T.);
#3935 = EDGE_CURVE('',#2708,#2874,#3936,.T.);
#3936 = LINE('',#3937,#3938);
#3937 = CARTESIAN_POINT('',(0.23,0.3,1.8));
#3938 = VECTOR('',#3939,1.);
#3939 = DIRECTION('',(1.,-0.,-0.));
#3940 = ORIENTED_EDGE('',*,*,#2873,.F.);
#3941 = PLANE('',#3942);
#3942 = AXIS2_PLACEMENT_3D('',#3943,#3944,#3945);
#3943 = CARTESIAN_POINT('',(0.23,0.175,1.8));
#3944 = DIRECTION('',(-0.,0.,-1.));
#3945 = DIRECTION('',(0.,-1.,0.));
#3946 = ADVANCED_FACE('',(#3947),#3953,.T.);
#3947 = FACE_BOUND('',#3948,.T.);
#3948 = EDGE_LOOP('',(#3949,#3950,#3951,#3952));
#3949 = ORIENTED_EDGE('',*,*,#3834,.T.);
#3950 = ORIENTED_EDGE('',*,*,#3875,.F.);
#3951 = ORIENTED_EDGE('',*,*,#3903,.T.);
#3952 = ORIENTED_EDGE('',*,*,#3927,.T.);
#3953 = PLANE('',#3954);
#3954 = AXIS2_PLACEMENT_3D('',#3955,#3956,#3957);
#3955 = CARTESIAN_POINT('',(0.23,0.175,1.9));
#3956 = DIRECTION('',(-0.,-1.,-0.));
#3957 = DIRECTION('',(0.,-0.,1.));
#3958 = ADVANCED_FACE('',(#3959),#3965,.F.);
#3959 = FACE_BOUND('',#3960,.T.);
#3960 = EDGE_LOOP('',(#3961,#3962,#3963,#3964));
#3961 = ORIENTED_EDGE('',*,*,#1433,.F.);
#3962 = ORIENTED_EDGE('',*,*,#2881,.F.);
#3963 = ORIENTED_EDGE('',*,*,#3935,.F.);
#3964 = ORIENTED_EDGE('',*,*,#2707,.T.);
#3965 = CYLINDRICAL_SURFACE('',#3966,0.1);
#3966 = AXIS2_PLACEMENT_3D('',#3967,#3968,#3969);
#3967 = CARTESIAN_POINT('',(0.23,0.3,1.7));
#3968 = DIRECTION('',(-1.,-0.,-0.));
#3969 = DIRECTION('',(-0.,1.,-0.));
#3970 = ADVANCED_FACE('',(#3971),#3982,.F.);
#3971 = FACE_BOUND('',#3972,.T.);
#3972 = EDGE_LOOP('',(#3973,#3974,#3975,#3981));
#3973 = ORIENTED_EDGE('',*,*,#2888,.T.);
#3974 = ORIENTED_EDGE('',*,*,#1424,.T.);
#3975 = ORIENTED_EDGE('',*,*,#3976,.T.);
#3976 = EDGE_CURVE('',#1417,#1030,#3977,.T.);
#3977 = LINE('',#3978,#3979);
#3978 = CARTESIAN_POINT('',(0.58,0.4,1.65));
#3979 = VECTOR('',#3980,1.);
#3980 = DIRECTION('',(-0.,1.,-0.));
#3981 = ORIENTED_EDGE('',*,*,#1029,.F.);
#3982 = CYLINDRICAL_SURFACE('',#3983,5.E-02);
#3983 = AXIS2_PLACEMENT_3D('',#3984,#3985,#3986);
#3984 = CARTESIAN_POINT('',(0.58,0.4,1.7));
#3985 = DIRECTION('',(-0.,1.,-0.));
#3986 = DIRECTION('',(-0.,0.,-1.));
#3987 = ADVANCED_FACE('',(#3988),#3999,.T.);
#3988 = FACE_BOUND('',#3989,.T.);
#3989 = EDGE_LOOP('',(#3990,#3991,#3992,#3993));
#3990 = ORIENTED_EDGE('',*,*,#1038,.F.);
#3991 = ORIENTED_EDGE('',*,*,#3976,.F.);
#3992 = ORIENTED_EDGE('',*,*,#1416,.T.);
#3993 = ORIENTED_EDGE('',*,*,#3994,.T.);
#3994 = EDGE_CURVE('',#1408,#1039,#3995,.T.);
#3995 = LINE('',#3996,#3997);
#3996 = CARTESIAN_POINT('',(0.600794919243,0.4,1.65));
#3997 = VECTOR('',#3998,1.);
#3998 = DIRECTION('',(-0.,1.,-0.));
#3999 = PLANE('',#4000);
#4000 = AXIS2_PLACEMENT_3D('',#4001,#4002,#4003);
#4001 = CARTESIAN_POINT('',(0.58,0.4,1.65));
#4002 = DIRECTION('',(-0.,-0.,1.));
#4003 = DIRECTION('',(-1.,0.,0.));
#4004 = ADVANCED_FACE('',(#4005),#4016,.F.);
#4005 = FACE_BOUND('',#4006,.T.);
#4006 = EDGE_LOOP('',(#4007,#4008,#4009,#4010));
#4007 = ORIENTED_EDGE('',*,*,#1046,.F.);
#4008 = ORIENTED_EDGE('',*,*,#3994,.F.);
#4009 = ORIENTED_EDGE('',*,*,#1407,.T.);
#4010 = ORIENTED_EDGE('',*,*,#4011,.T.);
#4011 = EDGE_CURVE('',#1400,#1047,#4012,.T.);
#4012 = LINE('',#4013,#4014);
#4013 = CARTESIAN_POINT('',(0.644096189432,0.4,1.675));
#4014 = VECTOR('',#4015,1.);
#4015 = DIRECTION('',(-1.554312234475E-14,1.,-1.998401444325E-14));
#4016 = CYLINDRICAL_SURFACE('',#4017,5.E-02);
#4017 = AXIS2_PLACEMENT_3D('',#4018,#4019,#4020);
#4018 = CARTESIAN_POINT('',(0.600794919243,0.4,1.7));
#4019 = DIRECTION('',(-0.,1.,-0.));
#4020 = DIRECTION('',(-0.,0.,-1.));
#4021 = ADVANCED_FACE('',(#4022),#4033,.T.);
#4022 = FACE_BOUND('',#4023,.T.);
#4023 = EDGE_LOOP('',(#4024,#4025,#4026,#4027));
#4024 = ORIENTED_EDGE('',*,*,#1055,.F.);
#4025 = ORIENTED_EDGE('',*,*,#4011,.F.);
#4026 = ORIENTED_EDGE('',*,*,#1399,.T.);
#4027 = ORIENTED_EDGE('',*,*,#4028,.T.);
#4028 = EDGE_CURVE('',#1391,#1056,#4029,.T.);
#4029 = LINE('',#4030,#4031);
#4030 = CARTESIAN_POINT('',(0.716264973081,0.4,1.8));
#4031 = VECTOR('',#4032,1.);
#4032 = DIRECTION('',(-0.,1.,-0.));
#4033 = PLANE('',#4034);
#4034 = AXIS2_PLACEMENT_3D('',#4035,#4036,#4037);
#4035 = CARTESIAN_POINT('',(0.644096189432,0.4,1.675));
#4036 = DIRECTION('',(-0.866025403784,-0.,0.5));
#4037 = DIRECTION('',(-0.5,0.,-0.866025403784));
#4038 = ADVANCED_FACE('',(#4039),#4050,.T.);
#4039 = FACE_BOUND('',#4040,.F.);
#4040 = EDGE_LOOP('',(#4041,#4047,#4048,#4049));
#4041 = ORIENTED_EDGE('',*,*,#4042,.F.);
#4042 = EDGE_CURVE('',#1383,#1064,#4043,.T.);
#4043 = LINE('',#4044,#4045);
#4044 = CARTESIAN_POINT('',(0.889470053838,0.4,1.9));
#4045 = VECTOR('',#4046,1.);
#4046 = DIRECTION('',(-0.,1.,-0.));
#4047 = ORIENTED_EDGE('',*,*,#1390,.T.);
#4048 = ORIENTED_EDGE('',*,*,#4028,.T.);
#4049 = ORIENTED_EDGE('',*,*,#1063,.F.);
#4050 = CYLINDRICAL_SURFACE('',#4051,0.2);
#4051 = AXIS2_PLACEMENT_3D('',#4052,#4053,#4054);
#4052 = CARTESIAN_POINT('',(0.889470053838,0.4,1.7));
#4053 = DIRECTION('',(-0.,1.,-0.));
#4054 = DIRECTION('',(-0.,0.,-1.));
#4055 = ADVANCED_FACE('',(#4056),#4067,.T.);
#4056 = FACE_BOUND('',#4057,.T.);
#4057 = EDGE_LOOP('',(#4058,#4059,#4060,#4061));
#4058 = ORIENTED_EDGE('',*,*,#1072,.T.);
#4059 = ORIENTED_EDGE('',*,*,#4042,.F.);
#4060 = ORIENTED_EDGE('',*,*,#1382,.F.);
#4061 = ORIENTED_EDGE('',*,*,#4062,.F.);
#4062 = EDGE_CURVE('',#1073,#1374,#4063,.T.);
#4063 = LINE('',#4064,#4065);
#4064 = CARTESIAN_POINT('',(1.65,0.5,1.9));
#4065 = VECTOR('',#4066,1.);
#4066 = DIRECTION('',(-0.,-1.,-0.));
#4067 = PLANE('',#4068);
#4068 = AXIS2_PLACEMENT_3D('',#4069,#4070,#4071);
#4069 = CARTESIAN_POINT('',(1.65,0.5,1.9));
#4070 = DIRECTION('',(-0.,-0.,1.));
#4071 = DIRECTION('',(1.,-0.,0.));
#4072 = ADVANCED_FACE('',(#4073),#4079,.T.);
#4073 = FACE_BOUND('',#4074,.F.);
#4074 = EDGE_LOOP('',(#4075,#4076,#4077,#4078));
#4075 = ORIENTED_EDGE('',*,*,#681,.T.);
#4076 = ORIENTED_EDGE('',*,*,#1373,.T.);
#4077 = ORIENTED_EDGE('',*,*,#4062,.F.);
#4078 = ORIENTED_EDGE('',*,*,#1080,.F.);
#4079 = CYLINDRICAL_SURFACE('',#4080,0.15);
#4080 = AXIS2_PLACEMENT_3D('',#4081,#4082,#4083);
#4081 = CARTESIAN_POINT('',(1.65,0.5,1.75));
#4082 = DIRECTION('',(-0.,1.,-0.));
#4083 = DIRECTION('',(-0.,0.,-1.));
#4084 = ADVANCED_FACE('',(#4085),#4096,.F.);
#4085 = FACE_BOUND('',#4086,.T.);
#4086 = EDGE_LOOP('',(#4087,#4088,#4089,#4090));
#4087 = ORIENTED_EDGE('',*,*,#599,.F.);
#4088 = ORIENTED_EDGE('',*,*,#1670,.T.);
#4089 = ORIENTED_EDGE('',*,*,#1155,.T.);
#4090 = ORIENTED_EDGE('',*,*,#4091,.F.);
#4091 = EDGE_CURVE('',#600,#1148,#4092,.T.);
#4092 = LINE('',#4093,#4094);
#4093 = CARTESIAN_POINT('',(0.94,0.225,0.));
#4094 = VECTOR('',#4095,1.);
#4095 = DIRECTION('',(-0.,-0.,1.));
#4096 = CYLINDRICAL_SURFACE('',#4097,6.E-02);
#4097 = AXIS2_PLACEMENT_3D('',#4098,#4099,#4100);
#4098 = CARTESIAN_POINT('',(0.94,0.285,0.));
#4099 = DIRECTION('',(-0.,0.,-1.));
#4100 = DIRECTION('',(-0.,-1.,-0.));
#4101 = ADVANCED_FACE('',(#4102),#4113,.F.);
#4102 = FACE_BOUND('',#4103,.T.);
#4103 = EDGE_LOOP('',(#4104,#4105,#4106,#4107));
#4104 = ORIENTED_EDGE('',*,*,#608,.F.);
#4105 = ORIENTED_EDGE('',*,*,#4091,.T.);
#4106 = ORIENTED_EDGE('',*,*,#1147,.T.);
#4107 = ORIENTED_EDGE('',*,*,#4108,.F.);
#4108 = EDGE_CURVE('',#609,#1139,#4109,.T.);
#4109 = LINE('',#4110,#4111);
#4110 = CARTESIAN_POINT('',(1.02,0.225,0.));
#4111 = VECTOR('',#4112,1.);
#4112 = DIRECTION('',(-0.,-0.,1.));
#4113 = PLANE('',#4114);
#4114 = AXIS2_PLACEMENT_3D('',#4115,#4116,#4117);
#4115 = CARTESIAN_POINT('',(0.94,0.225,0.));
#4116 = DIRECTION('',(-0.,-1.,-0.));
#4117 = DIRECTION('',(-1.,0.,0.));
#4118 = ADVANCED_FACE('',(#4119),#4130,.F.);
#4119 = FACE_BOUND('',#4120,.T.);
#4120 = EDGE_LOOP('',(#4121,#4122,#4123,#4124));
#4121 = ORIENTED_EDGE('',*,*,#616,.F.);
#4122 = ORIENTED_EDGE('',*,*,#4108,.T.);
#4123 = ORIENTED_EDGE('',*,*,#1138,.T.);
#4124 = ORIENTED_EDGE('',*,*,#4125,.F.);
#4125 = EDGE_CURVE('',#617,#1131,#4126,.T.);
#4126 = LINE('',#4127,#4128);
#4127 = CARTESIAN_POINT('',(1.08,0.285,0.));
#4128 = VECTOR('',#4129,1.);
#4129 = DIRECTION('',(-0.,-0.,1.));
#4130 = CYLINDRICAL_SURFACE('',#4131,6.E-02);
#4131 = AXIS2_PLACEMENT_3D('',#4132,#4133,#4134);
#4132 = CARTESIAN_POINT('',(1.02,0.285,0.));
#4133 = DIRECTION('',(-0.,0.,-1.));
#4134 = DIRECTION('',(-0.,-1.,-0.));
#4135 = ADVANCED_FACE('',(#4136),#4151,.F.);
#4136 = FACE_BOUND('',#4137,.T.);
#4137 = EDGE_LOOP('',(#4138,#4144,#4145,#4146,#4147,#4148,#4149,#4150));
#4138 = ORIENTED_EDGE('',*,*,#4139,.F.);
#4139 = EDGE_CURVE('',#854,#1357,#4140,.T.);
#4140 = LINE('',#4141,#4142);
#4141 = CARTESIAN_POINT('',(1.08,0.5,0.21));
#4142 = VECTOR('',#4143,1.);
#4143 = DIRECTION('',(-0.,-1.,-0.));
#4144 = ORIENTED_EDGE('',*,*,#853,.F.);
#4145 = ORIENTED_EDGE('',*,*,#649,.F.);
#4146 = ORIENTED_EDGE('',*,*,#625,.T.);
#4147 = ORIENTED_EDGE('',*,*,#4125,.T.);
#4148 = ORIENTED_EDGE('',*,*,#1130,.F.);
#4149 = ORIENTED_EDGE('',*,*,#1331,.F.);
#4150 = ORIENTED_EDGE('',*,*,#1365,.T.);
#4151 = PLANE('',#4152);
#4152 = AXIS2_PLACEMENT_3D('',#4153,#4154,#4155);
#4153 = CARTESIAN_POINT('',(1.08,0.285,0.));
#4154 = DIRECTION('',(1.,-0.,-0.));
#4155 = DIRECTION('',(0.,-1.,0.));
#4156 = ADVANCED_FACE('',(#4157),#4163,.F.);
#4157 = FACE_BOUND('',#4158,.T.);
#4158 = EDGE_LOOP('',(#4159,#4160,#4161,#4162));
#4159 = ORIENTED_EDGE('',*,*,#1597,.F.);
#4160 = ORIENTED_EDGE('',*,*,#861,.T.);
#4161 = ORIENTED_EDGE('',*,*,#4139,.T.);
#4162 = ORIENTED_EDGE('',*,*,#1356,.T.);
#4163 = CYLINDRICAL_SURFACE('',#4164,6.E-02);
#4164 = AXIS2_PLACEMENT_3D('',#4165,#4166,#4167);
#4165 = CARTESIAN_POINT('',(1.02,1.8036,0.21));
#4166 = DIRECTION('',(-0.,-1.,-0.));
#4167 = DIRECTION('',(-0.,-0.,1.));
#4168 = ADVANCED_FACE('',(#4169),#4180,.F.);
#4169 = FACE_BOUND('',#4170,.T.);
#4170 = EDGE_LOOP('',(#4171,#4172,#4173,#4174));
#4171 = ORIENTED_EDGE('',*,*,#39,.F.);
#4172 = ORIENTED_EDGE('',*,*,#1214,.T.);
#4173 = ORIENTED_EDGE('',*,*,#830,.T.);
#4174 = ORIENTED_EDGE('',*,*,#4175,.F.);
#4175 = EDGE_CURVE('',#40,#823,#4176,.T.);
#4176 = LINE('',#4177,#4178);
#4177 = CARTESIAN_POINT('',(-1.,-0.5,0.3));
#4178 = VECTOR('',#4179,1.);
#4179 = DIRECTION('',(-0.,1.,-0.));
#4180 = CYLINDRICAL_SURFACE('',#4181,0.2);
#4181 = AXIS2_PLACEMENT_3D('',#4182,#4183,#4184);
#4182 = CARTESIAN_POINT('',(-0.8,-0.5,0.3));
#4183 = DIRECTION('',(-0.,1.,-0.));
#4184 = DIRECTION('',(1.,-0.,-0.));
#4185 = ADVANCED_FACE('',(#4186),#4197,.T.);
#4186 = FACE_BOUND('',#4187,.T.);
#4187 = EDGE_LOOP('',(#4188,#4189,#4190,#4191));
#4188 = ORIENTED_EDGE('',*,*,#48,.F.);
#4189 = ORIENTED_EDGE('',*,*,#4175,.T.);
#4190 = ORIENTED_EDGE('',*,*,#822,.T.);
#4191 = ORIENTED_EDGE('',*,*,#4192,.F.);
#4192 = EDGE_CURVE('',#49,#814,#4193,.T.);
#4193 = LINE('',#4194,#4195);
#4194 = CARTESIAN_POINT('',(-1.,-0.5,0.873094));
#4195 = VECTOR('',#4196,1.);
#4196 = DIRECTION('',(-0.,1.,-0.));
#4197 = PLANE('',#4198);
#4198 = AXIS2_PLACEMENT_3D('',#4199,#4200,#4201);
#4199 = CARTESIAN_POINT('',(-1.,-0.5,0.3));
#4200 = DIRECTION('',(1.,-0.,-0.));
#4201 = DIRECTION('',(0.,0.,-1.));
#4202 = ADVANCED_FACE('',(#4203),#4214,.F.);
#4203 = FACE_BOUND('',#4204,.T.);
#4204 = EDGE_LOOP('',(#4205,#4206,#4207,#4208));
#4205 = ORIENTED_EDGE('',*,*,#56,.F.);
#4206 = ORIENTED_EDGE('',*,*,#4192,.T.);
#4207 = ORIENTED_EDGE('',*,*,#813,.T.);
#4208 = ORIENTED_EDGE('',*,*,#4209,.F.);
#4209 = EDGE_CURVE('',#57,#806,#4210,.T.);
#4210 = LINE('',#4211,#4212);
#4211 = CARTESIAN_POINT('',(-0.828649818025,-0.5,1.071031333333));
#4212 = VECTOR('',#4213,1.);
#4213 = DIRECTION('',(-0.,1.,-0.));
#4214 = CYLINDRICAL_SURFACE('',#4215,0.2);
#4215 = AXIS2_PLACEMENT_3D('',#4216,#4217,#4218);
#4216 = CARTESIAN_POINT('',(-0.8,-0.5,0.873094));
#4217 = DIRECTION('',(-0.,1.,-0.));
#4218 = DIRECTION('',(1.,-0.,-0.));
#4219 = ADVANCED_FACE('',(#4220),#4283,.T.);
#4220 = FACE_BOUND('',#4221,.T.);
#4221 = EDGE_LOOP('',(#4222,#4232,#4239,#4240,#4241,#4242,#4251,#4259,
    #4268,#4276));
#4222 = ORIENTED_EDGE('',*,*,#4223,.T.);
#4223 = EDGE_CURVE('',#4224,#4226,#4228,.T.);
#4224 = VERTEX_POINT('',#4225);
#4225 = CARTESIAN_POINT('',(-0.499739923434,-0.363150731116,
    1.11863836364));
#4226 = VERTEX_POINT('',#4227);
#4227 = CARTESIAN_POINT('',(-0.657260076566,-0.461849268884,
    1.095838603501));
#4228 = LINE('',#4229,#4230);
#4229 = CARTESIAN_POINT('',(-0.499739923434,-0.363150731116,
    1.11863836364));
#4230 = VECTOR('',#4231,1.);
#4231 = DIRECTION('',(-0.841093999772,-0.527010330123,-0.121741510962));
#4232 = ORIENTED_EDGE('',*,*,#4233,.T.);
#4233 = EDGE_CURVE('',#4226,#66,#4234,.T.);
#4234 = B_SPLINE_CURVE_WITH_KNOTS('',3,(#4235,#4236,#4237,#4238),
  .UNSPECIFIED.,.F.,.F.,(4,4),(0.,1.),.PIECEWISE_BEZIER_KNOTS.);
#4235 = CARTESIAN_POINT('',(-0.657260076566,-0.461849268884,
    1.095838603501));
#4236 = CARTESIAN_POINT('',(-0.697910717452,-0.487320033958,
    1.08995475408));
#4237 = CARTESIAN_POINT('',(-0.742167775198,-0.5,1.083548905172));
#4238 = CARTESIAN_POINT('',(-0.79,-0.5,1.076625579929));
#4239 = ORIENTED_EDGE('',*,*,#65,.F.);
#4240 = ORIENTED_EDGE('',*,*,#4209,.T.);
#4241 = ORIENTED_EDGE('',*,*,#805,.T.);
#4242 = ORIENTED_EDGE('',*,*,#4243,.F.);
#4243 = EDGE_CURVE('',#4244,#798,#4246,.T.);
#4244 = VERTEX_POINT('',#4245);
#4245 = CARTESIAN_POINT('',(-0.657260076566,0.461849268884,
    1.095838603501));
#4246 = B_SPLINE_CURVE_WITH_KNOTS('',3,(#4247,#4248,#4249,#4250),
  .UNSPECIFIED.,.F.,.F.,(4,4),(0.,1.),.PIECEWISE_BEZIER_KNOTS.);
#4247 = CARTESIAN_POINT('',(-0.657260076566,0.461849268884,
    1.095838603501));
#4248 = CARTESIAN_POINT('',(-0.697910717452,0.487320033958,1.08995475408
    ));
#4249 = CARTESIAN_POINT('',(-0.742167775198,0.5,1.083548905172));
#4250 = CARTESIAN_POINT('',(-0.79,0.5,1.076625579929));
#4251 = ORIENTED_EDGE('',*,*,#4252,.F.);
#4252 = EDGE_CURVE('',#4253,#4244,#4255,.T.);
#4253 = VERTEX_POINT('',#4254);
#4254 = CARTESIAN_POINT('',(-0.499739923434,0.363150731116,1.11863836364
    ));
#4255 = LINE('',#4256,#4257);
#4256 = CARTESIAN_POINT('',(-0.499739923434,0.363150731116,1.11863836364
    ));
#4257 = VECTOR('',#4258,1.);
#4258 = DIRECTION('',(-0.841093999772,0.527010330123,-0.121741510962));
#4259 = ORIENTED_EDGE('',*,*,#4260,.F.);
#4260 = EDGE_CURVE('',#4261,#4253,#4263,.T.);
#4261 = VERTEX_POINT('',#4262);
#4262 = CARTESIAN_POINT('',(-0.496826900507,0.361353151428,1.11906));
#4263 = B_SPLINE_CURVE_WITH_KNOTS('',3,(#4264,#4265,#4266,#4267),
  .UNSPECIFIED.,.F.,.F.,(4,4),(0.,1.),.PIECEWISE_BEZIER_KNOTS.);
#4264 = CARTESIAN_POINT('',(-0.496826900507,0.361353151428,1.11906));
#4265 = CARTESIAN_POINT('',(-0.497801948771,0.361945659555,1.1189188697)
  );
#4266 = CARTESIAN_POINT('',(-0.498772956924,0.36254485194,1.118778324172
    ));
#4267 = CARTESIAN_POINT('',(-0.499739923434,0.363150731116,1.11863836364
    ));
#4268 = ORIENTED_EDGE('',*,*,#4269,.F.);
#4269 = EDGE_CURVE('',#4270,#4261,#4272,.T.);
#4270 = VERTEX_POINT('',#4271);
#4271 = CARTESIAN_POINT('',(-0.496826900507,-0.361353151428,1.11906));
#4272 = LINE('',#4273,#4274);
#4273 = CARTESIAN_POINT('',(-0.496826900507,-0.361353151428,1.11906));
#4274 = VECTOR('',#4275,1.);
#4275 = DIRECTION('',(-2.335027369709E-14,1.,-0.));
#4276 = ORIENTED_EDGE('',*,*,#4277,.F.);
#4277 = EDGE_CURVE('',#4224,#4270,#4278,.T.);
#4278 = B_SPLINE_CURVE_WITH_KNOTS('',3,(#4279,#4280,#4281,#4282),
  .UNSPECIFIED.,.F.,.F.,(4,4),(0.,1.),.PIECEWISE_BEZIER_KNOTS.);
#4279 = CARTESIAN_POINT('',(-0.499739923434,-0.363150731116,
    1.11863836364));
#4280 = CARTESIAN_POINT('',(-0.498772956924,-0.36254485194,
    1.118778324172));
#4281 = CARTESIAN_POINT('',(-0.497801948771,-0.361945659555,1.1189188697
    ));
#4282 = CARTESIAN_POINT('',(-0.496826900507,-0.361353151428,1.11906));
#4283 = PLANE('',#4284);
#4284 = AXIS2_PLACEMENT_3D('',#4285,#4286,#4287);
#4285 = CARTESIAN_POINT('',(-0.828649818025,-0.5,1.071031333333));
#4286 = DIRECTION('',(0.143249090127,-0.,-0.989686666667));
#4287 = DIRECTION('',(-0.989686666667,0.,-0.143249090127));
#4288 = ADVANCED_FACE('',(#4289),#4323,.F.);
#4289 = FACE_BOUND('',#4290,.T.);
#4290 = EDGE_LOOP('',(#4291,#4292,#4300,#4309,#4317));
#4291 = ORIENTED_EDGE('',*,*,#4223,.F.);
#4292 = ORIENTED_EDGE('',*,*,#4293,.T.);
#4293 = EDGE_CURVE('',#4224,#4294,#4296,.T.);
#4294 = VERTEX_POINT('',#4295);
#4295 = CARTESIAN_POINT('',(-0.499739923434,-0.363150731116,
    1.219658787324));
#4296 = LINE('',#4297,#4298);
#4297 = CARTESIAN_POINT('',(-0.499739923434,-0.363150731116,
    1.11863836364));
#4298 = VECTOR('',#4299,1.);
#4299 = DIRECTION('',(-1.208909329967E-14,-0.,1.));
#4300 = ORIENTED_EDGE('',*,*,#4301,.T.);
#4301 = EDGE_CURVE('',#4294,#4302,#4304,.T.);
#4302 = VERTEX_POINT('',#4303);
#4303 = CARTESIAN_POINT('',(-0.51115180952,-0.370301158838,
    1.218028666667));
#4304 = B_SPLINE_CURVE_WITH_KNOTS('',3,(#4305,#4306,#4307,#4308),
  .UNSPECIFIED.,.F.,.F.,(4,4),(0.,1.),.PIECEWISE_BEZIER_KNOTS.);
#4305 = CARTESIAN_POINT('',(-0.499739923434,-0.363150731116,
    1.219658787324));
#4306 = CARTESIAN_POINT('',(-0.503544615002,-0.365534664136,
    1.219122526103));
#4307 = CARTESIAN_POINT('',(-0.507348577138,-0.367918140111,1.2185791536
    ));
#4308 = CARTESIAN_POINT('',(-0.51115180952,-0.370301158838,
    1.218028666667));
#4309 = ORIENTED_EDGE('',*,*,#4310,.T.);
#4310 = EDGE_CURVE('',#4302,#4311,#4313,.T.);
#4311 = VERTEX_POINT('',#4312);
#4312 = CARTESIAN_POINT('',(-0.657260076566,-0.461849268884,
    1.196880684159));
#4313 = LINE('',#4314,#4315);
#4314 = CARTESIAN_POINT('',(-0.51115180952,-0.370301158839,
    1.218028666667));
#4315 = VECTOR('',#4316,1.);
#4316 = DIRECTION('',(-0.841093999772,-0.527010330123,-0.121741510962));
#4317 = ORIENTED_EDGE('',*,*,#4318,.F.);
#4318 = EDGE_CURVE('',#4226,#4311,#4319,.T.);
#4319 = LINE('',#4320,#4321);
#4320 = CARTESIAN_POINT('',(-0.657260076566,-0.461849268884,
    1.095838603501));
#4321 = VECTOR('',#4322,1.);
#4322 = DIRECTION('',(-0.,-0.,1.));
#4323 = PLANE('',#4324);
#4324 = AXIS2_PLACEMENT_3D('',#4325,#4326,#4327);
#4325 = CARTESIAN_POINT('',(-0.657260076566,-0.461849268884,0.1));
#4326 = DIRECTION('',(-0.530959693737,0.847397075536,-0.));
#4327 = DIRECTION('',(-0.847397075536,-0.530959693737,0.));
#4328 = ADVANCED_FACE('',(#4329),#4371,.F.);
#4329 = FACE_BOUND('',#4330,.T.);
#4330 = EDGE_LOOP('',(#4331,#4347,#4355,#4369,#4370));
#4331 = ORIENTED_EDGE('',*,*,#4332,.T.);
#4332 = EDGE_CURVE('',#4270,#4333,#4335,.T.);
#4333 = VERTEX_POINT('',#4334);
#4334 = CARTESIAN_POINT('',(-0.367,-0.325,1.134970313376));
#4335 = B_SPLINE_CURVE_WITH_KNOTS('',3,(#4336,#4337,#4338,#4339,#4340,
    #4341,#4342,#4343,#4344,#4345,#4346),.UNSPECIFIED.,.F.,.F.,(4,1,1,1,
    1,1,1,1,4),(0.,0.125,0.25,0.375,0.5,0.625,0.75,0.875,1.),
  .QUASI_UNIFORM_KNOTS.);
#4336 = CARTESIAN_POINT('',(-0.496826900507,-0.361353151428,1.11906));
#4337 = CARTESIAN_POINT('',(-0.491985372327,-0.358411097279,1.1197607718
    ));
#4338 = CARTESIAN_POINT('',(-0.482126218455,-0.352869378925,
    1.121163673996));
#4339 = CARTESIAN_POINT('',(-0.466774492855,-0.345562841348,
    1.123268666158));
#4340 = CARTESIAN_POINT('',(-0.450965553818,-0.339317904619,
    1.125351828827));
#4341 = CARTESIAN_POINT('',(-0.434766831323,-0.334159922187,
    1.127397650185));
#4342 = CARTESIAN_POINT('',(-0.418250748866,-0.330112486713,
    1.129391326954));
#4343 = CARTESIAN_POINT('',(-0.401443813221,-0.327187222848,
    1.131324800351));
#4344 = CARTESIAN_POINT('',(-0.384361306559,-0.325405039125,
    1.133191598024));
#4345 = CARTESIAN_POINT('',(-0.372814856434,-0.325,1.134386055005));
#4346 = CARTESIAN_POINT('',(-0.367,-0.325,1.134970313376));
#4347 = ORIENTED_EDGE('',*,*,#4348,.T.);
#4348 = EDGE_CURVE('',#4333,#4349,#4351,.T.);
#4349 = VERTEX_POINT('',#4350);
#4350 = CARTESIAN_POINT('',(-0.367,-0.325,1.235457465553));
#4351 = LINE('',#4352,#4353);
#4352 = CARTESIAN_POINT('',(-0.367,-0.325,1.134970313376));
#4353 = VECTOR('',#4354,1.);
#4354 = DIRECTION('',(-0.,-0.,1.));
#4355 = ORIENTED_EDGE('',*,*,#4356,.T.);
#4356 = EDGE_CURVE('',#4349,#4294,#4357,.T.);
#4357 = B_SPLINE_CURVE_WITH_KNOTS('',3,(#4358,#4359,#4360,#4361,#4362,
    #4363,#4364,#4365,#4366,#4367,#4368),.UNSPECIFIED.,.F.,.F.,(4,1,1,1,
    1,1,1,1,4),(0.,0.125,0.25,0.375,0.5,0.625,0.75,0.875,1.),
  .QUASI_UNIFORM_KNOTS.);
#4358 = CARTESIAN_POINT('',(-0.367,-0.325,1.235457465553));
#4359 = CARTESIAN_POINT('',(-0.372845015233,-0.325,1.234889303732));
#4360 = CARTESIAN_POINT('',(-0.384501422029,-0.325408730933,
    1.233722777202));
#4361 = CARTESIAN_POINT('',(-0.401928454763,-0.327245513869,
    1.231878943122));
#4362 = CARTESIAN_POINT('',(-0.419166316283,-0.330294646427,
    1.229956804216));
#4363 = CARTESIAN_POINT('',(-0.436144058215,-0.334539744721,
    1.227968017434));
#4364 = CARTESIAN_POINT('',(-0.452778095192,-0.339959528392,
    1.225927194348));
#4365 = CARTESIAN_POINT('',(-0.468988385067,-0.346525884907,
    1.22385034664));
#4366 = CARTESIAN_POINT('',(-0.484710812685,-0.354215013994,
    1.221752760686));
#4367 = CARTESIAN_POINT('',(-0.49479294389,-0.360051066485,
    1.220356051016));
#4368 = CARTESIAN_POINT('',(-0.499739923434,-0.363150731116,
    1.219658787324));
#4369 = ORIENTED_EDGE('',*,*,#4293,.F.);
#4370 = ORIENTED_EDGE('',*,*,#4277,.T.);
#4371 = CYLINDRICAL_SURFACE('',#4372,0.25);
#4372 = AXIS2_PLACEMENT_3D('',#4373,#4374,#4375);
#4373 = CARTESIAN_POINT('',(-0.367,-0.575,0.1));
#4374 = DIRECTION('',(-0.,-0.,1.));
#4375 = DIRECTION('',(-0.,1.,-0.));
#4376 = ADVANCED_FACE('',(#4377),#4420,.F.);
#4377 = FACE_BOUND('',#4378,.T.);
#4378 = EDGE_LOOP('',(#4379,#4388,#4389,#4390,#4405,#4414));
#4379 = ORIENTED_EDGE('',*,*,#4380,.T.);
#4380 = EDGE_CURVE('',#4381,#4333,#4383,.T.);
#4381 = VERTEX_POINT('',#4382);
#4382 = CARTESIAN_POINT('',(-6.7079630126E-02,-0.325,1.15));
#4383 = CIRCLE('',#4384,3.);
#4384 = AXIS2_PLACEMENT_3D('',#4385,#4386,#4387);
#4385 = CARTESIAN_POINT('',(-6.7079630126E-02,-0.325,-1.85));
#4386 = DIRECTION('',(0.,-1.,-0.));
#4387 = DIRECTION('',(-0.,-0.,1.));
#4388 = ORIENTED_EDGE('',*,*,#4332,.F.);
#4389 = ORIENTED_EDGE('',*,*,#4269,.T.);
#4390 = ORIENTED_EDGE('',*,*,#4391,.F.);
#4391 = EDGE_CURVE('',#4392,#4261,#4394,.T.);
#4392 = VERTEX_POINT('',#4393);
#4393 = CARTESIAN_POINT('',(-0.367,0.325,1.134970313376));
#4394 = B_SPLINE_CURVE_WITH_KNOTS('',3,(#4395,#4396,#4397,#4398,#4399,
    #4400,#4401,#4402,#4403,#4404),.UNSPECIFIED.,.F.,.F.,(4,1,1,1,1,1,1,
    4),(0.,0.142857142857,0.285714285714,0.428571428571,0.571428571429,
    0.714285714286,0.857142857143,1.),.UNSPECIFIED.);
#4395 = CARTESIAN_POINT('',(-0.367,0.325,1.134970313376));
#4396 = CARTESIAN_POINT('',(-0.373383439327,0.325,1.134328925595));
#4397 = CARTESIAN_POINT('',(-0.386073563791,0.325489040301,
    1.133012431942));
#4398 = CARTESIAN_POINT('',(-0.404840437906,0.327639834041,
    1.130945397805));
#4399 = CARTESIAN_POINT('',(-0.423451980002,0.331210191195,
    1.128777381714));
#4400 = CARTESIAN_POINT('',(-0.441895813745,0.336222770157,
    1.126512661113));
#4401 = CARTESIAN_POINT('',(-0.460308799463,0.34278379963,1.124136125573
    ));
#4402 = CARTESIAN_POINT('',(-0.478670433484,0.351016240357,
    1.121650507135));
#4403 = CARTESIAN_POINT('',(-0.49080181717,0.357691885652,1.119932081776
    ));
#4404 = CARTESIAN_POINT('',(-0.496826900507,0.361353151428,1.11906));
#4405 = ORIENTED_EDGE('',*,*,#4406,.F.);
#4406 = EDGE_CURVE('',#4407,#4392,#4409,.T.);
#4407 = VERTEX_POINT('',#4408);
#4408 = CARTESIAN_POINT('',(-6.7079630126E-02,0.325,1.15));
#4409 = CIRCLE('',#4410,3.);
#4410 = AXIS2_PLACEMENT_3D('',#4411,#4412,#4413);
#4411 = CARTESIAN_POINT('',(-6.7079630126E-02,0.325,-1.85));
#4412 = DIRECTION('',(0.,-1.,-0.));
#4413 = DIRECTION('',(-0.,-0.,1.));
#4414 = ORIENTED_EDGE('',*,*,#4415,.F.);
#4415 = EDGE_CURVE('',#4381,#4407,#4416,.T.);
#4416 = LINE('',#4417,#4418);
#4417 = CARTESIAN_POINT('',(-6.7079630126E-02,-0.325,1.15));
#4418 = VECTOR('',#4419,1.);
#4419 = DIRECTION('',(-0.,1.,-0.));
#4420 = CYLINDRICAL_SURFACE('',#4421,3.);
#4421 = AXIS2_PLACEMENT_3D('',#4422,#4423,#4424);
#4422 = CARTESIAN_POINT('',(-6.7079630126E-02,-0.5,-1.85));
#4423 = DIRECTION('',(-0.,1.,-0.));
#4424 = DIRECTION('',(1.,-0.,-0.));
#4425 = ADVANCED_FACE('',(#4426),#4563,.F.);
#4426 = FACE_BOUND('',#4427,.T.);
#4427 = EDGE_LOOP('',(#4428,#4429,#4437,#4446,#4454,#4463,#4471,#4480,
    #4488,#4496,#4504,#4513,#4521,#4530,#4538,#4547,#4555,#4562));
#4428 = ORIENTED_EDGE('',*,*,#4380,.F.);
#4429 = ORIENTED_EDGE('',*,*,#4430,.T.);
#4430 = EDGE_CURVE('',#4381,#4431,#4433,.T.);
#4431 = VERTEX_POINT('',#4432);
#4432 = CARTESIAN_POINT('',(0.28,-0.325,1.15));
#4433 = LINE('',#4434,#4435);
#4434 = CARTESIAN_POINT('',(-6.7079630126E-02,-0.325,1.15));
#4435 = VECTOR('',#4436,1.);
#4436 = DIRECTION('',(1.,-0.,-0.));
#4437 = ORIENTED_EDGE('',*,*,#4438,.T.);
#4438 = EDGE_CURVE('',#4431,#4439,#4441,.T.);
#4439 = VERTEX_POINT('',#4440);
#4440 = CARTESIAN_POINT('',(0.561653294923,-0.325,1.346697427627));
#4441 = CIRCLE('',#4442,0.3);
#4442 = AXIS2_PLACEMENT_3D('',#4443,#4444,#4445);
#4443 = CARTESIAN_POINT('',(0.28,-0.325,1.45));
#4444 = DIRECTION('',(-0.,-1.,0.));
#4445 = DIRECTION('',(-0.,0.,-1.));
#4446 = ORIENTED_EDGE('',*,*,#4447,.T.);
#4447 = EDGE_CURVE('',#4439,#4448,#4450,.T.);
#4448 = VERTEX_POINT('',#4449);
#4449 = CARTESIAN_POINT('',(0.962231136718,-0.325,2.438868381582));
#4450 = LINE('',#4451,#4452);
#4451 = CARTESIAN_POINT('',(0.561653294923,-0.325,1.346697427627));
#4452 = VECTOR('',#4453,1.);
#4453 = DIRECTION('',(0.34434190791,-0.,0.938844316411));
#4454 = ORIENTED_EDGE('',*,*,#4455,.F.);
#4455 = EDGE_CURVE('',#4456,#4448,#4458,.T.);
#4456 = VERTEX_POINT('',#4457);
#4457 = CARTESIAN_POINT('',(1.337768863282,-0.325,2.438868381582));
#4458 = CIRCLE('',#4459,0.2);
#4459 = AXIS2_PLACEMENT_3D('',#4460,#4461,#4462);
#4460 = CARTESIAN_POINT('',(1.15,-0.325,2.37));
#4461 = DIRECTION('',(0.,-1.,-0.));
#4462 = DIRECTION('',(0.938844316411,-0.,0.34434190791));
#4463 = ORIENTED_EDGE('',*,*,#4464,.T.);
#4464 = EDGE_CURVE('',#4456,#4465,#4467,.T.);
#4465 = VERTEX_POINT('',#4466);
#4466 = CARTESIAN_POINT('',(1.528726253404,-0.325,1.918225217696));
#4467 = LINE('',#4468,#4469);
#4468 = CARTESIAN_POINT('',(1.337768863282,-0.325,2.438868381582));
#4469 = VECTOR('',#4470,1.);
#4470 = DIRECTION('',(0.34434190791,-0.,-0.938844316411));
#4471 = ORIENTED_EDGE('',*,*,#4472,.F.);
#4472 = EDGE_CURVE('',#4473,#4465,#4475,.T.);
#4473 = VERTEX_POINT('',#4474);
#4474 = CARTESIAN_POINT('',(1.513637419736,-0.325,1.748452884891));
#4475 = CIRCLE('',#4476,0.2);
#4476 = AXIS2_PLACEMENT_3D('',#4477,#4478,#4479);
#4477 = CARTESIAN_POINT('',(1.340957390122,-0.325,1.849356836114));
#4478 = DIRECTION('',(-0.,-1.,0.));
#4479 = DIRECTION('',(0.863400148069,-0.,-0.504519756118));
#4480 = ORIENTED_EDGE('',*,*,#4481,.T.);
#4481 = EDGE_CURVE('',#4473,#4482,#4484,.T.);
#4482 = VERTEX_POINT('',#4483);
#4483 = CARTESIAN_POINT('',(1.333659985193,-0.325,1.440451975612));
#4484 = LINE('',#4485,#4486);
#4485 = CARTESIAN_POINT('',(1.513637419736,-0.325,1.748452884891));
#4486 = VECTOR('',#4487,1.);
#4487 = DIRECTION('',(-0.504519756118,0.,-0.863400148069));
#4488 = ORIENTED_EDGE('',*,*,#4489,.T.);
#4489 = EDGE_CURVE('',#4482,#4490,#4492,.T.);
#4490 = VERTEX_POINT('',#4491);
#4491 = CARTESIAN_POINT('',(1.42,-0.325,1.39));
#4492 = LINE('',#4493,#4494);
#4493 = CARTESIAN_POINT('',(1.333659985193,-0.325,1.440451975612));
#4494 = VECTOR('',#4495,1.);
#4495 = DIRECTION('',(0.863400148069,-0.,-0.504519756118));
#4496 = ORIENTED_EDGE('',*,*,#4497,.T.);
#4497 = EDGE_CURVE('',#4490,#4498,#4500,.T.);
#4498 = VERTEX_POINT('',#4499);
#4499 = CARTESIAN_POINT('',(1.599977434543,-0.325,1.698000909279));
#4500 = LINE('',#4501,#4502);
#4501 = CARTESIAN_POINT('',(1.42,-0.325,1.39));
#4502 = VECTOR('',#4503,1.);
#4503 = DIRECTION('',(0.504519756118,-0.,0.863400148069));
#4504 = ORIENTED_EDGE('',*,*,#4505,.T.);
#4505 = EDGE_CURVE('',#4498,#4506,#4508,.T.);
#4506 = VERTEX_POINT('',#4507);
#4507 = CARTESIAN_POINT('',(1.622610685045,-0.325,1.952659408487));
#4508 = CIRCLE('',#4509,0.3);
#4509 = AXIS2_PLACEMENT_3D('',#4510,#4511,#4512);
#4510 = CARTESIAN_POINT('',(1.340957390122,-0.325,1.849356836114));
#4511 = DIRECTION('',(-0.,-1.,0.));
#4512 = DIRECTION('',(0.863400148069,-0.,-0.504519756118));
#4513 = ORIENTED_EDGE('',*,*,#4514,.T.);
#4514 = EDGE_CURVE('',#4506,#4515,#4517,.T.);
#4515 = VERTEX_POINT('',#4516);
#4516 = CARTESIAN_POINT('',(1.431653294923,-0.325,2.473302572373));
#4517 = LINE('',#4518,#4519);
#4518 = CARTESIAN_POINT('',(1.622610685045,-0.325,1.952659408487));
#4519 = VECTOR('',#4520,1.);
#4520 = DIRECTION('',(-0.34434190791,-0.,0.938844316411));
#4521 = ORIENTED_EDGE('',*,*,#4522,.T.);
#4522 = EDGE_CURVE('',#4515,#4523,#4525,.T.);
#4523 = VERTEX_POINT('',#4524);
#4524 = CARTESIAN_POINT('',(0.868346705077,-0.325,2.473302572373));
#4525 = CIRCLE('',#4526,0.3);
#4526 = AXIS2_PLACEMENT_3D('',#4527,#4528,#4529);
#4527 = CARTESIAN_POINT('',(1.15,-0.325,2.37));
#4528 = DIRECTION('',(0.,-1.,-0.));
#4529 = DIRECTION('',(0.938844316411,-0.,0.34434190791));
#4530 = ORIENTED_EDGE('',*,*,#4531,.T.);
#4531 = EDGE_CURVE('',#4523,#4532,#4534,.T.);
#4532 = VERTEX_POINT('',#4533);
#4533 = CARTESIAN_POINT('',(0.467768863282,-0.325,1.381131618418));
#4534 = LINE('',#4535,#4536);
#4535 = CARTESIAN_POINT('',(0.868346705077,-0.325,2.473302572373));
#4536 = VECTOR('',#4537,1.);
#4537 = DIRECTION('',(-0.34434190791,0.,-0.938844316411));
#4538 = ORIENTED_EDGE('',*,*,#4539,.F.);
#4539 = EDGE_CURVE('',#4540,#4532,#4542,.T.);
#4540 = VERTEX_POINT('',#4541);
#4541 = CARTESIAN_POINT('',(0.28,-0.325,1.25));
#4542 = CIRCLE('',#4543,0.2);
#4543 = AXIS2_PLACEMENT_3D('',#4544,#4545,#4546);
#4544 = CARTESIAN_POINT('',(0.28,-0.325,1.45));
#4545 = DIRECTION('',(-0.,-1.,0.));
#4546 = DIRECTION('',(-0.,0.,-1.));
#4547 = ORIENTED_EDGE('',*,*,#4548,.T.);
#4548 = EDGE_CURVE('',#4540,#4549,#4551,.T.);
#4549 = VERTEX_POINT('',#4550);
#4550 = CARTESIAN_POINT('',(-6.7079630126E-02,-0.325,1.25));
#4551 = LINE('',#4552,#4553);
#4552 = CARTESIAN_POINT('',(0.28,-0.325,1.25));
#4553 = VECTOR('',#4554,1.);
#4554 = DIRECTION('',(-1.,-0.,-0.));
#4555 = ORIENTED_EDGE('',*,*,#4556,.T.);
#4556 = EDGE_CURVE('',#4549,#4349,#4557,.T.);
#4557 = CIRCLE('',#4558,3.1);
#4558 = AXIS2_PLACEMENT_3D('',#4559,#4560,#4561);
#4559 = CARTESIAN_POINT('',(-6.7079630126E-02,-0.325,-1.85));
#4560 = DIRECTION('',(0.,-1.,-0.));
#4561 = DIRECTION('',(-0.,-0.,1.));
#4562 = ORIENTED_EDGE('',*,*,#4348,.F.);
#4563 = PLANE('',#4564);
#4564 = AXIS2_PLACEMENT_3D('',#4565,#4566,#4567);
#4565 = CARTESIAN_POINT('',(-0.367,-0.325,0.1));
#4566 = DIRECTION('',(-0.,1.,-0.));
#4567 = DIRECTION('',(-1.,0.,0.));
#4568 = ADVANCED_FACE('',(#4569),#4587,.T.);
#4569 = FACE_BOUND('',#4570,.T.);
#4570 = EDGE_LOOP('',(#4571,#4572,#4573,#4581));
#4571 = ORIENTED_EDGE('',*,*,#4430,.F.);
#4572 = ORIENTED_EDGE('',*,*,#4415,.T.);
#4573 = ORIENTED_EDGE('',*,*,#4574,.T.);
#4574 = EDGE_CURVE('',#4407,#4575,#4577,.T.);
#4575 = VERTEX_POINT('',#4576);
#4576 = CARTESIAN_POINT('',(0.28,0.325,1.15));
#4577 = LINE('',#4578,#4579);
#4578 = CARTESIAN_POINT('',(-6.7079630126E-02,0.325,1.15));
#4579 = VECTOR('',#4580,1.);
#4580 = DIRECTION('',(1.,-0.,-0.));
#4581 = ORIENTED_EDGE('',*,*,#4582,.F.);
#4582 = EDGE_CURVE('',#4431,#4575,#4583,.T.);
#4583 = LINE('',#4584,#4585);
#4584 = CARTESIAN_POINT('',(0.28,-0.325,1.15));
#4585 = VECTOR('',#4586,1.);
#4586 = DIRECTION('',(-0.,1.,-0.));
#4587 = PLANE('',#4588);
#4588 = AXIS2_PLACEMENT_3D('',#4589,#4590,#4591);
#4589 = CARTESIAN_POINT('',(-6.7079630126E-02,-0.5,1.15));
#4590 = DIRECTION('',(-0.,0.,-1.));
#4591 = DIRECTION('',(-1.,0.,0.));
#4592 = ADVANCED_FACE('',(#4593),#4730,.F.);
#4593 = FACE_BOUND('',#4594,.T.);
#4594 = EDGE_LOOP('',(#4595,#4596,#4604,#4613,#4621,#4630,#4638,#4647,
    #4655,#4664,#4672,#4680,#4688,#4697,#4705,#4714,#4722,#4729));
#4595 = ORIENTED_EDGE('',*,*,#4406,.T.);
#4596 = ORIENTED_EDGE('',*,*,#4597,.T.);
#4597 = EDGE_CURVE('',#4392,#4598,#4600,.T.);
#4598 = VERTEX_POINT('',#4599);
#4599 = CARTESIAN_POINT('',(-0.367,0.325,1.235457465553));
#4600 = LINE('',#4601,#4602);
#4601 = CARTESIAN_POINT('',(-0.367,0.325,1.134970313376));
#4602 = VECTOR('',#4603,1.);
#4603 = DIRECTION('',(-0.,-0.,1.));
#4604 = ORIENTED_EDGE('',*,*,#4605,.F.);
#4605 = EDGE_CURVE('',#4606,#4598,#4608,.T.);
#4606 = VERTEX_POINT('',#4607);
#4607 = CARTESIAN_POINT('',(-6.7079630126E-02,0.325,1.25));
#4608 = CIRCLE('',#4609,3.1);
#4609 = AXIS2_PLACEMENT_3D('',#4610,#4611,#4612);
#4610 = CARTESIAN_POINT('',(-6.7079630126E-02,0.325,-1.85));
#4611 = DIRECTION('',(0.,-1.,-0.));
#4612 = DIRECTION('',(-0.,-0.,1.));
#4613 = ORIENTED_EDGE('',*,*,#4614,.F.);
#4614 = EDGE_CURVE('',#4615,#4606,#4617,.T.);
#4615 = VERTEX_POINT('',#4616);
#4616 = CARTESIAN_POINT('',(0.28,0.325,1.25));
#4617 = LINE('',#4618,#4619);
#4618 = CARTESIAN_POINT('',(0.28,0.325,1.25));
#4619 = VECTOR('',#4620,1.);
#4620 = DIRECTION('',(-1.,-0.,-0.));
#4621 = ORIENTED_EDGE('',*,*,#4622,.T.);
#4622 = EDGE_CURVE('',#4615,#4623,#4625,.T.);
#4623 = VERTEX_POINT('',#4624);
#4624 = CARTESIAN_POINT('',(0.467768863282,0.325,1.381131618418));
#4625 = CIRCLE('',#4626,0.2);
#4626 = AXIS2_PLACEMENT_3D('',#4627,#4628,#4629);
#4627 = CARTESIAN_POINT('',(0.28,0.325,1.45));
#4628 = DIRECTION('',(-0.,-1.,0.));
#4629 = DIRECTION('',(-0.,0.,-1.));
#4630 = ORIENTED_EDGE('',*,*,#4631,.F.);
#4631 = EDGE_CURVE('',#4632,#4623,#4634,.T.);
#4632 = VERTEX_POINT('',#4633);
#4633 = CARTESIAN_POINT('',(0.868346705077,0.325,2.473302572373));
#4634 = LINE('',#4635,#4636);
#4635 = CARTESIAN_POINT('',(0.868346705077,0.325,2.473302572373));
#4636 = VECTOR('',#4637,1.);
#4637 = DIRECTION('',(-0.34434190791,0.,-0.938844316411));
#4638 = ORIENTED_EDGE('',*,*,#4639,.F.);
#4639 = EDGE_CURVE('',#4640,#4632,#4642,.T.);
#4640 = VERTEX_POINT('',#4641);
#4641 = CARTESIAN_POINT('',(1.431653294923,0.325,2.473302572373));
#4642 = CIRCLE('',#4643,0.3);
#4643 = AXIS2_PLACEMENT_3D('',#4644,#4645,#4646);
#4644 = CARTESIAN_POINT('',(1.15,0.325,2.37));
#4645 = DIRECTION('',(0.,-1.,-0.));
#4646 = DIRECTION('',(0.938844316411,-0.,0.34434190791));
#4647 = ORIENTED_EDGE('',*,*,#4648,.F.);
#4648 = EDGE_CURVE('',#4649,#4640,#4651,.T.);
#4649 = VERTEX_POINT('',#4650);
#4650 = CARTESIAN_POINT('',(1.622610685045,0.325,1.952659408487));
#4651 = LINE('',#4652,#4653);
#4652 = CARTESIAN_POINT('',(1.622610685045,0.325,1.952659408487));
#4653 = VECTOR('',#4654,1.);
#4654 = DIRECTION('',(-0.34434190791,-0.,0.938844316411));
#4655 = ORIENTED_EDGE('',*,*,#4656,.F.);
#4656 = EDGE_CURVE('',#4657,#4649,#4659,.T.);
#4657 = VERTEX_POINT('',#4658);
#4658 = CARTESIAN_POINT('',(1.599977434543,0.325,1.698000909279));
#4659 = CIRCLE('',#4660,0.3);
#4660 = AXIS2_PLACEMENT_3D('',#4661,#4662,#4663);
#4661 = CARTESIAN_POINT('',(1.340957390122,0.325,1.849356836114));
#4662 = DIRECTION('',(-0.,-1.,0.));
#4663 = DIRECTION('',(0.863400148069,-0.,-0.504519756118));
#4664 = ORIENTED_EDGE('',*,*,#4665,.F.);
#4665 = EDGE_CURVE('',#4666,#4657,#4668,.T.);
#4666 = VERTEX_POINT('',#4667);
#4667 = CARTESIAN_POINT('',(1.42,0.325,1.39));
#4668 = LINE('',#4669,#4670);
#4669 = CARTESIAN_POINT('',(1.42,0.325,1.39));
#4670 = VECTOR('',#4671,1.);
#4671 = DIRECTION('',(0.504519756118,-0.,0.863400148069));
#4672 = ORIENTED_EDGE('',*,*,#4673,.F.);
#4673 = EDGE_CURVE('',#4674,#4666,#4676,.T.);
#4674 = VERTEX_POINT('',#4675);
#4675 = CARTESIAN_POINT('',(1.333659985193,0.325,1.440451975612));
#4676 = LINE('',#4677,#4678);
#4677 = CARTESIAN_POINT('',(1.333659985193,0.325,1.440451975612));
#4678 = VECTOR('',#4679,1.);
#4679 = DIRECTION('',(0.863400148069,-0.,-0.504519756118));
#4680 = ORIENTED_EDGE('',*,*,#4681,.F.);
#4681 = EDGE_CURVE('',#4682,#4674,#4684,.T.);
#4682 = VERTEX_POINT('',#4683);
#4683 = CARTESIAN_POINT('',(1.513637419736,0.325,1.748452884891));
#4684 = LINE('',#4685,#4686);
#4685 = CARTESIAN_POINT('',(1.513637419736,0.325,1.748452884891));
#4686 = VECTOR('',#4687,1.);
#4687 = DIRECTION('',(-0.504519756118,0.,-0.863400148069));
#4688 = ORIENTED_EDGE('',*,*,#4689,.T.);
#4689 = EDGE_CURVE('',#4682,#4690,#4692,.T.);
#4690 = VERTEX_POINT('',#4691);
#4691 = CARTESIAN_POINT('',(1.528726253404,0.325,1.918225217696));
#4692 = CIRCLE('',#4693,0.2);
#4693 = AXIS2_PLACEMENT_3D('',#4694,#4695,#4696);
#4694 = CARTESIAN_POINT('',(1.340957390122,0.325,1.849356836114));
#4695 = DIRECTION('',(-0.,-1.,0.));
#4696 = DIRECTION('',(0.863400148069,-0.,-0.504519756118));
#4697 = ORIENTED_EDGE('',*,*,#4698,.F.);
#4698 = EDGE_CURVE('',#4699,#4690,#4701,.T.);
#4699 = VERTEX_POINT('',#4700);
#4700 = CARTESIAN_POINT('',(1.337768863282,0.325,2.438868381582));
#4701 = LINE('',#4702,#4703);
#4702 = CARTESIAN_POINT('',(1.337768863282,0.325,2.438868381582));
#4703 = VECTOR('',#4704,1.);
#4704 = DIRECTION('',(0.34434190791,-0.,-0.938844316411));
#4705 = ORIENTED_EDGE('',*,*,#4706,.T.);
#4706 = EDGE_CURVE('',#4699,#4707,#4709,.T.);
#4707 = VERTEX_POINT('',#4708);
#4708 = CARTESIAN_POINT('',(0.962231136718,0.325,2.438868381582));
#4709 = CIRCLE('',#4710,0.2);
#4710 = AXIS2_PLACEMENT_3D('',#4711,#4712,#4713);
#4711 = CARTESIAN_POINT('',(1.15,0.325,2.37));
#4712 = DIRECTION('',(0.,-1.,-0.));
#4713 = DIRECTION('',(0.938844316411,-0.,0.34434190791));
#4714 = ORIENTED_EDGE('',*,*,#4715,.F.);
#4715 = EDGE_CURVE('',#4716,#4707,#4718,.T.);
#4716 = VERTEX_POINT('',#4717);
#4717 = CARTESIAN_POINT('',(0.561653294923,0.325,1.346697427627));
#4718 = LINE('',#4719,#4720);
#4719 = CARTESIAN_POINT('',(0.561653294923,0.325,1.346697427627));
#4720 = VECTOR('',#4721,1.);
#4721 = DIRECTION('',(0.34434190791,-0.,0.938844316411));
#4722 = ORIENTED_EDGE('',*,*,#4723,.F.);
#4723 = EDGE_CURVE('',#4575,#4716,#4724,.T.);
#4724 = CIRCLE('',#4725,0.3);
#4725 = AXIS2_PLACEMENT_3D('',#4726,#4727,#4728);
#4726 = CARTESIAN_POINT('',(0.28,0.325,1.45));
#4727 = DIRECTION('',(-0.,-1.,0.));
#4728 = DIRECTION('',(-0.,0.,-1.));
#4729 = ORIENTED_EDGE('',*,*,#4574,.F.);
#4730 = PLANE('',#4731);
#4731 = AXIS2_PLACEMENT_3D('',#4732,#4733,#4734);
#4732 = CARTESIAN_POINT('',(1.8,0.325,0.1));
#4733 = DIRECTION('',(-0.,-1.,-0.));
#4734 = DIRECTION('',(1.,0.,0.));
#4735 = ADVANCED_FACE('',(#4736),#4763,.F.);
#4736 = FACE_BOUND('',#4737,.T.);
#4737 = EDGE_LOOP('',(#4738,#4739,#4740,#4748,#4762));
#4738 = ORIENTED_EDGE('',*,*,#4391,.T.);
#4739 = ORIENTED_EDGE('',*,*,#4260,.T.);
#4740 = ORIENTED_EDGE('',*,*,#4741,.T.);
#4741 = EDGE_CURVE('',#4253,#4742,#4744,.T.);
#4742 = VERTEX_POINT('',#4743);
#4743 = CARTESIAN_POINT('',(-0.499739923434,0.363150731116,
    1.219658787324));
#4744 = LINE('',#4745,#4746);
#4745 = CARTESIAN_POINT('',(-0.499739923434,0.363150731116,1.11863836364
    ));
#4746 = VECTOR('',#4747,1.);
#4747 = DIRECTION('',(-1.406730856689E-13,8.901968702482E-14,1.));
#4748 = ORIENTED_EDGE('',*,*,#4749,.T.);
#4749 = EDGE_CURVE('',#4742,#4598,#4750,.T.);
#4750 = B_SPLINE_CURVE_WITH_KNOTS('',3,(#4751,#4752,#4753,#4754,#4755,
    #4756,#4757,#4758,#4759,#4760,#4761),.UNSPECIFIED.,.F.,.F.,(4,1,1,1,
    1,1,1,1,4),(0.,0.125,0.25,0.375,0.5,0.625,0.75,0.875,1.),
  .QUASI_UNIFORM_KNOTS.);
#4751 = CARTESIAN_POINT('',(-0.499739923434,0.363150731116,
    1.219658787324));
#4752 = CARTESIAN_POINT('',(-0.494792224691,0.360050615851,
    1.220356152385));
#4753 = CARTESIAN_POINT('',(-0.484708198657,0.354213497321,
    1.221753123236));
#4754 = CARTESIAN_POINT('',(-0.468980440264,0.346522181085,
    1.223851395795));
#4755 = CARTESIAN_POINT('',(-0.452764886479,0.339954611883,
    1.225928857861));
#4756 = CARTESIAN_POINT('',(-0.436128580143,0.334535286922,
    1.227969874489));
#4757 = CARTESIAN_POINT('',(-0.419151950959,0.33029166582,1.229958440506
    ));
#4758 = CARTESIAN_POINT('',(-0.401918868232,0.327244303929,
    1.231879973578));
#4759 = CARTESIAN_POINT('',(-0.384497567568,0.325408578425,
    1.233723164384));
#4760 = CARTESIAN_POINT('',(-0.372843824129,0.325,1.234889419513));
#4761 = CARTESIAN_POINT('',(-0.367,0.325,1.235457465553));
#4762 = ORIENTED_EDGE('',*,*,#4597,.F.);
#4763 = CYLINDRICAL_SURFACE('',#4764,0.25);
#4764 = AXIS2_PLACEMENT_3D('',#4765,#4766,#4767);
#4765 = CARTESIAN_POINT('',(-0.367,0.575,0.1));
#4766 = DIRECTION('',(-0.,-0.,1.));
#4767 = DIRECTION('',(-0.,1.,-0.));
#4768 = ADVANCED_FACE('',(#4769),#4796,.F.);
#4769 = FACE_BOUND('',#4770,.T.);
#4770 = EDGE_LOOP('',(#4771,#4772,#4780,#4788,#4795));
#4771 = ORIENTED_EDGE('',*,*,#4252,.T.);
#4772 = ORIENTED_EDGE('',*,*,#4773,.T.);
#4773 = EDGE_CURVE('',#4244,#4774,#4776,.T.);
#4774 = VERTEX_POINT('',#4775);
#4775 = CARTESIAN_POINT('',(-0.657260076566,0.461849268884,
    1.196880684159));
#4776 = LINE('',#4777,#4778);
#4777 = CARTESIAN_POINT('',(-0.657260076566,0.461849268884,
    1.095838603501));
#4778 = VECTOR('',#4779,1.);
#4779 = DIRECTION('',(-0.,-0.,1.));
#4780 = ORIENTED_EDGE('',*,*,#4781,.F.);
#4781 = EDGE_CURVE('',#4782,#4774,#4784,.T.);
#4782 = VERTEX_POINT('',#4783);
#4783 = CARTESIAN_POINT('',(-0.51115180952,0.370301158839,1.218028666667
    ));
#4784 = LINE('',#4785,#4786);
#4785 = CARTESIAN_POINT('',(-0.51115180952,0.370301158839,1.218028666667
    ));
#4786 = VECTOR('',#4787,1.);
#4787 = DIRECTION('',(-0.841093999772,0.527010330123,-0.121741510962));
#4788 = ORIENTED_EDGE('',*,*,#4789,.F.);
#4789 = EDGE_CURVE('',#4742,#4782,#4790,.T.);
#4790 = B_SPLINE_CURVE_WITH_KNOTS('',3,(#4791,#4792,#4793,#4794),
  .UNSPECIFIED.,.F.,.F.,(4,4),(0.,1.),.PIECEWISE_BEZIER_KNOTS.);
#4791 = CARTESIAN_POINT('',(-0.499739923434,0.363150731116,
    1.219658787324));
#4792 = CARTESIAN_POINT('',(-0.503544615002,0.365534664136,
    1.219122526103));
#4793 = CARTESIAN_POINT('',(-0.507348577138,0.367918140111,1.2185791536)
  );
#4794 = CARTESIAN_POINT('',(-0.51115180952,0.370301158838,1.218028666667
    ));
#4795 = ORIENTED_EDGE('',*,*,#4741,.F.);
#4796 = PLANE('',#4797);
#4797 = AXIS2_PLACEMENT_3D('',#4798,#4799,#4800);
#4798 = CARTESIAN_POINT('',(-0.499739923434,0.363150731116,0.1));
#4799 = DIRECTION('',(-0.530959693737,-0.847397075536,-0.));
#4800 = DIRECTION('',(0.847397075536,-0.530959693737,0.));
#4801 = ADVANCED_FACE('',(#4802),#4814,.T.);
#4802 = FACE_BOUND('',#4803,.T.);
#4803 = EDGE_LOOP('',(#4804,#4805,#4812,#4813));
#4804 = ORIENTED_EDGE('',*,*,#797,.T.);
#4805 = ORIENTED_EDGE('',*,*,#4806,.T.);
#4806 = EDGE_CURVE('',#790,#4774,#4807,.T.);
#4807 = B_SPLINE_CURVE_WITH_KNOTS('',3,(#4808,#4809,#4810,#4811),
  .UNSPECIFIED.,.F.,.F.,(4,4),(0.,1.),.PIECEWISE_BEZIER_KNOTS.);
#4808 = CARTESIAN_POINT('',(-0.79,0.5,1.177667660588));
#4809 = CARTESIAN_POINT('',(-0.742167775198,0.5,1.18459098583));
#4810 = CARTESIAN_POINT('',(-0.697910717452,0.487320033958,
    1.190996834739));
#4811 = CARTESIAN_POINT('',(-0.657260076566,0.461849268884,
    1.196880684159));
#4812 = ORIENTED_EDGE('',*,*,#4773,.F.);
#4813 = ORIENTED_EDGE('',*,*,#4243,.T.);
#4814 = SURFACE_OF_LINEAR_EXTRUSION('',#4815,#4820);
#4815 = ELLIPSE('',#4816,0.25,0.25);
#4816 = AXIS2_PLACEMENT_3D('',#4817,#4818,#4819);
#4817 = CARTESIAN_POINT('',(-0.79,0.25,0.1));
#4818 = DIRECTION('',(-0.,0.,1.));
#4819 = DIRECTION('',(-0.,1.,-0.));
#4820 = VECTOR('',#4821,1.);
#4821 = DIRECTION('',(-0.,-0.,1.));
#4822 = ADVANCED_FACE('',(#4823),#4849,.T.);
#4823 = FACE_BOUND('',#4824,.T.);
#4824 = EDGE_LOOP('',(#4825,#4826,#4832,#4833,#4834,#4835,#4841,#4842));
#4825 = ORIENTED_EDGE('',*,*,#4310,.F.);
#4826 = ORIENTED_EDGE('',*,*,#4827,.T.);
#4827 = EDGE_CURVE('',#4302,#4782,#4828,.T.);
#4828 = LINE('',#4829,#4830);
#4829 = CARTESIAN_POINT('',(-0.51115180952,-0.370301158839,
    1.218028666667));
#4830 = VECTOR('',#4831,1.);
#4831 = DIRECTION('',(-0.,1.,-0.));
#4832 = ORIENTED_EDGE('',*,*,#4781,.T.);
#4833 = ORIENTED_EDGE('',*,*,#4806,.F.);
#4834 = ORIENTED_EDGE('',*,*,#789,.T.);
#4835 = ORIENTED_EDGE('',*,*,#4836,.F.);
#4836 = EDGE_CURVE('',#82,#781,#4837,.T.);
#4837 = LINE('',#4838,#4839);
#4838 = CARTESIAN_POINT('',(-0.842974727038,-0.5,1.17));
#4839 = VECTOR('',#4840,1.);
#4840 = DIRECTION('',(-0.,1.,-0.));
#4841 = ORIENTED_EDGE('',*,*,#81,.F.);
#4842 = ORIENTED_EDGE('',*,*,#4843,.F.);
#4843 = EDGE_CURVE('',#4311,#74,#4844,.T.);
#4844 = B_SPLINE_CURVE_WITH_KNOTS('',3,(#4845,#4846,#4847,#4848),
  .UNSPECIFIED.,.F.,.F.,(4,4),(0.,1.),.PIECEWISE_BEZIER_KNOTS.);
#4845 = CARTESIAN_POINT('',(-0.657260076566,-0.461849268884,
    1.196880684159));
#4846 = CARTESIAN_POINT('',(-0.697910717452,-0.487320033958,
    1.190996834739));
#4847 = CARTESIAN_POINT('',(-0.742167775198,-0.5,1.18459098583));
#4848 = CARTESIAN_POINT('',(-0.79,-0.5,1.177667660588));
#4849 = PLANE('',#4850);
#4850 = AXIS2_PLACEMENT_3D('',#4851,#4852,#4853);
#4851 = CARTESIAN_POINT('',(-0.51115180952,-0.5,1.218028666667));
#4852 = DIRECTION('',(-0.143249090127,-0.,0.989686666667));
#4853 = DIRECTION('',(0.989686666667,-0.,0.143249090127));
#4854 = ADVANCED_FACE('',(#4855),#4870,.T.);
#4855 = FACE_BOUND('',#4856,.F.);
#4856 = EDGE_LOOP('',(#4857,#4858,#4859,#4860,#4861,#4867,#4868,#4869));
#4857 = ORIENTED_EDGE('',*,*,#4827,.T.);
#4858 = ORIENTED_EDGE('',*,*,#4789,.F.);
#4859 = ORIENTED_EDGE('',*,*,#4749,.T.);
#4860 = ORIENTED_EDGE('',*,*,#4605,.F.);
#4861 = ORIENTED_EDGE('',*,*,#4862,.F.);
#4862 = EDGE_CURVE('',#4549,#4606,#4863,.T.);
#4863 = LINE('',#4864,#4865);
#4864 = CARTESIAN_POINT('',(-6.7079630126E-02,-0.325,1.25));
#4865 = VECTOR('',#4866,1.);
#4866 = DIRECTION('',(-0.,1.,-0.));
#4867 = ORIENTED_EDGE('',*,*,#4556,.T.);
#4868 = ORIENTED_EDGE('',*,*,#4356,.T.);
#4869 = ORIENTED_EDGE('',*,*,#4301,.T.);
#4870 = CYLINDRICAL_SURFACE('',#4871,3.1);
#4871 = AXIS2_PLACEMENT_3D('',#4872,#4873,#4874);
#4872 = CARTESIAN_POINT('',(-6.7079630126E-02,-0.5,-1.85));
#4873 = DIRECTION('',(-0.,1.,-0.));
#4874 = DIRECTION('',(1.,-0.,-0.));
#4875 = ADVANCED_FACE('',(#4876),#4887,.T.);
#4876 = FACE_BOUND('',#4877,.T.);
#4877 = EDGE_LOOP('',(#4878,#4879,#4885,#4886));
#4878 = ORIENTED_EDGE('',*,*,#4548,.F.);
#4879 = ORIENTED_EDGE('',*,*,#4880,.T.);
#4880 = EDGE_CURVE('',#4540,#4615,#4881,.T.);
#4881 = LINE('',#4882,#4883);
#4882 = CARTESIAN_POINT('',(0.28,-0.325,1.25));
#4883 = VECTOR('',#4884,1.);
#4884 = DIRECTION('',(-0.,1.,-0.));
#4885 = ORIENTED_EDGE('',*,*,#4614,.T.);
#4886 = ORIENTED_EDGE('',*,*,#4862,.F.);
#4887 = PLANE('',#4888);
#4888 = AXIS2_PLACEMENT_3D('',#4889,#4890,#4891);
#4889 = CARTESIAN_POINT('',(0.28,-0.5,1.25));
#4890 = DIRECTION('',(-0.,-0.,1.));
#4891 = DIRECTION('',(1.,-0.,0.));
#4892 = ADVANCED_FACE('',(#4893),#4904,.F.);
#4893 = FACE_BOUND('',#4894,.T.);
#4894 = EDGE_LOOP('',(#4895,#4896,#4902,#4903));
#4895 = ORIENTED_EDGE('',*,*,#4539,.T.);
#4896 = ORIENTED_EDGE('',*,*,#4897,.T.);
#4897 = EDGE_CURVE('',#4532,#4623,#4898,.T.);
#4898 = LINE('',#4899,#4900);
#4899 = CARTESIAN_POINT('',(0.467768863282,-0.325,1.381131618418));
#4900 = VECTOR('',#4901,1.);
#4901 = DIRECTION('',(-0.,1.,-0.));
#4902 = ORIENTED_EDGE('',*,*,#4622,.F.);
#4903 = ORIENTED_EDGE('',*,*,#4880,.F.);
#4904 = CYLINDRICAL_SURFACE('',#4905,0.2);
#4905 = AXIS2_PLACEMENT_3D('',#4906,#4907,#4908);
#4906 = CARTESIAN_POINT('',(0.28,-0.5,1.45));
#4907 = DIRECTION('',(-0.,1.,-0.));
#4908 = DIRECTION('',(1.,-0.,-0.));
#4909 = ADVANCED_FACE('',(#4910),#4983,.T.);
#4910 = FACE_BOUND('',#4911,.T.);
#4911 = EDGE_LOOP('',(#4912,#4922,#4937,#4945,#4960,#4968,#4974,#4975,
    #4976,#4977));
#4912 = ORIENTED_EDGE('',*,*,#4913,.F.);
#4913 = EDGE_CURVE('',#4914,#4916,#4918,.T.);
#4914 = VERTEX_POINT('',#4915);
#4915 = CARTESIAN_POINT('',(0.790017104593,-0.134999978534,2.25973779083
    ));
#4916 = VERTEX_POINT('',#4917);
#4917 = CARTESIAN_POINT('',(0.868346705077,-0.135,2.473302572373));
#4918 = LINE('',#4919,#4920);
#4919 = CARTESIAN_POINT('',(0.790017104593,-0.134999978534,2.25973779083
    ));
#4920 = VECTOR('',#4921,1.);
#4921 = DIRECTION('',(0.344341890915,-9.436361411685E-08,0.938844322644)
  );
#4922 = ORIENTED_EDGE('',*,*,#4923,.F.);
#4923 = EDGE_CURVE('',#4924,#4914,#4926,.T.);
#4924 = VERTEX_POINT('',#4925);
#4925 = CARTESIAN_POINT('',(0.757103762868,-1.959577595481E-02,
    2.169999970884));
#4926 = B_SPLINE_CURVE_WITH_KNOTS('',3,(#4927,#4928,#4929,#4930,#4931,
    #4932,#4933,#4934,#4935,#4936),.UNSPECIFIED.,.F.,.F.,(4,1,1,1,1,1,1,
    4),(0.,0.142857142857,0.285714285714,0.428571428571,0.571428571429,
    0.714285714286,0.857142857143,1.),.UNSPECIFIED.);
#4927 = CARTESIAN_POINT('',(0.757103762868,-1.959577595481E-02,
    2.169999970884));
#4928 = CARTESIAN_POINT('',(0.757103788218,-2.801154821069E-02,
    2.170000040002));
#4929 = CARTESIAN_POINT('',(0.757536131678,-4.485229046205E-02,
    2.17117878739));
#4930 = CARTESIAN_POINT('',(0.760043139894,-7.1632507847E-02,
    2.178014129891));
#4931 = CARTESIAN_POINT('',(0.764475779816,-9.550522872785E-02,
    2.190099668893));
#4932 = CARTESIAN_POINT('',(0.770486493941,-0.114560559544,
    2.206487814389));
#4933 = CARTESIAN_POINT('',(0.77721904733,-0.127189950216,2.224844042904
    ));
#4934 = CARTESIAN_POINT('',(0.783953734609,-0.133820350138,
    2.243206098687));
#4935 = CARTESIAN_POINT('',(0.788039976138,-0.134999985477,
    2.254347172464));
#4936 = CARTESIAN_POINT('',(0.790017104593,-0.134999978534,2.25973779083
    ));
#4937 = ORIENTED_EDGE('',*,*,#4938,.T.);
#4938 = EDGE_CURVE('',#4924,#4939,#4941,.T.);
#4939 = VERTEX_POINT('',#4940);
#4940 = CARTESIAN_POINT('',(0.757103775974,1.959587397188E-02,
    2.169999991254));
#4941 = LINE('',#4942,#4943);
#4942 = CARTESIAN_POINT('',(0.757103762868,-1.959577595481E-02,
    2.169999970884));
#4943 = VECTOR('',#4944,1.);
#4944 = DIRECTION('',(3.34429107627E-07,1.,5.197564694012E-07));
#4945 = ORIENTED_EDGE('',*,*,#4946,.F.);
#4946 = EDGE_CURVE('',#4947,#4939,#4949,.T.);
#4947 = VERTEX_POINT('',#4948);
#4948 = CARTESIAN_POINT('',(0.790017109698,0.134999982903,2.259737807184
    ));
#4949 = B_SPLINE_CURVE_WITH_KNOTS('',3,(#4950,#4951,#4952,#4953,#4954,
    #4955,#4956,#4957,#4958,#4959),.UNSPECIFIED.,.F.,.F.,(4,1,1,1,1,1,1,
    4),(0.,0.142857142857,0.285714285714,0.428571428571,0.571428571429,
    0.714285714286,0.857142857143,1.),.UNSPECIFIED.);
#4950 = CARTESIAN_POINT('',(0.790017109698,0.134999982903,2.259737807184
    ));
#4951 = CARTESIAN_POINT('',(0.788010632909,0.134999968905,2.254267170918
    ));
#4952 = CARTESIAN_POINT('',(0.783863314518,0.133785278121,2.242959568191
    ));
#4953 = CARTESIAN_POINT('',(0.777022824591,0.1269477379,2.224309044166)
  );
#4954 = CARTESIAN_POINT('',(0.770189519175,0.113871790938,2.20567811583)
  );
#4955 = CARTESIAN_POINT('',(0.764178782256,9.428334484696E-02,
    2.189289908939));
#4956 = CARTESIAN_POINT('',(0.759882318618,7.033725997246E-02,
    2.177575650584));
#4957 = CARTESIAN_POINT('',(0.757509996448,4.4119218161E-02,
    2.171107537112));
#4958 = CARTESIAN_POINT('',(0.757103784148,2.773467255064E-02,
    2.170000013539));
#4959 = CARTESIAN_POINT('',(0.757103775974,1.959587397188E-02,
    2.169999991254));
#4960 = ORIENTED_EDGE('',*,*,#4961,.T.);
#4961 = EDGE_CURVE('',#4947,#4962,#4964,.T.);
#4962 = VERTEX_POINT('',#4963);
#4963 = CARTESIAN_POINT('',(0.868346705077,0.135,2.473302572373));
#4964 = LINE('',#4965,#4966);
#4965 = CARTESIAN_POINT('',(0.790017109698,0.134999982903,2.259737807184
    ));
#4966 = VECTOR('',#4967,1.);
#4967 = DIRECTION('',(0.344341894374,7.515767287748E-08,0.938844321375)
  );
#4968 = ORIENTED_EDGE('',*,*,#4969,.T.);
#4969 = EDGE_CURVE('',#4962,#4632,#4970,.T.);
#4970 = LINE('',#4971,#4972);
#4971 = CARTESIAN_POINT('',(0.868346705077,0.135,2.473302572373));
#4972 = VECTOR('',#4973,1.);
#4973 = DIRECTION('',(-0.,1.,-0.));
#4974 = ORIENTED_EDGE('',*,*,#4631,.T.);
#4975 = ORIENTED_EDGE('',*,*,#4897,.F.);
#4976 = ORIENTED_EDGE('',*,*,#4531,.F.);
#4977 = ORIENTED_EDGE('',*,*,#4978,.T.);
#4978 = EDGE_CURVE('',#4523,#4916,#4979,.T.);
#4979 = LINE('',#4980,#4981);
#4980 = CARTESIAN_POINT('',(0.868346705077,-0.325,2.473302572373));
#4981 = VECTOR('',#4982,1.);
#4982 = DIRECTION('',(-0.,1.,-0.));
#4983 = PLANE('',#4984);
#4984 = AXIS2_PLACEMENT_3D('',#4985,#4986,#4987);
#4985 = CARTESIAN_POINT('',(0.868346705077,-0.5,2.473302572373));
#4986 = DIRECTION('',(-0.938844316411,-0.,0.34434190791));
#4987 = DIRECTION('',(0.34434190791,-0.,0.938844316411));
#4988 = ADVANCED_FACE('',(#4989),#5032,.T.);
#4989 = FACE_BOUND('',#4990,.F.);
#4990 = EDGE_LOOP('',(#4991,#4992,#4999,#5000,#5017));
#4991 = ORIENTED_EDGE('',*,*,#4961,.T.);
#4992 = ORIENTED_EDGE('',*,*,#4993,.F.);
#4993 = EDGE_CURVE('',#4916,#4962,#4994,.T.);
#4994 = CIRCLE('',#4995,0.31875);
#4995 = AXIS2_PLACEMENT_3D('',#4996,#4997,#4998);
#4996 = CARTESIAN_POINT('',(1.13943800144,0.,2.373873846464));
#4997 = DIRECTION('',(-0.34434190791,-3.976238155681E-18,-0.938844316411
    ));
#4998 = DIRECTION('',(-0.850482498396,-0.423529411765,0.311933257754));
#4999 = ORIENTED_EDGE('',*,*,#4913,.F.);
#5000 = ORIENTED_EDGE('',*,*,#5001,.T.);
#5001 = EDGE_CURVE('',#4914,#5002,#5004,.T.);
#5002 = VERTEX_POINT('',#5003);
#5003 = CARTESIAN_POINT('',(0.765217123253,0.,2.279243643693));
#5004 = B_SPLINE_CURVE_WITH_KNOTS('',3,(#5005,#5006,#5007,#5008,#5009,
    #5010,#5011,#5012,#5013,#5014,#5015,#5016),.UNSPECIFIED.,.F.,.F.,(4,
    1,1,1,1,1,1,1,1,4),(0.,0.111111111111,0.222222222222,0.333333333333,
    0.444444444444,0.555555555556,0.666666666667,0.777777777778,
    0.888888888889,1.),.UNSPECIFIED.);
#5005 = CARTESIAN_POINT('',(0.790017104593,-0.134999978534,2.25973779083
    ));
#5006 = CARTESIAN_POINT('',(0.788427803996,-0.131491939452,
    2.260167696995));
#5007 = CARTESIAN_POINT('',(0.785252219208,-0.124044859245,
    2.261172032147));
#5008 = CARTESIAN_POINT('',(0.780605033184,-0.111469842325,
    2.263071495079));
#5009 = CARTESIAN_POINT('',(0.776288801016,-9.766184647611E-02,
    2.265277337972));
#5010 = CARTESIAN_POINT('',(0.772443678355,-8.262076378233E-02,
    2.26772022196));
#5011 = CARTESIAN_POINT('',(0.7692849099,-6.66852849759E-02,
    2.270268703348));
#5012 = CARTESIAN_POINT('',(0.767032117303,-5.088230209271E-02,
    2.27269322774));
#5013 = CARTESIAN_POINT('',(0.765598342012,-3.555399145719E-02,
    2.274900550645));
#5014 = CARTESIAN_POINT('',(0.764851885582,-1.856053409384E-02,
    2.277158435718));
#5015 = CARTESIAN_POINT('',(0.764968048097,-6.3396757073E-03,
    2.278562343444));
#5016 = CARTESIAN_POINT('',(0.765217123253,0.,2.279243643693));
#5017 = ORIENTED_EDGE('',*,*,#5018,.T.);
#5018 = EDGE_CURVE('',#5002,#4947,#5019,.T.);
#5019 = B_SPLINE_CURVE_WITH_KNOTS('',3,(#5020,#5021,#5022,#5023,#5024,
    #5025,#5026,#5027,#5028,#5029,#5030,#5031),.UNSPECIFIED.,.F.,.F.,(4,
    1,1,1,1,1,1,1,1,4),(0.,0.111111111111,0.222222222222,0.333333333333,
    0.444444444444,0.555555555556,0.666666666667,0.777777777778,
    0.888888888889,1.),.UNSPECIFIED.);
#5020 = CARTESIAN_POINT('',(0.765217123253,0.,2.279243643693));
#5021 = CARTESIAN_POINT('',(0.764979710877,6.063260164002E-03,
    2.278594964271));
#5022 = CARTESIAN_POINT('',(0.764861945192,1.787586583359E-02,
    2.277236579261));
#5023 = CARTESIAN_POINT('',(0.765477826525,3.370051168851E-02,
    2.27515721429));
#5024 = CARTESIAN_POINT('',(0.766935286191,5.030647237711E-02,
    2.272784529811));
#5025 = CARTESIAN_POINT('',(0.769373980316,6.726159522302E-02,
    2.270179039573));
#5026 = CARTESIAN_POINT('',(0.772580321209,8.320483288329E-02,
    2.267625285721));
#5027 = CARTESIAN_POINT('',(0.776410368046,9.808235806905E-02,
    2.265209164476));
#5028 = CARTESIAN_POINT('',(0.78071183793,0.111776380264,2.263023683406)
  );
#5029 = CARTESIAN_POINT('',(0.785313416364,0.124191562642,2.261151605032
    ));
#5030 = CARTESIAN_POINT('',(0.788450292693,0.131541434586,2.260161703756
    ));
#5031 = CARTESIAN_POINT('',(0.790017109698,0.134999982903,2.259737807184
    ));
#5032 = CYLINDRICAL_SURFACE('',#5033,0.31875);
#5033 = AXIS2_PLACEMENT_3D('',#5034,#5035,#5036);
#5034 = CARTESIAN_POINT('',(1.028195077966,0.,2.070571274091));
#5035 = DIRECTION('',(0.34434190791,-0.,0.938844316411));
#5036 = DIRECTION('',(-0.938844316411,-0.,0.34434190791));
#5037 = ADVANCED_FACE('',(#5038),#5051,.F.);
#5038 = FACE_BOUND('',#5039,.F.);
#5039 = EDGE_LOOP('',(#5040,#5041,#5042));
#5040 = ORIENTED_EDGE('',*,*,#4946,.F.);
#5041 = ORIENTED_EDGE('',*,*,#5018,.F.);
#5042 = ORIENTED_EDGE('',*,*,#5043,.T.);
#5043 = EDGE_CURVE('',#5002,#4939,#5044,.T.);
#5044 = B_SPLINE_CURVE_WITH_KNOTS('',3,(#5045,#5046,#5047,#5048,#5049,
    #5050),.UNSPECIFIED.,.F.,.F.,(4,1,1,4),(0.,0.333333333333,
    0.666666666667,1.),.UNSPECIFIED.);
#5045 = CARTESIAN_POINT('',(0.765217123253,0.,2.279243643693));
#5046 = CARTESIAN_POINT('',(0.760699580007,2.425976063273E-03,
    2.266925274029));
#5047 = CARTESIAN_POINT('',(0.75438373704,6.930508816727E-03,
    2.241885788948));
#5048 = CARTESIAN_POINT('',(0.751963904245,1.314045983688E-02,
    2.20714522909));
#5049 = CARTESIAN_POINT('',(0.754572712768,1.745348652651E-02,
    2.182279527769));
#5050 = CARTESIAN_POINT('',(0.757103775974,1.959587397188E-02,
    2.169999991254));
#5051 = ( BOUNDED_SURFACE() B_SPLINE_SURFACE(3,3,(
    (#5052,#5053,#5054,#5055,#5056,#5057,#5058,#5059,#5060,#5061,#5062
      ,#5063,#5064,#5065)
    ,(#5066,#5067,#5068,#5069,#5070,#5071,#5072,#5073,#5074,#5075,#5076
      ,#5077,#5078,#5079)
    ,(#5080,#5081,#5082,#5083,#5084,#5085,#5086,#5087,#5088,#5089,#5090
      ,#5091,#5092,#5093)
    ,(#5094,#5095,#5096,#5097,#5098,#5099,#5100,#5101,#5102,#5103,#5104
      ,#5105,#5106,#5107
)),.UNSPECIFIED.,.F.,.F.,.F.) B_SPLINE_SURFACE_WITH_KNOTS((4,4),(4,1,1,1
    ,1,1,1,1,1,1,1,4),(0.,1.),(-8.522304815063E-03,0.,6.30202420142E-02,
    0.122019453167,0.183264900643,0.247045074606,0.31023662384,
    0.37245417672,0.433791800236,0.494255098606,0.553920804043,
0.567428215141),.UNSPECIFIED.) GEOMETRIC_REPRESENTATION_ITEM() 
RATIONAL_B_SPLINE_SURFACE((
    (1.025068493792,1.025068493792,1.025068493792,1.025068493792
      ,1.025068493792,1.025068493792,1.025068493792,1.025068493792
      ,1.025068493792,1.025068493792,1.025068493792,1.025068493792
      ,1.025068493792,1.025068493792)
    ,(0.991643835403,0.991643835403,0.991643835403,0.991643835403
      ,0.991643835403,0.991643835403,0.991643835403,0.991643835403
      ,0.991643835403,0.991643835403,0.991643835403,0.991643835403
      ,0.991643835403,0.991643835403)
    ,(0.991643835403,0.991643835403,0.991643835403,0.991643835403
      ,0.991643835403,0.991643835403,0.991643835403,0.991643835403
      ,0.991643835403,0.991643835403,0.991643835403,0.991643835403
      ,0.991643835403,0.991643835403)
    ,(1.025068493792,1.025068493792,1.025068493792,1.025068493792
      ,1.025068493792,1.025068493792,1.025068493792,1.025068493792
      ,1.025068493792,1.025068493792,1.025068493792,1.025068493792
,1.025068493792,1.025068493792))) REPRESENTATION_ITEM('') SURFACE() );
#5052 = CARTESIAN_POINT('',(0.767102974798,-1.050159055145E-03,
    2.284183871236));
#5053 = CARTESIAN_POINT('',(0.767069000011,-2.336524223126E-04,
    2.284098388565));
#5054 = CARTESIAN_POINT('',(0.766808366224,6.613254004993E-03,
    2.283372641274));
#5055 = CARTESIAN_POINT('',(0.766709457469,1.899777512047E-02,
    2.281926013416));
#5056 = CARTESIAN_POINT('',(0.767476991471,3.621948151556E-02,
    2.279645870567));
#5057 = CARTESIAN_POINT('',(0.769121203067,5.311908201297E-02,
    2.277196771077));
#5058 = CARTESIAN_POINT('',(0.771677091272,6.982453342059E-02,
    2.274613964981));
#5059 = CARTESIAN_POINT('',(0.775044271628,8.582474884179E-02,
    2.2720457371));
#5060 = CARTESIAN_POINT('',(0.779019910709,0.100665923695,2.269643342832
    ));
#5061 = CARTESIAN_POINT('',(0.783415711783,0.114193241159,2.267505199316
    ));
#5062 = CARTESIAN_POINT('',(0.788035180881,0.126305437642,2.265710033436
    ));
#5063 = CARTESIAN_POINT('',(0.791493186793,0.134221674642,2.264671630237
    ));
#5064 = CARTESIAN_POINT('',(0.793349535127,0.138186178619,2.264210895531
    ));
#5065 = CARTESIAN_POINT('',(0.793690475195,0.138905139901,2.264129557084
    ));
#5066 = CARTESIAN_POINT('',(0.752729224293,-1.190989334176E-02,
    2.247968634262));
#5067 = CARTESIAN_POINT('',(0.752669359175,-1.109267324288E-02,
    2.24789329659));
#5068 = CARTESIAN_POINT('',(0.75219065665,-4.230873885453E-03,
    2.2472503848));
#5069 = CARTESIAN_POINT('',(0.751685626992,8.31794959328E-03,
    2.245919578762));
#5070 = CARTESIAN_POINT('',(0.751909906463,2.610381094909E-02,
    2.243706303318));
#5071 = CARTESIAN_POINT('',(0.753089757739,4.390251334777E-02,
    2.241216735418));
#5072 = CARTESIAN_POINT('',(0.755318720684,6.189073807505E-02,
    2.238471327159));
#5073 = CARTESIAN_POINT('',(0.758581501466,7.956635912492E-02,
    2.235616864928));
#5074 = CARTESIAN_POINT('',(0.762752419814,9.646156494822E-02,
    2.232825783485));
#5075 = CARTESIAN_POINT('',(0.767719399172,0.112436522301,2.230233025734
    ));
#5076 = CARTESIAN_POINT('',(0.773373596915,0.12742489001,2.227978579806)
  );
#5077 = CARTESIAN_POINT('',(0.778029220939,0.137848755431,2.22666989074)
  );
#5078 = CARTESIAN_POINT('',(0.78072690377,0.143341513808,2.226128319003)
  );
#5079 = CARTESIAN_POINT('',(0.781229897115,0.14434812513,2.226034964475)
  );
#5080 = CARTESIAN_POINT('',(0.750671957401,-2.22344077841E-02,
    2.208914142302));
#5081 = CARTESIAN_POINT('',(0.750587471466,-2.144851900716E-02,
    2.208848457749));
#5082 = CARTESIAN_POINT('',(0.74990043376,-1.484094717413E-02,
    2.208284696026));
#5083 = CARTESIAN_POINT('',(0.748992787347,-2.620849174939E-03,
    2.207069766719));
#5084 = CARTESIAN_POINT('',(0.748642886345,1.502829973929E-02,
    2.204940056142));
#5085 = CARTESIAN_POINT('',(0.749291296874,3.302262737357E-02,
    2.202443148888));
#5086 = CARTESIAN_POINT('',(0.751086684608,5.158030611389E-02,
    2.199585681738));
#5087 = CARTESIAN_POINT('',(0.754100372267,7.022780108805E-02,
    2.196511181236));
#5088 = CARTESIAN_POINT('',(0.758289330055,8.850172307366E-02,
    2.193409243981));
#5089 = CARTESIAN_POINT('',(0.763622093758,0.106282610567,2.190447119554
    ));
#5090 = CARTESIAN_POINT('',(0.770081425106,0.123541426259,2.18782082922)
  );
#5091 = CARTESIAN_POINT('',(0.775747796786,0.136048471838,2.186303558713
    ));
#5092 = CARTESIAN_POINT('',(0.77917891951,0.142844524897,2.185711510918)
  );
#5093 = CARTESIAN_POINT('',(0.779823858061,0.144097512143,2.185611597304
    ));
#5094 = CARTESIAN_POINT('',(0.761132419531,-3.101374050053E-02,
    2.170840773391));
#5095 = CARTESIAN_POINT('',(0.761026990744,-3.028816294935E-02,
    2.170783305794));
#5096 = CARTESIAN_POINT('',(0.760161731123,-2.417907011855E-02,
    2.170287266103));
#5097 = CARTESIAN_POINT('',(0.758894356771,-1.274856894604E-02,
    2.169176933178));
#5098 = CARTESIAN_POINT('',(0.757995516682,4.076373572074E-03,
    2.167139310469));
#5099 = CARTESIAN_POINT('',(0.758097392492,2.154371337698E-02,
    2.164668910864));
#5100 = CARTESIAN_POINT('',(0.759394968143,3.990182184606E-02,
    2.161760889889));
#5101 = CARTESIAN_POINT('',(0.762039235851,5.872258864987E-02,
    2.158554071724));
#5102 = CARTESIAN_POINT('',(0.766067228602,7.756504358703E-02,
    2.155249518471));
#5103 = CARTESIAN_POINT('',(0.771524601051,9.633349225903E-02,
    2.152039407013));
#5104 = CARTESIAN_POINT('',(0.778480711401,0.115034933537,2.14916508238)
  );
#5105 = CARTESIAN_POINT('',(0.784872087194,0.128996930719,2.147521338655
    ));
#5106 = CARTESIAN_POINT('',(0.788857008847,0.136743828201,2.146914113432
    ));
#5107 = CARTESIAN_POINT('',(0.789609899206,0.138177816335,2.146813739348
    ));
#5108 = ADVANCED_FACE('',(#5109),#5122,.T.);
#5109 = FACE_BOUND('',#5110,.F.);
#5110 = EDGE_LOOP('',(#5111,#5120,#5121));
#5111 = ORIENTED_EDGE('',*,*,#5112,.F.);
#5112 = EDGE_CURVE('',#4924,#5002,#5113,.T.);
#5113 = B_SPLINE_CURVE_WITH_KNOTS('',3,(#5114,#5115,#5116,#5117,#5118,
    #5119),.UNSPECIFIED.,.F.,.F.,(4,1,1,4),(0.,0.333333333333,
    0.666666666667,1.),.UNSPECIFIED.);
#5114 = CARTESIAN_POINT('',(0.757103762868,-1.959577595481E-02,
    2.169999970884));
#5115 = CARTESIAN_POINT('',(0.754821707096,-1.766338007142E-02,
    2.181071405034));
#5116 = CARTESIAN_POINT('',(0.752013432186,-1.364728342009E-02,
    2.204279157206));
#5117 = CARTESIAN_POINT('',(0.754135653959,-7.079535597239E-03,
    2.241053978328));
#5118 = CARTESIAN_POINT('',(0.76057984912,-2.518268096298E-03,
    2.266598059397));
#5119 = CARTESIAN_POINT('',(0.765217123253,0.,2.279243643693));
#5120 = ORIENTED_EDGE('',*,*,#4938,.T.);
#5121 = ORIENTED_EDGE('',*,*,#5043,.F.);
#5122 = CYLINDRICAL_SURFACE('',#5123,0.2);
#5123 = AXIS2_PLACEMENT_3D('',#5124,#5125,#5126);
#5124 = CARTESIAN_POINT('',(0.952985986535,-0.325,2.210375262111));
#5125 = DIRECTION('',(-0.,1.,-0.));
#5126 = DIRECTION('',(-0.,0.,-1.));
#5127 = ADVANCED_FACE('',(#5128),#5133,.F.);
#5128 = FACE_BOUND('',#5129,.F.);
#5129 = EDGE_LOOP('',(#5130,#5131,#5132));
#5130 = ORIENTED_EDGE('',*,*,#5001,.F.);
#5131 = ORIENTED_EDGE('',*,*,#4923,.F.);
#5132 = ORIENTED_EDGE('',*,*,#5112,.T.);
#5133 = ( BOUNDED_SURFACE() B_SPLINE_SURFACE(3,3,(
    (#5134,#5135,#5136,#5137,#5138,#5139,#5140,#5141,#5142,#5143,#5144
      ,#5145,#5146)
    ,(#5147,#5148,#5149,#5150,#5151,#5152,#5153,#5154,#5155,#5156,#5157
      ,#5158,#5159)
    ,(#5160,#5161,#5162,#5163,#5164,#5165,#5166,#5167,#5168,#5169,#5170
      ,#5171,#5172)
    ,(#5173,#5174,#5175,#5176,#5177,#5178,#5179,#5180,#5181,#5182,#5183
      ,#5184,#5185
)),.UNSPECIFIED.,.F.,.F.,.F.) B_SPLINE_SURFACE_WITH_KNOTS((4,4),(4,1,1,1
    ,1,1,1,1,1,1,4),(0.,1.),(0.432559203275,0.480350492846,
    0.544457839564,0.609341705033,0.674997363754,0.74140323174,
    0.805449617612,0.866462183444,0.930793784547,1.,1.008542321615),
.UNSPECIFIED.) GEOMETRIC_REPRESENTATION_ITEM() RATIONAL_B_SPLINE_SURFACE
((
    (1.025068476082,1.025068476082,1.025068476082,1.025068476082
      ,1.025068476082,1.025068476082,1.025068476082,1.025068476082
      ,1.025068476082,1.025068476082,1.025068476082,1.025068476082
      ,1.025068476082)
    ,(0.991643841306,0.991643841306,0.991643841306,0.991643841306
      ,0.991643841306,0.991643841306,0.991643841306,0.991643841306
      ,0.991643841306,0.991643841306,0.991643841306,0.991643841306
      ,0.991643841306)
    ,(0.991643841306,0.991643841306,0.991643841306,0.991643841306
      ,0.991643841306,0.991643841306,0.991643841306,0.991643841306
      ,0.991643841306,0.991643841306,0.991643841306,0.991643841306
      ,0.991643841306)
    ,(1.025068476082,1.025068476082,1.025068476082,1.025068476082
      ,1.025068476082,1.025068476082,1.025068476082,1.025068476082
      ,1.025068476082,1.025068476082,1.025068476082,1.025068476082
,1.025068476082))) REPRESENTATION_ITEM('') SURFACE() );
#5134 = CARTESIAN_POINT('',(0.793690519749,-0.138905203457,
    2.264129517823));
#5135 = CARTESIAN_POINT('',(0.792484248169,-0.13636123672,2.264417486044
    ));
#5136 = CARTESIAN_POINT('',(0.789609004531,-0.130027627631,
    2.265200630988));
#5137 = CARTESIAN_POINT('',(0.785050911006,-0.118728660724,
    2.266811388508));
#5138 = CARTESIAN_POINT('',(0.780275006884,-0.104829909741,
    2.268974590099));
#5139 = CARTESIAN_POINT('',(0.775925613867,-8.947084651641E-02,
    2.271454686205));
#5140 = CARTESIAN_POINT('',(0.772277701305,-7.307655942825E-02,
    2.274098388776));
#5141 = CARTESIAN_POINT('',(0.769525036956,-5.621503890694E-02,
    2.276728417939));
#5142 = CARTESIAN_POINT('',(0.767667911079,-3.892249740907E-02,
    2.279269418048));
#5143 = CARTESIAN_POINT('',(0.766713733797,-2.06792278265E-02,
    2.281723212751));
#5144 = CARTESIAN_POINT('',(0.76678611305,-7.210534366071E-03,
    2.283309146258));
#5145 = CARTESIAN_POINT('',(0.767069071922,2.394227774975E-04,
    2.284099038564));
#5146 = CARTESIAN_POINT('',(0.767103096401,1.058968990191E-03,
    2.284184866828));
#5147 = CARTESIAN_POINT('',(0.781229975437,-0.144348160769,
    2.226035036444));
#5148 = CARTESIAN_POINT('',(0.779449989869,-0.140786260311,
    2.226364850208));
#5149 = CARTESIAN_POINT('',(0.775429208735,-0.132231838549,
    2.227330401865));
#5150 = CARTESIAN_POINT('',(0.769655706765,-0.117940077462,
    2.229370676959));
#5151 = CARTESIAN_POINT('',(0.764125062981,-0.101297712925,
    2.232028634814));
#5152 = CARTESIAN_POINT('',(0.759473131294,-8.365654399998E-02,
    2.234943983805));
#5153 = CARTESIAN_POINT('',(0.755876257284,-6.544027603661E-02,
    2.23790969729));
#5154 = CARTESIAN_POINT('',(0.75342110468,-4.720532994921E-02,
    2.240727780562));
#5155 = CARTESIAN_POINT('',(0.75201926539,-2.892192388489E-02,
    2.24333237998));
#5156 = CARTESIAN_POINT('',(0.751634224064,-1.002814001593E-02,
    2.245730928848));
#5157 = CARTESIAN_POINT('',(0.75214942894,3.632045471518E-03,
    2.24719420867));
#5158 = CARTESIAN_POINT('',(0.752669569395,1.109806788993E-02,
    2.247893751282));
#5159 = CARTESIAN_POINT('',(0.752729567861,1.19183147458E-02,
    2.247969366846));
#5160 = CARTESIAN_POINT('',(0.779823959502,-0.144097522536,
    2.185611779565));
#5161 = CARTESIAN_POINT('',(0.777541421091,-0.139663737505,
    2.185964157607));
#5162 = CARTESIAN_POINT('',(0.772536117054,-0.129237853653,2.1870626767)
  );
#5163 = CARTESIAN_POINT('',(0.765780406319,-0.112532442998,
    2.189447595934));
#5164 = CARTESIAN_POINT('',(0.75972217626,-9.381620168043E-02,
    2.192508181252));
#5165 = CARTESIAN_POINT('',(0.75496373791,-7.459892187527E-02,
    2.195773767039));
#5166 = CARTESIAN_POINT('',(0.751575707979,-5.52863226267E-02,
    2.198989830772));
#5167 = CARTESIAN_POINT('',(0.749533477696,-3.640151279433E-02,
    2.201941618597));
#5168 = CARTESIAN_POINT('',(0.748662973101,-1.785029876271E-02,
    2.204572598175));
#5169 = CARTESIAN_POINT('',(0.748885501603,9.491518460658E-04,
    2.206895596017));
#5170 = CARTESIAN_POINT('',(0.749841051408,1.426405838382E-02,
    2.208235523675));
#5171 = CARTESIAN_POINT('',(0.750587811082,2.145332901191E-02,
    2.208848726404));
#5172 = CARTESIAN_POINT('',(0.750672512819,2.224211315758E-02,
    2.208914623086));
#5173 = CARTESIAN_POINT('',(0.789610010762,-0.138177806606,
    2.146814017448));
#5174 = CARTESIAN_POINT('',(0.786945241208,-0.133103475352,2.14716747123
    ));
#5175 = CARTESIAN_POINT('',(0.781212736531,-0.121338549528,
    2.148336511384));
#5176 = CARTESIAN_POINT('',(0.773804098007,-0.103034741134,
    2.150947487661));
#5177 = CARTESIAN_POINT('',(0.767497044426,-8.311722988813E-02,
    2.154279185954));
#5178 = CARTESIAN_POINT('',(0.762838550081,-6.318401181291E-02,
    2.1577757317));
#5179 = CARTESIAN_POINT('',(0.75979674028,-4.360797582006E-02,
    2.161145995339));
#5180 = CARTESIAN_POINT('',(0.758242450145,-2.486043481694E-02,
    2.164164058959));
#5181 = CARTESIAN_POINT('',(0.757927352308,-6.790666838217E-03,
    2.166781618999));
#5182 = CARTESIAN_POINT('',(0.758736451017,1.117883080029E-02,
    2.169016151145));
#5183 = CARTESIAN_POINT('',(0.760086789785,2.364546317313E-02,
    2.170244094679));
#5184 = CARTESIAN_POINT('',(0.761027438046,3.029223726647E-02,
    2.170783413245));
#5185 = CARTESIAN_POINT('',(0.761133155823,3.102047308321E-02,
    2.170841035581));
#5186 = ADVANCED_FACE('',(#5187),#5215,.F.);
#5187 = FACE_BOUND('',#5188,.F.);
#5188 = EDGE_LOOP('',(#5189,#5200,#5207,#5208));
#5189 = ORIENTED_EDGE('',*,*,#5190,.F.);
#5190 = EDGE_CURVE('',#5191,#5193,#5195,.T.);
#5191 = VERTEX_POINT('',#5192);
#5192 = CARTESIAN_POINT('',(1.431653294923,-0.135,2.473302572373));
#5193 = VERTEX_POINT('',#5194);
#5194 = CARTESIAN_POINT('',(1.431653294923,0.135,2.473302572373));
#5195 = CIRCLE('',#5196,0.31875);
#5196 = AXIS2_PLACEMENT_3D('',#5197,#5198,#5199);
#5197 = CARTESIAN_POINT('',(1.16056199856,0.,2.373873846464));
#5198 = DIRECTION('',(-0.34434190791,3.976238155681E-18,0.938844316411)
  );
#5199 = DIRECTION('',(0.850482498396,-0.423529411765,0.311933257754));
#5200 = ORIENTED_EDGE('',*,*,#5201,.T.);
#5201 = EDGE_CURVE('',#5191,#4916,#5202,.T.);
#5202 = CIRCLE('',#5203,0.3);
#5203 = AXIS2_PLACEMENT_3D('',#5204,#5205,#5206);
#5204 = CARTESIAN_POINT('',(1.15,-0.135,2.37));
#5205 = DIRECTION('',(0.,-1.,-0.));
#5206 = DIRECTION('',(0.938844316411,-0.,0.34434190791));
#5207 = ORIENTED_EDGE('',*,*,#4993,.T.);
#5208 = ORIENTED_EDGE('',*,*,#5209,.F.);
#5209 = EDGE_CURVE('',#5193,#4962,#5210,.T.);
#5210 = CIRCLE('',#5211,0.3);
#5211 = AXIS2_PLACEMENT_3D('',#5212,#5213,#5214);
#5212 = CARTESIAN_POINT('',(1.15,0.135,2.37));
#5213 = DIRECTION('',(0.,-1.,-0.));
#5214 = DIRECTION('',(0.938844316411,-0.,0.34434190791));
#5215 = ( BOUNDED_SURFACE() B_SPLINE_SURFACE(3,3,(
    (#5216,#5217,#5218,#5219)
    ,(#5220,#5221,#5222,#5223)
    ,(#5224,#5225,#5226,#5227)
    ,(#5228,#5229,#5230,#5231
)),.UNSPECIFIED.,.F.,.F.,.F.) B_SPLINE_SURFACE_WITH_KNOTS((4,4),(4,4),(
    0.,1.),(0.,1.),.PIECEWISE_BEZIER_KNOTS.) 
GEOMETRIC_REPRESENTATION_ITEM() RATIONAL_B_SPLINE_SURFACE((
    (1.623147292501,1.513135893666,1.513135893666,1.623147292501)
    ,(0.863690592,0.805152583389,0.805152583389,0.863690592)
    ,(0.863690592,0.805152583389,0.805152583389,0.863690592)
    ,(1.623147292501,1.513135893666,1.513135893666,1.623147292501
))) REPRESENTATION_ITEM('') SURFACE() );
#5216 = CARTESIAN_POINT('',(0.865941759003,0.140030338989,2.45873157256)
  );
#5217 = CARTESIAN_POINT('',(0.823949852859,5.007037956704E-02,
    2.471848628604));
#5218 = CARTESIAN_POINT('',(0.823949852859,-5.007037956704E-02,
    2.471848628604));
#5219 = CARTESIAN_POINT('',(0.865941759003,-0.140030338989,2.45873157256
    ));
#5220 = CARTESIAN_POINT('',(0.972054962329,0.140030338989,2.798433992048
    ));
#5221 = CARTESIAN_POINT('',(0.945749612784,5.007037956704E-02,
    2.861768750159));
#5222 = CARTESIAN_POINT('',(0.945749612784,-5.007037956704E-02,
    2.861768750159));
#5223 = CARTESIAN_POINT('',(0.972054962329,-0.140030338989,
    2.798433992048));
#5224 = CARTESIAN_POINT('',(1.327945037671,0.140030338989,2.798433992048
    ));
#5225 = CARTESIAN_POINT('',(1.354250387216,5.007037956704E-02,
    2.861768750159));
#5226 = CARTESIAN_POINT('',(1.354250387216,-5.007037956704E-02,
    2.861768750159));
#5227 = CARTESIAN_POINT('',(1.327945037671,-0.140030338989,
    2.798433992048));
#5228 = CARTESIAN_POINT('',(1.434058240997,0.140030338989,2.45873157256)
  );
#5229 = CARTESIAN_POINT('',(1.476050147141,5.007037956704E-02,
    2.471848628604));
#5230 = CARTESIAN_POINT('',(1.476050147141,-5.007037956704E-02,
    2.471848628604));
#5231 = CARTESIAN_POINT('',(1.434058240997,-0.140030338989,2.45873157256
    ));
#5232 = ADVANCED_FACE('',(#5233),#5244,.T.);
#5233 = FACE_BOUND('',#5234,.F.);
#5234 = EDGE_LOOP('',(#5235,#5236,#5237,#5243));
#5235 = ORIENTED_EDGE('',*,*,#4969,.T.);
#5236 = ORIENTED_EDGE('',*,*,#4639,.F.);
#5237 = ORIENTED_EDGE('',*,*,#5238,.F.);
#5238 = EDGE_CURVE('',#5193,#4640,#5239,.T.);
#5239 = LINE('',#5240,#5241);
#5240 = CARTESIAN_POINT('',(1.431653294923,0.135,2.473302572373));
#5241 = VECTOR('',#5242,1.);
#5242 = DIRECTION('',(-0.,1.,-0.));
#5243 = ORIENTED_EDGE('',*,*,#5209,.T.);
#5244 = CYLINDRICAL_SURFACE('',#5245,0.3);
#5245 = AXIS2_PLACEMENT_3D('',#5246,#5247,#5248);
#5246 = CARTESIAN_POINT('',(1.15,-0.5,2.37));
#5247 = DIRECTION('',(-0.,1.,-0.));
#5248 = DIRECTION('',(1.,-0.,-0.));
#5249 = ADVANCED_FACE('',(#5250),#5261,.T.);
#5250 = FACE_BOUND('',#5251,.F.);
#5251 = EDGE_LOOP('',(#5252,#5258,#5259,#5260));
#5252 = ORIENTED_EDGE('',*,*,#5253,.F.);
#5253 = EDGE_CURVE('',#4515,#5191,#5254,.T.);
#5254 = LINE('',#5255,#5256);
#5255 = CARTESIAN_POINT('',(1.431653294923,-0.325,2.473302572373));
#5256 = VECTOR('',#5257,1.);
#5257 = DIRECTION('',(-0.,1.,-0.));
#5258 = ORIENTED_EDGE('',*,*,#4522,.T.);
#5259 = ORIENTED_EDGE('',*,*,#4978,.T.);
#5260 = ORIENTED_EDGE('',*,*,#5201,.F.);
#5261 = CYLINDRICAL_SURFACE('',#5262,0.3);
#5262 = AXIS2_PLACEMENT_3D('',#5263,#5264,#5265);
#5263 = CARTESIAN_POINT('',(1.15,-0.5,2.37));
#5264 = DIRECTION('',(-0.,1.,-0.));
#5265 = DIRECTION('',(1.,-0.,-0.));
#5266 = ADVANCED_FACE('',(#5267),#5331,.T.);
#5267 = FACE_BOUND('',#5268,.T.);
#5268 = EDGE_LOOP('',(#5269,#5277,#5292,#5300,#5315,#5321,#5322,#5323,
    #5329,#5330));
#5269 = ORIENTED_EDGE('',*,*,#5270,.T.);
#5270 = EDGE_CURVE('',#5193,#5271,#5273,.T.);
#5271 = VERTEX_POINT('',#5272);
#5272 = CARTESIAN_POINT('',(1.440296199849,0.134999974369,2.44973777559)
  );
#5273 = LINE('',#5274,#5275);
#5274 = CARTESIAN_POINT('',(1.431653294923,0.135,2.473302572373));
#5275 = VECTOR('',#5276,1.);
#5276 = DIRECTION('',(0.344341723999,-1.021147094253E-06,-0.938844383864
    ));
#5277 = ORIENTED_EDGE('',*,*,#5278,.F.);
#5278 = EDGE_CURVE('',#5279,#5271,#5281,.T.);
#5279 = VERTEX_POINT('',#5280);
#5280 = CARTESIAN_POINT('',(1.473209534169,1.95957975852E-02,
    2.359999975028));
#5281 = B_SPLINE_CURVE_WITH_KNOTS('',3,(#5282,#5283,#5284,#5285,#5286,
    #5287,#5288,#5289,#5290,#5291),.UNSPECIFIED.,.F.,.F.,(4,1,1,1,1,1,1,
    4),(0.,0.142857142857,0.285714285714,0.428571428571,0.571428571429,
    0.714285714286,0.857142857143,1.),.UNSPECIFIED.);
#5282 = CARTESIAN_POINT('',(1.473209534169,1.95957975852E-02,
    2.359999975028));
#5283 = CARTESIAN_POINT('',(1.47320950703,2.81208177359E-02,
    2.360000049024));
#5284 = CARTESIAN_POINT('',(1.472766792336,4.514031755674E-02,
    2.361207078038));
#5285 = CARTESIAN_POINT('',(1.470205186807,7.214245809787E-02,
    2.368191277663));
#5286 = CARTESIAN_POINT('',(1.465721488165,9.596963744409E-02,
    2.380416028155));
#5287 = CARTESIAN_POINT('',(1.459717179919,0.11480943164,2.396786708059)
  );
#5288 = CARTESIAN_POINT('',(1.453022632062,0.127277693963,2.415039314591
    ));
#5289 = CARTESIAN_POINT('',(1.446326399153,0.133833000409,2.433296526325
    ));
#5290 = CARTESIAN_POINT('',(1.442262581785,0.134999979928,2.444376457488
    ));
#5291 = CARTESIAN_POINT('',(1.440296199849,0.134999974369,2.44973777559)
  );
#5292 = ORIENTED_EDGE('',*,*,#5293,.F.);
#5293 = EDGE_CURVE('',#5294,#5279,#5296,.T.);
#5294 = VERTEX_POINT('',#5295);
#5295 = CARTESIAN_POINT('',(1.473209522934,-1.959588056452E-02,
    2.35999999249));
#5296 = LINE('',#5297,#5298);
#5297 = CARTESIAN_POINT('',(1.473209522934,-1.959588056452E-02,
    2.35999999249));
#5298 = VECTOR('',#5299,1.);
#5299 = DIRECTION('',(2.866846808091E-07,1.,-4.455560561964E-07));
#5300 = ORIENTED_EDGE('',*,*,#5301,.F.);
#5301 = EDGE_CURVE('',#5302,#5294,#5304,.T.);
#5302 = VERTEX_POINT('',#5303);
#5303 = CARTESIAN_POINT('',(1.440296187168,-0.134999985632,
    2.449737816439));
#5304 = B_SPLINE_CURVE_WITH_KNOTS('',3,(#5305,#5306,#5307,#5308,#5309,
    #5310,#5311,#5312,#5313,#5314),.UNSPECIFIED.,.F.,.F.,(4,1,1,1,1,1,1,
    4),(0.,0.142857142857,0.285714285714,0.428571428571,0.571428571429,
    0.714285714286,0.857142857143,1.),.UNSPECIFIED.);
#5305 = CARTESIAN_POINT('',(1.440296187168,-0.134999985632,
    2.449737816439));
#5306 = CARTESIAN_POINT('',(1.442292343167,-0.134999971351,2.44429531969
    ));
#5307 = CARTESIAN_POINT('',(1.446418191697,-0.133797627007,
    2.433046252072));
#5308 = CARTESIAN_POINT('',(1.453221385992,-0.127033362155,
    2.414497415064));
#5309 = CARTESIAN_POINT('',(1.460019640928,-0.114115936878,
    2.395962051214));
#5310 = CARTESIAN_POINT('',(1.466033850674,-9.470335091779E-02,
    2.379564375803));
#5311 = CARTESIAN_POINT('',(1.470377732805,-7.077252795619E-02,
    2.367720831298));
#5312 = CARTESIAN_POINT('',(1.472794979396,-4.435955506265E-02,
    2.361130232455));
#5313 = CARTESIAN_POINT('',(1.473209506803,-2.78247843896E-02,
    2.360000036471));
#5314 = CARTESIAN_POINT('',(1.473209522934,-1.959588056452E-02,
    2.35999999249));
#5315 = ORIENTED_EDGE('',*,*,#5316,.F.);
#5316 = EDGE_CURVE('',#5191,#5302,#5317,.T.);
#5317 = LINE('',#5318,#5319);
#5318 = CARTESIAN_POINT('',(1.431653294923,-0.135,2.473302572373));
#5319 = VECTOR('',#5320,1.);
#5320 = DIRECTION('',(0.344341804812,5.724485076821E-07,-0.938844354224)
  );
#5321 = ORIENTED_EDGE('',*,*,#5253,.F.);
#5322 = ORIENTED_EDGE('',*,*,#4514,.F.);
#5323 = ORIENTED_EDGE('',*,*,#5324,.T.);
#5324 = EDGE_CURVE('',#4506,#4649,#5325,.T.);
#5325 = LINE('',#5326,#5327);
#5326 = CARTESIAN_POINT('',(1.622610685045,-0.325,1.952659408487));
#5327 = VECTOR('',#5328,1.);
#5328 = DIRECTION('',(-0.,1.,-0.));
#5329 = ORIENTED_EDGE('',*,*,#4648,.T.);
#5330 = ORIENTED_EDGE('',*,*,#5238,.F.);
#5331 = PLANE('',#5332);
#5332 = AXIS2_PLACEMENT_3D('',#5333,#5334,#5335);
#5333 = CARTESIAN_POINT('',(1.622610685045,-0.5,1.952659408487));
#5334 = DIRECTION('',(0.938844316411,-0.,0.34434190791));
#5335 = DIRECTION('',(0.34434190791,0.,-0.938844316411));
#5336 = ADVANCED_FACE('',(#5337),#5374,.T.);
#5337 = FACE_BOUND('',#5338,.F.);
#5338 = EDGE_LOOP('',(#5339,#5340,#5341,#5342,#5359));
#5339 = ORIENTED_EDGE('',*,*,#5316,.F.);
#5340 = ORIENTED_EDGE('',*,*,#5190,.T.);
#5341 = ORIENTED_EDGE('',*,*,#5270,.T.);
#5342 = ORIENTED_EDGE('',*,*,#5343,.T.);
#5343 = EDGE_CURVE('',#5271,#5344,#5346,.T.);
#5344 = VERTEX_POINT('',#5345);
#5345 = CARTESIAN_POINT('',(1.46509617645,0.,2.469243643693));
#5346 = B_SPLINE_CURVE_WITH_KNOTS('',3,(#5347,#5348,#5349,#5350,#5351,
    #5352,#5353,#5354,#5355,#5356,#5357,#5358),.UNSPECIFIED.,.F.,.F.,(4,
    1,1,1,1,1,1,1,1,4),(0.,0.111111111111,0.222222222222,0.333333333333,
    0.444444444444,0.555555555556,0.666666666667,0.777777777778,
    0.888888888889,1.),.UNSPECIFIED.);
#5347 = CARTESIAN_POINT('',(1.440296199849,0.134999974369,2.44973777559)
  );
#5348 = CARTESIAN_POINT('',(1.441901246564,0.131457193688,2.450171916483
    ));
#5349 = CARTESIAN_POINT('',(1.445107991978,0.123932694584,2.451187612217
    ));
#5350 = CARTESIAN_POINT('',(1.449798419381,0.111212765774,2.453111347048
    ));
#5351 = CARTESIAN_POINT('',(1.454146298,9.724156533303E-02,2.45534527017
    ));
#5352 = CARTESIAN_POINT('',(1.458011799105,8.200862615142E-02,
    2.457819506585));
#5353 = CARTESIAN_POINT('',(1.461168941287,6.586201936418E-02,
    2.460398272445));
#5354 = CARTESIAN_POINT('',(1.463366429029,5.011973835797E-02,
    2.462806199071));
#5355 = CARTESIAN_POINT('',(1.464739818097,3.509101276625E-02,
    2.464963255486));
#5356 = CARTESIAN_POINT('',(1.465457944048,1.8478033994E-02,
    2.467167095932));
#5357 = CARTESIAN_POINT('',(1.46534474853,6.329734122848E-03,
    2.468563824691));
#5358 = CARTESIAN_POINT('',(1.46509617645,0.,2.469243643693));
#5359 = ORIENTED_EDGE('',*,*,#5360,.T.);
#5360 = EDGE_CURVE('',#5344,#5302,#5361,.T.);
#5361 = B_SPLINE_CURVE_WITH_KNOTS('',3,(#5362,#5363,#5364,#5365,#5366,
    #5367,#5368,#5369,#5370,#5371,#5372,#5373),.UNSPECIFIED.,.F.,.F.,(4,
    1,1,1,1,1,1,1,1,4),(0.,0.111111111111,0.222222222222,0.333333333333,
    0.444444444444,0.555555555556,0.666666666667,0.777777777778,
    0.888888888889,1.),.UNSPECIFIED.);
#5362 = CARTESIAN_POINT('',(1.46509617645,0.,2.469243643693));
#5363 = CARTESIAN_POINT('',(1.465328595695,-5.938688761317E-03,
    2.468608708778));
#5364 = CARTESIAN_POINT('',(1.465450219281,-1.752302825647E-02,
    2.467278120597));
#5365 = CARTESIAN_POINT('',(1.464874807176,-3.298164610422E-02,
    2.465254718657));
#5366 = CARTESIAN_POINT('',(1.463475380351,-4.946779557429E-02,
    2.462909526011));
#5367 = CARTESIAN_POINT('',(1.461048201596,-6.664867006791E-02,
    2.460276081655));
#5368 = CARTESIAN_POINT('',(1.457841884126,-8.273609218515E-02,
    2.457701294267));
#5369 = CARTESIAN_POINT('',(1.453997821252,-9.775783123193E-02,
    2.455261634341));
#5370 = CARTESIAN_POINT('',(1.44967023168,-0.111580978492,2.453053935243
    ));
#5371 = CARTESIAN_POINT('',(1.445035808714,-0.124105784508,
    2.451163457328));
#5372 = CARTESIAN_POINT('',(1.441874984049,-0.131514964647,
    2.450164989615));
#5373 = CARTESIAN_POINT('',(1.440296187168,-0.134999985632,
    2.449737816439));
#5374 = CYLINDRICAL_SURFACE('',#5375,0.31875);
#5375 = AXIS2_PLACEMENT_3D('',#5376,#5377,#5378);
#5376 = CARTESIAN_POINT('',(1.16056199856,0.,2.373873846464));
#5377 = DIRECTION('',(0.34434190791,-0.,-0.938844316411));
#5378 = DIRECTION('',(0.938844316411,-0.,0.34434190791));
#5379 = ADVANCED_FACE('',(#5380),#5393,.F.);
#5380 = FACE_BOUND('',#5381,.F.);
#5381 = EDGE_LOOP('',(#5382,#5383,#5384));
#5382 = ORIENTED_EDGE('',*,*,#5301,.F.);
#5383 = ORIENTED_EDGE('',*,*,#5360,.F.);
#5384 = ORIENTED_EDGE('',*,*,#5385,.T.);
#5385 = EDGE_CURVE('',#5344,#5294,#5386,.T.);
#5386 = B_SPLINE_CURVE_WITH_KNOTS('',3,(#5387,#5388,#5389,#5390,#5391,
    #5392),.UNSPECIFIED.,.F.,.F.,(4,1,1,4),(0.,0.333333333333,
    0.666666666667,1.),.UNSPECIFIED.);
#5387 = CARTESIAN_POINT('',(1.46509617645,0.,2.469243643693));
#5388 = CARTESIAN_POINT('',(1.469591863075,-2.410311216606E-03,
    2.456984974368));
#5389 = CARTESIAN_POINT('',(1.475885923427,-6.903646488292E-03,
    2.432036714281));
#5390 = CARTESIAN_POINT('',(1.478354337277,-1.305157631952E-02,
    2.397638927541));
#5391 = CARTESIAN_POINT('',(1.475783526434,-1.741843367738E-02,
    2.372487830891));
#5392 = CARTESIAN_POINT('',(1.473209522934,-1.959588056452E-02,
    2.35999999249));
#5393 = ( BOUNDED_SURFACE() B_SPLINE_SURFACE(3,3,(
    (#5394,#5395,#5396,#5397,#5398,#5399,#5400,#5401,#5402,#5403,#5404
      ,#5405,#5406,#5407)
    ,(#5408,#5409,#5410,#5411,#5412,#5413,#5414,#5415,#5416,#5417,#5418
      ,#5419,#5420,#5421)
    ,(#5422,#5423,#5424,#5425,#5426,#5427,#5428,#5429,#5430,#5431,#5432
      ,#5433,#5434,#5435)
    ,(#5436,#5437,#5438,#5439,#5440,#5441,#5442,#5443,#5444,#5445,#5446
      ,#5447,#5448,#5449
)),.UNSPECIFIED.,.F.,.F.,.F.) B_SPLINE_SURFACE_WITH_KNOTS((4,4),(4,1,1,1
    ,1,1,1,1,1,1,1,4),(0.,1.),(-8.526997679683E-03,0.,6.152026093109E-02
    ,0.119137327812,0.179734179697,0.24378686201,0.307277727326,
    0.369774018177,0.43139103913,0.492121445663,0.552045684144,
0.567519266533),.UNSPECIFIED.) GEOMETRIC_REPRESENTATION_ITEM() 
RATIONAL_B_SPLINE_SURFACE((
    (1.025068514683,1.025068514683,1.025068514683,1.025068514683
      ,1.025068514683,1.025068514683,1.025068514683,1.025068514683
      ,1.025068514683,1.025068514683,1.025068514683,1.025068514683
      ,1.025068514683,1.025068514683)
    ,(0.991643828439,0.991643828439,0.991643828439,0.991643828439
      ,0.991643828439,0.991643828439,0.991643828439,0.991643828439
      ,0.991643828439,0.991643828439,0.991643828439,0.991643828439
      ,0.991643828439,0.991643828439)
    ,(0.991643828439,0.991643828439,0.991643828439,0.991643828439
      ,0.991643828439,0.991643828439,0.991643828439,0.991643828439
      ,0.991643828439,0.991643828439,0.991643828439,0.991643828439
      ,0.991643828439,0.991643828439)
    ,(1.025068514683,1.025068514683,1.025068514683,1.025068514683
      ,1.025068514683,1.025068514683,1.025068514683,1.025068514683
      ,1.025068514683,1.025068514683,1.025068514683,1.025068514683
,1.025068514683,1.025068514683))) REPRESENTATION_ITEM('') SURFACE() );
#5394 = CARTESIAN_POINT('',(1.463210264432,1.05042634266E-03,
    2.47418392432));
#5395 = CARTESIAN_POINT('',(1.463244256848,2.338454905434E-04,
    2.474098439402));
#5396 = CARTESIAN_POINT('',(1.463499428558,-6.46704137569E-03,
    2.473388205751));
#5397 = CARTESIAN_POINT('',(1.463603936587,-1.857801177446E-02,
    2.471976328132));
#5398 = CARTESIAN_POINT('',(1.462883445957,-3.547340170382E-02,
    2.469748410162));
#5399 = CARTESIAN_POINT('',(1.461300943468,-5.223274403633E-02,
    2.467329788843));
#5400 = CARTESIAN_POINT('',(1.458792284527,-6.896645329699E-02,
    2.464749836596));
#5401 = CARTESIAN_POINT('',(1.455447408661,-8.508043875803E-02,
    2.462166362395));
#5402 = CARTESIAN_POINT('',(1.451480735826,-0.10003568156,2.459744754749
    ));
#5403 = CARTESIAN_POINT('',(1.44708238244,-0.11367182721,2.457585555566)
  );
#5404 = CARTESIAN_POINT('',(1.442450186416,-0.125886528928,
    2.455768953533));
#5405 = CARTESIAN_POINT('',(1.438927250754,-0.133986735095,
    2.454700452472));
#5406 = CARTESIAN_POINT('',(1.437013318228,-0.138081635445,
    2.454222772697));
#5407 = CARTESIAN_POINT('',(1.436622805294,-0.138905134412,
    2.454129605817));
#5408 = CARTESIAN_POINT('',(1.47758401407,1.191018751677E-02,
    2.43796868812));
#5409 = CARTESIAN_POINT('',(1.477643900448,1.10928973999E-02,
    2.437893345858));
#5410 = CARTESIAN_POINT('',(1.478112499234,4.377458502867E-03,
    2.437264159668));
#5411 = CARTESIAN_POINT('',(1.478613911766,-7.891357736792E-03,
    2.435966260358));
#5412 = CARTESIAN_POINT('',(1.478427687489,-2.532806172515E-02,
    2.433807495103));
#5413 = CARTESIAN_POINT('',(1.477310615848,-4.295984989785E-02,
    2.431354735953));
#5414 = CARTESIAN_POINT('',(1.475138703433,-6.095536041387E-02,
    2.428618998284));
#5415 = CARTESIAN_POINT('',(1.471911822375,-7.873223641853E-02,
    2.425753962348));
#5416 = CARTESIAN_POINT('',(1.467764753199,-9.573147891988E-02,
    2.422946267165));
#5417 = CARTESIAN_POINT('',(1.462810915419,-0.111806967951,
    2.420332485515));
#5418 = CARTESIAN_POINT('',(1.457160077096,-0.126891051818,
    2.418053389566));
#5419 = CARTESIAN_POINT('',(1.452434778031,-0.137530259945,
    2.416705225021));
#5420 = CARTESIAN_POINT('',(1.449659545874,-0.143195145239,
    2.416141883093));
#5421 = CARTESIAN_POINT('',(1.449083414054,-0.144348118204,
    2.416034961829));
#5422 = CARTESIAN_POINT('',(1.479641272317,2.223471699146E-02,
    2.398914192725));
#5423 = CARTESIAN_POINT('',(1.479725782402,2.144876514291E-02,
    2.398848501116));
#5424 = CARTESIAN_POINT('',(1.480398278134,1.498215446789E-02,
    2.398296755025));
#5425 = CARTESIAN_POINT('',(1.481292873858,3.037501939219E-03,
    2.397112747125));
#5426 = CARTESIAN_POINT('',(1.481669954065,-1.425348097824E-02,
    2.395038913864));
#5427 = CARTESIAN_POINT('',(1.481082816551,-3.206094947717E-02,
    2.392583960527));
#5428 = CARTESIAN_POINT('',(1.479352180359,-5.060478759001E-02,
    2.389742073024));
#5429 = CARTESIAN_POINT('',(1.476386792253,-6.933713073073E-02,
    2.386661245671));
#5430 = CARTESIAN_POINT('',(1.472235827968,-8.770104177573E-02,
    2.38354513905));
#5431 = CARTESIAN_POINT('',(1.466931550335,-0.105570274643,
    2.380562125874));
#5432 = CARTESIAN_POINT('',(1.460491659469,-0.122914306983,
    2.377908338352));
#5433 = CARTESIAN_POINT('',(1.454753721223,-0.135659428447,
    2.376343570347));
#5434 = CARTESIAN_POINT('',(1.451228193066,-0.142662327974,
    2.375725966531));
#5435 = CARTESIAN_POINT('',(1.450489474312,-0.144097499522,
    2.375611540983));
#5436 = CARTESIAN_POINT('',(1.469180794446,3.101405059352E-02,
    2.360840819609));
#5437 = CARTESIAN_POINT('',(1.469286249248,3.02884189802E-02,
    2.360783342606));
#5438 = CARTESIAN_POINT('',(1.470133166227,2.430967595265E-02,
    2.360297853922));
#5439 = CARTESIAN_POINT('',(1.47137876194,1.31394864055E-02,
    2.359216509469));
#5440 = CARTESIAN_POINT('',(1.472293081297,-3.332995010266E-03,
    2.357235079282));
#5441 = CARTESIAN_POINT('',(1.472248542072,-2.060219295373E-02,
    2.35481009004));
#5442 = CARTESIAN_POINT('',(1.471020545359,-3.892724660619E-02,
    2.35192207206));
#5443 = CARTESIAN_POINT('',(1.468434568634,-5.781416794962E-02,
    2.348712332718));
#5444 = CARTESIAN_POINT('',(1.464456591499,-7.672992203415E-02,
    2.345395660121));
#5445 = CARTESIAN_POINT('',(1.459041199217,-9.557183192151E-02,
    2.342164885255));
#5446 = CARTESIAN_POINT('',(1.452119032114,-0.114345306805,
    2.339260861512));
#5447 = CARTESIAN_POINT('',(1.445657237106,-0.128557248727,
    2.337563738615));
#5448 = CARTESIAN_POINT('',(1.441565811894,-0.136535304799,
    2.336928581169));
#5449 = CARTESIAN_POINT('',(1.440703442705,-0.138177794338,
    2.336813635524));
#5450 = ADVANCED_FACE('',(#5451),#5464,.T.);
#5451 = FACE_BOUND('',#5452,.F.);
#5452 = EDGE_LOOP('',(#5453,#5462,#5463));
#5453 = ORIENTED_EDGE('',*,*,#5454,.F.);
#5454 = EDGE_CURVE('',#5279,#5344,#5455,.T.);
#5455 = B_SPLINE_CURVE_WITH_KNOTS('',3,(#5456,#5457,#5458,#5459,#5460,
    #5461),.UNSPECIFIED.,.F.,.F.,(4,1,1,4),(0.,0.333333333333,
    0.666666666667,1.),.UNSPECIFIED.);
#5456 = CARTESIAN_POINT('',(1.473209534169,1.95957975852E-02,
    2.359999975028));
#5457 = CARTESIAN_POINT('',(1.475479838785,1.767348679541E-02,
    2.371014392305));
#5458 = CARTESIAN_POINT('',(1.478277075651,1.367195559505E-02,
    2.394138702021));
#5459 = CARTESIAN_POINT('',(1.476244744239,7.15984689672E-03,
    2.430596415588));
#5460 = CARTESIAN_POINT('',(1.469801943529,2.551590552692E-03,
    2.456411387659));
#5461 = CARTESIAN_POINT('',(1.46509617645,0.,2.469243643693));
#5462 = ORIENTED_EDGE('',*,*,#5293,.F.);
#5463 = ORIENTED_EDGE('',*,*,#5385,.F.);
#5464 = CYLINDRICAL_SURFACE('',#5465,0.2);
#5465 = AXIS2_PLACEMENT_3D('',#5466,#5467,#5468);
#5466 = CARTESIAN_POINT('',(1.277327313168,-0.325,2.400375262111));
#5467 = DIRECTION('',(-0.,1.,-0.));
#5468 = DIRECTION('',(-0.,0.,-1.));
#5469 = ADVANCED_FACE('',(#5470),#5475,.F.);
#5470 = FACE_BOUND('',#5471,.F.);
#5471 = EDGE_LOOP('',(#5472,#5473,#5474));
#5472 = ORIENTED_EDGE('',*,*,#5343,.F.);
#5473 = ORIENTED_EDGE('',*,*,#5278,.F.);
#5474 = ORIENTED_EDGE('',*,*,#5454,.T.);
#5475 = ( BOUNDED_SURFACE() B_SPLINE_SURFACE(3,3,(
    (#5476,#5477,#5478,#5479,#5480,#5481,#5482,#5483,#5484,#5485,#5486
      ,#5487,#5488)
    ,(#5489,#5490,#5491,#5492,#5493,#5494,#5495,#5496,#5497,#5498,#5499
      ,#5500,#5501)
    ,(#5502,#5503,#5504,#5505,#5506,#5507,#5508,#5509,#5510,#5511,#5512
      ,#5513,#5514)
    ,(#5515,#5516,#5517,#5518,#5519,#5520,#5521,#5522,#5523,#5524,#5525
      ,#5526,#5527
)),.UNSPECIFIED.,.F.,.F.,.F.) B_SPLINE_SURFACE_WITH_KNOTS((4,4),(4,1,1,1
    ,1,1,1,1,1,1,4),(0.,1.),(0.432467305359,0.482609516031,
    0.547117284666,0.61241473221,0.678481175154,0.745324161664,
    0.808959946003,0.868728754058,0.931566080972,1.,1.008545450674),
.UNSPECIFIED.) GEOMETRIC_REPRESENTATION_ITEM() RATIONAL_B_SPLINE_SURFACE
((
    (1.025068483957,1.025068483957,1.025068483957,1.025068483957
      ,1.025068483957,1.025068483957,1.025068483957,1.025068483957
      ,1.025068483957,1.025068483957,1.025068483957,1.025068483957
      ,1.025068483957)
    ,(0.991643838681,0.991643838681,0.991643838681,0.991643838681
      ,0.991643838681,0.991643838681,0.991643838681,0.991643838681
      ,0.991643838681,0.991643838681,0.991643838681,0.991643838681
      ,0.991643838681)
    ,(0.991643838681,0.991643838681,0.991643838681,0.991643838681
      ,0.991643838681,0.991643838681,0.991643838681,0.991643838681
      ,0.991643838681,0.991643838681,0.991643838681,0.991643838681
      ,0.991643838681)
    ,(1.025068483957,1.025068483957,1.025068483957,1.025068483957
      ,1.025068483957,1.025068483957,1.025068483957,1.025068483957
      ,1.025068483957,1.025068483957,1.025068483957,1.025068483957
,1.025068483957))) REPRESENTATION_ITEM('') SURFACE() );
#5476 = CARTESIAN_POINT('',(1.436622783558,0.138905201838,2.454129517535
    ));
#5477 = CARTESIAN_POINT('',(1.437888221759,0.136236447305,2.454431610151
    ));
#5478 = CARTESIAN_POINT('',(1.440836269953,0.129728991603,2.455239475588
    ));
#5479 = CARTESIAN_POINT('',(1.445471259356,0.118172699208,2.456894790275
    ));
#5480 = CARTESIAN_POINT('',(1.450260023725,0.104125757392,2.459086932378
    ));
#5481 = CARTESIAN_POINT('',(1.454606445064,8.860885625873E-02,
    2.461594600065));
#5482 = CARTESIAN_POINT('',(1.458218242543,7.212326946979E-02,
    2.464250287684));
#5483 = CARTESIAN_POINT('',(1.460902897858,5.532923895215E-02,
    2.466862330809));
#5484 = CARTESIAN_POINT('',(1.462686989558,3.830422107981E-02,
    2.46935503685));
#5485 = CARTESIAN_POINT('',(1.463599963733,2.038744574632E-02,
    2.471758289136));
#5486 = CARTESIAN_POINT('',(1.463524371059,7.134364938599E-03,
    2.47331725948));
#5487 = CARTESIAN_POINT('',(1.463244201712,-2.39493319474E-04,
    2.474099047713));
#5488 = CARTESIAN_POINT('',(1.463210162627,-1.059060540663E-03,
    2.474184873289));
#5489 = CARTESIAN_POINT('',(1.449083311977,0.144348169556,2.416035072605
    ));
#5490 = CARTESIAN_POINT('',(1.450950605669,0.140611542028,2.416381075295
    ));
#5491 = CARTESIAN_POINT('',(1.455062441249,0.131837049184,2.417379650522
    ));
#5492 = CARTESIAN_POINT('',(1.46091025846,0.117256569411,2.419475296859)
  );
#5493 = CARTESIAN_POINT('',(1.466434883438,0.100472630731,2.422163912808
    ));
#5494 = CARTESIAN_POINT('',(1.471065009091,8.268340059251E-02,
    2.425104757182));
#5495 = CARTESIAN_POINT('',(1.474608433173,6.439668256189E-02,
    2.428076027059));
#5496 = CARTESIAN_POINT('',(1.476985896317,4.626076941411E-02,
    2.43086745416));
#5497 = CARTESIAN_POINT('',(1.478316826983,2.82781171154E-02,
    2.433417172695));
#5498 = CARTESIAN_POINT('',(1.478669824603,9.73149043866E-03,
    2.435763515946));
#5499 = CARTESIAN_POINT('',(1.478158638829,-3.708419402808E-03,
    2.437201384922));
#5500 = CARTESIAN_POINT('',(1.477643698852,-1.109819350615E-02,
    2.437893773159));
#5501 = CARTESIAN_POINT('',(1.477583683566,-1.191846255641E-02,
    2.437969389371));
#5502 = CARTESIAN_POINT('',(1.450489309338,0.144097539591,2.375611849338
    ));
#5503 = CARTESIAN_POINT('',(1.452883806887,0.13944625265,2.375981534606)
  );
#5504 = CARTESIAN_POINT('',(1.457994753061,0.128762992156,2.377119972048
    ));
#5505 = CARTESIAN_POINT('',(1.46481907446,0.111748986778,2.379569455132)
  );
#5506 = CARTESIAN_POINT('',(1.470852440138,9.290329721587E-02,
    2.382662078853));
#5507 = CARTESIAN_POINT('',(1.475570840227,7.355347658384E-02,
    2.385951109236));
#5508 = CARTESIAN_POINT('',(1.478889970217,5.419390812893E-02,
    2.389166994869));
#5509 = CARTESIAN_POINT('',(1.480847857525,3.54355933478E-02,
    2.392084773659));
#5510 = CARTESIAN_POINT('',(1.481652630347,1.720636303707E-02,
    2.394655702632));
#5511 = CARTESIAN_POINT('',(1.48140887352,-1.239007915231E-03,
    2.396925642178));
#5512 = CARTESIAN_POINT('',(1.480464700903,-1.433764118871E-02,
    2.39824180187));
#5513 = CARTESIAN_POINT('',(1.479725449189,-2.145350434596E-02,
    2.398848759326));
#5514 = CARTESIAN_POINT('',(1.479640729052,-2.224231098433E-02,
    2.398914660056));
#5515 = CARTESIAN_POINT('',(1.4407032386,0.138177828992,2.336814115921)
  );
#5516 = CARTESIAN_POINT('',(1.443498716397,0.132854569753,2.337184939599
    ));
#5517 = CARTESIAN_POINT('',(1.449346361679,0.120807529987,2.338398710123
    ));
#5518 = CARTESIAN_POINT('',(1.456815340352,0.102188712375,2.34108092214)
  );
#5519 = CARTESIAN_POINT('',(1.463080560943,8.215820187629E-02,
    2.344445566836));
#5520 = CARTESIAN_POINT('',(1.467683170436,6.211218886764E-02,
    2.347963732403));
#5521 = CARTESIAN_POINT('',(1.470644026467,4.251299885203E-02,
    2.351329338566));
#5522 = CARTESIAN_POINT('',(1.472110997894,2.391264781659E-02,
    2.35430807682));
#5523 = CARTESIAN_POINT('',(1.472368085713,6.172016587119E-03,
    2.356862339333));
#5524 = CARTESIAN_POINT('',(1.471549172081,-1.145089657958E-02,
    2.359043854445));
#5525 = CARTESIAN_POINT('',(1.470216974381,-2.371353193541E-02,
    2.360249602745));
#5526 = CARTESIAN_POINT('',(1.469285812378,-3.029245178805E-02,
    2.360783455618));
#5527 = CARTESIAN_POINT('',(1.469180075408,-3.102070948E-02,
    2.360841085132));
#5528 = ADVANCED_FACE('',(#5529),#5540,.T.);
#5529 = FACE_BOUND('',#5530,.F.);
#5530 = EDGE_LOOP('',(#5531,#5532,#5533,#5539));
#5531 = ORIENTED_EDGE('',*,*,#5324,.T.);
#5532 = ORIENTED_EDGE('',*,*,#4656,.F.);
#5533 = ORIENTED_EDGE('',*,*,#5534,.F.);
#5534 = EDGE_CURVE('',#4498,#4657,#5535,.T.);
#5535 = LINE('',#5536,#5537);
#5536 = CARTESIAN_POINT('',(1.599977434543,-0.325,1.698000909279));
#5537 = VECTOR('',#5538,1.);
#5538 = DIRECTION('',(-0.,1.,-0.));
#5539 = ORIENTED_EDGE('',*,*,#4505,.T.);
#5540 = CYLINDRICAL_SURFACE('',#5541,0.3);
#5541 = AXIS2_PLACEMENT_3D('',#5542,#5543,#5544);
#5542 = CARTESIAN_POINT('',(1.340957390122,-0.5,1.849356836114));
#5543 = DIRECTION('',(-0.,1.,-0.));
#5544 = DIRECTION('',(1.,-0.,-0.));
#5545 = ADVANCED_FACE('',(#5546),#5557,.T.);
#5546 = FACE_BOUND('',#5547,.T.);
#5547 = EDGE_LOOP('',(#5548,#5549,#5555,#5556));
#5548 = ORIENTED_EDGE('',*,*,#4497,.F.);
#5549 = ORIENTED_EDGE('',*,*,#5550,.T.);
#5550 = EDGE_CURVE('',#4490,#4666,#5551,.T.);
#5551 = LINE('',#5552,#5553);
#5552 = CARTESIAN_POINT('',(1.42,-0.325,1.39));
#5553 = VECTOR('',#5554,1.);
#5554 = DIRECTION('',(-0.,1.,-0.));
#5555 = ORIENTED_EDGE('',*,*,#4665,.T.);
#5556 = ORIENTED_EDGE('',*,*,#5534,.F.);
#5557 = PLANE('',#5558);
#5558 = AXIS2_PLACEMENT_3D('',#5559,#5560,#5561);
#5559 = CARTESIAN_POINT('',(1.42,-0.5,1.39));
#5560 = DIRECTION('',(0.863400148069,-0.,-0.504519756118));
#5561 = DIRECTION('',(-0.504519756118,0.,-0.863400148069));
#5562 = ADVANCED_FACE('',(#5563),#5574,.T.);
#5563 = FACE_BOUND('',#5564,.T.);
#5564 = EDGE_LOOP('',(#5565,#5566,#5572,#5573));
#5565 = ORIENTED_EDGE('',*,*,#4489,.F.);
#5566 = ORIENTED_EDGE('',*,*,#5567,.T.);
#5567 = EDGE_CURVE('',#4482,#4674,#5568,.T.);
#5568 = LINE('',#5569,#5570);
#5569 = CARTESIAN_POINT('',(1.333659985193,-0.325,1.440451975612));
#5570 = VECTOR('',#5571,1.);
#5571 = DIRECTION('',(-0.,1.,-0.));
#5572 = ORIENTED_EDGE('',*,*,#4673,.T.);
#5573 = ORIENTED_EDGE('',*,*,#5550,.F.);
#5574 = PLANE('',#5575);
#5575 = AXIS2_PLACEMENT_3D('',#5576,#5577,#5578);
#5576 = CARTESIAN_POINT('',(1.333659985193,-0.5,1.440451975612));
#5577 = DIRECTION('',(-0.504519756118,0.,-0.863400148069));
#5578 = DIRECTION('',(-0.863400148069,0.,0.504519756118));
#5579 = ADVANCED_FACE('',(#5580),#5591,.T.);
#5580 = FACE_BOUND('',#5581,.T.);
#5581 = EDGE_LOOP('',(#5582,#5583,#5589,#5590));
#5582 = ORIENTED_EDGE('',*,*,#4481,.F.);
#5583 = ORIENTED_EDGE('',*,*,#5584,.T.);
#5584 = EDGE_CURVE('',#4473,#4682,#5585,.T.);
#5585 = LINE('',#5586,#5587);
#5586 = CARTESIAN_POINT('',(1.513637419736,-0.325,1.748452884891));
#5587 = VECTOR('',#5588,1.);
#5588 = DIRECTION('',(-0.,1.,-0.));
#5589 = ORIENTED_EDGE('',*,*,#4681,.T.);
#5590 = ORIENTED_EDGE('',*,*,#5567,.F.);
#5591 = PLANE('',#5592);
#5592 = AXIS2_PLACEMENT_3D('',#5593,#5594,#5595);
#5593 = CARTESIAN_POINT('',(1.513637419736,-0.5,1.748452884891));
#5594 = DIRECTION('',(-0.863400148069,-0.,0.504519756118));
#5595 = DIRECTION('',(0.504519756118,-0.,0.863400148069));
#5596 = ADVANCED_FACE('',(#5597),#5608,.F.);
#5597 = FACE_BOUND('',#5598,.T.);
#5598 = EDGE_LOOP('',(#5599,#5600,#5606,#5607));
#5599 = ORIENTED_EDGE('',*,*,#4472,.T.);
#5600 = ORIENTED_EDGE('',*,*,#5601,.T.);
#5601 = EDGE_CURVE('',#4465,#4690,#5602,.T.);
#5602 = LINE('',#5603,#5604);
#5603 = CARTESIAN_POINT('',(1.528726253404,-0.325,1.918225217696));
#5604 = VECTOR('',#5605,1.);
#5605 = DIRECTION('',(-0.,1.,-0.));
#5606 = ORIENTED_EDGE('',*,*,#4689,.F.);
#5607 = ORIENTED_EDGE('',*,*,#5584,.F.);
#5608 = CYLINDRICAL_SURFACE('',#5609,0.2);
#5609 = AXIS2_PLACEMENT_3D('',#5610,#5611,#5612);
#5610 = CARTESIAN_POINT('',(1.340957390122,-0.5,1.849356836114));
#5611 = DIRECTION('',(-0.,1.,-0.));
#5612 = DIRECTION('',(1.,-0.,-0.));
#5613 = ADVANCED_FACE('',(#5614),#5625,.T.);
#5614 = FACE_BOUND('',#5615,.T.);
#5615 = EDGE_LOOP('',(#5616,#5617,#5623,#5624));
#5616 = ORIENTED_EDGE('',*,*,#4464,.F.);
#5617 = ORIENTED_EDGE('',*,*,#5618,.T.);
#5618 = EDGE_CURVE('',#4456,#4699,#5619,.T.);
#5619 = LINE('',#5620,#5621);
#5620 = CARTESIAN_POINT('',(1.337768863282,-0.325,2.438868381582));
#5621 = VECTOR('',#5622,1.);
#5622 = DIRECTION('',(-0.,1.,-0.));
#5623 = ORIENTED_EDGE('',*,*,#4698,.T.);
#5624 = ORIENTED_EDGE('',*,*,#5601,.F.);
#5625 = PLANE('',#5626);
#5626 = AXIS2_PLACEMENT_3D('',#5627,#5628,#5629);
#5627 = CARTESIAN_POINT('',(1.337768863282,-0.5,2.438868381582));
#5628 = DIRECTION('',(-0.938844316411,0.,-0.34434190791));
#5629 = DIRECTION('',(-0.34434190791,0.,0.938844316411));
#5630 = ADVANCED_FACE('',(#5631),#5642,.F.);
#5631 = FACE_BOUND('',#5632,.T.);
#5632 = EDGE_LOOP('',(#5633,#5634,#5640,#5641));
#5633 = ORIENTED_EDGE('',*,*,#4455,.T.);
#5634 = ORIENTED_EDGE('',*,*,#5635,.T.);
#5635 = EDGE_CURVE('',#4448,#4707,#5636,.T.);
#5636 = LINE('',#5637,#5638);
#5637 = CARTESIAN_POINT('',(0.962231136718,-0.325,2.438868381582));
#5638 = VECTOR('',#5639,1.);
#5639 = DIRECTION('',(-0.,1.,-0.));
#5640 = ORIENTED_EDGE('',*,*,#4706,.F.);
#5641 = ORIENTED_EDGE('',*,*,#5618,.F.);
#5642 = CYLINDRICAL_SURFACE('',#5643,0.2);
#5643 = AXIS2_PLACEMENT_3D('',#5644,#5645,#5646);
#5644 = CARTESIAN_POINT('',(1.15,-0.5,2.37));
#5645 = DIRECTION('',(-0.,1.,-0.));
#5646 = DIRECTION('',(1.,-0.,-0.));
#5647 = ADVANCED_FACE('',(#5648),#5659,.T.);
#5648 = FACE_BOUND('',#5649,.T.);
#5649 = EDGE_LOOP('',(#5650,#5651,#5657,#5658));
#5650 = ORIENTED_EDGE('',*,*,#4447,.F.);
#5651 = ORIENTED_EDGE('',*,*,#5652,.T.);
#5652 = EDGE_CURVE('',#4439,#4716,#5653,.T.);
#5653 = LINE('',#5654,#5655);
#5654 = CARTESIAN_POINT('',(0.561653294923,-0.325,1.346697427627));
#5655 = VECTOR('',#5656,1.);
#5656 = DIRECTION('',(-0.,1.,-0.));
#5657 = ORIENTED_EDGE('',*,*,#4715,.T.);
#5658 = ORIENTED_EDGE('',*,*,#5635,.F.);
#5659 = PLANE('',#5660);
#5660 = AXIS2_PLACEMENT_3D('',#5661,#5662,#5663);
#5661 = CARTESIAN_POINT('',(0.561653294923,-0.5,1.346697427627));
#5662 = DIRECTION('',(0.938844316411,-0.,-0.34434190791));
#5663 = DIRECTION('',(-0.34434190791,0.,-0.938844316411));
#5664 = ADVANCED_FACE('',(#5665),#5671,.T.);
#5665 = FACE_BOUND('',#5666,.F.);
#5666 = EDGE_LOOP('',(#5667,#5668,#5669,#5670));
#5667 = ORIENTED_EDGE('',*,*,#5652,.T.);
#5668 = ORIENTED_EDGE('',*,*,#4723,.F.);
#5669 = ORIENTED_EDGE('',*,*,#4582,.F.);
#5670 = ORIENTED_EDGE('',*,*,#4438,.T.);
#5671 = CYLINDRICAL_SURFACE('',#5672,0.3);
#5672 = AXIS2_PLACEMENT_3D('',#5673,#5674,#5675);
#5673 = CARTESIAN_POINT('',(0.28,-0.5,1.45));
#5674 = DIRECTION('',(-0.,1.,-0.));
#5675 = DIRECTION('',(1.,-0.,-0.));
#5676 = ADVANCED_FACE('',(#5677),#5688,.T.);
#5677 = FACE_BOUND('',#5678,.F.);
#5678 = EDGE_LOOP('',(#5679,#5685,#5686,#5687));
#5679 = ORIENTED_EDGE('',*,*,#5680,.T.);
#5680 = EDGE_CURVE('',#90,#773,#5681,.T.);
#5681 = LINE('',#5682,#5683);
#5682 = CARTESIAN_POINT('',(-1.1,-0.5,0.873094));
#5683 = VECTOR('',#5684,1.);
#5684 = DIRECTION('',(-0.,1.,-0.));
#5685 = ORIENTED_EDGE('',*,*,#780,.F.);
#5686 = ORIENTED_EDGE('',*,*,#4836,.F.);
#5687 = ORIENTED_EDGE('',*,*,#89,.T.);
#5688 = CYLINDRICAL_SURFACE('',#5689,0.3);
#5689 = AXIS2_PLACEMENT_3D('',#5690,#5691,#5692);
#5690 = CARTESIAN_POINT('',(-0.8,-0.5,0.873094));
#5691 = DIRECTION('',(-0.,1.,-0.));
#5692 = DIRECTION('',(1.,-0.,-0.));
#5693 = ADVANCED_FACE('',(#5694),#5705,.T.);
#5694 = FACE_BOUND('',#5695,.T.);
#5695 = EDGE_LOOP('',(#5696,#5697,#5698,#5699));
#5696 = ORIENTED_EDGE('',*,*,#98,.F.);
#5697 = ORIENTED_EDGE('',*,*,#5680,.T.);
#5698 = ORIENTED_EDGE('',*,*,#772,.T.);
#5699 = ORIENTED_EDGE('',*,*,#5700,.F.);
#5700 = EDGE_CURVE('',#99,#764,#5701,.T.);
#5701 = LINE('',#5702,#5703);
#5702 = CARTESIAN_POINT('',(-1.1,-0.5,0.3));
#5703 = VECTOR('',#5704,1.);
#5704 = DIRECTION('',(-0.,1.,-0.));
#5705 = PLANE('',#5706);
#5706 = AXIS2_PLACEMENT_3D('',#5707,#5708,#5709);
#5707 = CARTESIAN_POINT('',(-1.1,-0.5,0.873094));
#5708 = DIRECTION('',(-1.,-0.,-0.));
#5709 = DIRECTION('',(0.,-0.,1.));
#5710 = ADVANCED_FACE('',(#5711),#5717,.T.);
#5711 = FACE_BOUND('',#5712,.F.);
#5712 = EDGE_LOOP('',(#5713,#5714,#5715,#5716));
#5713 = ORIENTED_EDGE('',*,*,#524,.T.);
#5714 = ORIENTED_EDGE('',*,*,#763,.F.);
#5715 = ORIENTED_EDGE('',*,*,#5700,.F.);
#5716 = ORIENTED_EDGE('',*,*,#106,.T.);
#5717 = CYLINDRICAL_SURFACE('',#5718,0.3);
#5718 = AXIS2_PLACEMENT_3D('',#5719,#5720,#5721);
#5719 = CARTESIAN_POINT('',(-0.8,-0.5,0.3));
#5720 = DIRECTION('',(-0.,1.,-0.));
#5721 = DIRECTION('',(1.,-0.,-0.));
#5722 = ADVANCED_FACE('',(#5723),#5729,.T.);
#5723 = FACE_BOUND('',#5724,.F.);
#5724 = EDGE_LOOP('',(#5725,#5726,#5727,#5728));
#5725 = ORIENTED_EDGE('',*,*,#4843,.F.);
#5726 = ORIENTED_EDGE('',*,*,#4318,.F.);
#5727 = ORIENTED_EDGE('',*,*,#4233,.T.);
#5728 = ORIENTED_EDGE('',*,*,#73,.T.);
#5729 = CYLINDRICAL_SURFACE('',#5730,0.25);
#5730 = AXIS2_PLACEMENT_3D('',#5731,#5732,#5733);
#5731 = CARTESIAN_POINT('',(-0.79,-0.25,0.1));
#5732 = DIRECTION('',(-0.,-0.,1.));
#5733 = DIRECTION('',(-0.,1.,-0.));
#5734 = ( GEOMETRIC_REPRESENTATION_CONTEXT(3) 
GLOBAL_UNCERTAINTY_ASSIGNED_CONTEXT((#5738)) 
GLOBAL_UNIT_ASSIGNED_CONTEXT((#5735,#5736,#5737)) REPRESENTATION_CONTEXT
('Context #1','3D Context with UNIT and UNCERTAINTY') );
#5735 = ( LENGTH_UNIT() NAMED_UNIT(*) SI_UNIT(.MILLI.,.METRE.) );
#5736 = ( NAMED_UNIT(*) PLANE_ANGLE_UNIT() SI_UNIT($,.RADIAN.) );
#5737 = ( NAMED_UNIT(*) SI_UNIT($,.STERADIAN.) SOLID_ANGLE_UNIT() );
#5738 = UNCERTAINTY_MEASURE_WITH_UNIT(LENGTH_MEASURE(1.E-05),#5735,
  'distance_accuracy_value','confusion accuracy');
#5739 = PRODUCT_RELATED_PRODUCT_CATEGORY('part',$,(#7));
ENDSEC;
END-ISO-10303-21;
